사고번호,사고일시,요일,시군구,사고내용,사망자수,중상자수,경상자수,부상신고자수,사고유형,법규위반,노면상태,기상상태,도로형태,가해운전자 차종,가해운전자 성별,가해운전자 연령,가해운전자 상해정도,피해운전자 차종,피해운전자 성별,피해운전자 연령,피해운전자 상해정도
2019011600100425,2019년 1월 16일 18시,수요일,경상북도 울진군 죽변면,경상사고,0,0,1,0,차대차 - 정면충돌,중앙선침범,건조,맑음,단일로 - 기타,승용,여,25세,상해없음,이륜,남,18세,경상
2019011600100426,2019년 1월 16일 18시,수요일,경상북도 구미시 도량동,중상사고,0,1,1,0,차대사람 - 횡단중,보행자보호의무위반,건조,맑음,교차로 - 교차로횡단보도내,승합,여,53세,상해없음,보행자,여,46세,중상
2019011600100471,2019년 1월 16일 19시,수요일,경상북도 의성군 봉양면,경상사고,0,0,3,0,차대차 - 측면충돌,중앙선침범,건조,맑음,단일로 - 기타,승합,남,29세,상해없음,승용,남,43세,경상
2019011600100472,2019년 1월 16일 19시,수요일,경상북도 칠곡군 북삼읍,중상사고,0,1,0,0,차대차 - 정면충돌,신호위반,건조,맑음,교차로 - 교차로안,승용,남,39세,상해없음,승용,남,26세,중상
2019011600100536,2019년 1월 16일 21시,수요일,경상북도 포항시 남구 지곡동,경상사고,0,0,1,0,차대사람 - 횡단중,보행자보호의무위반,건조,맑음,교차로 - 교차로안,승용,남,43세,상해없음,보행자,여,60세,경상
2019011600100591,2019년 1월 16일 23시,수요일,경상북도 경주시 충효동,경상사고,0,0,3,0,차대차 - 측면충돌,안전운전불이행,건조,맑음,교차로 - 교차로안,승용,남,36세,경상,승용,남,47세,경상
2019011700100072,2019년 1월 17일 05시,목요일,경상북도 구미시 사곡동,중상사고,0,1,0,0,차대차 - 기타,신호위반,건조,맑음,교차로 - 교차로안,화물,남,57세,상해없음,승용,남,60세,중상
2019011700100083,2019년 1월 17일 06시,목요일,경상북도 구미시 인의동,중상사고,0,1,2,0,차대차 - 기타,교차로운행방법위반,건조,맑음,교차로 - 교차로안,승용,남,25세,상해없음,승용,남,63세,중상
2019011700100094,2019년 1월 17일 07시,목요일,경상북도 경산시 압량면,경상사고,0,0,1,0,차대차 - 기타,중앙선침범,건조,맑음,단일로 - 기타,승용,여,28세,상해없음,승용,남,48세,경상
2019011700100125,2019년 1월 17일 08시,목요일,경상북도 고령군 다산면,경상사고,0,0,1,0,차대차 - 측면충돌,안전운전불이행,건조,맑음,교차로 - 교차로안,화물,남,55세,상해없음,승용,여,44세,경상
2019011700100152,2019년 1월 17일 09시,목요일,경상북도 성주군 벽진면,경상사고,0,0,1,0,차량단독 - 도로외이탈 - 추락,안전운전불이행,건조,맑음,기타 - 기타,화물,남,58세,경상,,,,
2019011700100176,2019년 1월 17일 10시,목요일,경상북도 안동시 옥동,경상사고,0,0,1,0,차량단독 - 기타,안전운전불이행,건조,맑음,단일로 - 기타,승합,남,63세,상해없음,,,,
2019011700100204,2019년 1월 17일 11시,목요일,경상북도 영천시 성내동,경상사고,0,0,4,0,차대차 - 기타,신호위반,건조,맑음,교차로 - 교차로안,화물,남,76세,상해없음,승용,남,48세,경상
2019011700100205,2019년 1월 17일 11시,목요일,경상북도 구미시 도량동,중상사고,0,1,1,1,차대차 - 측면충돌,교차로운행방법위반,건조,맑음,교차로 - 교차로안,화물,여,56세,부상신고,승용,남,62세,경상
2019011700100256,2019년 1월 17일 13시,목요일,경상북도 경주시 성동동,중상사고,0,1,0,0,차대사람 - 기타,안전운전불이행,건조,맑음,교차로 - 교차로안,이륜,남,18세,기타불명,보행자,여,70세,중상
2019011700100257,2019년 1월 17일 13시,목요일,경상북도 안동시 당북동,중상사고,0,1,0,0,차대차 - 측면충돌,안전운전불이행,건조,맑음,교차로 - 교차로부근,이륜,남,80세,상해없음,승용,여,60세,상해없음
2019011700100258,2019년 1월 17일 13시,목요일,경상북도 영주시 가흥동,중상사고,0,1,1,0,차대차 - 측면충돌,신호위반,건조,맑음,교차로 - 교차로안,이륜,남,18세,중상,승용,여,45세,경상
2019011700100259,2019년 1월 17일 13시,목요일,경상북도 영주시 문수면,경상사고,0,0,1,0,차대차 - 측면충돌,안전운전불이행,건조,맑음,교차로 - 교차로안,특수,남,49세,상해없음,승용,남,50세,경상
2019011700100260,2019년 1월 17일 13시,목요일,경상북도 칠곡군 왜관읍,중상사고,0,1,0,0,차대사람 - 기타,보행자보호의무위반,건조,맑음,교차로 - 교차로횡단보도내,승용,여,26세,상해없음,보행자,여,76세,중상
2019011700100261,2019년 1월 17일 13시,목요일,경상북도 영천시 금호읍,경상사고,0,0,1,0,차대차 - 측면충돌,안전운전불이행,건조,맑음,단일로 - 기타,화물,남,58세,상해없음,승용,남,27세,경상
2019011700100262,2019년 1월 17일 13시,목요일,경상북도 포항시 남구 장흥동,경상사고,0,0,1,0,차대차 - 측면충돌,안전운전불이행,건조,맑음,교차로 - 교차로부근,건설기계,남,39세,상해없음,건설기계,남,49세,경상
2019011700100292,2019년 1월 17일 14시,목요일,경상북도 영주시 풍기읍,경상사고,0,0,1,1,차대차 - 측면충돌,안전운전불이행,건조,맑음,교차로 - 교차로안,화물,남,65세,경상,승용,남,27세,부상신고
2019011700100293,2019년 1월 17일 14시,목요일,경상북도 예천군 예천읍,중상사고,0,1,0,0,차대차 - 측면충돌,신호위반,건조,맑음,교차로 - 교차로안,화물,남,55세,상해없음,승용,여,39세,중상
2019011700100324,2019년 1월 17일 15시,목요일,경상북도 구미시 공단동,경상사고,0,0,1,0,차대차 - 측면충돌,신호위반,건조,맑음,교차로 - 교차로안,승용,여,37세,상해없음,이륜,남,36세,경상
2019011700100368,2019년 1월 17일 16시,목요일,경상북도 경주시 외동읍,경상사고,0,0,1,0,차량단독 - 공작물충돌,안전운전불이행,건조,맑음,교차로 - 교차로부근,화물,남,30세,경상,,,,
2019011700100369,2019년 1월 17일 16시,목요일,경상북도 포항시 북구 양덕동,경상사고,0,0,1,0,차대사람 - 기타,안전운전불이행,건조,맑음,교차로 - 교차로부근,화물,남,75세,상해없음,보행자,여,20세,경상
2019011700100370,2019년 1월 17일 16시,목요일,경상북도 영주시 풍기읍,경상사고,0,0,1,0,차대차 - 측면충돌,안전운전불이행,건조,맑음,기타 - 기타,이륜,남,82세,경상,화물,남,30세,상해없음
2019011700100371,2019년 1월 17일 16시,목요일,경상북도 청도군 이서면,중상사고,0,2,0,0,차대차 - 정면충돌,중앙선침범,건조,맑음,단일로 - 기타,승용,남,52세,중상,화물,남,64세,중상
2019011700100393,2019년 1월 17일 17시,목요일,경상북도 안동시 풍산읍,경상사고,0,0,2,0,차대차 - 기타,직진우회전진행방해,건조,맑음,교차로 - 교차로안,승용,여,23세,경상,승용,여,51세,경상
2019011700100394,2019년 1월 17일 17시,목요일,경상북도 상주시 서성동,경상사고,0,0,1,0,차대차 - 측면충돌,안전운전불이행,건조,맑음,교차로 - 교차로안,승용,여,39세,상해없음,자전거,남,78세,경상
2019011700100395,2019년 1월 17일 17시,목요일,경상북도 포항시 남구 동촌동,경상사고,0,0,1,0,차대차 - 측면충돌,안전거리미확보,건조,맑음,교차로 - 교차로부근,이륜,남,59세,경상,승용,남,63세,상해없음
2019011700100444,2019년 1월 17일 18시,목요일,경상북도 청도군 청도읍,경상사고,0,0,1,0,차대차 - 기타,신호위반,건조,맑음,교차로 - 교차로안,승용,남,33세,상해없음,승용,남,46세,경상
2019011700100445,2019년 1월 17일 18시,목요일,경상북도 울진군 근남면,중상사고,0,1,0,0,차대차 - 측면충돌,중앙선침범,젖음/습기,맑음,단일로 - 기타,화물,남,58세,상해없음,승용,남,57세,중상
2019011700100446,2019년 1월 17일 18시,목요일,경상북도 구미시 원평동,중상사고,0,2,0,2,차대차 - 측면충돌,교차로운행방법위반,건조,맑음,교차로 - 교차로안,승용,남,55세,상해없음,승용,남,23세,부상신고
2019011700100447,2019년 1월 17일 18시,목요일,경상북도 포항시 남구 해도동,경상사고,0,0,2,0,차대차 - 측면충돌,안전거리미확보,건조,맑음,단일로 - 기타,승용,남,53세,경상,승용,여,52세,경상
2019011700100489,2019년 1월 17일 19시,목요일,경상북도 구미시 고아읍,경상사고,0,0,1,0,차대차 - 기타,안전운전불이행,건조,맑음,기타 - 기타,승용,남,44세,상해없음,이륜,남,19세,경상
2019011700100539,2019년 1월 17일 21시,목요일,경상북도 칠곡군 석적읍,부상신고사고,0,0,0,1,차대차 - 추돌,안전운전불이행,건조,맑음,단일로 - 기타,승용,남,45세,부상신고,화물,남,33세,상해없음
2019011700100569,2019년 1월 17일 22시,목요일,경상북도 영덕군 영덕읍,경상사고,0,0,2,0,차대차 - 측면충돌,교차로운행방법위반,건조,맑음,교차로 - 교차로안,승용,남,63세,경상,승용,여,44세,경상
2019011800100067,2019년 1월 18일 06시,금요일,경상북도 안동시 송현동,경상사고,0,0,1,0,차대차 - 기타,안전운전불이행,건조,맑음,단일로 - 기타,승용,남,64세,상해없음,승용,여,48세,경상
2019011800100068,2019년 1월 18일 06시,금요일,경상북도 김천시 부곡동,경상사고,0,0,2,0,차대차 - 측면충돌,신호위반,건조,맑음,교차로 - 교차로안,승용,여,57세,경상,승용,남,46세,경상
2019011800100069,2019년 1월 18일 06시,금요일,경상북도 구미시 남통동,경상사고,0,0,2,0,차대차 - 추돌,안전거리미확보,건조,맑음,교차로 - 교차로부근,승용,여,57세,상해없음,승용,남,37세,경상
2019011800100070,2019년 1월 18일 06시,금요일,경상북도 포항시 남구 이동,경상사고,0,0,2,0,차대차 - 기타,신호위반,건조,맑음,교차로 - 교차로안,승용,남,33세,경상,승용,남,60세,경상
2019011800100097,2019년 1월 18일 07시,금요일,경상북도 경산시 옥곡동,경상사고,0,0,1,0,차대차 - 추돌,안전거리미확보,건조,맑음,단일로 - 지하차도(도로)내,승용,여,38세,상해없음,승용,남,45세,경상
2019011800100098,2019년 1월 18일 07시,금요일,경상북도 예천군 호명면,경상사고,0,0,1,0,차대차 - 측면충돌,안전운전불이행,건조,맑음,단일로 - 기타,화물,남,53세,경상,건설기계,남,42세,상해없음
2019011800100128,2019년 1월 18일 08시,금요일,경상북도 영주시 휴천동,중상사고,0,1,1,0,차대차 - 측면충돌,교차로운행방법위반,건조,맑음,교차로 - 교차로안,승용,남,66세,경상,승용,여,35세,중상
2019011800100129,2019년 1월 18일 08시,금요일,경상북도 영덕군 영덕읍,경상사고,0,0,2,0,차대차 - 측면충돌,직진우회전진행방해,건조,맑음,교차로 - 교차로안,승용,남,56세,상해없음,승용,남,41세,경상
2019011800100130,2019년 1월 18일 08시,금요일,경상북도 청도군 청도읍,중상사고,0,1,0,0,차대사람 - 차도통행중,안전운전불이행,건조,맑음,단일로 - 지하차도(도로)내,승용,여,61세,상해없음,보행자,여,75세,중상
2019011800100131,2019년 1월 18일 08시,금요일,경상북도 포항시 남구 구룡포읍,중상사고,0,1,0,0,차대사람 - 길가장자리구역통행중,안전운전불이행,건조,맑음,교차로 - 교차로안,승합,여,54세,상해없음,보행자,남,53세,중상
2019011800100154,2019년 1월 18일 09시,금요일,경상북도 영천시 금호읍,경상사고,0,0,1,0,차대차 - 측면충돌,신호위반,건조,맑음,교차로 - 교차로안,승용,남,62세,상해없음,승용,남,58세,경상
2019011800100155,2019년 1월 18일 09시,금요일,경상북도 포항시 남구 연일읍,중상사고,0,1,0,0,차대차 - 기타,교차로운행방법위반,건조,맑음,교차로 - 교차로안,승용,남,70세,상해없음,승용,여,35세,중상
2019011800100193,2019년 1월 18일 10시,금요일,경상북도 포항시 북구 흥해읍,경상사고,0,0,2,0,차대차 - 기타,직진우회전진행방해,건조,맑음,교차로 - 교차로안,승용,여,42세,경상,승용,남,59세,경상
2019011800100194,2019년 1월 18일 10시,금요일,경상북도 영천시 오수동,경상사고,0,0,1,0,차대차 - 기타,안전거리미확보,건조,맑음,단일로 - 교량,건설기계,남,48세,상해없음,승용,여,45세,경상
2019011800100263,2019년 1월 18일 12시,금요일,경상북도 경주시 황성동,경상사고,0,0,1,0,차대차 - 측면충돌,신호위반,건조,맑음,교차로 - 교차로안,승용,남,70세,상해없음,이륜,남,34세,경상
2019011800100264,2019년 1월 18일 12시,금요일,경상북도 포항시 북구 양덕동,경상사고,0,0,1,0,차대차 - 측면충돌,직진우회전진행방해,건조,맑음,교차로 - 교차로안,승용,남,22세,상해없음,이륜,남,52세,경상
2019011800100265,2019년 1월 18일 12시,금요일,경상북도 의성군 의성읍,중상사고,0,1,1,0,차량단독 - 기타,안전운전불이행,건조,맑음,기타 - 기타,화물,남,72세,경상,,,,
2019011800100266,2019년 1월 18일 12시,금요일,경상북도 영덕군 축산면,경상사고,0,0,1,0,차대차 - 추돌,안전운전불이행,건조,맑음,단일로 - 기타,화물,남,36세,상해없음,화물,남,42세,경상
2019011800100289,2019년 1월 18일 13시,금요일,경상북도 경주시 황오동,경상사고,0,0,2,0,차대차 - 측면충돌,안전운전불이행,건조,맑음,교차로 - 교차로부근,승용,남,67세,상해없음,승용,여,27세,상해없음
2019011800100315,2019년 1월 18일 14시,금요일,경상북도 안동시 옥동,경상사고,0,0,1,0,차대사람 - 기타,안전운전불이행,건조,맑음,교차로 - 교차로부근,승용,남,41세,상해없음,보행자,여,67세,경상
2019011800100316,2019년 1월 18일 14시,금요일,경상북도 문경시 농암면,경상사고,0,0,4,0,차량단독 - 공작물충돌,안전운전불이행,기타,맑음,단일로 - 기타,승용,여,53세,경상,,,,
2019011800100317,2019년 1월 18일 14시,금요일,경상북도 문경시 유곡동,중상사고,0,1,0,0,차대차 - 추돌,안전운전불이행,건조,맑음,단일로 - 기타,승합,남,67세,상해없음,승용,여,34세,중상
2019011800100318,2019년 1월 18일 14시,금요일,경상북도 경산시 중방동,경상사고,0,0,1,0,차대차 - 추돌,안전운전불이행,건조,맑음,단일로 - 기타,승용,남,66세,상해없음,이륜,남,34세,경상
2019011800100319,2019년 1월 18일 14시,금요일,경상북도 성주군 선남면,중상사고,0,1,0,0,차대차 - 정면충돌,안전운전불이행,건조,맑음,단일로 - 교량,화물,남,49세,기타불명,승용,여,61세,중상
2019011800100352,2019년 1월 18일 15시,금요일,경상북도 구미시 오태동,경상사고,0,0,2,0,차대차 - 추돌,안전운전불이행,건조,맑음,교차로 - 교차로안,승용,남,18세,상해없음,승용,여,35세,경상
2019011800100353,2019년 1월 18일 15시,금요일,경상북도 영천시 북안면,중상사고,0,1,0,0,차대차 - 추돌,안전거리미확보,건조,맑음,단일로 - 기타,승용,남,60세,상해없음,화물,남,39세,중상
2019011800100417,2019년 1월 18일 17시,금요일,경상북도 포항시 북구 장성동,중상사고,0,1,0,0,차대차 - 추돌,직진우회전진행방해,건조,맑음,교차로 - 교차로안,승용,여,34세,상해없음,이륜,남,21세,중상
2019011800100418,2019년 1월 18일 17시,금요일,경상북도 문경시 우지동,중상사고,0,1,0,0,차대차 - 측면충돌,안전운전불이행,건조,맑음,단일로 - 기타,승용,여,61세,상해없음,이륜,남,18세,중상
2019011800100419,2019년 1월 18일 17시,금요일,경상북도 구미시 원평동,경상사고,0,0,1,0,차대차 - 측면충돌,안전운전불이행,건조,맑음,교차로 - 교차로부근,승용,남,48세,상해없음,자전거,남,54세,경상
2019011800100478,2019년 1월 18일 18시,금요일,경상북도 포항시 북구 우현동,경상사고,0,0,4,1,차대차 - 측면충돌,교차로운행방법위반,건조,맑음,교차로 - 교차로안,승용,남,44세,부상신고,승용,남,20세,경상
2019011800100479,2019년 1월 18일 18시,금요일,경상북도 포항시 남구 오천읍,경상사고,0,0,1,0,차대차 - 기타,안전운전불이행,건조,맑음,교차로 - 교차로부근,이륜,남,34세,경상,승용,여,52세,상해없음
2019011800100480,2019년 1월 18일 18시,금요일,경상북도 포항시 남구 대잠동,경상사고,0,0,4,0,차대차 - 추돌,안전거리미확보,건조,맑음,단일로 - 기타,승용,남,25세,상해없음,승용,남,37세,경상
2019011800100530,2019년 1월 18일 19시,금요일,경상북도 포항시 북구 죽도동,경상사고,0,0,1,0,차대차 - 측면충돌,차로위반,건조,맑음,교차로 - 교차로안,승용,여,40세,상해없음,이륜,남,16세,경상
2019011800100531,2019년 1월 18일 19시,금요일,경상북도 김천시 아포읍,사망사고,1,0,0,0,차대사람 - 차도통행중,안전운전불이행,건조,맑음,단일로 - 기타,승용,남,55세,상해없음,보행자,여,73세,사망
2019011800100532,2019년 1월 18일 19시,금요일,경상북도 경산시 임당동,중상사고,0,1,1,0,차대차 - 측면충돌,교차로운행방법위반,건조,맑음,교차로 - 교차로안,승용,남,28세,경상,승용,남,30세,중상
2019011800100533,2019년 1월 18일 19시,금요일,경상북도 영덕군 영해면,경상사고,0,0,1,0,차대사람 - 기타,중앙선침범,건조,맑음,단일로 - 기타,이륜,남,19세,상해없음,보행자,남,60세,경상
2019011800100534,2019년 1월 18일 19시,금요일,경상북도 구미시 인의동,중상사고,0,1,0,0,차대차 - 기타,안전운전불이행,건조,맑음,단일로 - 기타,승용,여,44세,상해없음,이륜,남,24세,중상
2019011800100615,2019년 1월 18일 22시,금요일,경상북도 포항시 북구 상원동,중상사고,0,1,0,0,차대사람 - 횡단중,안전운전불이행,건조,맑음,단일로 - 기타,승용,여,51세,상해없음,보행자,남,78세,중상
2019011800100616,2019년 1월 18일 22시,금요일,경상북도 울진군 울진읍,경상사고,0,0,2,0,차대차 - 측면충돌,직진우회전진행방해,건조,맑음,교차로 - 교차로안,승용,여,55세,상해없음,승용,남,63세,경상
2019011800100641,2019년 1월 18일 23시,금요일,경상북도 포항시 남구 상도동,중상사고,0,1,0,0,차대차 - 추돌,안전운전불이행,건조,맑음,교차로 - 교차로부근,승용,남,30세,상해없음,승용,남,38세,중상
2019011900100022,2019년 1월 19일 00시,토요일,경상북도 경주시 황성동,경상사고,0,0,1,0,차대사람 - 기타,안전운전불이행,건조,맑음,교차로 - 교차로횡단보도내,승용,남,32세,상해없음,보행자,남,58세,경상
2019011900100034,2019년 1월 19일 01시,토요일,경상북도 경주시 외동읍,부상신고사고,0,0,0,1,차량단독 - 기타,안전운전불이행,건조,맑음,단일로 - 기타,승용,남,41세,부상신고,,,,
2019011900100052,2019년 1월 19일 02시,토요일,경상북도 포항시 북구 대신동,경상사고,0,0,1,0,차대차 - 추돌,안전운전불이행,건조,맑음,단일로 - 기타,승용,남,57세,상해없음,승용,여,41세,경상
2019011900100066,2019년 1월 19일 03시,토요일,경상북도 울릉군 울릉읍,경상사고,0,0,1,0,차대차 - 측면충돌,교차로운행방법위반,건조,맑음,단일로 - 기타,이륜,남,81세,경상,승용,남,38세,상해없음
2019011900100076,2019년 1월 19일 04시,토요일,경상북도 포항시 북구 죽도동,경상사고,0,0,1,0,차대사람 - 차도통행중,안전운전불이행,건조,맑음,단일로 - 기타,승용,남,59세,상해없음,보행자,남,47세,경상
2019011900100093,2019년 1월 19일 06시,토요일,경상북도 경주시 용강동,사망사고,1,0,0,0,차대차 - 기타,중앙선침범,건조,맑음,단일로 - 기타,이륜,여,63세,사망,승용,남,55세,상해없음
2019011900100094,2019년 1월 19일 06시,토요일,경상북도 포항시 북구 학산동,중상사고,0,1,0,0,차대사람 - 기타,안전운전불이행,건조,맑음,단일로 - 기타,승용,남,44세,상해없음,보행자,남,76세,중상
2019011900100095,2019년 1월 19일 06시,토요일,경상북도 구미시 무을면,중상사고,0,1,0,0,차량단독 - 기타,안전운전불이행,건조,맑음,단일로 - 기타,이륜,여,55세,중상,,,,
2019011900100111,2019년 1월 19일 07시,토요일,경상북도 상주시 무양동,중상사고,0,1,0,0,차대사람 - 횡단중,보행자보호의무위반,건조,맑음,교차로 - 교차로횡단보도내,승용,여,30세,상해없음,보행자,여,62세,중상
2019011900100112,2019년 1월 19일 07시,토요일,경상북도 영주시 문정동,중상사고,0,1,2,0,차대차 - 추돌,안전운전불이행,건조,맑음,교차로 - 교차로부근,승용,남,26세,중상,화물,남,58세,경상
2019011900100113,2019년 1월 19일 07시,토요일,경상북도 성주군 성주읍,경상사고,0,0,1,0,차량단독 - 전도전복 - 전도,안전운전불이행,건조,맑음,교차로 - 교차로부근,특수,남,57세,경상,,,,
2019011900100126,2019년 1월 19일 08시,토요일,경상북도 포항시 북구 기계면,중상사고,0,1,0,0,차대차 - 측면충돌,안전운전불이행,건조,맑음,단일로 - 기타,승용,여,44세,상해없음,농기계,남,76세,중상
2019011900100142,2019년 1월 19일 09시,토요일,경상북도 안동시 정하동,중상사고,0,1,0,0,차대차 - 기타,안전운전불이행,건조,맑음,단일로 - 기타,화물,남,47세,상해없음,이륜,남,55세,중상
2019011900100143,2019년 1월 19일 09시,토요일,경상북도 안동시 당북동,경상사고,0,0,1,0,차대차 - 후진중충돌,안전운전불이행,건조,맑음,단일로 - 기타,승용,남,54세,상해없음,승용,남,36세,경상
2019011900100144,2019년 1월 19일 09시,토요일,경상북도 구미시 광평동,중상사고,0,1,0,0,차량단독 - 기타,안전운전불이행,건조,맑음,단일로 - 기타,승합,남,59세,상해없음,,,,
2019011900100161,2019년 1월 19일 10시,토요일,경상북도 구미시 인의동,경상사고,0,0,1,1,차대차 - 기타,안전운전불이행,건조,맑음,교차로 - 교차로부근,승용,남,53세,부상신고,이륜,남,42세,경상
2019011900100190,2019년 1월 19일 11시,토요일,경상북도 안동시 남문동,경상사고,0,0,2,0,차대차 - 측면충돌,직진우회전진행방해,건조,맑음,교차로 - 교차로안,승용,남,66세,경상,승용,남,63세,경상
2019011900100191,2019년 1월 19일 11시,토요일,경상북도 포항시 남구 지곡동,중상사고,0,1,1,0,차대차 - 기타,중앙선침범,건조,맑음,단일로 - 기타,승용,여,49세,중상,승용,여,39세,경상
2019011900100223,2019년 1월 19일 12시,토요일,경상북도 구미시 원평동,부상신고사고,0,0,0,1,차대차 - 기타,교차로운행방법위반,건조,맑음,교차로 - 교차로안,이륜,여,49세,부상신고,이륜,남,44세,상해없음
2019011900100256,2019년 1월 19일 13시,토요일,경상북도 영주시 영주동,경상사고,0,0,1,0,차대차 - 측면충돌,신호위반,건조,맑음,교차로 - 교차로안,화물,남,56세,상해없음,승용,여,63세,경상
2019011900100257,2019년 1월 19일 13시,토요일,경상북도 칠곡군 약목면,경상사고,0,0,1,0,차대차 - 측면충돌,중앙선침범,건조,맑음,교차로 - 교차로부근,승용,남,51세,상해없음,승용,여,53세,경상
2019011900100277,2019년 1월 19일 14시,토요일,경상북도 구미시 진평동,경상사고,0,0,1,0,차량단독 - 도로외이탈 - 기타,교차로운행방법위반,건조,맑음,단일로 - 기타,승합,남,63세,상해없음,,,,
2019011900100343,2019년 1월 19일 17시,토요일,경상북도 경주시 용강동,경상사고,0,0,1,0,차대사람 - 기타,안전운전불이행,건조,맑음,단일로 - 기타,승용,남,40세,상해없음,보행자,여,72세,경상
2019011900100344,2019년 1월 19일 17시,토요일,경상북도 상주시 화산동,경상사고,0,0,2,0,차대차 - 측면충돌,신호위반,건조,맑음,교차로 - 교차로안,승용,여,41세,경상,화물,남,50세,경상
2019011900100412,2019년 1월 19일 19시,토요일,경상북도 안동시 태화동,중상사고,0,2,0,0,차대차 - 기타,교차로운행방법위반,건조,맑음,교차로 - 교차로안,승용,여,59세,상해없음,승용,남,45세,상해없음
2019011900100413,2019년 1월 19일 19시,토요일,경상북도 경산시 중방동,경상사고,0,0,1,0,차대차 - 측면충돌,안전운전불이행,건조,맑음,교차로 - 교차로안,승용,기타불명,미분류,기타불명,승용,남,35세,경상
2019011900100439,2019년 1월 19일 20시,토요일,경상북도 포항시 북구 죽도동,경상사고,0,0,1,0,차대차 - 기타,신호위반,건조,맑음,교차로 - 교차로안,이륜,남,27세,상해없음,승용,여,33세,경상
2019011900100440,2019년 1월 19일 20시,토요일,경상북도 김천시 평화동,경상사고,0,0,1,0,차대차 - 후진중충돌,안전운전불이행,건조,맑음,교차로 - 교차로부근,승용,여,22세,상해없음,승용,남,31세,경상
2019011900100441,2019년 1월 19일 20시,토요일,경상북도 구미시 옥계동,경상사고,0,0,1,0,차대차 - 측면충돌,안전운전불이행,건조,맑음,단일로 - 기타,승용,남,29세,상해없음,이륜,남,53세,경상
2019011900100442,2019년 1월 19일 20시,토요일,경상북도 구미시 공단동,경상사고,0,0,1,0,차대차 - 측면충돌,중앙선침범,건조,맑음,단일로 - 기타,이륜,남,24세,상해없음,이륜,남,36세,경상
2019011900100464,2019년 1월 19일 21시,토요일,경상북도 영주시 휴천동,경상사고,0,0,3,0,차대차 - 측면충돌,직진우회전진행방해,건조,맑음,교차로 - 교차로안,승용,남,66세,경상,승용,여,46세,경상
2019011900100465,2019년 1월 19일 21시,토요일,경상북도 포항시 남구 오천읍,경상사고,0,0,2,0,차대차 - 기타,안전운전불이행,건조,맑음,교차로 - 교차로안,승용,남,36세,상해없음,승용,여,47세,경상
2019011900100488,2019년 1월 19일 22시,토요일,경상북도 포항시 북구 죽도동,경상사고,0,0,1,0,차대차 - 측면충돌,신호위반,건조,맑음,교차로 - 교차로안,승용,여,57세,상해없음,이륜,남,44세,경상
2019011900100509,2019년 1월 19일 23시,토요일,경상북도 포항시 북구 청하면,중상사고,0,1,0,0,차량단독 - 기타,안전운전불이행,건조,맑음,단일로 - 기타,이륜,남,63세,중상,,,,
2019011900100510,2019년 1월 19일 23시,토요일,경상북도 구미시 봉곡동,경상사고,0,0,2,0,차대차 - 기타,신호위반,건조,맑음,교차로 - 교차로안,승용,여,38세,상해없음,승용,남,58세,경상
2019012000100077,2019년 1월 20일 03시,일요일,경상북도 포항시 북구 흥해읍,경상사고,0,0,2,0,차대차 - 측면충돌,안전운전불이행,건조,맑음,단일로 - 기타,승용,여,31세,상해없음,승용,남,56세,경상
2019012000100088,2019년 1월 20일 04시,일요일,경상북도 포항시 북구 항구동,경상사고,0,0,1,0,차대사람 - 기타,안전운전불이행,건조,맑음,단일로 - 기타,승용,여,31세,상해없음,보행자,남,21세,경상
2019012000100107,2019년 1월 20일 06시,일요일,경상북도 의성군 점곡면,사망사고,1,0,0,0,차대사람 - 차도통행중,안전운전불이행,건조,맑음,단일로 - 기타,승용,남,58세,상해없음,보행자,남,75세,사망
2019012000100108,2019년 1월 20일 06시,일요일,경상북도 영천시 금호읍,중상사고,0,2,0,0,차량단독 - 공작물충돌,안전운전불이행,젖음/습기,맑음,단일로 - 기타,이륜,남,22세,중상,,,,
2019012000100118,2019년 1월 20일 07시,일요일,경상북도 성주군 용암면,경상사고,0,0,1,0,차량단독 - 공작물충돌,안전운전불이행,건조,맑음,단일로 - 기타,승용,남,20세,경상,,,,
2019012000100128,2019년 1월 20일 08시,일요일,경상북도 영천시 완산동,경상사고,0,0,2,0,차대차 - 측면충돌,신호위반,건조,흐림,교차로 - 교차로안,승용,여,58세,상해없음,승용,남,54세,경상
2019012000100140,2019년 1월 20일 09시,일요일,경상북도 포항시 북구 죽도동,경상사고,0,0,1,0,차대사람 - 기타,안전운전불이행,건조,맑음,단일로 - 기타,승용,남,48세,상해없음,보행자,남,54세,경상
2019012000100141,2019년 1월 20일 09시,일요일,경상북도 포항시 남구 청림동,경상사고,0,0,2,0,차대차 - 추돌,안전운전불이행,건조,맑음,교차로 - 교차로부근,화물,남,41세,상해없음,승용,여,64세,경상
2019012000100156,2019년 1월 20일 10시,일요일,경상북도 영주시 봉현면,경상사고,0,0,1,0,차대차 - 측면충돌,안전운전불이행,건조,맑음,교차로 - 교차로안,승용,남,52세,상해없음,승용,남,48세,경상
2019012000100157,2019년 1월 20일 10시,일요일,경상북도 포항시 남구 대도동,경상사고,0,0,1,0,차대차 - 추돌,안전운전불이행,건조,맑음,교차로 - 교차로부근,승용,여,66세,상해없음,승용,남,44세,경상
2019012000100172,2019년 1월 20일 11시,일요일,경상북도 포항시 북구 죽도동,경상사고,0,0,4,0,차대차 - 측면충돌,차로위반,건조,맑음,교차로 - 교차로부근,승용,여,48세,기타불명,승합,남,49세,경상