사고번호,사고일시,요일,시군구,사고내용,사망자수,중상자수,경상자수,부상신고자수,사고유형,법규위반,노면상태,기상상태,도로형태,가해운전자 차종,가해운전자 성별,가해운전자 연령,가해운전자 상해정도,피해운전자 차종,피해운전자 성별,피해운전자 연령,피해운전자 상해정도
2019012400100131,2019년 1월 24일 08시,목요일,경상북도 성주군 선남면,중상사고,0,1,1,0,차대차 - 측면충돌,중앙선침범,건조,맑음,단일로 - 기타,승용,남,36세,상해없음,승용,남,27세,경상
2019012400100159,2019년 1월 24일 09시,목요일,경상북도 포항시 북구 우현동,경상사고,0,0,3,0,차대차 - 측면충돌,차로위반,건조,맑음,단일로 - 기타,승용,남,19세,상해없음,승용,여,55세,경상
2019012400100160,2019년 1월 24일 09시,목요일,경상북도 상주시 거동동,사망사고,1,0,0,0,차대차 - 측면충돌,안전운전불이행,건조,맑음,교차로 - 교차로안,건설기계,남,44세,상해없음,이륜,남,79세,사망
2019012400100161,2019년 1월 24일 09시,목요일,경상북도 구미시 인의동,경상사고,0,0,1,0,차대차 - 기타,안전운전불이행,건조,맑음,교차로 - 교차로안,화물,남,57세,상해없음,승용,여,49세,경상
2019012400100187,2019년 1월 24일 10시,목요일,경상북도 경주시 황오동,중상사고,0,1,0,0,차대차 - 측면충돌,안전운전불이행,건조,맑음,교차로 - 교차로안,승용,여,51세,상해없음,자전거,여,78세,중상
2019012400100215,2019년 1월 24일 11시,목요일,경상북도 포항시 북구 양덕동,중상사고,0,1,0,0,차대사람 - 횡단중,안전운전불이행,건조,맑음,단일로 - 기타,승용,여,53세,상해없음,보행자,남,90세 이상,중상
2019012400100216,2019년 1월 24일 11시,목요일,경상북도 안동시 옥동,경상사고,0,0,1,0,차대차 - 기타,기타,건조,맑음,단일로 - 기타,승용,남,55세,상해없음,이륜,남,32세,경상
2019012400100244,2019년 1월 24일 12시,목요일,경상북도 구미시 해평면,경상사고,0,0,1,0,차대차 - 기타,안전운전불이행,건조,맑음,단일로 - 기타,이륜,남,90세 이상,경상,화물,남,57세,상해없음
2019012400100271,2019년 1월 24일 13시,목요일,경상북도 경주시 용강동,경상사고,0,0,1,0,차대차 - 측면충돌,직진우회전진행방해,건조,맑음,교차로 - 교차로안,화물,남,59세,상해없음,승용,여,56세,경상
2019012400100272,2019년 1월 24일 13시,목요일,경상북도 문경시 모전동,경상사고,0,0,1,0,차대사람 - 길가장자리구역통행중,안전운전불이행,건조,맑음,단일로 - 기타,승용,여,52세,상해없음,보행자,여,51세,경상
2019012400100305,2019년 1월 24일 14시,목요일,경상북도 포항시 북구 두호동,경상사고,0,0,2,0,차대차 - 기타,직진우회전진행방해,건조,맑음,교차로 - 교차로안,승용,남,49세,상해없음,승용,여,49세,경상
2019012400100306,2019년 1월 24일 14시,목요일,경상북도 의성군 가음면,중상사고,0,1,0,0,차대차 - 측면충돌,안전운전불이행,건조,맑음,교차로 - 교차로안,이륜,남,83세,중상,승용,남,60세,상해없음
2019012400100307,2019년 1월 24일 14시,목요일,경상북도 영천시 창구동,경상사고,0,0,1,0,차대사람 - 횡단중,보행자보호의무위반,건조,맑음,교차로 - 교차로횡단보도내,화물,여,65세,상해없음,보행자,여,62세,경상
2019012400100308,2019년 1월 24일 14시,목요일,경상북도 경산시 진량읍,경상사고,0,0,1,0,차대차 - 측면충돌,안전운전불이행,건조,맑음,단일로 - 기타,승용,남,55세,상해없음,승용,남,49세,경상
2019012400100336,2019년 1월 24일 15시,목요일,경상북도 안동시 풍산읍,중상사고,0,1,0,0,차대차 - 측면충돌,안전운전불이행,건조,맑음,단일로 - 기타,화물,남,60세,상해없음,이륜,남,78세,중상
2019012400100337,2019년 1월 24일 15시,목요일,경상북도 영천시 완산동,중상사고,0,1,0,0,차대사람 - 차도통행중,안전운전불이행,건조,맑음,단일로 - 기타,화물,남,66세,상해없음,보행자,남,67세,중상
2019012400100338,2019년 1월 24일 15시,목요일,경상북도 영덕군 남정면,중상사고,0,1,1,0,차대차 - 측면충돌,안전운전불이행,건조,맑음,교차로 - 교차로안,화물,남,72세,상해없음,화물,남,80세,경상
2019012400100373,2019년 1월 24일 16시,목요일,경상북도 칠곡군 지천면,경상사고,0,0,1,0,차대차 - 측면충돌,안전운전불이행,건조,맑음,교차로 - 교차로부근,화물,남,52세,상해없음,이륜,남,85세,경상
2019012400100374,2019년 1월 24일 16시,목요일,경상북도 고령군 대가야읍,경상사고,0,0,1,0,차대사람 - 횡단중,보행자보호의무위반,건조,맑음,기타 - 기타,화물,남,66세,상해없음,보행자,여,62세,경상
2019012400100483,2019년 1월 24일 19시,목요일,경상북도 포항시 북구 죽도동,경상사고,0,0,4,0,차대차 - 기타,안전운전불이행,건조,맑음,단일로 - 기타,승용,여,27세,상해없음,승용,남,19세,경상
2019012400100484,2019년 1월 24일 19시,목요일,경상북도 구미시 황상동,경상사고,0,0,2,0,차대차 - 추돌,안전거리미확보,건조,맑음,교차로 - 교차로부근,승용,남,50세,상해없음,승용,여,50세,경상
2019012400100514,2019년 1월 24일 20시,목요일,경상북도 포항시 북구 양덕동,경상사고,0,0,1,0,차대차 - 측면충돌,직진우회전진행방해,건조,맑음,교차로 - 교차로안,승용,남,47세,상해없음,이륜,남,34세,경상
2019012400100515,2019년 1월 24일 20시,목요일,경상북도 경산시 대동,경상사고,0,0,1,0,차대차 - 기타,안전운전불이행,건조,맑음,단일로 - 기타,승용,남,21세,상해없음,이륜,남,41세,경상
2019012400100544,2019년 1월 24일 21시,목요일,경상북도 문경시 모전동,경상사고,0,0,1,0,차대차 - 기타,안전운전불이행,건조,맑음,단일로 - 기타,승용,여,55세,상해없음,이륜,남,43세,경상
2019012400100545,2019년 1월 24일 21시,목요일,경상북도 구미시 인의동,경상사고,0,0,1,1,차대차 - 기타,신호위반,건조,맑음,교차로 - 교차로안,승용,남,35세,부상신고,승용,남,33세,경상
2019012400100569,2019년 1월 24일 22시,목요일,경상북도 청도군 청도읍,중상사고,0,1,0,0,차대차 - 추돌,안전운전불이행,건조,맑음,단일로 - 기타,승용,남,61세,상해없음,화물,남,61세,중상
2019012500100059,2019년 1월 25일 02시,금요일,경상북도 영천시 금호읍,사망사고,1,0,0,0,차량단독 - 공작물충돌,안전운전불이행,건조,맑음,단일로 - 기타,승용,남,42세,사망,,,,
2019012500100083,2019년 1월 25일 06시,금요일,경상북도 성주군 성주읍,경상사고,0,0,2,0,차대차 - 기타,안전운전불이행,건조,맑음,교차로 - 교차로안,승용,여,62세,경상,승용,남,18세,경상
2019012500100084,2019년 1월 25일 06시,금요일,경상북도 구미시 공단동,중상사고,0,1,0,0,차대차 - 측면충돌,안전운전불이행,건조,맑음,단일로 - 기타,승용,여,56세,상해없음,승용,여,58세,중상
2019012500100098,2019년 1월 25일 07시,금요일,경상북도 영덕군 남정면,중상사고,0,1,2,0,차대차 - 측면충돌,안전운전불이행,건조,맑음,교차로 - 교차로안,승용,남,63세,중상,승용,여,30세,경상
2019012500100120,2019년 1월 25일 08시,금요일,경상북도 칠곡군 동명면,경상사고,0,0,1,0,차대차 - 측면충돌,안전운전불이행,건조,맑음,교차로 - 교차로안,건설기계,남,50세,상해없음,승용,남,33세,경상
2019012500100121,2019년 1월 25일 08시,금요일,경상북도 구미시 구평동,부상신고사고,0,0,0,1,차량단독 - 공작물충돌,안전운전불이행,건조,맑음,단일로 - 기타,승용,남,31세,부상신고,,,,
2019012500100169,2019년 1월 25일 10시,금요일,경상북도 경주시 현곡면,경상사고,0,0,1,0,차대차 - 측면충돌,안전운전불이행,건조,맑음,교차로 - 교차로부근,화물,남,40세,상해없음,승용,여,58세,경상
2019012500100200,2019년 1월 25일 11시,금요일,경상북도 구미시 구포동,경상사고,0,0,1,0,차대차 - 측면충돌,안전운전불이행,건조,맑음,교차로 - 교차로부근,이륜,남,76세,경상,승용,남,58세,상해없음
2019012500100201,2019년 1월 25일 11시,금요일,경상북도 포항시 남구 청림동,경상사고,0,0,2,0,차대차 - 측면충돌,직진우회전진행방해,건조,맑음,교차로 - 교차로안,승용,여,30세,경상,승용,여,51세,경상
2019012500100262,2019년 1월 25일 13시,금요일,경상북도 경주시 서부동,경상사고,0,0,1,0,차대차 - 측면충돌,안전운전불이행,건조,흐림,단일로 - 기타,화물,여,59세,상해없음,승용,남,55세,경상
2019012500100263,2019년 1월 25일 13시,금요일,경상북도 영천시 금호읍,중상사고,0,1,0,0,차대차 - 기타,교차로운행방법위반,건조,맑음,교차로 - 교차로안,승용,여,47세,상해없음,이륜,남,80세,중상
2019012500100264,2019년 1월 25일 13시,금요일,경상북도 구미시 인의동,경상사고,0,0,1,0,차대사람 - 보도통행중,보행자보호의무위반,건조,맑음,교차로 - 교차로부근,승용,남,57세,상해없음,보행자,여,10세,경상
2019012500100336,2019년 1월 25일 15시,금요일,경상북도 구미시 신평동,경상사고,0,0,1,0,차대차 - 측면충돌,안전거리미확보,건조,맑음,단일로 - 기타,승용,여,27세,상해없음,승용,여,53세,경상
2019012500100337,2019년 1월 25일 15시,금요일,경상북도 구미시 고아읍,경상사고,0,0,1,1,차대차 - 측면충돌,안전운전불이행,건조,맑음,교차로 - 교차로안,화물,남,26세,부상신고,승용,여,42세,경상
2019012500100338,2019년 1월 25일 15시,금요일,경상북도 포항시 남구 송도동,부상신고사고,0,0,0,1,차대차 - 기타,안전운전불이행,건조,맑음,단일로 - 기타,화물,남,41세,상해없음,자전거,남,70세,부상신고
2019012500100370,2019년 1월 25일 16시,금요일,경상북도 경주시 동천동,경상사고,0,0,1,0,차대차 - 측면충돌,직진우회전진행방해,건조,맑음,교차로 - 교차로안,승합,남,61세,상해없음,이륜,남,15세,경상
2019012500100371,2019년 1월 25일 16시,금요일,경상북도 경주시 황성동,부상신고사고,0,0,0,1,차대차 - 측면충돌,안전운전불이행,건조,맑음,교차로 - 교차로부근,승용,남,62세,부상신고,승용,남,27세,상해없음
2019012500100372,2019년 1월 25일 16시,금요일,경상북도 영천시 금호읍,경상사고,0,0,1,0,차대차 - 측면충돌,안전운전불이행,건조,맑음,단일로 - 기타,승용,남,73세,상해없음,승용,여,42세,경상
2019012500100373,2019년 1월 25일 16시,금요일,경상북도 구미시 거의동,경상사고,0,0,1,0,차대차 - 측면충돌,안전거리미확보,건조,맑음,단일로 - 기타,화물,남,64세,상해없음,승용,여,40세,경상
2019012500100415,2019년 1월 25일 17시,금요일,경상북도 포항시 북구 장성동,경상사고,0,0,1,0,차대차 - 측면충돌,안전운전불이행,건조,맑음,단일로 - 기타,승용,여,52세,상해없음,승용,여,32세,경상
2019012500100416,2019년 1월 25일 17시,금요일,경상북도 안동시 풍산읍,중상사고,0,1,2,0,차대차 - 추돌,안전거리미확보,건조,맑음,단일로 - 기타,화물,남,60세,상해없음,승용,여,31세,중상
2019012500100417,2019년 1월 25일 17시,금요일,경상북도 예천군 예천읍,경상사고,0,0,1,0,차대차 - 측면충돌,기타,건조,맑음,교차로 - 교차로안,화물,남,49세,상해없음,승용,남,61세,경상
2019012500100461,2019년 1월 25일 18시,금요일,경상북도 안동시 풍산읍,중상사고,0,1,4,0,차대차 - 기타,안전거리미확보,건조,맑음,단일로 - 기타,승용,남,46세,중상,승용,남,31세,상해없음
2019012500100462,2019년 1월 25일 18시,금요일,경상북도 안동시 운흥동,사망사고,1,0,0,0,차대사람 - 차도통행중,과속,건조,맑음,단일로 - 기타,승용,남,60세,상해없음,보행자,여,90세 이상,사망
2019012500100463,2019년 1월 25일 18시,금요일,경상북도 영주시 휴천동,경상사고,0,0,2,0,차대차 - 측면충돌,중앙선침범,건조,맑음,단일로 - 기타,승용,남,27세,상해없음,승용,여,50세,경상
2019012500100513,2019년 1월 25일 19시,금요일,경상북도 경주시 서부동,경상사고,0,0,2,0,차대차 - 후진중충돌,안전운전불이행,건조,맑음,단일로 - 기타,승용,남,44세,상해없음,승용,남,62세,경상
2019012500100514,2019년 1월 25일 19시,금요일,경상북도 포항시 북구 중앙동,경상사고,0,0,1,0,차대차 - 측면충돌,안전운전불이행,건조,맑음,단일로 - 기타,승용,여,39세,상해없음,승용,남,66세,경상
2019012500100545,2019년 1월 25일 20시,금요일,경상북도 안동시 수상동,중상사고,0,1,0,0,차대차 - 측면충돌,교차로운행방법위반,건조,맑음,교차로 - 교차로안,승용,여,50세,상해없음,이륜,남,24세,중상
2019012500100572,2019년 1월 25일 21시,금요일,경상북도 칠곡군 왜관읍,경상사고,0,0,1,0,차대사람 - 횡단중,안전운전불이행,건조,맑음,단일로 - 기타,이륜,남,55세,상해없음,보행자,남,64세,경상
2019012500100596,2019년 1월 25일 22시,금요일,경상북도 영주시 가흥동,중상사고,0,1,0,0,차대사람 - 차도통행중,안전운전불이행,건조,맑음,단일로 - 기타,승용,남,32세,상해없음,보행자,남,69세,중상
2019012500100597,2019년 1월 25일 22시,금요일,경상북도 경산시 사동,경상사고,0,0,1,0,차대차 - 측면충돌,안전운전불이행,건조,맑음,단일로 - 기타,승용,남,37세,상해없음,이륜,남,36세,경상
2019012500100598,2019년 1월 25일 22시,금요일,경상북도 구미시 원평동,경상사고,0,0,1,0,차대차 - 추돌,안전운전불이행,건조,맑음,단일로 - 기타,승용,남,55세,상해없음,승용,여,36세,경상
2019012600100049,2019년 1월 26일 01시,토요일,경상북도 칠곡군 왜관읍,중상사고,0,1,0,0,차대사람 - 횡단중,안전운전불이행,건조,맑음,단일로 - 기타,승용,남,32세,상해없음,보행자,남,21세,중상
2019012600100098,2019년 1월 26일 06시,토요일,경상북도 안동시 수상동,경상사고,0,0,1,0,차대차 - 기타,신호위반,건조,맑음,교차로 - 교차로안,건설기계,남,58세,상해없음,건설기계,남,42세,경상
2019012600100099,2019년 1월 26일 06시,토요일,경상북도 구미시 공단동,중상사고,0,1,0,0,차대차 - 정면충돌,중앙선침범,건조,맑음,단일로 - 기타,승용,여,33세,상해없음,자전거,남,41세,중상
2019012600100111,2019년 1월 26일 07시,토요일,경상북도 칠곡군 석적읍,경상사고,0,0,1,1,차대차 - 측면충돌,직진우회전진행방해,건조,맑음,교차로 - 교차로안,승용,남,23세,부상신고,승용,남,36세,경상
2019012600100112,2019년 1월 26일 07시,토요일,경상북도 포항시 남구 연일읍,경상사고,0,0,1,0,차대차 - 기타,직진우회전진행방해,건조,맑음,교차로 - 교차로안,승용,남,57세,상해없음,화물,남,62세,경상
2019012600100163,2019년 1월 26일 10시,토요일,경상북도 경주시 외동읍,중상사고,0,1,2,0,차대차 - 측면충돌,중앙선침범,건조,맑음,교차로 - 교차로부근,승용,여,66세,상해없음,승용,남,44세,상해없음
2019012600100198,2019년 1월 26일 11시,토요일,경상북도 포항시 북구 대흥동,경상사고,0,0,1,0,차대차 - 측면충돌,차로위반,건조,맑음,교차로 - 교차로안,승용,남,74세,기타불명,승용,여,61세,경상
2019012600100199,2019년 1월 26일 11시,토요일,경상북도 영양군 청기면,사망사고,1,0,0,0,차량단독 - 전도전복 - 전복,안전운전불이행,서리/결빙,맑음,단일로 - 기타,승용,남,77세,사망,,,,
2019012600100200,2019년 1월 26일 11시,토요일,경상북도 구미시 도량동,중상사고,0,1,0,0,차대사람 - 횡단중,안전운전불이행,건조,맑음,단일로 - 기타,승용,남,43세,상해없음,보행자,여,74세,중상
2019012600100201,2019년 1월 26일 11시,토요일,경상북도 포항시 남구 상도동,중상사고,0,1,0,0,차대사람 - 기타,안전운전불이행,건조,맑음,단일로 - 기타,승용,남,58세,상해없음,보행자,남,86세,중상
2019012600100229,2019년 1월 26일 12시,토요일,경상북도 경주시 노서동,경상사고,0,0,1,0,차대사람 - 차도통행중,안전운전불이행,건조,맑음,단일로 - 기타,승합,남,55세,상해없음,보행자,남,64세,경상
2019012600100267,2019년 1월 26일 13시,토요일,경상북도 칠곡군 동명면,경상사고,0,0,2,0,차대차 - 추돌,안전운전불이행,건조,맑음,단일로 - 기타,화물,남,30세,상해없음,승용,남,59세,경상
2019012600100268,2019년 1월 26일 13시,토요일,경상북도 경산시 삼북동,중상사고,0,1,0,0,차대차 - 측면충돌,안전운전불이행,건조,맑음,교차로 - 교차로안,이륜,남,33세,중상,화물,남,23세,상해없음
2019012600100303,2019년 1월 26일 14시,토요일,경상북도 경주시 보문동,경상사고,0,0,9,0,차대차 - 추돌,안전운전불이행,건조,맑음,교차로 - 교차로부근,승용,남,43세,상해없음,승용,남,35세,경상
2019012600100304,2019년 1월 26일 14시,토요일,경상북도 포항시 북구 흥해읍,중상사고,0,1,2,0,차대차 - 측면충돌,안전운전불이행,건조,맑음,단일로 - 기타,승용,남,49세,중상,승용,남,54세,경상
2019012600100305,2019년 1월 26일 14시,토요일,경상북도 포항시 북구 우현동,경상사고,0,0,1,0,차대차 - 측면충돌,안전운전불이행,건조,맑음,단일로 - 기타,승용,남,83세,상해없음,이륜,남,72세,경상
2019012600100306,2019년 1월 26일 14시,토요일,경상북도 경산시 중산동,경상사고,0,0,4,0,차대차 - 측면충돌,직진우회전진행방해,건조,맑음,교차로 - 교차로안,승용,남,33세,경상,승용,남,52세,경상
2019012600100307,2019년 1월 26일 14시,토요일,경상북도 구미시 인의동,부상신고사고,0,0,0,1,차대차 - 측면충돌,안전운전불이행,건조,맑음,단일로 - 기타,이륜,남,33세,부상신고,승용,남,28세,상해없음
2019012600100334,2019년 1월 26일 15시,토요일,경상북도 경산시 사동,경상사고,0,0,1,0,차대차 - 측면충돌,교차로운행방법위반,건조,맑음,교차로 - 교차로안,승용,남,57세,상해없음,승용,남,61세,경상
2019012600100335,2019년 1월 26일 15시,토요일,경상북도 예천군 예천읍,중상사고,0,1,0,0,차대차 - 측면충돌,교차로운행방법위반,건조,맑음,교차로 - 교차로안,승용,남,78세,상해없음,이륜,여,70세,중상
2019012600100409,2019년 1월 26일 17시,토요일,경상북도 영천시 화산면,중상사고,0,3,2,0,차대차 - 추돌,안전운전불이행,건조,맑음,단일로 - 기타,승용,여,54세,상해없음,승용,남,70세,경상
2019012600100442,2019년 1월 26일 18시,토요일,경상북도 경주시 노동동,경상사고,0,0,1,0,차대차 - 추돌,안전운전불이행,건조,맑음,단일로 - 기타,승용,남,18세,상해없음,승용,남,36세,경상
2019012600100443,2019년 1월 26일 18시,토요일,경상북도 문경시 흥덕동,경상사고,0,0,1,0,차대차 - 기타,안전운전불이행,기타,맑음,교차로 - 교차로안,승용,남,62세,상해없음,자전거,남,67세,경상
2019012600100444,2019년 1월 26일 18시,토요일,경상북도 구미시 원평동,중상사고,0,1,0,0,차대차 - 기타,안전운전불이행,건조,맑음,교차로 - 교차로부근,승용,남,22세,상해없음,자전거,남,65세,중상
2019012600100513,2019년 1월 26일 20시,토요일,경상북도 포항시 북구 장성동,경상사고,0,0,1,0,차대차 - 기타,신호위반,건조,맑음,교차로 - 교차로안,이륜,남,31세,상해없음,이륜,남,53세,경상
2019012600100543,2019년 1월 26일 21시,토요일,경상북도 김천시 성내동,경상사고,0,0,1,0,차대차 - 측면충돌,교차로운행방법위반,건조,맑음,교차로 - 교차로안,승용,남,24세,상해없음,이륜,남,40세,경상
2019012600100574,2019년 1월 26일 22시,토요일,경상북도 영천시 문외동,경상사고,0,0,1,0,차대차 - 기타,안전운전불이행,건조,맑음,교차로 - 교차로안,승용,남,33세,상해없음,이륜,남,39세,경상
2019012600100575,2019년 1월 26일 22시,토요일,경상북도 예천군 예천읍,중상사고,0,1,4,0,차대차 - 측면충돌,교차로운행방법위반,건조,맑음,교차로 - 교차로안,승용,여,56세,중상,승용,남,51세,경상
2019012600100593,2019년 1월 26일 23시,토요일,경상북도 포항시 북구 두호동,중상사고,0,1,0,0,차대차 - 측면충돌,직진우회전진행방해,건조,맑음,교차로 - 교차로안,승용,남,60세,상해없음,이륜,남,19세,중상
2019012700100045,2019년 1월 27일 02시,일요일,경상북도 경산시 대동,경상사고,0,0,1,0,차대사람 - 길가장자리구역통행중,안전운전불이행,건조,맑음,단일로 - 기타,승용,남,18세,상해없음,보행자,여,18세,경상
2019012700100131,2019년 1월 27일 11시,일요일,경상북도 경주시 건천읍,경상사고,0,0,3,0,차대차 - 측면충돌,신호위반,건조,맑음,교차로 - 교차로안,승용,남,71세,상해없음,승용,남,33세,경상
2019012700100132,2019년 1월 27일 11시,일요일,경상북도 경주시 북군동,경상사고,0,0,1,2,차대차 - 추돌,안전운전불이행,건조,맑음,교차로 - 교차로부근,승용,여,60세,상해없음,승용,남,42세,경상
2019012700100133,2019년 1월 27일 11시,일요일,경상북도 경주시 용강동,중상사고,0,1,0,0,차대차 - 측면충돌,교차로운행방법위반,건조,맑음,교차로 - 교차로안,승용,여,25세,상해없음,승용,여,44세,중상
2019012700100134,2019년 1월 27일 11시,일요일,경상북도 문경시 모전동,경상사고,0,0,3,0,차대차 - 측면충돌,기타,건조,맑음,교차로 - 교차로안,승합,여,40세,경상,승용,남,35세,경상
2019012700100154,2019년 1월 27일 12시,일요일,경상북도 경주시 성건동,경상사고,0,0,1,1,차대차 - 측면충돌,안전운전불이행,건조,맑음,교차로 - 교차로안,승용,여,47세,상해없음,승용,여,27세,경상
2019012700100155,2019년 1월 27일 12시,일요일,경상북도 칠곡군 동명면,경상사고,0,0,1,0,차대차 - 측면충돌,중앙선침범,건조,맑음,단일로 - 기타,화물,남,56세,상해없음,승용,남,33세,상해없음
2019012700100156,2019년 1월 27일 12시,일요일,경상북도 영천시 서산동,중상사고,0,1,2,0,차대차 - 측면충돌,신호위반,건조,맑음,단일로 - 기타,승용,남,55세,상해없음,승용,남,57세,경상
2019012700100157,2019년 1월 27일 12시,일요일,경상북도 영천시 금호읍,부상신고사고,0,0,0,1,차대차 - 추돌,기타,건조,맑음,교차로 - 교차로안,이륜,남,48세,부상신고,화물,남,61세,상해없음
2019012700100185,2019년 1월 27일 13시,일요일,경상북도 포항시 북구 흥해읍,경상사고,0,0,1,0,차대차 - 측면충돌,안전운전불이행,건조,맑음,단일로 - 기타,승용,남,53세,경상,화물,남,38세,상해없음
2019012700100186,2019년 1월 27일 13시,일요일,경상북도 포항시 북구 용흥동,경상사고,0,0,1,0,차대차 - 측면충돌,안전운전불이행,건조,맑음,단일로 - 기타,승용,남,28세,상해없음,자전거,남,58세,경상
2019012700100187,2019년 1월 27일 13시,일요일,경상북도 김천시 평화동,경상사고,0,0,1,0,차대차 - 측면충돌,안전운전불이행,건조,맑음,단일로 - 기타,승용,남,72세,기타불명,승용,여,25세,경상
2019012700100188,2019년 1월 27일 13시,일요일,경상북도 영양군 영양읍,경상사고,0,0,1,0,차량단독 - 기타,안전운전불이행,건조,맑음,단일로 - 기타,화물,남,80세,경상,,,,
2019012700100213,2019년 1월 27일 14시,일요일,경상북도 영주시 영주동,부상신고사고,0,0,0,1,차대차 - 측면충돌,안전운전불이행,건조,맑음,교차로 - 교차로부근,이륜,남,16세,부상신고,승용,남,70세,상해없음
2019012700100214,2019년 1월 27일 14시,일요일,경상북도 포항시 남구 해도동,중상사고,0,1,0,0,차대차 - 기타,안전운전불이행,건조,맑음,단일로 - 기타,승용,남,42세,상해없음,이륜,남,76세,중상
2019012700100237,2019년 1월 27일 15시,일요일,경상북도 경주시 용강동,중상사고,0,1,0,0,차대차 - 측면충돌,신호위반,건조,맑음,교차로 - 교차로안,승용,남,48세,상해없음,승용,남,55세,중상
2019012700100238,2019년 1월 27일 15시,일요일,경상북도 안동시 송현동,경상사고,0,0,1,0,차대차 - 측면충돌,안전운전불이행,건조,맑음,단일로 - 기타,승용,남,61세,상해없음,이륜,남,25세,경상
2019012700100239,2019년 1월 27일 15시,일요일,경상북도 영덕군 강구면,경상사고,0,0,1,0,차대사람 - 기타,안전운전불이행,건조,맑음,단일로 - 기타,승용,남,53세,상해없음,보행자,남,43세,경상
2019012700100240,2019년 1월 27일 15시,일요일,경상북도 청도군 청도읍,경상사고,0,0,1,0,차량단독 - 전도전복 - 전복,안전운전불이행,건조,맑음,단일로 - 지하차도(도로)내,화물,여,18세,경상,,,,
2019012700100267,2019년 1월 27일 16시,일요일,경상북도 경주시 노서동,경상사고,0,0,2,1,차대차 - 측면충돌,교차로운행방법위반,건조,맑음,교차로 - 교차로안,승용,남,23세,상해없음,승용,여,55세,경상
2019012700100268,2019년 1월 27일 16시,일요일,경상북도 칠곡군 석적읍,부상신고사고,0,0,0,1,차대차 - 측면충돌,안전운전불이행,건조,맑음,교차로 - 교차로안,이륜,남,28세,부상신고,승용,남,27세,상해없음
2019012700100269,2019년 1월 27일 16시,일요일,경상북도 구미시 공단동,경상사고,0,0,1,0,차대차 - 기타,신호위반,건조,맑음,교차로 - 교차로안,이륜,남,24세,상해없음,승용,남,32세,경상
2019012700100270,2019년 1월 27일 16시,일요일,경상북도 포항시 남구 대도동,경상사고,0,0,1,0,차대차 - 기타,안전운전불이행,건조,맑음,단일로 - 기타,이륜,남,17세,경상,승용,여,63세,상해없음
2019012700100311,2019년 1월 27일 18시,일요일,경상북도 포항시 북구 두호동,중상사고,0,1,0,0,차대사람 - 기타,안전운전불이행,건조,맑음,교차로 - 교차로안,승용,여,61세,상해없음,보행자,남,62세,중상
2019012700100312,2019년 1월 27일 18시,일요일,경상북도 김천시 율곡동,경상사고,0,0,1,0,차대차 - 측면충돌,교차로운행방법위반,건조,맑음,교차로 - 교차로안,승용,여,48세,상해없음,자전거,여,39세,경상
2019012700100313,2019년 1월 27일 18시,일요일,경상북도 영주시 조암동,경상사고,0,0,1,0,차대차 - 추돌,안전운전불이행,건조,맑음,단일로 - 기타,승용,여,62세,상해없음,화물,남,62세,경상
2019012700100314,2019년 1월 27일 18시,일요일,경상북도 구미시 임은동,경상사고,0,0,1,0,차대차 - 측면충돌,중앙선침범,건조,맑음,교차로 - 교차로부근,승용,남,50세,상해없음,이륜,남,33세,경상
2019012700100315,2019년 1월 27일 18시,일요일,경상북도 포항시 남구 상도동,중상사고,0,1,0,0,차대사람 - 기타,안전운전불이행,건조,맑음,교차로 - 교차로부근,승합,남,53세,상해없음,보행자,남,73세,중상
2019012700100337,2019년 1월 27일 19시,일요일,경상북도 경산시 상방동,경상사고,0,0,2,0,차대차 - 측면충돌,중앙선침범,건조,맑음,단일로 - 기타,승용,남,58세,상해없음,승용,남,29세,경상
2019012700100378,2019년 1월 27일 21시,일요일,경상북도 안동시 태화동,경상사고,0,0,2,0,차대차 - 측면충돌,신호위반,건조,맑음,교차로 - 교차로안,승용,남,53세,상해없음,승용,남,60세,경상
2019012700100405,2019년 1월 27일 23시,일요일,경상북도 경산시 진량읍,경상사고,0,0,1,0,차대사람 - 기타,안전운전불이행,건조,맑음,기타 - 기타,승용,남,51세,상해없음,보행자,여,48세,경상
2019012800100041,2019년 1월 28일 02시,월요일,경상북도 구미시 오태동,경상사고,0,0,1,0,차대차 - 측면충돌,안전운전불이행,건조,맑음,교차로 - 교차로부근,승용,여,36세,상해없음,승용,남,32세,경상
2019012800100044,2019년 1월 28일 03시,월요일,경상북도 안동시 성곡동,중상사고,0,3,0,0,차량단독 - 기타,안전운전불이행,건조,맑음,교차로 - 교차로안,승용,남,25세,중상,,,,
2019012800100086,2019년 1월 28일 06시,월요일,경상북도 경주시 보문동,부상신고사고,0,0,0,1,차대차 - 측면충돌,신호위반,건조,맑음,교차로 - 교차로안,승용,남,22세,상해없음,승용,여,65세,부상신고
2019012800100087,2019년 1월 28일 06시,월요일,경상북도 포항시 남구 대도동,경상사고,0,0,1,0,차량단독 - 전도전복 - 전복,안전운전불이행,건조,맑음,단일로 - 교량,승용,남,41세,경상,,,,
2019012800100088,2019년 1월 28일 06시,월요일,경상북도 포항시 남구 송도동,부상신고사고,0,0,0,1,차대사람 - 기타,안전운전불이행,건조,맑음,교차로 - 교차로안,승용,남,72세,상해없음,보행자,남,34세,부상신고