사고번호,사고일시,요일,시군구,사고내용,사망자수,중상자수,경상자수,부상신고자수,사고유형,법규위반,노면상태,기상상태,도로형태,가해운전자 차종,가해운전자 성별,가해운전자 연령,가해운전자 상해정도,피해운전자 차종,피해운전자 성별,피해운전자 연령,피해운전자 상해정도
2019020300100183,2019년 2월 3일 10시,일요일,경상북도 봉화군 상운면,경상사고,0,0,1,0,차량단독 - 도로외이탈 - 기타,안전운전불이행,젖음/습기,흐림,기타 - 기타,승용,남,48세,상해없음,,,,
2019020300100244,2019년 2월 3일 13시,일요일,경상북도 안동시 용상동,경상사고,0,0,1,0,차대차 - 추돌,안전거리미확보,건조,맑음,교차로 - 교차로부근,승용,남,41세,상해없음,승용,남,57세,경상
2019020300100245,2019년 2월 3일 13시,일요일,경상북도 상주시 인평동,중상사고,0,1,0,0,차대차 - 측면충돌,안전운전불이행,젖음/습기,비,교차로 - 교차로안,화물,남,56세,상해없음,이륜,남,52세,중상
2019020300100294,2019년 2월 3일 15시,일요일,경상북도 포항시 북구 양덕동,중상사고,0,1,0,0,차대사람 - 횡단중,보행자보호의무위반,건조,맑음,교차로 - 교차로횡단보도내,화물,남,32세,상해없음,보행자,여,53세,중상
2019020300100295,2019년 2월 3일 15시,일요일,경상북도 포항시 북구 신광면,경상사고,0,0,1,0,차대차 - 측면충돌,기타,건조,맑음,교차로 - 교차로안,승용,남,57세,상해없음,승용,여,52세,경상
2019020300100296,2019년 2월 3일 15시,일요일,경상북도 안동시 옥동,경상사고,0,0,3,0,차대차 - 기타,직진우회전진행방해,젖음/습기,비,교차로 - 교차로안,승용,여,62세,경상,승용,남,44세,경상
2019020300100297,2019년 2월 3일 15시,일요일,경상북도 고령군 다산면,경상사고,0,0,1,0,차대차 - 측면충돌,교차로운행방법위반,건조,맑음,교차로 - 교차로안,기타불명,기타불명,미분류,기타불명,승용,남,32세,경상
2019020300100323,2019년 2월 3일 16시,일요일,경상북도 구미시 옥계동,부상신고사고,0,0,0,1,차대차 - 기타,교차로운행방법위반,젖음/습기,흐림,교차로 - 교차로안,이륜,남,49세,부상신고,승용,남,40세,상해없음
2019020300100324,2019년 2월 3일 16시,일요일,경상북도 구미시 원평동,경상사고,0,0,1,0,차대사람 - 기타,안전운전불이행,건조,맑음,교차로 - 교차로부근,화물,남,56세,상해없음,보행자,여,33세,경상
2019020300100342,2019년 2월 3일 17시,일요일,경상북도 고령군 다산면,경상사고,0,0,1,0,차대차 - 측면충돌,안전거리미확보,건조,흐림,단일로 - 교량,승용,남,49세,상해없음,승용,남,37세,경상
2019020300100343,2019년 2월 3일 17시,일요일,경상북도 구미시 봉곡동,경상사고,0,0,2,0,차대차 - 추돌,안전운전불이행,건조,흐림,교차로 - 교차로부근,승용,남,61세,상해없음,승용,남,27세,경상
2019020300100417,2019년 2월 3일 19시,일요일,경상북도 상주시 남성동,경상사고,0,0,2,0,차대차 - 측면충돌,신호위반,젖음/습기,비,교차로 - 교차로안,승용,남,25세,경상,승용,남,61세,경상
2019020300100418,2019년 2월 3일 19시,일요일,경상북도 영천시 금노동,경상사고,0,0,1,0,차대차 - 추돌,안전운전불이행,젖음/습기,비,단일로 - 기타,이륜,남,53세,경상,화물,남,55세,기타불명
2019020300100419,2019년 2월 3일 19시,일요일,경상북도 군위군 군위읍,경상사고,0,0,2,0,차대차 - 추돌,안전운전불이행,건조,맑음,기타 - 기타,화물,남,51세,상해없음,화물,남,62세,경상
2019020300100441,2019년 2월 3일 20시,일요일,경상북도 경주시 황성동,경상사고,0,0,1,0,차대사람 - 길가장자리구역통행중,안전운전불이행,건조,맑음,교차로 - 교차로부근,승용,남,57세,상해없음,보행자,여,73세,경상
2019020300100442,2019년 2월 3일 20시,일요일,경상북도 구미시 광평동,경상사고,0,0,1,0,차대차 - 기타,안전운전불이행,건조,맑음,교차로 - 교차로부근,승용,남,52세,상해없음,승합,남,64세,경상
2019020300100464,2019년 2월 3일 21시,일요일,경상북도 구미시 옥계동,경상사고,0,0,1,0,차대차 - 기타,안전운전불이행,젖음/습기,흐림,단일로 - 기타,승용,여,62세,상해없음,승용,여,44세,경상
2019020300100480,2019년 2월 3일 22시,일요일,경상북도 경주시 성건동,경상사고,0,0,1,1,차대차 - 추돌,안전운전불이행,건조,맑음,단일로 - 기타,승용,남,21세,상해없음,승용,남,37세,경상
2019020300100481,2019년 2월 3일 22시,일요일,경상북도 포항시 북구 죽도동,중상사고,0,1,0,0,차대차 - 측면충돌,신호위반,건조,맑음,교차로 - 교차로안,승용,남,62세,상해없음,승용,여,39세,중상
2019020300100482,2019년 2월 3일 22시,일요일,경상북도 상주시 냉림동,중상사고,0,1,0,0,차대사람 - 차도통행중,안전운전불이행,건조,맑음,교차로 - 교차로안,승용,여,46세,상해없음,보행자,남,56세,중상
2019020300100483,2019년 2월 3일 22시,일요일,경상북도 포항시 남구 구룡포읍,중상사고,0,1,2,0,차대차 - 기타,안전운전불이행,젖음/습기,흐림,단일로 - 기타,이륜,남,14세,중상,승용,남,54세,상해없음
2019020400100087,2019년 2월 4일 08시,월요일,경상북도 포항시 북구 죽도동,경상사고,0,0,2,0,차대차 - 추돌,안전운전불이행,건조,맑음,교차로 - 교차로부근,승용,남,25세,상해없음,승용,남,72세,경상
2019020400100088,2019년 2월 4일 08시,월요일,경상북도 영덕군 영덕읍,경상사고,0,0,1,0,차대차 - 측면충돌,교차로운행방법위반,건조,맑음,교차로 - 교차로안,이륜,남,79세,경상,승용,남,36세,상해없음
2019020400100100,2019년 2월 4일 09시,월요일,경상북도 상주시 이안면,경상사고,0,0,1,0,차대차 - 측면충돌,기타,건조,맑음,교차로 - 교차로안,화물,남,51세,상해없음,승용,남,65세,경상
2019020400100115,2019년 2월 4일 10시,월요일,경상북도 포항시 북구 양덕동,경상사고,0,0,2,0,차대차 - 추돌,안전거리미확보,건조,맑음,단일로 - 기타,승용,남,37세,상해없음,승용,남,37세,경상
2019020400100129,2019년 2월 4일 11시,월요일,경상북도 포항시 북구 흥해읍,중상사고,0,2,2,0,차대차 - 추돌,안전거리미확보,건조,맑음,단일로 - 기타,승용,남,43세,중상,승용,남,62세,경상
2019020400100130,2019년 2월 4일 11시,월요일,경상북도 영주시 영주동,경상사고,0,0,2,0,차대차 - 측면충돌,안전운전불이행,건조,맑음,단일로 - 기타,승합,남,27세,상해없음,승용,남,40세,기타불명
2019020400100131,2019년 2월 4일 11시,월요일,경상북도 경산시 중방동,경상사고,0,0,3,0,차대차 - 측면충돌,안전운전불이행,건조,맑음,단일로 - 기타,승합,남,58세,경상,승용,남,52세,경상
2019020400100177,2019년 2월 4일 13시,월요일,경상북도 구미시 도량동,중상사고,0,2,0,0,차대차 - 측면충돌,교차로운행방법위반,건조,맑음,교차로 - 교차로안,승용,여,36세,상해없음,승용,남,28세,중상
2019020400100207,2019년 2월 4일 14시,월요일,경상북도 안동시 운흥동,경상사고,0,0,2,0,차대차 - 정면충돌,안전운전불이행,건조,맑음,교차로 - 교차로안,승용,남,63세,상해없음,승용,남,54세,경상
2019020400100217,2019년 2월 4일 15시,월요일,경상북도 울진군 울진읍,중상사고,0,1,0,0,차량단독 - 공작물충돌,안전운전불이행,건조,맑음,단일로 - 기타,승용,여,27세,상해없음,,,,
2019020400100240,2019년 2월 4일 16시,월요일,경상북도 칠곡군 지천면,부상신고사고,0,0,0,1,차량단독 - 공작물충돌,안전운전불이행,건조,맑음,단일로 - 기타,화물,남,71세,부상신고,,,,
2019020400100276,2019년 2월 4일 18시,월요일,경상북도 영천시 금호읍,중상사고,0,1,0,0,차대사람 - 차도통행중,안전운전불이행,건조,맑음,교차로 - 교차로부근,승용,남,68세,상해없음,보행자,남,76세,중상
2019020400100277,2019년 2월 4일 18시,월요일,경상북도 구미시 원평동,부상신고사고,0,0,0,1,차대차 - 측면충돌,안전운전불이행,건조,맑음,교차로 - 교차로안,이륜,남,79세,부상신고,승용,남,55세,상해없음
2019020400100296,2019년 2월 4일 19시,월요일,경상북도 경주시 신평동,중상사고,0,6,1,0,차대차 - 정면충돌,안전운전불이행,건조,맑음,교차로 - 교차로안,승용,남,45세,경상,승용,남,24세,중상
2019020400100297,2019년 2월 4일 19시,월요일,경상북도 성주군 선남면,중상사고,0,1,1,0,차대차 - 추돌,안전운전불이행,건조,맑음,단일로 - 기타,화물,남,52세,중상,승합,남,70세,경상
2019020400100318,2019년 2월 4일 20시,월요일,경상북도 경주시 안강읍,중상사고,0,1,0,0,차대사람 - 길가장자리구역통행중,안전운전불이행,건조,맑음,교차로 - 교차로부근,승용,남,30세,상해없음,보행자,남,8세,중상
2019020400100319,2019년 2월 4일 20시,월요일,경상북도 영주시 휴천동,부상신고사고,0,0,0,1,차대사람 - 길가장자리구역통행중,안전운전불이행,건조,맑음,교차로 - 교차로안,승용,남,27세,상해없음,보행자,남,58세,부상신고
2019020400100344,2019년 2월 4일 21시,월요일,경상북도 경주시 율동,중상사고,0,1,1,0,차대차 - 측면충돌,안전운전불이행,건조,맑음,단일로 - 기타,승용,여,48세,상해없음,승용,남,33세,중상
2019020400100345,2019년 2월 4일 21시,월요일,경상북도 안동시 일직면,경상사고,0,0,6,0,차대차 - 추돌,안전운전불이행,건조,맑음,교차로 - 교차로안,승용,남,48세,경상,승용,남,42세,경상
2019020400100358,2019년 2월 4일 22시,월요일,경상북도 상주시 남성동,경상사고,0,0,1,0,차대차 - 기타,안전운전불이행,건조,맑음,단일로 - 기타,승용,여,43세,상해없음,승용,여,24세,경상
2019020500100045,2019년 2월 5일 02시,화요일,경상북도 구미시 원평동,경상사고,0,0,4,1,차대차 - 측면충돌,신호위반,건조,맑음,단일로 - 기타,승용,남,59세,부상신고,승용,남,26세,경상
2019020500100065,2019년 2월 5일 06시,화요일,경상북도 청도군 운문면,경상사고,0,0,3,0,차대차 - 측면충돌,중앙선침범,건조,맑음,단일로 - 지하차도(도로)내,승용,남,52세,경상,화물,남,59세,경상
2019020500100077,2019년 2월 5일 08시,화요일,경상북도 경주시 건천읍,경상사고,0,0,2,0,차대차 - 측면충돌,중앙선침범,건조,맑음,교차로 - 교차로부근,승용,남,66세,상해없음,승용,여,27세,경상
2019020500100083,2019년 2월 5일 09시,화요일,경상북도 칠곡군 북삼읍,경상사고,0,0,1,0,차대차 - 추돌,안전운전불이행,건조,맑음,교차로 - 교차로부근,승용,남,54세,상해없음,승용,남,31세,경상
2019020500100105,2019년 2월 5일 11시,화요일,경상북도 문경시 마성면,중상사고,0,1,11,0,차대차 - 추돌,안전거리미확보,건조,맑음,단일로 - 기타,승용,남,44세,상해없음,승용,남,42세,경상
2019020500100106,2019년 2월 5일 11시,화요일,경상북도 구미시 장천면,경상사고,0,0,3,0,차대차 - 기타,신호위반,건조,맑음,교차로 - 교차로안,승용,여,24세,경상,승용,남,53세,상해없음
2019020500100148,2019년 2월 5일 13시,화요일,경상북도 경주시 서면,경상사고,0,0,2,0,차대차 - 측면충돌,안전운전불이행,건조,맑음,단일로 - 기타,승용,여,61세,상해없음,승용,남,21세,경상
2019020500100149,2019년 2월 5일 13시,화요일,경상북도 김천시 구성면,경상사고,0,0,2,0,차대차 - 측면충돌,교차로운행방법위반,건조,맑음,교차로 - 교차로안,승용,남,63세,상해없음,승용,남,66세,경상
2019020500100150,2019년 2월 5일 13시,화요일,경상북도 상주시 서문동,경상사고,0,0,1,0,차대사람 - 횡단중,안전운전불이행,건조,맑음,단일로 - 기타,승용,남,18세,상해없음,보행자,여,15세,경상
2019020500100151,2019년 2월 5일 13시,화요일,경상북도 구미시 고아읍,경상사고,0,0,5,0,차대차 - 기타,안전운전불이행,건조,맑음,단일로 - 기타,승용,남,38세,상해없음,승용,남,57세,경상
2019020500100183,2019년 2월 5일 14시,화요일,경상북도 경산시 와촌면,중상사고,0,1,0,0,차대차 - 측면충돌,안전운전불이행,건조,맑음,단일로 - 기타,승용,남,27세,상해없음,이륜,남,61세,중상
2019020500100184,2019년 2월 5일 14시,화요일,경상북도 영천시 화산면,경상사고,0,0,1,0,차대차 - 추돌,안전운전불이행,건조,맑음,단일로 - 기타,화물,남,58세,상해없음,승용,여,52세,경상
2019020500100203,2019년 2월 5일 15시,화요일,경상북도 경주시 용강동,경상사고,0,0,1,0,차대차 - 측면충돌,안전운전불이행,건조,맑음,교차로 - 교차로안,이륜,남,54세,경상,승용,여,35세,상해없음
2019020500100204,2019년 2월 5일 15시,화요일,경상북도 김천시 봉산면,중상사고,0,3,1,0,차대차 - 기타,안전운전불이행,건조,맑음,기타 - 기타,승용,여,40세,경상,승용,남,37세,중상
2019020500100226,2019년 2월 5일 16시,화요일,경상북도 봉화군 봉화읍,부상신고사고,0,0,0,1,차량단독 - 공작물충돌,안전운전불이행,서리/결빙,맑음,단일로 - 기타,승용,여,42세,상해없음,,,,
2019020500100227,2019년 2월 5일 16시,화요일,경상북도 포항시 남구 동해면,경상사고,0,0,3,1,차대차 - 기타,중앙선침범,건조,맑음,단일로 - 기타,승용,남,53세,상해없음,승용,남,41세,경상
2019020500100245,2019년 2월 5일 17시,화요일,경상북도 안동시 풍천면,중상사고,0,2,1,0,차대차 - 기타,중앙선침범,건조,맑음,교차로 - 교차로부근,승용,남,65세,상해없음,승용,남,58세,중상
2019020500100257,2019년 2월 5일 18시,화요일,경상북도 봉화군 봉화읍,경상사고,0,0,1,0,차대차 - 기타,직진우회전진행방해,건조,맑음,교차로 - 교차로안,승용,여,58세,상해없음,자전거,여,53세,경상
2019020500100258,2019년 2월 5일 18시,화요일,경상북도 구미시 고아읍,중상사고,0,1,0,0,차대차 - 측면충돌,안전운전불이행,건조,맑음,단일로 - 기타,승용,여,49세,상해없음,이륜,남,18세,중상
2019020500100291,2019년 2월 5일 19시,화요일,경상북도 경주시 성동동,중상사고,0,1,0,0,차대사람 - 기타,안전운전불이행,건조,맑음,단일로 - 기타,승용,남,41세,상해없음,보행자,남,59세,중상
2019020500100292,2019년 2월 5일 19시,화요일,경상북도 문경시 산양면,경상사고,0,0,1,0,차대차 - 추돌,안전운전불이행,건조,맑음,단일로 - 기타,화물,남,56세,상해없음,승용,남,51세,상해없음
2019020500100293,2019년 2월 5일 19시,화요일,경상북도 예천군 풍양면,중상사고,0,2,3,0,차대차 - 측면충돌,신호위반,건조,맑음,교차로 - 교차로안,승용,여,58세,상해없음,승용,여,43세,중상
2019020500100314,2019년 2월 5일 20시,화요일,경상북도 구미시 공단동,경상사고,0,0,2,0,차대차 - 측면충돌,신호위반,건조,맑음,교차로 - 교차로안,승용,남,67세,상해없음,승용,남,62세,경상
2019020500100332,2019년 2월 5일 21시,화요일,경상북도 경산시 하양읍,경상사고,0,0,4,0,차대차 - 후진중충돌,안전운전불이행,건조,맑음,단일로 - 기타,승용,남,54세,상해없음,승용,여,46세,경상
2019020500100356,2019년 2월 5일 23시,화요일,경상북도 김천시 교동,경상사고,0,0,1,0,차대차 - 기타,안전운전불이행,건조,맑음,교차로 - 교차로안,승용,남,24세,상해없음,승용,남,41세,경상
2019020600100039,2019년 2월 6일 02시,수요일,경상북도 포항시 북구 대신동,경상사고,0,0,1,0,차대차 - 추돌,안전운전불이행,건조,맑음,단일로 - 기타,승용,남,64세,상해없음,승용,남,50세,상해없음
2019020600100053,2019년 2월 6일 03시,수요일,경상북도 구미시 공단동,중상사고,0,1,3,0,차대차 - 정면충돌,안전운전불이행,건조,맑음,단일로 - 기타,화물,남,23세,상해없음,승용,여,32세,경상
2019020600100054,2019년 2월 6일 03시,수요일,경상북도 구미시 공단동,경상사고,0,0,1,0,차량단독 - 기타,안전운전불이행,건조,맑음,단일로 - 기타,승용,남,61세,상해없음,,,,
2019020600100064,2019년 2월 6일 05시,수요일,경상북도 칠곡군 가산면,경상사고,0,0,2,0,차대차 - 추돌,안전운전불이행,건조,맑음,단일로 - 기타,승용,남,57세,경상,승용,남,53세,경상
2019020600100073,2019년 2월 6일 07시,수요일,경상북도 청도군 매전면,사망사고,1,0,0,0,차대사람 - 기타,안전운전불이행,건조,맑음,단일로 - 기타,화물,남,48세,상해없음,보행자,여,78세,사망
2019020600100074,2019년 2월 6일 07시,수요일,경상북도 구미시 광평동,사망사고,1,0,0,0,차량단독 - 공작물충돌,안전운전불이행,건조,맑음,교차로 - 교차로부근,승용,남,29세,사망,,,,
2019020600100081,2019년 2월 6일 08시,수요일,경상북도 포항시 북구 대흥동,경상사고,0,0,2,0,차대차 - 측면충돌,신호위반,건조,맑음,교차로 - 교차로안,승용,남,57세,상해없음,화물,남,70세,경상
2019020600100110,2019년 2월 6일 11시,수요일,경상북도 문경시 모전동,경상사고,0,0,6,0,차대차 - 측면충돌,직진우회전진행방해,건조,맑음,교차로 - 교차로안,화물,남,57세,경상,승용,남,44세,경상
2019020600100122,2019년 2월 6일 12시,수요일,경상북도 포항시 남구 오천읍,경상사고,0,0,3,3,차대차 - 정면충돌,중앙선침범,건조,맑음,단일로 - 교량,승용,남,62세,상해없음,승용,남,66세,경상
2019020600100123,2019년 2월 6일 12시,수요일,경상북도 포항시 남구 오천읍,경상사고,0,0,2,0,차대차 - 정면충돌,직진우회전진행방해,건조,맑음,교차로 - 교차로안,승용,남,32세,경상,이륜,여,32세,경상
2019020600100170,2019년 2월 6일 14시,수요일,경상북도 문경시 문경읍,중상사고,0,1,0,0,차대차 - 측면충돌,안전운전불이행,건조,맑음,교차로 - 교차로부근,화물,남,68세,상해없음,이륜,남,77세,중상
2019020600100215,2019년 2월 6일 16시,수요일,경상북도 경주시 강동면,중상사고,0,2,0,0,차량단독 - 도로외이탈 - 추락,안전운전불이행,건조,맑음,단일로 - 기타,승용,여,38세,중상,,,,
2019020600100216,2019년 2월 6일 16시,수요일,경상북도 영천시 고경면,경상사고,0,0,2,0,차대차 - 추돌,안전운전불이행,건조,맑음,교차로 - 교차로부근,화물,남,53세,상해없음,승용,남,68세,경상
2019020600100233,2019년 2월 6일 17시,수요일,경상북도 경주시 충효동,부상신고사고,0,0,0,1,차대차 - 측면충돌,안전운전불이행,건조,맑음,단일로 - 지하차도(도로)내,승용,남,79세,상해없음,승용,남,47세,상해없음
2019020600100234,2019년 2월 6일 17시,수요일,경상북도 경주시 구황동,중상사고,0,1,0,0,차대차 - 측면충돌,안전운전불이행,건조,맑음,교차로 - 교차로부근,승용,남,45세,상해없음,승용,남,52세,중상
2019020600100235,2019년 2월 6일 17시,수요일,경상북도 포항시 남구 송도동,경상사고,0,0,1,0,차대차 - 측면충돌,안전운전불이행,건조,맑음,단일로 - 기타,승용,여,49세,상해없음,이륜,남,40세,경상
2019020600100258,2019년 2월 6일 18시,수요일,경상북도 안동시 북후면,경상사고,0,0,3,1,차대차 - 측면충돌,안전운전불이행,건조,맑음,단일로 - 기타,승용,남,65세,경상,승용,여,31세,상해없음
2019020600100259,2019년 2월 6일 18시,수요일,경상북도 구미시 원평동,경상사고,0,0,2,0,차대차 - 측면충돌,직진우회전진행방해,건조,맑음,교차로 - 교차로안,승용,남,55세,경상,승용,남,40세,경상
2019020600100287,2019년 2월 6일 19시,수요일,경상북도 경주시 산내면,중상사고,0,1,0,0,차량단독 - 공작물충돌,과속,건조,맑음,단일로 - 기타,승용,남,62세,상해없음,,,,
2019020600100288,2019년 2월 6일 19시,수요일,경상북도 포항시 북구 흥해읍,중상사고,0,1,1,0,차대차 - 추돌,안전운전불이행,건조,맑음,교차로 - 교차로부근,승용,남,50세,상해없음,승용,남,20세,중상
2019020600100289,2019년 2월 6일 19시,수요일,경상북도 포항시 남구 상도동,중상사고,0,1,0,0,차대차 - 기타,안전운전불이행,건조,맑음,단일로 - 기타,승용,남,30세,상해없음,이륜,남,47세,중상
2019020600100326,2019년 2월 6일 21시,수요일,경상북도 안동시 광석동,경상사고,0,0,1,0,차대차 - 기타,안전운전불이행,건조,맑음,교차로 - 교차로안,승용,여,54세,상해없음,이륜,여,32세,경상
2019020600100327,2019년 2월 6일 21시,수요일,경상북도 경산시 조영동,부상신고사고,0,0,0,1,차대차 - 측면충돌,직진우회전진행방해,건조,맑음,교차로 - 교차로안,승용,남,28세,상해없음,승용,남,29세,기타불명
2019020600100346,2019년 2월 6일 22시,수요일,경상북도 경주시 성건동,경상사고,0,0,1,0,차대차 - 측면충돌,안전운전불이행,건조,맑음,교차로 - 교차로부근,승용,남,25세,경상,승합,여,54세,상해없음
2019020700100105,2019년 2월 7일 07시,목요일,경상북도 구미시 상모동,사망사고,1,0,0,0,차대차 - 추돌,안전운전불이행,건조,맑음,단일로 - 기타,승용,남,24세,기타불명,기타불명,남,73세,사망
2019020700100128,2019년 2월 7일 08시,목요일,경상북도 구미시 지산동,경상사고,0,0,2,0,차대차 - 측면충돌,신호위반,건조,맑음,교차로 - 교차로안,화물,남,45세,상해없음,화물,남,60세,경상
2019020700100153,2019년 2월 7일 09시,목요일,경상북도 영천시 금호읍,경상사고,0,0,1,0,차대차 - 측면충돌,안전운전불이행,건조,맑음,교차로 - 교차로부근,승용,남,81세,상해없음,승용,여,45세,경상
2019020700100175,2019년 2월 7일 10시,목요일,경상북도 경주시 노동동,중상사고,0,1,0,0,차대차 - 후진중충돌,안전운전불이행,건조,맑음,교차로 - 교차로안,화물,남,66세,상해없음,자전거,남,77세,중상
2019020700100176,2019년 2월 7일 10시,목요일,경상북도 포항시 남구 상도동,경상사고,0,0,1,0,차대차 - 기타,안전운전불이행,건조,맑음,교차로 - 교차로부근,승용,남,56세,상해없음,승용,여,43세,경상
2019020700100201,2019년 2월 7일 11시,목요일,경상북도 경주시 황성동,중상사고,0,1,0,0,차대차 - 후진중충돌,안전운전불이행,건조,맑음,주차장 - 주차장,승용,여,25세,상해없음,승용,남,43세,상해없음
2019020700100202,2019년 2월 7일 11시,목요일,경상북도 청도군 금천면,경상사고,0,0,1,0,차량단독 - 전도전복 - 전도,안전운전불이행,건조,맑음,단일로 - 기타,사륜오토바이(ATV),남,86세,경상,,,,
2019020700100203,2019년 2월 7일 11시,목요일,경상북도 구미시 옥계동,중상사고,0,1,0,0,차대차 - 기타,차로위반,건조,맑음,단일로 - 기타,화물,남,40세,상해없음,승용,남,39세,중상
2019020700100246,2019년 2월 7일 13시,목요일,경상북도 포항시 북구 기계면,중상사고,0,1,0,0,차대차 - 측면충돌,안전운전불이행,건조,맑음,단일로 - 기타,이륜,남,76세,중상,승용,여,57세,상해없음
2019020700100247,2019년 2월 7일 13시,목요일,경상북도 포항시 북구 우현동,경상사고,0,0,1,0,차대차 - 기타,안전운전불이행,건조,맑음,교차로 - 교차로부근,화물,남,40세,상해없음,승용,남,38세,경상
2019020700100248,2019년 2월 7일 13시,목요일,경상북도 청도군 각북면,경상사고,0,0,1,0,차대차 - 측면충돌,안전운전불이행,건조,맑음,단일로 - 지하차도(도로)내,승용,남,54세,상해없음,자전거,남,41세,경상
2019020700100249,2019년 2월 7일 13시,목요일,경상북도 구미시 사곡동,경상사고,0,0,1,0,차대차 - 정면충돌,중앙선침범,건조,맑음,단일로 - 기타,승용,남,60세,상해없음,승용,여,27세,경상
2019020700100283,2019년 2월 7일 14시,목요일,경상북도 김천시 부곡동,부상신고사고,0,0,0,1,차대사람 - 보도통행중,안전운전불이행,건조,맑음,단일로 - 기타,승용,남,57세,상해없음,보행자,남,42세,부상신고
2019020700100316,2019년 2월 7일 15시,목요일,경상북도 경주시 서면,중상사고,0,1,0,0,차대차 - 측면충돌,안전운전불이행,건조,맑음,교차로 - 교차로안,승용,남,66세,상해없음,승용,여,50세,중상
2019020700100317,2019년 2월 7일 15시,목요일,경상북도 구미시 옥계동,경상사고,0,0,1,0,차대사람 - 기타,보행자보호의무위반,건조,맑음,교차로 - 교차로횡단보도내,승용,여,34세,상해없음,보행자,남,11세,경상
2019020700100348,2019년 2월 7일 16시,목요일,경상북도 상주시 무양동,중상사고,0,1,0,0,차대차 - 측면충돌,안전운전불이행,건조,맑음,단일로 - 기타,자전거,여,66세,중상,승용,남,40세,상해없음
2019020700100389,2019년 2월 7일 17시,목요일,경상북도 경주시 성건동,중상사고,0,1,0,0,차대사람 - 횡단중,안전운전불이행,건조,맑음,교차로 - 교차로횡단보도내,승용,남,21세,상해없음,보행자,남,54세,중상
2019020700100390,2019년 2월 7일 17시,목요일,경상북도 경산시 옥곡동,중상사고,0,1,0,0,차대사람 - 횡단중,보행자보호의무위반,건조,맑음,단일로 - 기타,승용,여,43세,상해없음,보행자,여,7세,중상
2019020700100427,2019년 2월 7일 18시,목요일,경상북도 포항시 북구 흥해읍,경상사고,0,0,1,0,차대차 - 측면충돌,교차로운행방법위반,건조,맑음,교차로 - 교차로안,승용,남,59세,상해없음,승용,여,44세,경상
2019020700100428,2019년 2월 7일 18시,목요일,경상북도 김천시 삼락동,경상사고,0,0,1,0,차대차 - 기타,직진우회전진행방해,건조,맑음,교차로 - 교차로안,승용,여,28세,상해없음,이륜,남,33세,경상
2019020700100461,2019년 2월 7일 19시,목요일,경상북도 영주시 가흥동,경상사고,0,0,2,0,차대차 - 추돌,안전운전불이행,건조,맑음,단일로 - 기타,이륜,남,40세,경상,승용,남,61세,경상
2019020700100484,2019년 2월 7일 20시,목요일,경상북도 경주시 현곡면,중상사고,0,2,0,0,차대차 - 측면충돌,신호위반,건조,맑음,교차로 - 교차로안,승합,남,34세,상해없음,승용,남,38세,중상
2019020700100503,2019년 2월 7일 21시,목요일,경상북도 경주시 동천동,경상사고,0,0,1,0,차대차 - 측면충돌,안전운전불이행,건조,맑음,교차로 - 교차로안,승용,남,25세,상해없음,승용,남,61세,경상
2019020700100504,2019년 2월 7일 21시,목요일,경상북도 구미시 남통동,중상사고,0,1,0,0,차대차 - 기타,기타,건조,맑음,단일로 - 기타,이륜,남,47세,중상,승용,여,40세,상해없음
2019020700100505,2019년 2월 7일 21시,목요일,경상북도 포항시 남구 오천읍,중상사고,0,1,0,0,차대사람 - 차도통행중,안전운전불이행,건조,맑음,교차로 - 교차로부근,자전거,남,15세,상해없음,보행자,여,67세,중상
2019020700100521,2019년 2월 7일 22시,목요일,경상북도 포항시 북구 장성동,경상사고,0,0,1,0,차대차 - 측면충돌,직진우회전진행방해,건조,맑음,교차로 - 교차로안,승용,남,47세,상해없음,이륜,남,16세,경상
2019020800100035,2019년 2월 8일 02시,금요일,경상북도 구미시 원평동,중상사고,0,1,0,0,차대차 - 기타,안전운전불이행,건조,맑음,교차로 - 교차로안,승용,남,71세,상해없음,승용,여,50세,중상
2019020800100046,2019년 2월 8일 04시,금요일,경상북도 구미시 임수동,부상신고사고,0,0,0,1,차대차 - 기타,안전운전불이행,건조,맑음,단일로 - 기타,승용,여,27세,부상신고,화물,남,52세,상해없음
2019020800100052,2019년 2월 8일 05시,금요일,경상북도 경주시 석장동,경상사고,0,0,1,0,차대차 - 측면충돌,중앙선침범,건조,맑음,교차로 - 교차로부근,승용,남,71세,기타불명,승용,여,58세,경상
2019020800100053,2019년 2월 8일 05시,금요일,경상북도 경주시 보문동,중상사고,0,1,0,0,차량단독 - 공작물충돌,안전운전불이행,건조,맑음,단일로 - 지하차도(도로)내,승용,남,67세,중상,,,,
2019020800100104,2019년 2월 8일 08시,금요일,경상북도 칠곡군 왜관읍,중상사고,0,1,0,0,차대차 - 기타,교차로운행방법위반,건조,맑음,교차로 - 교차로안,승용,남,23세,상해없음,승용,여,63세,중상
2019020800100148,2019년 2월 8일 10시,금요일,경상북도 구미시 원평동,중상사고,0,1,0,0,차대차 - 기타,직진우회전진행방해,건조,맑음,교차로 - 교차로안,이륜,남,42세,중상,승용,남,63세,상해없음
2019020800100170,2019년 2월 8일 11시,금요일,경상북도 김천시 지례면,중상사고,0,1,0,0,차대차 - 추돌,안전운전불이행,건조,맑음,교차로 - 교차로부근,화물,남,76세,상해없음,승용,여,51세,중상
2019020800100171,2019년 2월 8일 11시,금요일,경상북도 울진군 후포면,경상사고,0,0,2,0,차대차 - 측면충돌,신호위반,건조,맑음,교차로 - 교차로안,승용,여,65세,상해없음,화물,남,79세,경상