사고번호,사고일시,요일,시군구,사고내용,사망자수,중상자수,경상자수,부상신고자수,사고유형,법규위반,노면상태,기상상태,도로형태,가해운전자 차종,가해운전자 성별,가해운전자 연령,가해운전자 상해정도,피해운전자 차종,피해운전자 성별,피해운전자 연령,피해운전자 상해정도
2019020800100172,2019년 2월 8일 11시,금요일,경상북도 구미시 산동면,경상사고,0,0,1,0,차대차 - 기타,안전운전불이행,건조,맑음,교차로 - 교차로안,화물,남,53세,상해없음,승용,여,57세,경상
2019020800100196,2019년 2월 8일 12시,금요일,경상북도 포항시 북구 죽도동,경상사고,0,0,1,0,차대차 - 측면충돌,차로위반,건조,맑음,단일로 - 기타,승용,남,56세,경상,화물,남,47세,상해없음
2019020800100197,2019년 2월 8일 12시,금요일,경상북도 성주군 성주읍,중상사고,0,1,0,0,차대차 - 측면충돌,안전운전불이행,건조,맑음,단일로 - 기타,화물,남,53세,상해없음,이륜,남,80세,중상
2019020800100233,2019년 2월 8일 13시,금요일,경상북도 칠곡군 지천면,중상사고,0,2,0,0,차대차 - 기타,기타,건조,맑음,단일로 - 기타,화물,남,40세,상해없음,승용,여,53세,중상
2019020800100263,2019년 2월 8일 14시,금요일,경상북도 경산시 사정동,경상사고,0,0,1,0,차대사람 - 횡단중,안전운전불이행,건조,맑음,교차로 - 교차로부근,승용,여,68세,상해없음,보행자,여,88세,경상
2019020800100264,2019년 2월 8일 14시,금요일,경상북도 구미시 옥계동,사망사고,1,0,0,0,차대사람 - 기타,기타,건조,맑음,단일로 - 기타,승합,남,37세,상해없음,보행자,여,87세,사망
2019020800100321,2019년 2월 8일 16시,금요일,경상북도 포항시 북구 죽도동,경상사고,0,0,1,0,차대차 - 측면충돌,신호위반,건조,맑음,교차로 - 교차로안,승용,남,31세,상해없음,승용,남,61세,경상
2019020800100322,2019년 2월 8일 16시,금요일,경상북도 상주시 공검면,경상사고,0,0,1,0,차량단독 - 공작물충돌,안전운전불이행,건조,맑음,단일로 - 기타,화물,남,51세,경상,,,,
2019020800100323,2019년 2월 8일 16시,금요일,경상북도 영덕군 강구면,경상사고,0,0,3,0,차대차 - 측면충돌,직진우회전진행방해,건조,맑음,교차로 - 교차로안,승용,여,58세,경상,승용,여,57세,경상
2019020800100324,2019년 2월 8일 16시,금요일,경상북도 구미시 고아읍,중상사고,0,2,4,0,차대차 - 기타,중앙선침범,건조,맑음,단일로 - 교량,승용,남,67세,상해없음,화물,남,62세,경상
2019020800100350,2019년 2월 8일 17시,금요일,경상북도 상주시 무양동,경상사고,0,0,2,0,차대차 - 측면충돌,안전운전불이행,건조,맑음,교차로 - 교차로안,승용,여,56세,경상,승용,남,40세,경상
2019020800100351,2019년 2월 8일 17시,금요일,경상북도 포항시 남구 대잠동,경상사고,0,0,1,0,차대차 - 측면충돌,직진우회전진행방해,건조,맑음,교차로 - 교차로안,승용,여,61세,상해없음,승용,남,44세,경상
2019020800100389,2019년 2월 8일 18시,금요일,경상북도 경주시 시래동,경상사고,0,0,2,0,차대차 - 측면충돌,안전거리미확보,건조,맑음,교차로 - 교차로부근,승용,여,25세,상해없음,이륜,남,27세,경상
2019020800100390,2019년 2월 8일 18시,금요일,경상북도 경주시 석장동,중상사고,0,1,0,0,차대사람 - 기타,안전운전불이행,건조,맑음,교차로 - 교차로부근,승용,남,52세,상해없음,보행자,여,79세,중상
2019020800100391,2019년 2월 8일 18시,금요일,경상북도 경산시 중방동,중상사고,0,1,1,0,차대사람 - 횡단중,보행자보호의무위반,건조,맑음,교차로 - 교차로횡단보도내,승용,남,68세,상해없음,보행자,여,71세,중상
2019020800100419,2019년 2월 8일 19시,금요일,경상북도 의성군 봉양면,중상사고,0,2,1,0,차대차 - 측면충돌,직진우회전진행방해,건조,맑음,교차로 - 교차로안,화물,남,67세,중상,화물,남,20세,경상
2019020800100446,2019년 2월 8일 20시,금요일,경상북도 경주시 광명동,중상사고,0,1,0,0,차대차 - 정면충돌,안전운전불이행,건조,맑음,교차로 - 교차로안,승용,남,27세,상해없음,이륜,남,35세,중상
2019020900100026,2019년 2월 9일 00시,토요일,경상북도 포항시 북구 항구동,경상사고,0,0,3,0,차대차 - 측면충돌,중앙선침범,건조,맑음,단일로 - 기타,승용,여,47세,상해없음,승용,남,56세,경상
2019020900100053,2019년 2월 9일 02시,토요일,경상북도 포항시 북구 동빈1가,사망사고,1,0,0,0,차량단독 - 도로외이탈 - 추락,안전운전불이행,건조,맑음,단일로 - 기타,승용,남,24세,상해없음,,,,
2019020900100133,2019년 2월 9일 09시,토요일,경상북도 경산시 압량면,경상사고,0,0,1,0,차대차 - 기타,안전운전불이행,건조,맑음,교차로 - 교차로안,승용,여,27세,상해없음,승용,여,31세,경상
2019020900100169,2019년 2월 9일 11시,토요일,경상북도 경주시 성건동,경상사고,0,0,1,0,차대사람 - 기타,안전운전불이행,건조,맑음,단일로 - 기타,승용,남,50세,상해없음,보행자,여,56세,경상
2019020900100227,2019년 2월 9일 13시,토요일,경상북도 포항시 북구 신흥동,중상사고,0,1,2,0,차대차 - 측면충돌,신호위반,건조,맑음,교차로 - 교차로안,승용,남,60세,상해없음,승용,남,55세,상해없음
2019020900100253,2019년 2월 9일 14시,토요일,경상북도 경주시 감포읍,경상사고,0,0,2,0,차대차 - 측면충돌,안전운전불이행,건조,맑음,교차로 - 교차로부근,승용,남,67세,경상,화물,남,65세,경상
2019020900100254,2019년 2월 9일 14시,토요일,경상북도 포항시 북구 죽도동,경상사고,0,0,2,0,차대차 - 추돌,안전거리미확보,건조,맑음,교차로 - 교차로부근,승용,남,67세,상해없음,승용,남,57세,상해없음
2019020900100255,2019년 2월 9일 14시,토요일,경상북도 고령군 대가야읍,경상사고,0,0,2,1,차대차 - 측면충돌,교차로운행방법위반,건조,맑음,교차로 - 교차로안,승용,남,69세,경상,화물,남,26세,부상신고
2019020900100301,2019년 2월 9일 16시,토요일,경상북도 구미시 사곡동,부상신고사고,0,0,0,1,차대차 - 기타,중앙선침범,건조,맑음,교차로 - 교차로부근,승용,남,48세,기타불명,승용,여,48세,부상신고
2019020900100302,2019년 2월 9일 16시,토요일,경상북도 포항시 남구 송도동,중상사고,0,1,0,0,차대차 - 측면충돌,안전운전불이행,건조,맑음,교차로 - 교차로부근,승용,남,28세,상해없음,이륜,남,76세,중상
2019020900100323,2019년 2월 9일 17시,토요일,경상북도 포항시 북구 죽도동,경상사고,0,0,1,0,차대사람 - 횡단중,안전운전불이행,건조,맑음,단일로 - 기타,승용,여,62세,상해없음,보행자,여,61세,경상
2019020900100347,2019년 2월 9일 18시,토요일,경상북도 경산시 삼풍동,경상사고,0,0,1,0,차대사람 - 횡단중,안전운전불이행,건조,맑음,교차로 - 교차로안,승용,여,22세,상해없음,보행자,남,60세,경상
2019020900100372,2019년 2월 9일 19시,토요일,경상북도 포항시 북구 장성동,경상사고,0,0,2,0,차대차 - 측면충돌,안전운전불이행,건조,맑음,교차로 - 교차로안,이륜,남,35세,경상,승용,남,43세,경상
2019020900100395,2019년 2월 9일 20시,토요일,경상북도 포항시 북구 장성동,중상사고,0,1,0,0,차대차 - 기타,안전운전불이행,건조,맑음,교차로 - 교차로안,승용,남,49세,상해없음,승용,남,19세,상해없음
2019020900100396,2019년 2월 9일 20시,토요일,경상북도 경산시 옥산동,경상사고,0,0,1,0,차대차 - 기타,안전운전불이행,기타,기타,기타 - 기타,승용,남,22세,상해없음,승용,여,39세,경상
2019020900100439,2019년 2월 9일 22시,토요일,경상북도 경산시 옥곡동,경상사고,0,0,2,0,차대차 - 측면충돌,신호위반,건조,맑음,교차로 - 교차로부근,승용,여,46세,상해없음,승용,남,31세,경상
2019020900100455,2019년 2월 9일 23시,토요일,경상북도 경주시 황성동,경상사고,0,0,1,0,차대차 - 측면충돌,신호위반,건조,맑음,교차로 - 교차로안,승용,남,18세,상해없음,승용,남,50세,경상
2019021000100026,2019년 2월 10일 00시,일요일,경상북도 경산시 하양읍,중상사고,0,1,0,0,차량단독 - 주/정차차량 충돌,안전운전불이행,건조,맑음,단일로 - 기타,승용,남,41세,중상,,,,
2019021000100036,2019년 2월 10일 01시,일요일,경상북도 포항시 북구 항구동,경상사고,0,0,1,0,차대차 - 측면충돌,교차로운행방법위반,건조,맑음,교차로 - 교차로안,승용,남,20세,상해없음,승용,여,66세,경상
2019021000100052,2019년 2월 10일 02시,일요일,경상북도 칠곡군 북삼읍,부상신고사고,0,0,0,1,차량단독 - 공작물충돌,안전운전불이행,건조,맑음,교차로 - 교차로부근,승용,남,38세,부상신고,,,,
2019021000100053,2019년 2월 10일 02시,일요일,경상북도 포항시 남구 상도동,경상사고,0,0,1,0,차대차 - 추돌,안전운전불이행,건조,맑음,교차로 - 교차로부근,승용,남,40세,상해없음,승용,남,41세,경상
2019021000100062,2019년 2월 10일 03시,일요일,경상북도 영주시 휴천동,중상사고,0,1,0,0,차대차 - 측면충돌,안전운전불이행,건조,맑음,교차로 - 교차로안,승용,남,72세,상해없음,승용,남,45세,중상
2019021000100081,2019년 2월 10일 06시,일요일,경상북도 상주시 냉림동,중상사고,0,1,0,0,차대차 - 기타,교차로운행방법위반,건조,맑음,교차로 - 교차로안,자전거,여,80세,중상,승용,남,27세,상해없음
2019021000100096,2019년 2월 10일 08시,일요일,경상북도 칠곡군 가산면,부상신고사고,0,0,0,1,차량단독 - 공작물충돌,안전운전불이행,건조,맑음,단일로 - 기타,승용,남,27세,부상신고,,,,
2019021000100177,2019년 2월 10일 14시,일요일,경상북도 경주시 안강읍,중상사고,0,1,0,0,차대차 - 측면충돌,신호위반,건조,맑음,교차로 - 교차로안,승용,남,57세,상해없음,이륜,남,80세,중상
2019021000100178,2019년 2월 10일 14시,일요일,경상북도 영주시 가흥동,중상사고,0,1,1,0,차대차 - 측면충돌,교차로운행방법위반,건조,맑음,교차로 - 교차로안,승용,남,59세,상해없음,승용,남,54세,상해없음
2019021000100179,2019년 2월 10일 14시,일요일,경상북도 포항시 남구 효자동,경상사고,0,0,1,0,차대사람 - 보도통행중,안전운전불이행,건조,맑음,단일로 - 기타,승용,남,19세,상해없음,보행자,남,40세,경상
2019021000100180,2019년 2월 10일 14시,일요일,경상북도 포항시 남구 오천읍,경상사고,0,0,3,0,차대차 - 기타,안전운전불이행,건조,맑음,교차로 - 교차로부근,승용,여,32세,상해없음,승용,남,44세,경상
2019021000100200,2019년 2월 10일 15시,일요일,경상북도 경주시 산내면,중상사고,0,1,1,0,차량단독 - 공작물충돌,안전운전불이행,건조,맑음,교차로 - 교차로부근,승용,남,46세,상해없음,,,,
2019021000100201,2019년 2월 10일 15시,일요일,경상북도 경산시 용성면,중상사고,0,1,0,0,차대사람 - 기타,안전운전불이행,건조,맑음,단일로 - 기타,화물,남,29세,상해없음,보행자,남,65세,중상
2019021000100220,2019년 2월 10일 16시,일요일,경상북도 포항시 북구 죽도동,경상사고,0,0,2,0,차대차 - 측면충돌,안전운전불이행,건조,맑음,교차로 - 교차로부근,승용,여,63세,상해없음,승용,남,58세,상해없음
2019021000100221,2019년 2월 10일 16시,일요일,경상북도 칠곡군 왜관읍,경상사고,0,0,2,0,차대차 - 측면충돌,직진우회전진행방해,건조,맑음,교차로 - 교차로안,이륜,남,67세,상해없음,승용,남,44세,경상
2019021000100222,2019년 2월 10일 16시,일요일,경상북도 구미시 원평동,경상사고,0,0,1,0,차대차 - 추돌,안전운전불이행,건조,맑음,교차로 - 교차로안,승용,남,37세,상해없음,승용,여,43세,경상
2019021000100267,2019년 2월 10일 18시,일요일,경상북도 칠곡군 왜관읍,중상사고,0,1,1,1,차대차 - 측면충돌,안전운전불이행,건조,맑음,단일로 - 기타,승용,남,28세,상해없음,승용,남,36세,중상
2019021000100268,2019년 2월 10일 18시,일요일,경상북도 구미시 시미동,경상사고,0,0,1,0,차대차 - 기타,안전운전불이행,건조,맑음,단일로 - 기타,승용,남,70세,상해없음,승용,남,39세,경상
2019021000100293,2019년 2월 10일 19시,일요일,경상북도 경주시 용강동,경상사고,0,0,1,0,차대사람 - 차도통행중,안전운전불이행,건조,맑음,교차로 - 교차로부근,승용,여,43세,상해없음,보행자,남,48세,경상
2019021000100294,2019년 2월 10일 19시,일요일,경상북도 안동시 옥동,경상사고,0,0,3,0,차대차 - 측면충돌,안전운전불이행,건조,맑음,단일로 - 기타,승용,남,42세,경상,승용,여,60세,상해없음
2019021000100295,2019년 2월 10일 19시,일요일,경상북도 경산시 하양읍,경상사고,0,0,4,0,차대차 - 기타,안전운전불이행,건조,맑음,교차로 - 교차로부근,화물,남,50세,상해없음,승용,남,39세,경상
2019021000100296,2019년 2월 10일 19시,일요일,경상북도 고령군 대가야읍,중상사고,0,2,0,0,차대차 - 측면충돌,중앙선침범,건조,맑음,단일로 - 지하차도(도로)내,승용,여,52세,상해없음,화물,남,51세,중상
2019021000100312,2019년 2월 10일 20시,일요일,경상북도 구미시 형곡동,경상사고,0,0,1,0,차대차 - 측면충돌,안전운전불이행,건조,맑음,단일로 - 기타,승용,남,57세,상해없음,승용,남,29세,경상
2019021000100332,2019년 2월 10일 21시,일요일,경상북도 포항시 남구 오천읍,경상사고,0,0,1,3,차대차 - 측면충돌,직진우회전진행방해,건조,맑음,교차로 - 교차로안,승용,남,48세,상해없음,승용,남,60세,경상
2019021100100027,2019년 2월 11일 00시,월요일,경상북도 경주시 황성동,경상사고,0,0,1,0,차대사람 - 길가장자리구역통행중,안전운전불이행,건조,맑음,교차로 - 교차로부근,승용,남,19세,상해없음,보행자,남,26세,경상
2019021100100028,2019년 2월 11일 00시,월요일,경상북도 의성군 안평면,중상사고,0,1,2,0,차대차 - 정면충돌,안전운전불이행,건조,맑음,단일로 - 기타,승용,남,26세,상해없음,승용,남,50세,중상
2019021100100043,2019년 2월 11일 04시,월요일,경상북도 문경시 점촌동,중상사고,0,1,0,0,차대차 - 측면충돌,안전운전불이행,건조,맑음,교차로 - 교차로안,승용,여,38세,중상,승합,남,59세,상해없음
2019021100100107,2019년 2월 11일 08시,월요일,경상북도 구미시 공단동,중상사고,0,1,0,0,차대사람 - 횡단중,안전운전불이행,건조,맑음,교차로 - 교차로안,승용,여,55세,상해없음,보행자,여,76세,중상
2019021100100142,2019년 2월 11일 09시,월요일,경상북도 포항시 북구 장성동,중상사고,0,1,0,0,차대사람 - 기타,안전운전불이행,건조,맑음,단일로 - 기타,승용,여,30세,상해없음,보행자,여,65세,중상
2019021100100143,2019년 2월 11일 09시,월요일,경상북도 영천시 과전동,경상사고,0,0,2,0,차대차 - 측면충돌,교차로운행방법위반,건조,맑음,교차로 - 교차로안,승합,여,60세,경상,승합,남,57세,경상
2019021100100167,2019년 2월 11일 10시,월요일,경상북도 구미시 송정동,경상사고,0,0,1,0,차대차 - 기타,안전운전불이행,건조,맑음,단일로 - 기타,승용,남,25세,상해없음,승용,남,62세,상해없음
2019021100100194,2019년 2월 11일 11시,월요일,경상북도 경주시 양남면,중상사고,0,1,2,0,차대차 - 측면충돌,안전운전불이행,건조,맑음,교차로 - 교차로안,승용,남,60세,경상,승용,여,61세,경상
2019021100100195,2019년 2월 11일 11시,월요일,경상북도 상주시 낙양동,중상사고,0,1,0,0,차대차 - 측면충돌,안전운전불이행,건조,맑음,단일로 - 기타,화물,남,39세,상해없음,이륜,남,43세,중상
2019021100100196,2019년 2월 11일 11시,월요일,경상북도 의성군 의성읍,경상사고,0,0,1,0,차대차 - 측면충돌,직진우회전진행방해,건조,맑음,교차로 - 교차로안,화물,남,78세,상해없음,화물,남,77세,경상
2019021100100197,2019년 2월 11일 11시,월요일,경상북도 영천시 야사동,경상사고,0,0,1,0,차대차 - 후진중충돌,안전운전불이행,건조,맑음,교차로 - 교차로부근,승용,남,45세,상해없음,승용,여,36세,경상
2019021100100226,2019년 2월 11일 12시,월요일,경상북도 경주시 건천읍,경상사고,0,0,3,0,차대차 - 측면충돌,안전운전불이행,건조,맑음,단일로 - 기타,화물,남,37세,경상,화물,여,60세,경상
2019021100100227,2019년 2월 11일 12시,월요일,경상북도 경산시 상방동,중상사고,0,1,0,0,차대차 - 측면충돌,안전운전불이행,건조,맑음,교차로 - 교차로부근,승용,남,69세,상해없음,이륜,남,90세 이상,중상
2019021100100248,2019년 2월 11일 13시,월요일,경상북도 김천시 신음동,중상사고,0,1,2,0,차대차 - 추돌,안전운전불이행,건조,맑음,교차로 - 교차로부근,승용,남,59세,상해없음,승용,여,53세,중상
2019021100100249,2019년 2월 11일 13시,월요일,경상북도 영천시 교촌동,경상사고,0,0,1,0,차대차 - 후진중충돌,안전운전불이행,건조,맑음,교차로 - 교차로안,승합,남,64세,경상,승용,여,61세,상해없음
2019021100100250,2019년 2월 11일 13시,월요일,경상북도 경산시 하양읍,중상사고,0,1,0,0,차대사람 - 횡단중,안전운전불이행,건조,맑음,단일로 - 기타,승합,남,67세,상해없음,보행자,여,60세,중상
2019021100100251,2019년 2월 11일 13시,월요일,경상북도 포항시 남구 대송면,경상사고,0,0,1,0,차대사람 - 길가장자리구역통행중,안전운전불이행,건조,맑음,교차로 - 교차로안,화물,남,62세,상해없음,보행자,여,63세,경상
2019021100100312,2019년 2월 11일 15시,월요일,경상북도 포항시 북구 두호동,중상사고,0,1,0,0,차대차 - 측면충돌,안전운전불이행,건조,맑음,단일로 - 기타,화물,남,70세,상해없음,이륜,남,32세,중상
2019021100100342,2019년 2월 11일 16시,월요일,경상북도 포항시 북구 기북면,경상사고,0,0,1,0,차대차 - 측면충돌,교차로운행방법위반,건조,맑음,교차로 - 교차로안,농기계,여,72세,경상,화물,남,46세,상해없음
2019021100100343,2019년 2월 11일 16시,월요일,경상북도 상주시 낙동면,경상사고,0,0,1,0,차대사람 - 차도통행중,안전운전불이행,건조,맑음,단일로 - 기타,화물,남,37세,상해없음,보행자,남,25세,경상
2019021100100344,2019년 2월 11일 16시,월요일,경상북도 청도군 화양읍,사망사고,1,1,1,0,차대차 - 측면충돌,안전운전불이행,건조,맑음,단일로 - 기타,승합,여,60세,중상,화물,남,33세,경상
2019021100100345,2019년 2월 11일 16시,월요일,경상북도 청송군 주왕산면,경상사고,0,0,1,0,차대차 - 추돌,안전운전불이행,건조,맑음,단일로 - 기타,화물,남,67세,상해없음,승용,여,53세,경상
2019021100100374,2019년 2월 11일 17시,월요일,경상북도 청송군 부남면,중상사고,0,2,0,0,차대차 - 측면충돌,교차로운행방법위반,건조,맑음,교차로 - 교차로안,화물,남,44세,상해없음,승용,여,54세,상해없음
2019021100100375,2019년 2월 11일 17시,월요일,경상북도 포항시 남구 대잠동,경상사고,0,0,1,0,차대사람 - 길가장자리구역통행중,안전운전불이행,건조,맑음,단일로 - 기타,승용,남,42세,상해없음,보행자,남,8세,경상
2019021100100407,2019년 2월 11일 18시,월요일,경상북도 경산시 사동,중상사고,0,1,0,0,차대사람 - 횡단중,보행자보호의무위반,건조,맑음,교차로 - 교차로횡단보도내,승용,여,37세,상해없음,보행자,남,68세,중상
2019021100100451,2019년 2월 11일 19시,월요일,경상북도 경산시 진량읍,경상사고,0,0,1,1,차대차 - 측면충돌,교차로운행방법위반,건조,맑음,교차로 - 교차로부근,승용,남,43세,부상신고,승용,여,31세,경상
2019021100100452,2019년 2월 11일 19시,월요일,경상북도 구미시 사곡동,중상사고,0,1,0,0,차대사람 - 기타,안전운전불이행,건조,맑음,단일로 - 기타,이륜,남,36세,상해없음,보행자,남,55세,중상
2019021100100510,2019년 2월 11일 21시,월요일,경상북도 포항시 북구 죽도동,경상사고,0,0,3,0,차대차 - 추돌,안전거리미확보,건조,맑음,교차로 - 교차로안,승용,남,56세,상해없음,승용,남,62세,경상
2019021100100511,2019년 2월 11일 21시,월요일,경상북도 영천시 청통면,경상사고,0,0,4,0,차대차 - 기타,중앙선침범,젖음/습기,안개,단일로 - 기타,승용,남,70세,상해없음,화물,남,66세,경상
2019021100100512,2019년 2월 11일 21시,월요일,경상북도 구미시 원평동,경상사고,0,0,1,0,차대사람 - 기타,안전운전불이행,건조,맑음,교차로 - 교차로안,승용,남,58세,상해없음,보행자,남,19세,경상
2019021200100024,2019년 2월 12일 00시,화요일,경상북도 안동시 옥동,중상사고,0,1,1,0,차대차 - 기타,차로위반,건조,맑음,단일로 - 기타,승용,남,61세,상해없음,승용,남,38세,경상
2019021200100025,2019년 2월 12일 00시,화요일,경상북도 구미시 양호동,부상신고사고,0,0,0,1,차량단독 - 공작물충돌,안전운전불이행,건조,맑음,단일로 - 기타,승용,남,21세,부상신고,,,,
2019021200100045,2019년 2월 12일 03시,화요일,경상북도 경주시 동천동,경상사고,0,0,1,0,차대차 - 측면충돌,안전운전불이행,건조,맑음,교차로 - 교차로안,승용,남,33세,상해없음,승용,남,69세,경상
2019021200100048,2019년 2월 12일 04시,화요일,경상북도 칠곡군 왜관읍,부상신고사고,0,0,0,1,차량단독 - 공작물충돌,안전운전불이행,건조,맑음,단일로 - 기타,승용,여,48세,부상신고,,,,
2019021200100049,2019년 2월 12일 04시,화요일,경상북도 구미시 진평동,경상사고,0,0,1,0,차대차 - 기타,안전운전불이행,건조,맑음,교차로 - 교차로부근,승용,남,32세,상해없음,승용,남,29세,경상
2019021200100055,2019년 2월 12일 05시,화요일,경상북도 영천시 쌍계동,경상사고,0,0,2,0,차대차 - 측면충돌,안전거리미확보,건조,맑음,단일로 - 교량,승용,남,61세,경상,화물,남,39세,경상
2019021200100071,2019년 2월 12일 06시,화요일,경상북도 포항시 북구 우현동,경상사고,0,0,1,0,차대차 - 측면충돌,신호위반,건조,맑음,교차로 - 교차로안,화물,남,53세,상해없음,승용,여,61세,경상
2019021200100109,2019년 2월 12일 08시,화요일,경상북도 영천시 완산동,경상사고,0,0,1,0,차대사람 - 길가장자리구역통행중,안전운전불이행,건조,맑음,단일로 - 기타,승용,남,67세,상해없음,보행자,여,72세,경상
2019021200100110,2019년 2월 12일 08시,화요일,경상북도 성주군 선남면,경상사고,0,0,1,0,차대차 - 측면충돌,안전운전불이행,건조,맑음,단일로 - 기타,승용,남,57세,상해없음,이륜,남,59세,경상
2019021200100111,2019년 2월 12일 08시,화요일,경상북도 구미시 고아읍,경상사고,0,0,1,0,차대차 - 기타,안전운전불이행,건조,맑음,교차로 - 교차로안,승용,남,61세,상해없음,승용,여,24세,경상
2019021200100150,2019년 2월 12일 09시,화요일,경상북도 경주시 사정동,경상사고,0,0,4,1,차대차 - 측면충돌,직진우회전진행방해,건조,맑음,교차로 - 교차로부근,승용,남,22세,상해없음,승합,남,52세,경상
2019021200100151,2019년 2월 12일 09시,화요일,경상북도 문경시 점촌동,중상사고,0,1,0,0,차량단독 - 공작물충돌,안전운전불이행,건조,맑음,단일로 - 기타,화물,남,48세,중상,,,,
2019021200100152,2019년 2월 12일 09시,화요일,경상북도 구미시 구포동,경상사고,0,0,2,0,차대차 - 추돌,안전거리미확보,건조,맑음,단일로 - 기타,승용,남,47세,상해없음,승용,여,49세,경상
2019021200100153,2019년 2월 12일 09시,화요일,경상북도 포항시 남구 해도동,경상사고,0,0,1,0,차대차 - 측면충돌,안전운전불이행,건조,맑음,단일로 - 교량,화물,남,79세,상해없음,승용,여,43세,경상
2019021200100243,2019년 2월 12일 12시,화요일,경상북도 영천시 망정동,경상사고,0,0,1,0,차대차 - 측면충돌,교차로운행방법위반,건조,맑음,교차로 - 교차로안,이륜,남,38세,경상,승용,여,40세,상해없음
2019021200100300,2019년 2월 12일 14시,화요일,경상북도 구미시 공단동,경상사고,0,0,1,0,차대차 - 추돌,안전운전불이행,건조,맑음,교차로 - 교차로부근,승용,남,58세,상해없음,승용,남,30세,경상
2019021200100345,2019년 2월 12일 16시,화요일,경상북도 안동시 수하동,중상사고,0,1,0,0,차대차 - 측면충돌,직진우회전진행방해,건조,맑음,교차로 - 교차로안,화물,남,34세,상해없음,화물,남,36세,중상
2019021200100346,2019년 2월 12일 16시,화요일,경상북도 영천시 청통면,중상사고,0,1,0,0,차대차 - 기타,중앙선침범,건조,맑음,단일로 - 기타,승용,여,28세,상해없음,승용,남,36세,중상
2019021200100347,2019년 2월 12일 16시,화요일,경상북도 구미시 도량동,경상사고,0,0,2,0,차대차 - 측면충돌,안전운전불이행,건조,맑음,단일로 - 기타,승용,여,39세,상해없음,승용,여,49세,경상
2019021200100379,2019년 2월 12일 17시,화요일,경상북도 포항시 북구 학산동,중상사고,0,1,0,0,차량단독 - 전도전복 - 전도,기타,건조,맑음,단일로 - 기타,승용,남,61세,상해없음,,,,
2019021200100380,2019년 2월 12일 17시,화요일,경상북도 구미시 봉곡동,경상사고,0,0,1,0,차대차 - 추돌,안전운전불이행,건조,맑음,교차로 - 교차로안,승용,남,47세,상해없음,승용,여,33세,경상
2019021200100420,2019년 2월 12일 18시,화요일,경상북도 김천시 평화동,경상사고,0,0,1,0,차대차 - 기타,중앙선침범,건조,맑음,단일로 - 기타,승용,여,41세,상해없음,이륜,남,40세,경상
2019021200100421,2019년 2월 12일 18시,화요일,경상북도 칠곡군 북삼읍,경상사고,0,0,1,0,차대차 - 추돌,안전운전불이행,건조,맑음,단일로 - 기타,화물,남,57세,경상,화물,남,55세,상해없음
2019021200100422,2019년 2월 12일 18시,화요일,경상북도 경산시 진량읍,경상사고,0,0,1,0,차대차 - 측면충돌,안전거리미확보,건조,맑음,단일로 - 기타,승용,여,52세,상해없음,승용,남,23세,경상
2019021200100423,2019년 2월 12일 18시,화요일,경상북도 울진군 후포면,경상사고,0,0,1,0,차대차 - 추돌,안전운전불이행,건조,맑음,교차로 - 교차로부근,화물,남,47세,상해없음,승용,남,59세,경상
2019021200100424,2019년 2월 12일 18시,화요일,경상북도 포항시 남구 오천읍,경상사고,0,0,1,0,차대차 - 측면충돌,신호위반,건조,맑음,교차로 - 교차로안,이륜,남,23세,경상,승용,남,27세,상해없음
2019021200100453,2019년 2월 12일 19시,화요일,경상북도 포항시 남구 해도동,중상사고,0,1,0,0,차대차 - 기타,안전운전불이행,건조,맑음,교차로 - 교차로안,화물,남,43세,상해없음,이륜,남,26세,중상
2019021200100454,2019년 2월 12일 19시,화요일,경상북도 포항시 남구 해도동,경상사고,0,0,1,0,차대차 - 추돌,안전운전불이행,건조,맑음,교차로 - 교차로부근,승용,여,49세,상해없음,승용,여,37세,경상
2019021200100497,2019년 2월 12일 21시,화요일,경상북도 경주시 충효동,경상사고,0,0,1,0,차대차 - 측면충돌,안전운전불이행,건조,맑음,교차로 - 교차로안,승용,남,58세,상해없음,승용,남,50세,경상
2019021200100527,2019년 2월 12일 23시,화요일,경상북도 경주시 성동동,경상사고,0,0,2,0,차대차 - 측면충돌,직진우회전진행방해,건조,맑음,교차로 - 교차로안,승용,여,35세,경상,승합,남,35세,상해없음
2019021300100031,2019년 2월 13일 00시,수요일,경상북도 칠곡군 석적읍,중상사고,0,1,1,0,차대차 - 측면충돌,신호위반,건조,맑음,교차로 - 교차로안,승용,남,51세,상해없음,승용,남,38세,경상
2019021300100074,2019년 2월 13일 05시,수요일,경상북도 경주시 외동읍,경상사고,0,0,1,0,차대차 - 측면충돌,신호위반,건조,맑음,교차로 - 교차로안,화물,남,71세,상해없음,자전거,남,39세,경상
2019021300100084,2019년 2월 13일 06시,수요일,경상북도 포항시 남구 연일읍,경상사고,0,0,1,0,차대차 - 측면충돌,직진우회전진행방해,건조,맑음,교차로 - 교차로안,승용,여,57세,기타불명,승용,남,37세,경상
2019021300100122,2019년 2월 13일 08시,수요일,경상북도 청도군 청도읍,중상사고,0,1,0,0,차대사람 - 길가장자리구역통행중,안전운전불이행,건조,맑음,교차로 - 교차로부근,승용,여,33세,상해없음,보행자,여,77세,중상
2019021300100160,2019년 2월 13일 09시,수요일,경상북도 성주군 선남면,경상사고,0,0,1,0,차대차 - 측면충돌,안전운전불이행,건조,맑음,교차로 - 교차로안,승용,여,68세,상해없음,화물,남,52세,상해없음