사고번호,사고일시,요일,시군구,사고내용,사망자수,중상자수,경상자수,부상신고자수,사고유형,법규위반,노면상태,기상상태,도로형태,가해운전자 차종,가해운전자 성별,가해운전자 연령,가해운전자 상해정도,피해운전자 차종,피해운전자 성별,피해운전자 연령,피해운전자 상해정도
2019022100100045,2019년 2월 21일 02시,목요일,경상북도 안동시 용상동,경상사고,0,0,1,0,차대차 - 정면충돌,안전운전불이행,건조,맑음,교차로 - 교차로안,승용,남,25세,기타불명,자전거,남,66세,경상
2019022100100074,2019년 2월 21일 06시,목요일,경상북도 구미시 형곡동,중상사고,0,1,0,0,차대차 - 기타,안전운전불이행,건조,맑음,기타 - 기타,승용,남,58세,상해없음,승용,여,63세,중상
2019022100100075,2019년 2월 21일 06시,목요일,경상북도 구미시 송정동,중상사고,0,1,4,0,차대차 - 기타,신호위반,건조,맑음,교차로 - 교차로안,승용,남,23세,경상,승용,남,33세,경상
2019022100100103,2019년 2월 21일 07시,목요일,경상북도 포항시 북구 죽도동,중상사고,0,1,0,0,차대차 - 측면충돌,안전운전불이행,건조,맑음,교차로 - 교차로안,자전거,남,81세,중상,승용,남,28세,상해없음
2019022100100126,2019년 2월 21일 08시,목요일,경상북도 김천시 평화동,경상사고,0,0,1,0,차대차 - 측면충돌,안전운전불이행,건조,맑음,단일로 - 기타,승용,남,66세,상해없음,승용,남,35세,경상
2019022100100127,2019년 2월 21일 08시,목요일,경상북도 고령군 대가야읍,경상사고,0,0,2,0,차대차 - 측면충돌,직진우회전진행방해,건조,맑음,교차로 - 교차로안,승용,남,35세,상해없음,승용,남,38세,경상
2019022100100165,2019년 2월 21일 09시,목요일,경상북도 경주시 황성동,경상사고,0,0,1,0,차대차 - 측면충돌,안전운전불이행,건조,맑음,교차로 - 교차로안,승용,남,64세,상해없음,자전거,남,42세,경상
2019022100100166,2019년 2월 21일 09시,목요일,경상북도 군위군 부계면,사망사고,1,0,0,0,차대사람 - 횡단중,안전운전불이행,건조,맑음,단일로 - 기타,화물,남,58세,상해없음,보행자,남,60세,사망
2019022100100167,2019년 2월 21일 09시,목요일,경상북도 포항시 남구 동해면,중상사고,0,1,0,0,차대차 - 측면충돌,안전운전불이행,건조,맑음,교차로 - 교차로부근,승용,남,69세,상해없음,이륜,남,57세,중상
2019022100100168,2019년 2월 21일 09시,목요일,경상북도 구미시 옥성면,중상사고,0,1,3,0,차대차 - 추돌,안전거리미확보,건조,맑음,단일로 - 기타,승용,남,31세,상해없음,승용,남,44세,경상
2019022100100193,2019년 2월 21일 10시,목요일,경상북도 영천시 금호읍,경상사고,0,0,6,0,차대차 - 추돌,안전거리미확보,건조,맑음,단일로 - 기타,승용,남,58세,상해없음,승용,여,58세,경상
2019022100100223,2019년 2월 21일 11시,목요일,경상북도 경주시 황성동,경상사고,0,0,2,0,차대차 - 측면충돌,직진우회전진행방해,건조,맑음,교차로 - 교차로안,승용,여,49세,기타불명,승용,여,57세,경상
2019022100100224,2019년 2월 21일 11시,목요일,경상북도 포항시 북구 흥해읍,경상사고,0,0,1,0,차대차 - 기타,안전운전불이행,건조,맑음,교차로 - 교차로안,승용,여,67세,상해없음,승용,여,35세,경상
2019022100100225,2019년 2월 21일 11시,목요일,경상북도 문경시 마성면,중상사고,0,1,1,0,차대차 - 측면충돌,신호위반,건조,맑음,교차로 - 교차로안,화물,남,50세,상해없음,승용,여,65세,경상
2019022100100257,2019년 2월 21일 12시,목요일,경상북도 칠곡군 가산면,중상사고,0,1,0,0,차대차 - 측면충돌,안전운전불이행,건조,맑음,교차로 - 교차로부근,승용,여,19세,기타불명,승용,여,43세,중상
2019022100100258,2019년 2월 21일 12시,목요일,경상북도 군위군 군위읍,경상사고,0,0,1,0,차대차 - 측면충돌,안전운전불이행,건조,맑음,기타 - 기타,승용,남,67세,상해없음,승용,남,42세,경상
2019022100100288,2019년 2월 21일 13시,목요일,경상북도 상주시 함창읍,경상사고,0,0,1,0,차대차 - 측면충돌,기타,건조,맑음,단일로 - 기타,자전거,남,78세,경상,화물,남,67세,상해없음
2019022100100289,2019년 2월 21일 13시,목요일,경상북도 칠곡군 지천면,중상사고,0,3,0,0,차대차 - 측면충돌,안전거리미확보,건조,맑음,단일로 - 기타,화물,남,41세,상해없음,승용,여,35세,중상
2019022100100321,2019년 2월 21일 14시,목요일,경상북도 구미시 양호동,부상신고사고,0,0,0,1,차량단독 - 기타,안전운전불이행,건조,맑음,교차로 - 교차로부근,화물,남,54세,부상신고,,,,
2019022100100356,2019년 2월 21일 15시,목요일,경상북도 경산시 중방동,중상사고,0,1,0,0,차대차 - 측면충돌,교차로운행방법위반,건조,맑음,교차로 - 교차로안,승용,남,68세,상해없음,승용,여,56세,중상
2019022100100357,2019년 2월 21일 15시,목요일,경상북도 예천군 예천읍,중상사고,0,1,0,0,차대차 - 측면충돌,안전운전불이행,건조,맑음,교차로 - 교차로횡단보도내,화물,여,61세,상해없음,자전거,남,83세,중상
2019022100100383,2019년 2월 21일 16시,목요일,경상북도 김천시 성내동,중상사고,0,1,0,0,차대차 - 추돌,안전운전불이행,건조,맑음,교차로 - 교차로부근,승용,여,52세,상해없음,화물,남,43세,중상
2019022100100384,2019년 2월 21일 16시,목요일,경상북도 상주시 함창읍,사망사고,1,0,0,0,차대차 - 측면충돌,안전운전불이행,건조,맑음,단일로 - 기타,승용,남,63세,상해없음,자전거,남,72세,사망
2019022100100385,2019년 2월 21일 16시,목요일,경상북도 예천군 예천읍,중상사고,0,1,1,0,차대차 - 측면충돌,신호위반,건조,맑음,교차로 - 교차로안,승용,여,63세,중상,승용,여,23세,경상
2019022100100415,2019년 2월 21일 17시,목요일,경상북도 영천시 청통면,경상사고,0,0,2,0,차대차 - 측면충돌,안전운전불이행,건조,맑음,교차로 - 교차로안,화물,남,73세,상해없음,승용,여,46세,경상
2019022100100456,2019년 2월 21일 18시,목요일,경상북도 칠곡군 약목면,경상사고,0,0,2,0,차대차 - 추돌,안전운전불이행,건조,맑음,교차로 - 교차로안,승용,여,46세,경상,승용,여,45세,경상
2019022100100457,2019년 2월 21일 18시,목요일,경상북도 문경시 모전동,경상사고,0,0,1,0,차대차 - 측면충돌,안전운전불이행,건조,맑음,교차로 - 교차로안,화물,남,22세,상해없음,이륜,남,17세,경상
2019022100100458,2019년 2월 21일 18시,목요일,경상북도 예천군 보문면,경상사고,0,0,2,0,차대차 - 측면충돌,안전운전불이행,건조,맑음,단일로 - 기타,화물,남,47세,상해없음,승용,남,61세,경상
2019022100100508,2019년 2월 21일 19시,목요일,경상북도 경주시 용강동,경상사고,0,0,1,0,차대차 - 측면충돌,안전운전불이행,건조,맑음,단일로 - 지하차도(도로)내,승용,여,43세,상해없음,이륜,남,32세,경상
2019022100100509,2019년 2월 21일 19시,목요일,경상북도 포항시 북구 흥해읍,사망사고,1,0,0,0,차대차 - 측면충돌,안전운전불이행,건조,맑음,교차로 - 교차로안,승용,여,42세,상해없음,이륜,남,59세,사망
2019022100100510,2019년 2월 21일 19시,목요일,경상북도 김천시 덕곡동,경상사고,0,0,1,0,차대차 - 후진중충돌,안전운전불이행,건조,맑음,단일로 - 기타,승용,남,50세,상해없음,승용,남,35세,기타불명
2019022100100511,2019년 2월 21일 19시,목요일,경상북도 영천시 망정동,경상사고,0,0,1,0,차대차 - 측면충돌,신호위반,건조,맑음,교차로 - 교차로부근,승용,남,30세,상해없음,승용,남,58세,경상
2019022100100512,2019년 2월 21일 19시,목요일,경상북도 구미시 도량동,중상사고,0,1,0,0,차대차 - 기타,안전운전불이행,건조,맑음,교차로 - 교차로부근,승용,여,50세,상해없음,이륜,남,35세,중상
2019022100100513,2019년 2월 21일 19시,목요일,경상북도 구미시 선산읍,중상사고,0,1,0,0,차대사람 - 기타,중앙선침범,건조,맑음,교차로 - 교차로안,승용,남,64세,상해없음,보행자,남,51세,중상
2019022100100514,2019년 2월 21일 19시,목요일,경상북도 포항시 남구 대도동,경상사고,0,0,1,1,차대차 - 측면충돌,직진우회전진행방해,건조,맑음,단일로 - 기타,이륜,남,32세,경상,승용,남,36세,부상신고
2019022100100545,2019년 2월 21일 20시,목요일,경상북도 경주시 안강읍,경상사고,0,0,3,0,차대차 - 측면충돌,안전운전불이행,건조,맑음,교차로 - 교차로안,승용,여,57세,경상,승용,남,35세,경상
2019022100100546,2019년 2월 21일 20시,목요일,경상북도 포항시 북구 두호동,경상사고,0,0,1,0,차대차 - 기타,교차로운행방법위반,건조,맑음,교차로 - 교차로안,이륜,남,17세,상해없음,자전거,남,38세,경상
2019022100100547,2019년 2월 21일 20시,목요일,경상북도 경산시 자인면,중상사고,0,1,3,0,차대차 - 추돌,안전거리미확보,건조,맑음,단일로 - 지하차도(도로)내,승용,남,54세,상해없음,승용,여,55세,경상
2019022100100579,2019년 2월 21일 21시,목요일,경상북도 포항시 북구 양덕동,경상사고,0,0,1,0,차대사람 - 기타,안전운전불이행,건조,맑음,단일로 - 기타,승용,남,47세,상해없음,보행자,남,36세,경상
2019022100100580,2019년 2월 21일 21시,목요일,경상북도 구미시 고아읍,중상사고,0,1,0,0,차대차 - 측면충돌,중앙선침범,건조,맑음,단일로 - 기타,승용,여,57세,상해없음,이륜,남,48세,중상
2019022100100599,2019년 2월 21일 22시,목요일,경상북도 경주시 동천동,경상사고,0,0,1,0,차대사람 - 차도통행중,안전운전불이행,건조,맑음,단일로 - 지하차도(도로)내,승용,남,59세,상해없음,보행자,남,58세,경상
2019022100100600,2019년 2월 21일 22시,목요일,경상북도 구미시 진평동,경상사고,0,0,2,0,차대사람 - 횡단중,안전운전불이행,건조,맑음,교차로 - 교차로안,승용,남,24세,상해없음,보행자,남,44세,경상
2019022100100628,2019년 2월 21일 23시,목요일,경상북도 포항시 남구 이동,경상사고,0,0,2,0,차대차 - 측면충돌,신호위반,건조,맑음,교차로 - 교차로안,승용,남,38세,상해없음,승용,여,31세,경상
2019022200100043,2019년 2월 22일 01시,금요일,경상북도 경주시 성건동,경상사고,0,0,1,0,차대차 - 추돌,안전운전불이행,건조,맑음,교차로 - 교차로안,승용,남,50세,상해없음,승용,남,50세,경상
2019022200100044,2019년 2월 22일 01시,금요일,경상북도 구미시 진평동,경상사고,0,0,1,0,차대사람 - 횡단중,안전운전불이행,건조,맑음,교차로 - 교차로안,승용,남,62세,상해없음,보행자,남,39세,경상
2019022200100053,2019년 2월 22일 02시,금요일,경상북도 포항시 북구 죽도동,경상사고,0,0,1,0,차대차 - 측면충돌,교차로운행방법위반,건조,맑음,교차로 - 교차로안,승용,남,48세,경상,승용,남,54세,상해없음
2019022200100054,2019년 2월 22일 02시,금요일,경상북도 포항시 남구 동해면,중상사고,0,4,9,2,차대차 - 측면충돌,교차로운행방법위반,건조,맑음,교차로 - 교차로안,건설기계,남,65세,경상,승합,남,49세,경상
2019022200100061,2019년 2월 22일 03시,금요일,경상북도 구미시 임수동,중상사고,0,1,2,0,차대차 - 추돌,안전운전불이행,건조,맑음,교차로 - 교차로부근,이륜,남,22세,중상,승용,여,51세,경상
2019022200100163,2019년 2월 22일 09시,금요일,경상북도 칠곡군 왜관읍,중상사고,0,1,1,0,차대차 - 측면충돌,직진우회전진행방해,건조,맑음,교차로 - 교차로안,승용,여,49세,경상,화물,남,38세,중상
2019022200100164,2019년 2월 22일 09시,금요일,경상북도 구미시 해평면,중상사고,0,1,0,0,차대차 - 기타,안전운전불이행,건조,맑음,단일로 - 기타,특수,남,49세,상해없음,이륜,남,71세,중상
2019022200100165,2019년 2월 22일 09시,금요일,경상북도 구미시 공단동,경상사고,0,0,1,0,차대차 - 기타,안전거리미확보,건조,맑음,교차로 - 교차로부근,화물,남,24세,상해없음,승용,남,44세,상해없음
2019022200100166,2019년 2월 22일 09시,금요일,경상북도 포항시 남구 대도동,경상사고,0,0,1,0,차대차 - 측면충돌,직진우회전진행방해,건조,맑음,교차로 - 교차로부근,화물,남,63세,상해없음,승용,남,28세,경상
2019022200100189,2019년 2월 22일 10시,금요일,경상북도 경주시 성동동,중상사고,0,1,0,0,차대차 - 측면충돌,신호위반,건조,맑음,교차로 - 교차로안,화물,여,47세,상해없음,이륜,남,48세,중상
2019022200100190,2019년 2월 22일 10시,금요일,경상북도 상주시 화서면,사망사고,1,0,0,0,차대사람 - 차도통행중,안전운전불이행,건조,맑음,교차로 - 교차로안,화물,여,53세,상해없음,보행자,여,75세,사망
2019022200100191,2019년 2월 22일 10시,금요일,경상북도 문경시 점촌동,중상사고,0,1,1,0,차대차 - 측면충돌,안전거리미확보,건조,맑음,단일로 - 기타,자전거,여,71세,경상,이륜,남,72세,중상
2019022200100215,2019년 2월 22일 11시,금요일,경상북도 경주시 성건동,경상사고,0,0,1,0,차대차 - 측면충돌,안전운전불이행,건조,맑음,교차로 - 교차로안,승용,남,66세,상해없음,이륜,남,43세,경상
2019022200100216,2019년 2월 22일 11시,금요일,경상북도 구미시 상모동,경상사고,0,0,1,0,차대사람 - 기타,안전운전불이행,건조,맑음,기타 - 기타,승용,여,23세,기타불명,보행자,남,5세,경상
2019022200100310,2019년 2월 22일 14시,금요일,경상북도 경주시 안강읍,중상사고,0,1,0,0,차량단독 - 전도전복 - 전도,안전운전불이행,건조,맑음,단일로 - 기타,이륜,남,80세,중상,,,,
2019022200100311,2019년 2월 22일 14시,금요일,경상북도 경주시 안강읍,경상사고,0,0,1,0,차대차 - 측면충돌,안전운전불이행,건조,맑음,교차로 - 교차로안,화물,남,62세,상해없음,승용,남,43세,경상
2019022200100312,2019년 2월 22일 14시,금요일,경상북도 칠곡군 왜관읍,경상사고,0,0,2,0,차대차 - 추돌,안전운전불이행,건조,맑음,단일로 - 기타,화물,남,43세,상해없음,승용,남,55세,경상
2019022200100313,2019년 2월 22일 14시,금요일,경상북도 영천시 화남면,경상사고,0,0,1,0,차대차 - 측면충돌,안전운전불이행,건조,맑음,교차로 - 교차로안,승용,여,57세,상해없음,승용,남,78세,경상
2019022200100314,2019년 2월 22일 14시,금요일,경상북도 구미시 원평동,중상사고,0,1,1,0,차대차 - 추돌,안전운전불이행,건조,맑음,교차로 - 교차로안,승용,여,23세,상해없음,승용,남,74세,중상
2019022200100315,2019년 2월 22일 14시,금요일,경상북도 구미시 원평동,경상사고,0,0,2,0,차대차 - 측면충돌,안전운전불이행,건조,맑음,단일로 - 기타,승용,여,31세,상해없음,승용,남,44세,경상
2019022200100351,2019년 2월 22일 15시,금요일,경상북도 경주시 인왕동,중상사고,0,1,1,0,차대차 - 추돌,안전운전불이행,건조,맑음,교차로 - 교차로부근,승용,여,38세,상해없음,화물,남,37세,경상
2019022200100352,2019년 2월 22일 15시,금요일,경상북도 영천시 화산면,경상사고,0,0,1,0,차대차 - 측면충돌,안전운전불이행,건조,맑음,단일로 - 기타,승용,남,62세,상해없음,화물,남,65세,경상
2019022200100377,2019년 2월 22일 16시,금요일,경상북도 경주시 사정동,경상사고,0,0,1,0,차대차 - 기타,안전운전불이행,건조,맑음,교차로 - 교차로부근,기타불명,기타불명,미분류,기타불명,자전거,여,68세,경상
2019022200100378,2019년 2월 22일 16시,금요일,경상북도 포항시 북구 창포동,중상사고,0,1,0,0,차대사람 - 횡단중,보행자보호의무위반,건조,맑음,교차로 - 교차로횡단보도내,승용,남,85세,상해없음,보행자,남,42세,중상
2019022200100402,2019년 2월 22일 17시,금요일,경상북도 포항시 북구 양덕동,경상사고,0,0,1,0,차대사람 - 기타,안전운전불이행,건조,맑음,기타 - 기타,원동기,남,30세,기타불명,보행자,여,7세,경상
2019022200100403,2019년 2월 22일 17시,금요일,경상북도 구미시 도량동,경상사고,0,0,2,0,차대차 - 기타,안전운전불이행,건조,맑음,기타 - 기타,승용,여,40세,상해없음,승용,여,33세,경상
2019022200100428,2019년 2월 22일 18시,금요일,경상북도 포항시 북구 학잠동,경상사고,0,0,4,0,차대차 - 측면충돌,안전거리미확보,건조,맑음,단일로 - 기타,승용,남,65세,상해없음,승용,남,42세,경상
2019022200100470,2019년 2월 22일 19시,금요일,경상북도 예천군 호명면,중상사고,0,1,2,0,차량단독 - 도로외이탈 - 기타,안전운전불이행,건조,맑음,단일로 - 기타,승용,남,38세,상해없음,,,,
2019022200100471,2019년 2월 22일 19시,금요일,경상북도 구미시 원평동,중상사고,0,1,0,0,차대차 - 측면충돌,안전운전불이행,건조,맑음,교차로 - 교차로안,승용,남,24세,상해없음,승용,여,33세,중상
2019022200100472,2019년 2월 22일 19시,금요일,경상북도 포항시 남구 오천읍,경상사고,0,0,2,0,차대차 - 측면충돌,안전운전불이행,건조,맑음,교차로 - 교차로부근,이륜,남,18세,경상,승용,남,47세,경상
2019022200100473,2019년 2월 22일 19시,금요일,경상북도 칠곡군 지천면,중상사고,0,1,1,0,차대차 - 추돌,안전운전불이행,건조,맑음,단일로 - 기타,승용,남,28세,상해없음,승용,남,29세,중상
2019022200100520,2019년 2월 22일 20시,금요일,경상북도 경주시 노서동,경상사고,0,0,2,0,차대사람 - 횡단중,보행자보호의무위반,건조,맑음,단일로 - 지하차도(도로)내,이륜,남,62세,경상,보행자,여,24세,경상
2019022200100521,2019년 2월 22일 20시,금요일,경상북도 포항시 북구 동빈2가,경상사고,0,0,2,0,차대차 - 추돌,안전운전불이행,건조,맑음,단일로 - 기타,승용,남,51세,상해없음,승용,여,48세,경상
2019022200100559,2019년 2월 22일 21시,금요일,경상북도 포항시 북구 창포동,경상사고,0,0,1,0,차대차 - 측면충돌,안전운전불이행,건조,맑음,단일로 - 기타,승용,남,57세,상해없음,이륜,남,19세,경상
2019022200100560,2019년 2월 22일 21시,금요일,경상북도 봉화군 소천면,중상사고,0,1,1,0,차량단독 - 전도전복 - 전복,안전운전불이행,서리/결빙,맑음,단일로 - 기타,승용,남,59세,상해없음,,,,
2019022200100561,2019년 2월 22일 21시,금요일,경상북도 포항시 남구 오천읍,경상사고,0,0,1,0,차대차 - 측면충돌,직진우회전진행방해,건조,맑음,교차로 - 교차로안,승용,남,25세,경상,승용,남,60세,상해없음
2019022200100609,2019년 2월 22일 23시,금요일,경상북도 김천시 교동,경상사고,0,0,2,0,차대차 - 측면충돌,신호위반,건조,맑음,교차로 - 교차로안,승용,남,55세,상해없음,승용,남,37세,경상
2019022300100026,2019년 2월 23일 00시,토요일,경상북도 경주시 성건동,중상사고,0,1,0,0,차대차 - 측면충돌,안전운전불이행,건조,맑음,교차로 - 교차로안,승용,여,57세,상해없음,승용,남,28세,중상
2019022300100043,2019년 2월 23일 01시,토요일,경상북도 포항시 북구 두호동,중상사고,0,1,0,0,차대사람 - 기타,신호위반,건조,맑음,교차로 - 교차로안,승용,남,19세,상해없음,보행자,여,81세,중상
2019022300100064,2019년 2월 23일 02시,토요일,경상북도 구미시 사곡동,경상사고,0,0,1,0,차대차 - 기타,교차로운행방법위반,건조,맑음,교차로 - 교차로횡단보도내,승용,남,62세,상해없음,원동기,남,26세,경상
2019022300100065,2019년 2월 23일 02시,토요일,경상북도 영천시 금호읍,경상사고,0,0,1,0,차대차 - 추돌,안전운전불이행,건조,맑음,단일로 - 기타,화물,남,42세,상해없음,승용,남,21세,경상
2019022300100078,2019년 2월 23일 03시,토요일,경상북도 구미시 원평동,경상사고,0,0,4,0,차대차 - 기타,직진우회전진행방해,건조,기타,교차로 - 교차로안,승용,남,26세,상해없음,승용,남,54세,경상
2019022300100130,2019년 2월 23일 07시,토요일,경상북도 김천시 부곡동,경상사고,0,0,2,0,차대차 - 측면충돌,신호위반,건조,맑음,교차로 - 교차로안,승용,여,26세,상해없음,승합,남,65세,경상
2019022300100149,2019년 2월 23일 08시,토요일,경상북도 안동시 풍산읍,경상사고,0,0,1,0,차대차 - 추돌,안전운전불이행,건조,맑음,단일로 - 기타,승용,남,45세,상해없음,자전거,남,65세,경상
2019022300100150,2019년 2월 23일 08시,토요일,경상북도 경산시 남산면,경상사고,0,0,2,0,차대차 - 측면충돌,교차로운행방법위반,건조,맑음,교차로 - 교차로안,승용,남,28세,경상,건설기계,남,70세,경상
2019022300100175,2019년 2월 23일 09시,토요일,경상북도 김천시 감호동,경상사고,0,0,2,0,차대차 - 측면충돌,안전운전불이행,건조,맑음,단일로 - 기타,승용,여,74세,경상,승용,남,59세,경상
2019022300100209,2019년 2월 23일 10시,토요일,경상북도 안동시 풍산읍,중상사고,0,1,1,0,차대차 - 측면충돌,안전운전불이행,건조,맑음,교차로 - 교차로안,승용,남,56세,상해없음,화물,남,26세,경상
2019022300100238,2019년 2월 23일 11시,토요일,경상북도 포항시 남구 대잠동,중상사고,0,1,0,0,차대차 - 후진중충돌,불법유턴,건조,맑음,교차로 - 교차로부근,승용,남,41세,상해없음,이륜,남,61세,중상
2019022300100239,2019년 2월 23일 11시,토요일,경상북도 포항시 남구 이동,경상사고,0,0,1,0,차대차 - 측면충돌,기타,건조,맑음,단일로 - 기타,건설기계,남,47세,상해없음,승용,남,54세,경상
2019022300100273,2019년 2월 23일 12시,토요일,경상북도 칠곡군 가산면,중상사고,0,1,0,0,차대차 - 측면충돌,직진우회전진행방해,건조,맑음,교차로 - 교차로안,화물,남,46세,상해없음,승용,남,64세,중상
2019022300100274,2019년 2월 23일 12시,토요일,경상북도 칠곡군 동명면,경상사고,0,0,4,0,차대차 - 추돌,안전운전불이행,건조,맑음,단일로 - 지하차도(도로)내,승용,여,44세,상해없음,승용,남,58세,경상
2019022300100275,2019년 2월 23일 12시,토요일,경상북도 영천시 오수동,경상사고,0,0,1,0,차대차 - 측면충돌,안전운전불이행,건조,맑음,단일로 - 기타,승용,남,82세,상해없음,화물,남,18세,상해없음
2019022300100276,2019년 2월 23일 12시,토요일,경상북도 영천시 작산동,중상사고,0,1,0,0,차대차 - 추돌,안전거리미확보,건조,맑음,단일로 - 기타,이륜,남,47세,상해없음,이륜,남,48세,상해없음
2019022300100277,2019년 2월 23일 12시,토요일,경상북도 경산시 중방동,경상사고,0,0,1,0,차대차 - 추돌,안전운전불이행,건조,맑음,교차로 - 교차로부근,승용,남,24세,상해없음,승용,남,38세,경상
2019022300100384,2019년 2월 23일 15시,토요일,경상북도 영천시 완산동,경상사고,0,0,1,0,차대차 - 후진중충돌,안전운전불이행,건조,맑음,교차로 - 교차로안,승용,남,77세,상해없음,승용,남,31세,경상
2019022300100385,2019년 2월 23일 15시,토요일,경상북도 경산시 압량면,경상사고,0,0,1,0,차대차 - 측면충돌,교차로운행방법위반,건조,맑음,교차로 - 교차로안,승용,남,45세,상해없음,승합,남,40세,상해없음
2019022300100386,2019년 2월 23일 15시,토요일,경상북도 포항시 남구 상도동,경상사고,0,0,1,0,차대차 - 측면충돌,안전운전불이행,건조,맑음,단일로 - 기타,승용,남,57세,기타불명,승용,남,21세,경상
2019022300100412,2019년 2월 23일 16시,토요일,경상북도 청송군 부남면,경상사고,0,0,3,0,차대차 - 측면충돌,기타,건조,맑음,교차로 - 교차로안,승용,남,74세,상해없음,승용,남,63세,경상
2019022300100430,2019년 2월 23일 17시,토요일,경상북도 성주군 선남면,경상사고,0,0,1,0,차대차 - 측면충돌,안전운전불이행,건조,맑음,단일로 - 기타,승용,남,24세,상해없음,이륜,남,68세,경상
2019022300100476,2019년 2월 23일 18시,토요일,경상북도 상주시 남성동,경상사고,0,0,1,0,차대차 - 측면충돌,안전운전불이행,건조,맑음,교차로 - 교차로안,승용,남,45세,상해없음,화물,남,63세,경상
2019022300100477,2019년 2월 23일 18시,토요일,경상북도 상주시 내서면,중상사고,0,1,0,0,차대차 - 추돌,안전운전불이행,건조,맑음,단일로 - 기타,승용,남,81세,상해없음,농기계,남,64세,중상
2019022300100519,2019년 2월 23일 19시,토요일,경상북도 포항시 북구 환호동,중상사고,0,1,0,0,차대사람 - 횡단중,안전운전불이행,건조,맑음,단일로 - 기타,이륜,남,33세,상해없음,보행자,남,71세,중상
2019022300100520,2019년 2월 23일 19시,토요일,경상북도 경산시 정평동,경상사고,0,0,1,0,차대사람 - 보도통행중,안전운전불이행,건조,맑음,단일로 - 기타,승용,남,40세,상해없음,보행자,남,37세,경상
2019022300100561,2019년 2월 23일 21시,토요일,경상북도 구미시 산동면,경상사고,0,0,1,1,차대차 - 기타,신호위반,건조,맑음,교차로 - 교차로안,승용,남,49세,부상신고,승용,여,52세,경상
2019022300100584,2019년 2월 23일 22시,토요일,경상북도 안동시 안흥동,중상사고,0,1,0,0,차대차 - 정면충돌,신호위반,건조,맑음,교차로 - 교차로안,이륜,남,23세,중상,화물,남,56세,상해없음
2019022300100603,2019년 2월 23일 23시,토요일,경상북도 포항시 북구 남빈동,중상사고,0,1,1,0,차대차 - 측면충돌,신호위반,건조,맑음,단일로 - 기타,이륜,남,21세,상해없음,이륜,남,26세,경상
2019022400100040,2019년 2월 24일 02시,일요일,경상북도 포항시 북구 죽도동,경상사고,0,0,1,0,차대차 - 측면충돌,차로위반,건조,맑음,단일로 - 기타,승용,남,48세,상해없음,승용,남,32세,경상
2019022400100056,2019년 2월 24일 04시,일요일,경상북도 안동시 태화동,경상사고,0,0,1,0,차대차 - 측면충돌,신호위반,건조,맑음,교차로 - 교차로안,승용,여,24세,상해없음,승용,남,66세,경상
2019022400100089,2019년 2월 24일 09시,일요일,경상북도 김천시 농소면,경상사고,0,0,1,0,차대차 - 측면충돌,안전운전불이행,건조,맑음,교차로 - 교차로부근,승용,여,24세,기타불명,승용,남,51세,경상
2019022400100107,2019년 2월 24일 10시,일요일,경상북도 영주시 풍기읍,경상사고,0,0,1,0,차대사람 - 차도통행중,안전운전불이행,건조,맑음,교차로 - 교차로부근,화물,남,64세,기타불명,보행자,남,60세,경상
2019022400100108,2019년 2월 24일 10시,일요일,경상북도 칠곡군 기산면,경상사고,0,0,1,0,차대차 - 측면충돌,안전거리미확보,건조,맑음,단일로 - 기타,승용,남,47세,상해없음,승용,여,63세,경상
2019022400100109,2019년 2월 24일 10시,일요일,경상북도 영천시 도림동,경상사고,0,0,3,0,차대차 - 측면충돌,신호위반,건조,맑음,교차로 - 교차로안,화물,남,61세,경상,승용,남,35세,경상
2019022400100127,2019년 2월 24일 11시,일요일,경상북도 경주시 성건동,중상사고,0,1,1,0,차대차 - 측면충돌,안전운전불이행,건조,맑음,교차로 - 교차로안,승용,남,28세,상해없음,승용,여,33세,중상
2019022400100128,2019년 2월 24일 11시,일요일,경상북도 김천시 아포읍,경상사고,0,0,2,0,차대차 - 측면충돌,직진우회전진행방해,건조,맑음,교차로 - 교차로안,이륜,남,80세,상해없음,승용,남,29세,경상
2019022400100129,2019년 2월 24일 11시,일요일,경상북도 구미시 황상동,경상사고,0,0,2,0,차대사람 - 횡단중,보행자보호의무위반,건조,맑음,교차로 - 교차로부근,승용,남,18세,상해없음,보행자,남,37세,경상
2019022400100156,2019년 2월 24일 12시,일요일,경상북도 경주시 성동동,경상사고,0,0,4,0,차대차 - 측면충돌,안전운전불이행,건조,맑음,교차로 - 교차로안,승용,남,27세,경상,화물,여,62세,경상
2019022400100157,2019년 2월 24일 12시,일요일,경상북도 경주시 황성동,경상사고,0,0,1,0,차대차 - 추돌,안전거리미확보,건조,맑음,교차로 - 교차로부근,승용,남,54세,상해없음,승용,여,57세,경상
2019022400100158,2019년 2월 24일 12시,일요일,경상북도 경산시 압량면,경상사고,0,0,1,0,차대차 - 정면충돌,교차로운행방법위반,건조,맑음,교차로 - 교차로안,이륜,남,26세,상해없음,승용,남,34세,경상
2019022400100194,2019년 2월 24일 13시,일요일,경상북도 포항시 북구 흥해읍,중상사고,0,1,0,0,차대사람 - 기타,안전운전불이행,건조,맑음,교차로 - 교차로안,화물,남,50세,상해없음,보행자,여,71세,중상
2019022400100195,2019년 2월 24일 13시,일요일,경상북도 포항시 북구 장성동,경상사고,0,0,1,0,차대차 - 기타,안전운전불이행,건조,맑음,교차로 - 교차로안,승용,여,52세,상해없음,이륜,남,43세,경상