사고번호,사고일시,요일,시군구,사고내용,사망자수,중상자수,경상자수,부상신고자수,사고유형,법규위반,노면상태,기상상태,도로형태,가해운전자 차종,가해운전자 성별,가해운전자 연령,가해운전자 상해정도,피해운전자 차종,피해운전자 성별,피해운전자 연령,피해운전자 상해정도
2019022400100196,2019년 2월 24일 13시,일요일,경상북도 고령군 대가야읍,경상사고,0,0,1,0,차대차 - 측면충돌,교차로운행방법위반,건조,맑음,교차로 - 교차로안,이륜,남,61세,경상,승합,남,36세,상해없음
2019022400100232,2019년 2월 24일 14시,일요일,경상북도 경주시 천군동,경상사고,0,0,2,0,차대차 - 측면충돌,중앙선침범,건조,맑음,단일로 - 지하차도(도로)내,원동기,남,17세,경상,승용,남,36세,상해없음
2019022400100233,2019년 2월 24일 14시,일요일,경상북도 영주시 풍기읍,중상사고,0,1,0,0,차대차 - 측면충돌,과속,건조,맑음,교차로 - 교차로안,승용,남,30세,상해없음,승용,남,49세,중상
2019022400100234,2019년 2월 24일 14시,일요일,경상북도 칠곡군 약목면,부상신고사고,0,0,0,1,차대차 - 측면충돌,교차로운행방법위반,건조,맑음,교차로 - 교차로안,화물,남,42세,상해없음,이륜,남,55세,부상신고
2019022400100252,2019년 2월 24일 15시,일요일,경상북도 경주시 덕동,부상신고사고,0,0,0,1,차량단독 - 전도전복 - 전도,안전운전불이행,건조,맑음,단일로 - 기타,이륜,여,26세,부상신고,,,,
2019022400100253,2019년 2월 24일 15시,일요일,경상북도 포항시 북구 흥해읍,중상사고,0,2,0,0,차대차 - 측면충돌,안전운전불이행,건조,맑음,단일로 - 기타,승용,남,53세,상해없음,승용,여,25세,중상
2019022400100278,2019년 2월 24일 16시,일요일,경상북도 포항시 북구 죽도동,중상사고,0,2,0,0,차대차 - 추돌,안전운전불이행,건조,맑음,교차로 - 교차로부근,승용,남,38세,상해없음,승용,남,23세,중상
2019022400100279,2019년 2월 24일 16시,일요일,경상북도 김천시 덕곡동,경상사고,0,0,4,0,차대차 - 측면충돌,안전거리미확보,건조,맑음,교차로 - 교차로부근,승용,남,59세,상해없음,승용,남,38세,경상
2019022400100280,2019년 2월 24일 16시,일요일,경상북도 칠곡군 가산면,부상신고사고,0,0,0,2,차대차 - 추돌,안전운전불이행,건조,맑음,단일로 - 기타,승용,여,39세,상해없음,승용,여,39세,상해없음
2019022400100281,2019년 2월 24일 16시,일요일,경상북도 영덕군 영해면,경상사고,0,0,1,0,차대차 - 후진중충돌,안전운전불이행,건조,맑음,교차로 - 교차로부근,화물,남,81세,상해없음,승용,남,50세,경상
2019022400100282,2019년 2월 24일 16시,일요일,경상북도 고령군 덕곡면,중상사고,0,1,0,0,차량단독 - 전도전복 - 전도,안전운전불이행,건조,맑음,단일로 - 지하차도(도로)내,이륜,남,69세,중상,,,,
2019022400100309,2019년 2월 24일 17시,일요일,경상북도 경주시 배반동,경상사고,0,0,2,0,차대차 - 기타,안전운전불이행,건조,맑음,단일로 - 기타,승용,남,70세,상해없음,승용,남,21세,경상
2019022400100310,2019년 2월 24일 17시,일요일,경상북도 포항시 북구 죽도동,경상사고,0,0,1,0,차대사람 - 차도통행중,안전운전불이행,건조,맑음,단일로 - 기타,승용,여,54세,상해없음,보행자,남,4세,경상
2019022400100334,2019년 2월 24일 18시,일요일,경상북도 포항시 북구 두호동,경상사고,0,0,2,0,차대차 - 측면충돌,직진우회전진행방해,건조,맑음,교차로 - 교차로안,승용,남,31세,상해없음,화물,남,58세,경상
2019022400100361,2019년 2월 24일 19시,일요일,미분류 미분류 미분류,경상사고,0,0,2,0,차대사람 - 기타,안전운전불이행,건조,맑음,기타 - 기타,승용,남,72세,상해없음,보행자,남,21세,경상
2019022400100412,2019년 2월 24일 21시,일요일,경상북도 구미시 황상동,경상사고,0,0,1,0,차대차 - 기타,직진우회전진행방해,건조,맑음,교차로 - 교차로안,이륜,남,51세,경상,승용,남,55세,상해없음
2019022400100449,2019년 2월 24일 23시,일요일,경상북도 구미시 도량동,중상사고,0,2,0,0,차대차 - 기타,안전운전불이행,건조,맑음,교차로 - 교차로부근,승용,여,54세,상해없음,승용,남,30세,중상
2019022500100030,2019년 2월 25일 01시,월요일,경상북도 안동시 태화동,경상사고,0,0,1,0,차대차 - 정면충돌,안전운전불이행,건조,맑음,교차로 - 교차로안,승용,남,19세,상해없음,승용,여,59세,경상
2019022500100113,2019년 2월 25일 08시,월요일,경상북도 안동시 옥동,경상사고,0,0,1,0,차대사람 - 횡단중,보행자보호의무위반,건조,맑음,단일로 - 기타,승용,남,43세,상해없음,보행자,남,53세,경상
2019022500100114,2019년 2월 25일 08시,월요일,경상북도 상주시 남성동,중상사고,0,1,0,0,차대차 - 측면충돌,안전운전불이행,건조,맑음,교차로 - 교차로안,자전거,여,72세,중상,자전거,여,76세,상해없음
2019022500100115,2019년 2월 25일 08시,월요일,경상북도 포항시 남구 오천읍,경상사고,0,0,4,0,차대차 - 측면충돌,교차로운행방법위반,건조,맑음,교차로 - 교차로안,승용,남,38세,경상,승합,남,46세,경상
2019022500100184,2019년 2월 25일 10시,월요일,경상북도 경산시 하양읍,중상사고,0,1,0,0,차대사람 - 횡단중,보행자보호의무위반,건조,맑음,교차로 - 교차로횡단보도내,승용,여,62세,상해없음,보행자,남,69세,중상
2019022500100185,2019년 2월 25일 10시,월요일,경상북도 울진군 온정면,경상사고,0,0,1,0,차대차 - 측면충돌,중앙선침범,건조,맑음,교차로 - 교차로안,이륜,남,82세,경상,화물,남,71세,상해없음
2019022500100214,2019년 2월 25일 11시,월요일,경상북도 구미시 신동,중상사고,0,2,0,0,차량단독 - 전도전복 - 전도,안전운전불이행,건조,맑음,단일로 - 교량,농기계,남,83세,중상,,,,
2019022500100215,2019년 2월 25일 11시,월요일,경상북도 포항시 남구 동촌동,경상사고,0,0,1,0,차대차 - 측면충돌,신호위반,건조,맑음,교차로 - 교차로안,이륜,남,44세,경상,승용,남,50세,상해없음
2019022500100252,2019년 2월 25일 12시,월요일,경상북도 포항시 북구 죽도동,경상사고,0,0,1,0,차대차 - 추돌,안전운전불이행,건조,맑음,교차로 - 교차로부근,승용,남,41세,상해없음,승용,남,44세,경상
2019022500100253,2019년 2월 25일 12시,월요일,경상북도 상주시 냉림동,중상사고,0,1,0,0,차대차 - 측면충돌,안전운전불이행,건조,맑음,교차로 - 교차로안,승용,남,68세,상해없음,이륜,남,67세,중상
2019022500100254,2019년 2월 25일 12시,월요일,경상북도 경산시 백천동,경상사고,0,0,1,0,차대사람 - 횡단중,교차로운행방법위반,건조,맑음,교차로 - 교차로안,화물,남,31세,상해없음,보행자,남,64세,경상
2019022500100280,2019년 2월 25일 13시,월요일,경상북도 포항시 북구 장성동,경상사고,0,0,1,0,차대차 - 기타,안전운전불이행,건조,맑음,교차로 - 교차로안,승용,남,45세,상해없음,승용,여,64세,경상
2019022500100281,2019년 2월 25일 13시,월요일,경상북도 봉화군 석포면,경상사고,0,0,3,0,차대차 - 정면충돌,중앙선침범,건조,맑음,교차로 - 교차로부근,화물,남,20세,상해없음,승용,여,62세,경상
2019022500100282,2019년 2월 25일 13시,월요일,경상북도 구미시 구평동,중상사고,0,1,0,0,차대차 - 기타,안전운전불이행,건조,맑음,교차로 - 교차로부근,승용,남,46세,상해없음,승용,남,32세,중상
2019022500100355,2019년 2월 25일 15시,월요일,경상북도 안동시 송천동,중상사고,0,1,0,0,차대사람 - 횡단중,안전운전불이행,건조,맑음,단일로 - 기타,화물,남,57세,상해없음,보행자,남,45세,중상
2019022500100356,2019년 2월 25일 15시,월요일,경상북도 김천시 용두동,중상사고,0,1,0,0,차대사람 - 차도통행중,안전운전불이행,건조,맑음,단일로 - 기타,승용,여,49세,상해없음,보행자,남,80세,중상
2019022500100357,2019년 2월 25일 15시,월요일,경상북도 상주시 부원동,중상사고,0,1,0,0,차대차 - 측면충돌,중앙선침범,건조,맑음,단일로 - 기타,화물,남,67세,상해없음,이륜,남,47세,중상
2019022500100358,2019년 2월 25일 15시,월요일,경상북도 포항시 남구 동해면,중상사고,0,1,3,0,차대차 - 측면충돌,중앙선침범,건조,맑음,단일로 - 기타,승용,남,31세,상해없음,화물,남,67세,경상
2019022500100379,2019년 2월 25일 16시,월요일,경상북도 문경시 점촌동,경상사고,0,0,2,0,차대차 - 측면충돌,직진우회전진행방해,건조,맑음,교차로 - 교차로안,승용,남,37세,경상,승용,여,48세,경상
2019022500100417,2019년 2월 25일 17시,월요일,경상북도 포항시 북구 양덕동,부상신고사고,0,0,0,1,차대차 - 기타,교차로운행방법위반,건조,맑음,교차로 - 교차로안,이륜,남,17세,상해없음,승용,여,29세,부상신고
2019022500100418,2019년 2월 25일 17시,월요일,경상북도 안동시 안막동,중상사고,0,1,2,0,차대차 - 정면충돌,중앙선침범,건조,맑음,단일로 - 기타,화물,남,60세,상해없음,승용,여,50세,중상
2019022500100419,2019년 2월 25일 17시,월요일,경상북도 영천시 화룡동,경상사고,0,0,1,0,차대차 - 추돌,안전운전불이행,건조,맑음,단일로 - 기타,승용,남,48세,상해없음,승용,여,57세,경상
2019022500100461,2019년 2월 25일 18시,월요일,경상북도 김천시 어모면,중상사고,0,1,2,0,차대차 - 측면충돌,중앙선침범,건조,맑음,교차로 - 교차로부근,화물,남,69세,상해없음,승용,여,39세,중상
2019022500100462,2019년 2월 25일 18시,월요일,경상북도 상주시 중동면,사망사고,1,0,0,0,차대차 - 추돌,안전운전불이행,건조,맑음,단일로 - 교량,화물,남,52세,상해없음,농기계,남,68세,사망
2019022500100463,2019년 2월 25일 18시,월요일,경상북도 경산시 중방동,경상사고,0,0,1,0,차대차 - 기타,안전운전불이행,건조,맑음,단일로 - 기타,승용,남,66세,상해없음,승합,남,55세,상해없음
2019022500100464,2019년 2월 25일 18시,월요일,경상북도 경산시 계양동,경상사고,0,0,1,0,차대차 - 기타,안전거리미확보,건조,맑음,단일로 - 기타,이륜,남,76세,경상,승용,남,29세,상해없음
2019022500100465,2019년 2월 25일 18시,월요일,경상북도 성주군 선남면,중상사고,0,1,0,0,차대차 - 기타,안전운전불이행,건조,맑음,교차로 - 교차로안,승용,남,75세,상해없음,승용,여,50세,중상
2019022500100502,2019년 2월 25일 19시,월요일,경상북도 안동시 옥야동,경상사고,0,0,2,0,차대차 - 정면충돌,신호위반,건조,맑음,교차로 - 교차로안,승용,남,50세,경상,승용,남,25세,경상
2019022500100503,2019년 2월 25일 19시,월요일,경상북도 상주시 모동면,중상사고,0,1,0,0,차대차 - 기타,안전운전불이행,건조,맑음,단일로 - 기타,화물,여,62세,상해없음,화물,남,48세,기타불명
2019022500100504,2019년 2월 25일 19시,월요일,경상북도 칠곡군 왜관읍,경상사고,0,0,1,0,차대사람 - 길가장자리구역통행중,안전운전불이행,건조,맑음,교차로 - 교차로부근,승합,여,43세,상해없음,보행자,남,70세,경상
2019022500100505,2019년 2월 25일 19시,월요일,경상북도 구미시 송정동,사망사고,1,0,0,0,차대사람 - 횡단중,안전운전불이행,건조,맑음,교차로 - 교차로부근,승용,남,36세,상해없음,보행자,여,60세,사망
2019022500100506,2019년 2월 25일 19시,월요일,경상북도 구미시 도량동,경상사고,0,0,1,0,차대사람 - 횡단중,안전운전불이행,건조,맑음,단일로 - 기타,승용,여,44세,상해없음,보행자,남,19세,경상
2019022500100535,2019년 2월 25일 20시,월요일,경상북도 구미시 봉곡동,경상사고,0,0,1,0,차대차 - 기타,중앙선침범,건조,맑음,단일로 - 기타,이륜,남,18세,상해없음,이륜,남,41세,경상
2019022500100564,2019년 2월 25일 21시,월요일,경상북도 경산시 계양동,경상사고,0,0,2,0,차대차 - 측면충돌,교차로운행방법위반,건조,맑음,교차로 - 교차로부근,승용,남,48세,상해없음,이륜,남,18세,경상
2019022500100582,2019년 2월 25일 22시,월요일,경상북도 김천시 남산동,경상사고,0,0,1,0,차대차 - 추돌,안전운전불이행,건조,맑음,단일로 - 기타,승용,남,40세,경상,화물,여,55세,상해없음
2019022500100583,2019년 2월 25일 22시,월요일,경상북도 칠곡군 석적읍,부상신고사고,0,0,0,1,차대차 - 측면충돌,안전운전불이행,건조,맑음,주차장 - 주차장,승용,남,37세,부상신고,승용,여,27세,기타불명
2019022600100057,2019년 2월 26일 05시,화요일,경상북도 구미시 상모동,중상사고,0,1,0,0,차량단독 - 공작물충돌,안전운전불이행,건조,맑음,단일로 - 기타,이륜,남,24세,중상,,,,
2019022600100072,2019년 2월 26일 06시,화요일,경상북도 경주시 석장동,사망사고,1,0,0,0,차량단독 - 공작물충돌,안전운전불이행,건조,맑음,교차로 - 교차로부근,승용,남,40세,사망,,,,
2019022600100115,2019년 2월 26일 08시,화요일,경상북도 경주시 외동읍,중상사고,0,1,0,0,차대사람 - 횡단중,안전운전불이행,건조,맑음,단일로 - 기타,승합,남,51세,상해없음,보행자,여,46세,중상
2019022600100116,2019년 2월 26일 08시,화요일,경상북도 의성군 봉양면,중상사고,0,1,0,0,차대차 - 정면충돌,신호위반,건조,맑음,교차로 - 교차로안,승용,여,55세,중상,화물,남,60세,상해없음
2019022600100117,2019년 2월 26일 08시,화요일,경상북도 영천시 완산동,중상사고,0,1,0,0,차대차 - 측면충돌,안전운전불이행,건조,맑음,교차로 - 교차로횡단보도내,승용,여,25세,상해없음,자전거,남,30세,중상
2019022600100149,2019년 2월 26일 09시,화요일,경상북도 김천시 평화동,중상사고,0,1,0,0,차대사람 - 차도통행중,안전운전불이행,건조,맑음,교차로 - 교차로부근,승용,여,34세,상해없음,보행자,여,79세,중상
2019022600100150,2019년 2월 26일 09시,화요일,경상북도 구미시 송정동,경상사고,0,0,2,0,차대차 - 측면충돌,신호위반,건조,맑음,교차로 - 교차로안,승용,여,54세,상해없음,승용,여,30세,경상
2019022600100175,2019년 2월 26일 10시,화요일,경상북도 안동시 정상동,중상사고,0,1,2,0,차대차 - 측면충돌,안전운전불이행,건조,맑음,단일로 - 기타,승용,여,47세,상해없음,승용,여,41세,경상
2019022600100205,2019년 2월 26일 11시,화요일,경상북도 영천시 화남면,경상사고,0,0,2,0,차대차 - 측면충돌,안전운전불이행,건조,맑음,단일로 - 기타,화물,여,50세,상해없음,승용,남,60세,경상
2019022600100206,2019년 2월 26일 11시,화요일,경상북도 포항시 남구 오천읍,중상사고,0,1,0,0,차대차 - 측면충돌,안전운전불이행,건조,맑음,단일로 - 기타,특수,남,59세,상해없음,이륜,남,78세,중상
2019022600100241,2019년 2월 26일 12시,화요일,경상북도 경산시 사동,경상사고,0,0,1,0,차대차 - 측면충돌,안전운전불이행,건조,맑음,단일로 - 기타,승용,남,53세,상해없음,화물,남,39세,경상
2019022600100242,2019년 2월 26일 12시,화요일,경상북도 구미시 봉곡동,부상신고사고,0,0,0,1,차대차 - 추돌,안전운전불이행,건조,맑음,단일로 - 기타,원동기,남,47세,부상신고,승용,여,57세,상해없음
2019022600100243,2019년 2월 26일 12시,화요일,경상북도 포항시 남구 송도동,중상사고,0,1,0,0,차대사람 - 기타,보행자보호의무위반,건조,맑음,교차로 - 교차로안,승용,여,49세,상해없음,보행자,남,77세,중상
2019022600100273,2019년 2월 26일 13시,화요일,경상북도 김천시 아포읍,경상사고,0,0,1,0,차대차 - 기타,안전운전불이행,건조,맑음,단일로 - 터널,특수,남,59세,상해없음,특수,남,54세,상해없음
2019022600100296,2019년 2월 26일 14시,화요일,경상북도 경주시 안강읍,중상사고,0,1,0,0,차량단독 - 전도전복 - 전도,안전운전불이행,건조,맑음,교차로 - 교차로부근,농기계,남,35세,중상,,,,
2019022600100297,2019년 2월 26일 14시,화요일,경상북도 경주시 충효동,중상사고,0,1,0,0,차대차 - 측면충돌,안전운전불이행,건조,맑음,단일로 - 기타,승용,여,45세,상해없음,이륜,남,83세,중상
2019022600100298,2019년 2월 26일 14시,화요일,경상북도 포항시 북구 죽도동,중상사고,0,1,0,0,차대차 - 측면충돌,안전운전불이행,건조,맑음,단일로 - 기타,승용,여,58세,상해없음,자전거,여,60세,중상
2019022600100299,2019년 2월 26일 14시,화요일,경상북도 안동시 용상동,경상사고,0,0,2,0,차대차 - 측면충돌,교차로운행방법위반,건조,맑음,교차로 - 교차로안,승용,남,27세,경상,승용,여,42세,경상
2019022600100300,2019년 2월 26일 14시,화요일,경상북도 문경시 흥덕동,경상사고,0,0,1,0,차대차 - 측면충돌,안전운전불이행,건조,맑음,단일로 - 기타,승용,남,74세,경상,화물,남,33세,상해없음
2019022600100301,2019년 2월 26일 14시,화요일,경상북도 문경시 모전동,경상사고,0,0,1,0,차대차 - 측면충돌,안전운전불이행,건조,맑음,교차로 - 교차로안,승용,남,35세,상해없음,건설기계,남,52세,경상
2019022600100336,2019년 2월 26일 15시,화요일,경상북도 경주시 안강읍,중상사고,0,1,1,0,차대차 - 측면충돌,기타,건조,맑음,교차로 - 교차로안,화물,남,58세,상해없음,승용,여,53세,중상
2019022600100337,2019년 2월 26일 15시,화요일,경상북도 영천시 문외동,중상사고,0,1,2,0,차대사람 - 횡단중,과속,건조,맑음,단일로 - 기타,승용,남,38세,경상,보행자,여,29세,중상
2019022600100338,2019년 2월 26일 15시,화요일,경상북도 구미시 선산읍,경상사고,0,0,1,0,차대차 - 측면충돌,안전운전불이행,건조,맑음,단일로 - 기타,화물,남,66세,상해없음,승용,여,55세,경상
2019022600100403,2019년 2월 26일 17시,화요일,경상북도 경주시 천북면,중상사고,0,1,0,1,차대차 - 측면충돌,안전운전불이행,건조,맑음,교차로 - 교차로부근,승용,여,51세,중상,승용,남,27세,부상신고
2019022600100404,2019년 2월 26일 17시,화요일,경상북도 안동시 송현동,사망사고,1,4,1,0,차대차 - 기타,안전운전불이행,건조,맑음,교차로 - 교차로안,승용,남,21세,중상,승용,남,50세,중상
2019022600100405,2019년 2월 26일 17시,화요일,경상북도 영천시 망정동,경상사고,0,0,1,0,차대차 - 측면충돌,교차로운행방법위반,건조,맑음,교차로 - 교차로안,승용,남,58세,상해없음,승용,남,23세,경상
2019022600100406,2019년 2월 26일 17시,화요일,경상북도 경산시 대동,경상사고,0,0,2,0,차대차 - 추돌,안전운전불이행,건조,맑음,교차로 - 교차로부근,승용,여,27세,상해없음,이륜,남,23세,경상
2019022600100407,2019년 2월 26일 17시,화요일,경상북도 영천시 임고면,중상사고,0,1,1,0,차대차 - 기타,과속,건조,맑음,단일로 - 기타,승용,남,59세,경상,승합,남,57세,상해없음
2019022600100435,2019년 2월 26일 18시,화요일,경상북도 문경시 모전동,경상사고,0,0,1,1,차대차 - 측면충돌,안전운전불이행,건조,맑음,교차로 - 교차로안,승용,남,69세,부상신고,승용,여,59세,경상
2019022600100436,2019년 2월 26일 18시,화요일,경상북도 영양군 일월면,경상사고,0,0,2,0,차대차 - 측면충돌,중앙선침범,건조,맑음,단일로 - 기타,화물,남,67세,상해없음,승용,남,75세,경상
2019022600100471,2019년 2월 26일 19시,화요일,경상북도 청도군 청도읍,경상사고,0,0,1,0,차대차 - 측면충돌,교차로운행방법위반,건조,맑음,교차로 - 교차로안,승용,여,47세,경상,승용,여,52세,상해없음
2019022600100472,2019년 2월 26일 19시,화요일,경상북도 군위군 군위읍,중상사고,0,1,0,0,차대사람 - 횡단중,안전운전불이행,건조,맑음,단일로 - 기타,승용,여,36세,상해없음,보행자,여,88세,중상
2019022600100497,2019년 2월 26일 20시,화요일,경상북도 구미시 송정동,경상사고,0,0,5,0,차대차 - 측면충돌,교차로운행방법위반,건조,맑음,교차로 - 교차로안,승용,여,48세,상해없음,승용,남,22세,경상
2019022600100520,2019년 2월 26일 21시,화요일,경상북도 포항시 북구 우현동,경상사고,0,0,1,0,차대차 - 기타,안전운전불이행,건조,맑음,단일로 - 기타,승용,남,71세,상해없음,승용,여,27세,경상
2019022600100521,2019년 2월 26일 21시,화요일,경상북도 문경시 모전동,경상사고,0,0,2,0,차대차 - 추돌,안전운전불이행,기타,맑음,교차로 - 교차로안,승용,남,52세,상해없음,승용,남,35세,경상
2019022600100522,2019년 2월 26일 21시,화요일,경상북도 경산시 압량면,경상사고,0,0,3,0,차대차 - 기타,안전운전불이행,건조,맑음,교차로 - 교차로안,승용,남,21세,상해없음,승합,남,54세,상해없음
2019022600100538,2019년 2월 26일 22시,화요일,경상북도 구미시 송정동,경상사고,0,0,2,0,차대차 - 기타,교차로운행방법위반,건조,맑음,교차로 - 교차로안,승용,남,37세,상해없음,승용,여,58세,경상
2019022600100568,2019년 2월 26일 23시,화요일,경상북도 구미시 원평동,경상사고,0,0,2,0,차대차 - 추돌,안전운전불이행,건조,맑음,교차로 - 교차로부근,승용,남,39세,상해없음,승용,남,26세,경상
2019022700100036,2019년 2월 27일 01시,수요일,경상북도 칠곡군 동명면,사망사고,1,1,0,0,차대차 - 추돌,안전운전불이행,건조,맑음,교차로 - 교차로부근,화물,남,56세,사망,화물,남,49세,중상
2019022700100053,2019년 2월 27일 03시,수요일,경상북도 포항시 북구 학산동,중상사고,0,1,0,0,차대사람 - 기타,안전운전불이행,건조,맑음,교차로 - 교차로부근,승합,남,51세,상해없음,보행자,남,42세,중상
2019022700100073,2019년 2월 27일 06시,수요일,경상북도 경주시 황성동,경상사고,0,0,1,0,차대차 - 측면충돌,안전운전불이행,건조,맑음,교차로 - 교차로안,승합,남,48세,상해없음,승용,남,71세,경상
2019022700100117,2019년 2월 27일 08시,수요일,경상북도 포항시 북구 항구동,경상사고,0,0,2,0,차량단독 - 기타,안전운전불이행,건조,맑음,단일로 - 기타,승용,남,71세,상해없음,,,,
2019022700100118,2019년 2월 27일 08시,수요일,경상북도 예천군 예천읍,중상사고,0,1,0,0,차대차 - 측면충돌,안전운전불이행,건조,맑음,교차로 - 교차로안,승용,남,32세,상해없음,화물,남,70세,중상
2019022700100119,2019년 2월 27일 08시,수요일,경상북도 구미시 남통동,중상사고,0,1,0,0,차대사람 - 기타,안전운전불이행,건조,맑음,단일로 - 기타,승용,여,53세,상해없음,보행자,여,42세,중상
2019022700100120,2019년 2월 27일 08시,수요일,경상북도 구미시 황상동,경상사고,0,0,2,0,차대차 - 측면충돌,안전운전불이행,건조,맑음,단일로 - 기타,승용,남,58세,상해없음,승용,여,36세,경상
2019022700100139,2019년 2월 27일 09시,수요일,경상북도 영천시 금호읍,중상사고,0,1,0,0,차대사람 - 횡단중,안전운전불이행,건조,맑음,단일로 - 기타,승용,남,32세,상해없음,보행자,여,75세,중상
2019022700100174,2019년 2월 27일 10시,수요일,경상북도 포항시 남구 장기면,중상사고,0,2,3,2,차대차 - 측면충돌,직진우회전진행방해,젖음/습기,흐림,교차로 - 교차로안,건설기계,남,50세,상해없음,승합,남,53세,경상
2019022700100236,2019년 2월 27일 12시,수요일,경상북도 영천시 임고면,경상사고,0,0,1,0,차대차 - 후진중충돌,안전운전불이행,건조,맑음,단일로 - 기타,화물,남,65세,상해없음,승용,여,59세,경상
2019022700100237,2019년 2월 27일 12시,수요일,경상북도 문경시 문경읍,경상사고,0,0,1,0,차대차 - 측면충돌,안전운전불이행,건조,맑음,단일로 - 기타,승용,여,60세,상해없음,승용,남,52세,경상
2019022700100238,2019년 2월 27일 12시,수요일,경상북도 성주군 벽진면,경상사고,0,0,1,0,차대차 - 기타,안전운전불이행,건조,맑음,교차로 - 교차로안,승합,남,47세,상해없음,자전거,남,67세,경상
2019022700100239,2019년 2월 27일 12시,수요일,경상북도 포항시 남구 이동,경상사고,0,0,1,0,차대차 - 측면충돌,안전운전불이행,건조,맑음,주차장 - 주차장,승용,남,43세,상해없음,승용,남,43세,경상
2019022700100240,2019년 2월 27일 12시,수요일,경상북도 안동시 일직면,경상사고,0,0,2,2,차대차 - 추돌,안전거리미확보,건조,맑음,단일로 - 기타,승용,남,46세,상해없음,승용,남,41세,경상
2019022700100261,2019년 2월 27일 13시,수요일,경상북도 봉화군 상운면,사망사고,1,0,0,0,차대차 - 기타,안전운전불이행,건조,맑음,단일로 - 기타,화물,남,53세,상해없음,이륜,남,83세,사망
2019022700100320,2019년 2월 27일 15시,수요일,경상북도 포항시 북구 상원동,중상사고,0,2,0,0,차대차 - 기타,안전운전불이행,건조,맑음,교차로 - 교차로안,승용,여,32세,상해없음,승용,여,31세,중상
2019022700100321,2019년 2월 27일 15시,수요일,경상북도 칠곡군 왜관읍,중상사고,0,1,0,0,차대사람 - 횡단중,안전운전불이행,건조,맑음,교차로 - 교차로부근,승용,여,57세,상해없음,보행자,여,64세,중상
2019022700100322,2019년 2월 27일 15시,수요일,경상북도 문경시 점촌동,중상사고,0,1,0,0,차대사람 - 횡단중,보행자보호의무위반,건조,맑음,교차로 - 교차로횡단보도내,승용,남,58세,상해없음,보행자,남,66세,중상
2019022700100349,2019년 2월 27일 16시,수요일,경상북도 영천시 완산동,중상사고,0,3,0,0,차대차 - 측면충돌,안전운전불이행,건조,맑음,단일로 - 기타,화물,남,58세,중상,이륜,남,54세,중상
2019022700100350,2019년 2월 27일 16시,수요일,경상북도 청도군 금천면,경상사고,0,0,1,0,차대차 - 측면충돌,교차로운행방법위반,건조,맑음,교차로 - 교차로안,승용,여,32세,상해없음,화물,남,33세,경상
2019022700100351,2019년 2월 27일 16시,수요일,경상북도 구미시 선산읍,중상사고,0,1,1,1,차대차 - 측면충돌,신호위반,젖음/습기,비,교차로 - 교차로안,화물,남,38세,부상신고,승용,남,78세,경상
2019022700100384,2019년 2월 27일 17시,수요일,경상북도 경주시 동천동,경상사고,0,0,1,0,차대차 - 측면충돌,안전운전불이행,건조,맑음,단일로 - 기타,승용,남,47세,상해없음,자전거,남,85세,경상
2019022700100385,2019년 2월 27일 17시,수요일,경상북도 영주시 가흥동,경상사고,0,0,1,0,차대차 - 측면충돌,신호위반,건조,맑음,교차로 - 교차로안,화물,남,54세,상해없음,화물,남,48세,경상
2019022700100386,2019년 2월 27일 17시,수요일,경상북도 구미시 고아읍,부상신고사고,0,0,0,1,차량단독 - 기타,안전운전불이행,건조,맑음,교차로 - 교차로부근,승용,남,46세,상해없음,,,,
2019022700100434,2019년 2월 27일 18시,수요일,경상북도 경주시 황성동,중상사고,0,1,0,0,차대차 - 측면충돌,안전운전불이행,건조,맑음,교차로 - 교차로안,승용,남,63세,상해없음,이륜,남,32세,중상
2019022700100435,2019년 2월 27일 18시,수요일,경상북도 김천시 남산동,경상사고,0,0,1,0,차대사람 - 횡단중,보행자보호의무위반,건조,맑음,교차로 - 교차로횡단보도내,승용,여,28세,상해없음,보행자,여,61세,경상
2019022700100436,2019년 2월 27일 18시,수요일,경상북도 영주시 영주동,부상신고사고,0,0,0,1,차대차 - 측면충돌,안전운전불이행,건조,맑음,단일로 - 기타,승용,여,44세,상해없음,이륜,남,16세,부상신고
2019022700100478,2019년 2월 27일 19시,수요일,경상북도 포항시 북구 두호동,경상사고,0,0,1,0,차대차 - 기타,안전운전불이행,건조,맑음,단일로 - 기타,승용,여,53세,상해없음,이륜,남,37세,경상
2019022700100479,2019년 2월 27일 19시,수요일,경상북도 경산시 진량읍,중상사고,0,1,0,0,차대차 - 측면충돌,안전운전불이행,건조,맑음,단일로 - 기타,승합,남,54세,상해없음,승용,남,33세,중상
2019022700100505,2019년 2월 27일 20시,수요일,경상북도 영주시 가흥동,중상사고,0,1,0,0,차대사람 - 차도통행중,안전운전불이행,건조,맑음,미분류 - 미분류,이륜,남,40세,상해없음,보행자,여,78세,중상
2019022700100506,2019년 2월 27일 20시,수요일,경상북도 칠곡군 지천면,중상사고,0,1,1,0,차대차 - 측면충돌,안전운전불이행,건조,맑음,단일로 - 기타,화물,남,43세,중상,건설기계,남,46세,경상
2019022700100507,2019년 2월 27일 20시,수요일,경상북도 경산시 옥산동,경상사고,0,0,4,0,차대차 - 후진중충돌,안전운전불이행,건조,맑음,단일로 - 기타,승용,여,53세,상해없음,승용,남,29세,경상