사고번호,사고일시,요일,시군구,사고내용,사망자수,중상자수,경상자수,부상신고자수,사고유형,법규위반,노면상태,기상상태,도로형태,가해운전자 차종,가해운전자 성별,가해운전자 연령,가해운전자 상해정도,피해운전자 차종,피해운전자 성별,피해운전자 연령,피해운전자 상해정도
2019022700100527,2019년 2월 27일 21시,수요일,경상북도 경주시 외동읍,경상사고,0,0,1,0,차대차 - 추돌,안전운전불이행,건조,맑음,단일로 - 기타,승용,남,40세,상해없음,승용,남,28세,경상
2019022700100528,2019년 2월 27일 21시,수요일,경상북도 성주군 벽진면,경상사고,0,0,1,0,차량단독 - 공작물충돌,안전운전불이행,건조,맑음,단일로 - 기타,승용,남,53세,경상,,,,
2019022700100529,2019년 2월 27일 21시,수요일,경상북도 구미시 진평동,경상사고,0,0,3,1,차대차 - 측면충돌,신호위반,건조,맑음,교차로 - 교차로안,승용,여,51세,부상신고,승용,남,49세,경상
2019022700100573,2019년 2월 27일 23시,수요일,경상북도 포항시 북구 덕수동,중상사고,0,1,0,0,차대차 - 측면충돌,신호위반,건조,맑음,교차로 - 교차로안,승용,남,55세,상해없음,승용,여,46세,중상
2019022800100033,2019년 2월 28일 00시,목요일,경상북도 포항시 북구 장성동,중상사고,0,1,0,0,차대사람 - 횡단중,보행자보호의무위반,젖음/습기,비,교차로 - 교차로안,승합,남,49세,상해없음,보행자,남,51세,중상
2019022800100034,2019년 2월 28일 00시,목요일,경상북도 경산시 평산동,경상사고,0,0,1,1,차대차 - 측면충돌,신호위반,건조,맑음,교차로 - 교차로안,승용,남,63세,부상신고,승용,남,43세,경상
2019022800100051,2019년 2월 28일 01시,목요일,경상북도 영천시 조교동,경상사고,0,0,1,0,차량단독 - 공작물충돌,안전운전불이행,건조,맑음,교차로 - 교차로안,승용,남,35세,경상,,,,
2019022800100133,2019년 2월 28일 08시,목요일,경상북도 경주시 건천읍,중상사고,0,2,0,0,차대차 - 측면충돌,신호위반,건조,맑음,교차로 - 교차로안,화물,남,75세,상해없음,승합,여,38세,중상
2019022800100134,2019년 2월 28일 08시,목요일,경상북도 경산시 남산면,경상사고,0,0,1,0,차대차 - 기타,안전운전불이행,젖음/습기,안개,교차로 - 교차로안,승용,여,30세,상해없음,승용,남,31세,경상
2019022800100155,2019년 2월 28일 09시,목요일,경상북도 경주시 성건동,경상사고,0,0,1,0,차대사람 - 기타,중앙선침범,건조,맑음,단일로 - 기타,승용,여,63세,상해없음,보행자,남,69세,경상
2019022800100156,2019년 2월 28일 09시,목요일,경상북도 구미시 진평동,경상사고,0,0,2,1,차대차 - 기타,안전운전불이행,건조,맑음,교차로 - 교차로부근,승용,남,30세,부상신고,승용,여,47세,경상
2019022800100252,2019년 2월 28일 12시,목요일,경상북도 구미시 인의동,경상사고,0,0,1,0,차대차 - 기타,안전운전불이행,건조,맑음,단일로 - 기타,승용,남,48세,상해없음,이륜,남,24세,경상
2019022800100285,2019년 2월 28일 13시,목요일,경상북도 경주시 성건동,경상사고,0,0,1,0,차대차 - 측면충돌,안전운전불이행,건조,맑음,교차로 - 교차로안,승용,남,61세,상해없음,이륜,남,42세,경상
2019022800100286,2019년 2월 28일 13시,목요일,경상북도 포항시 북구 우현동,경상사고,0,0,2,0,차대차 - 기타,안전운전불이행,건조,맑음,단일로 - 기타,승용,남,68세,상해없음,승용,남,37세,경상
2019022800100287,2019년 2월 28일 13시,목요일,경상북도 포항시 남구 해도동,경상사고,0,0,1,0,차대차 - 기타,신호위반,건조,맑음,교차로 - 교차로안,승용,남,15세,상해없음,승용,남,43세,경상
2019022800100320,2019년 2월 28일 14시,목요일,경상북도 구미시 원평동,중상사고,0,1,1,0,차대차 - 기타,안전운전불이행,건조,맑음,교차로 - 교차로부근,승용,남,69세,상해없음,이륜,남,73세,경상
2019022800100348,2019년 2월 28일 15시,목요일,경상북도 포항시 남구 대잠동,경상사고,0,0,1,0,차대사람 - 기타,안전운전불이행,건조,맑음,교차로 - 교차로부근,승용,남,65세,상해없음,보행자,남,25세,경상
2019022800100386,2019년 2월 28일 16시,목요일,경상북도 상주시 남성동,경상사고,0,0,1,0,차대차 - 추돌,안전운전불이행,건조,맑음,단일로 - 기타,이륜,남,24세,상해없음,승용,여,66세,경상
2019022800100387,2019년 2월 28일 16시,목요일,경상북도 칠곡군 지천면,중상사고,0,1,0,0,차대차 - 추돌,안전운전불이행,건조,맑음,단일로 - 기타,화물,남,69세,상해없음,이륜,여,16세,중상
2019022800100388,2019년 2월 28일 16시,목요일,경상북도 영천시 금호읍,경상사고,0,0,1,0,차대차 - 측면충돌,안전운전불이행,건조,맑음,단일로 - 기타,승용,남,23세,상해없음,이륜,남,72세,경상
2019022800100389,2019년 2월 28일 16시,목요일,경상북도 구미시 원평동,경상사고,0,0,1,0,차대차 - 기타,안전운전불이행,건조,맑음,교차로 - 교차로부근,승용,여,32세,상해없음,승용,남,43세,경상
2019022800100422,2019년 2월 28일 17시,목요일,경상북도 김천시 어모면,중상사고,0,1,1,0,차대차 - 추돌,안전운전불이행,건조,맑음,단일로 - 기타,승용,남,21세,상해없음,승용,여,39세,중상
2019022800100423,2019년 2월 28일 17시,목요일,경상북도 구미시 송정동,경상사고,0,0,1,0,차대차 - 추돌,안전운전불이행,건조,맑음,교차로 - 교차로안,화물,남,52세,상해없음,승용,남,59세,경상
2019022800100424,2019년 2월 28일 17시,목요일,경상북도 포항시 남구 오천읍,중상사고,0,1,0,0,차대차 - 측면충돌,중앙선침범,건조,맑음,교차로 - 교차로부근,승용,여,52세,상해없음,승용,여,52세,중상
2019022800100455,2019년 2월 28일 18시,목요일,경상북도 영천시 금호읍,중상사고,0,1,0,0,차대사람 - 횡단중,안전운전불이행,건조,맑음,단일로 - 기타,이륜,남,75세,상해없음,보행자,여,85세,중상
2019022800100456,2019년 2월 28일 18시,목요일,경상북도 경산시 진량읍,경상사고,0,0,1,0,차대차 - 측면충돌,교차로운행방법위반,건조,맑음,교차로 - 교차로안,화물,남,52세,상해없음,승용,남,28세,경상
2019022800100457,2019년 2월 28일 18시,목요일,경상북도 경산시 계양동,경상사고,0,0,1,0,차대차 - 정면충돌,중앙선침범,건조,맑음,단일로 - 기타,원동기,남,73세,경상,승용,남,49세,상해없음
2019022800100458,2019년 2월 28일 18시,목요일,경상북도 예천군 예천읍,경상사고,0,0,1,0,차량단독 - 공작물충돌,안전운전불이행,건조,맑음,교차로 - 교차로부근,승용,여,70세,경상,,,,
2019022800100459,2019년 2월 28일 18시,목요일,경상북도 구미시 고아읍,중상사고,0,1,1,0,차대차 - 측면충돌,직진우회전진행방해,건조,맑음,교차로 - 교차로안,화물,남,54세,상해없음,승용,남,38세,경상
2019022800100460,2019년 2월 28일 18시,목요일,경상북도 포항시 남구 효자동,중상사고,0,1,0,0,차대차 - 측면충돌,안전운전불이행,건조,맑음,교차로 - 교차로안,승용,남,32세,상해없음,자전거,남,23세,중상
2019022800100511,2019년 2월 28일 19시,목요일,경상북도 청도군 각남면,중상사고,0,1,0,0,차량단독 - 공작물충돌,안전운전불이행,건조,맑음,단일로 - 기타,화물,남,42세,중상,,,,
2019022800100512,2019년 2월 28일 19시,목요일,경상북도 구미시 인의동,부상신고사고,0,0,0,1,차대차 - 기타,신호위반,건조,맑음,교차로 - 교차로안,이륜,남,24세,부상신고,승용,남,25세,상해없음
2019022800100631,2019년 2월 28일 23시,목요일,경상북도 포항시 북구 죽도동,경상사고,0,0,2,0,차대차 - 추돌,안전운전불이행,건조,맑음,단일로 - 기타,승용,남,20세,상해없음,승용,남,50세,경상
2019030100100073,2019년 3월 1일 02시,금요일,경상북도 청도군 화양읍,중상사고,0,1,1,0,차대차 - 측면충돌,안전운전불이행,건조,맑음,단일로 - 기타,화물,남,52세,상해없음,화물,남,55세,경상
2019030100100092,2019년 3월 1일 04시,금요일,경상북도 구미시 진평동,경상사고,0,0,3,0,차대차 - 추돌,안전거리미확보,건조,맑음,단일로 - 기타,승용,남,52세,경상,승용,남,24세,상해없음
2019030100100113,2019년 3월 1일 06시,금요일,경상북도 안동시 옥야동,경상사고,0,0,1,0,차대차 - 측면충돌,안전운전불이행,건조,맑음,교차로 - 교차로안,자전거,남,68세,경상,승용,남,70세,상해없음
2019030100100114,2019년 3월 1일 06시,금요일,경상북도 영주시 이산면,중상사고,0,2,1,0,차량단독 - 공작물충돌,안전운전불이행,건조,맑음,기타 - 기타,승용,여,43세,경상,,,,
2019030100100124,2019년 3월 1일 07시,금요일,경상북도 경주시 건천읍,경상사고,0,0,1,0,차대차 - 측면충돌,기타,건조,맑음,교차로 - 교차로안,승용,남,61세,상해없음,승용,남,32세,경상
2019030100100125,2019년 3월 1일 07시,금요일,경상북도 칠곡군 왜관읍,중상사고,0,1,0,0,차대사람 - 기타,보행자보호의무위반,건조,맑음,단일로 - 기타,승용,남,30세,상해없음,보행자,남,84세,중상
2019030100100126,2019년 3월 1일 07시,금요일,경상북도 포항시 남구 해도동,중상사고,0,1,0,0,차대차 - 측면충돌,직진우회전진행방해,건조,맑음,교차로 - 교차로안,승용,남,68세,상해없음,이륜,남,58세,중상
2019030100100150,2019년 3월 1일 09시,금요일,경상북도 영덕군 남정면,중상사고,0,1,0,0,차대차 - 측면충돌,교차로운행방법위반,건조,맑음,교차로 - 교차로안,승합,남,66세,상해없음,이륜,남,62세,중상
2019030100100169,2019년 3월 1일 10시,금요일,경상북도 경주시 보문동,부상신고사고,0,0,0,1,차량단독 - 도로외이탈 - 기타,안전운전불이행,건조,맑음,단일로 - 기타,승용,남,26세,부상신고,,,,
2019030100100170,2019년 3월 1일 10시,금요일,경상북도 칠곡군 동명면,경상사고,0,0,1,0,차량단독 - 공작물충돌,안전운전불이행,건조,맑음,단일로 - 기타,화물,남,45세,경상,,,,
2019030100100171,2019년 3월 1일 10시,금요일,경상북도 영천시 금호읍,경상사고,0,0,1,0,차대차 - 추돌,안전거리미확보,건조,맑음,교차로 - 교차로부근,화물,남,49세,상해없음,화물,남,61세,경상
2019030100100172,2019년 3월 1일 10시,금요일,경상북도 김천시 아포읍,중상사고,0,1,8,0,차대차 - 추돌,안전운전불이행,건조,맑음,단일로 - 기타,화물,남,54세,상해없음,승용,남,29세,경상
2019030100100190,2019년 3월 1일 11시,금요일,경상북도 포항시 북구 죽도동,경상사고,0,0,4,0,차대차 - 정면충돌,안전거리미확보,건조,맑음,단일로 - 기타,화물,남,50세,상해없음,승용,남,50세,경상
2019030100100191,2019년 3월 1일 11시,금요일,경상북도 영천시 작산동,경상사고,0,0,3,0,차대차 - 측면충돌,중앙선침범,건조,맑음,교차로 - 교차로부근,승용,남,47세,경상,승용,남,52세,경상
2019030100100192,2019년 3월 1일 11시,금요일,경상북도 영덕군 영해면,경상사고,0,0,3,0,차대차 - 추돌,안전거리미확보,건조,맑음,교차로 - 교차로부근,승용,남,65세,상해없음,승용,여,29세,경상
2019030100100193,2019년 3월 1일 11시,금요일,경상북도 포항시 남구 장흥동,중상사고,0,1,0,0,차량단독 - 공작물충돌,안전운전불이행,건조,맑음,교차로 - 교차로안,특수,남,55세,중상,,,,
2019030100100214,2019년 3월 1일 12시,금요일,경상북도 경주시 양북면,중상사고,0,1,0,0,차대차 - 측면충돌,중앙선침범,건조,맑음,단일로 - 기타,자전거,남,40세,중상,승용,남,38세,상해없음
2019030100100241,2019년 3월 1일 13시,금요일,경상북도 경산시 남천면,경상사고,0,0,1,0,차대차 - 기타,기타,건조,맑음,단일로 - 기타,화물,남,49세,상해없음,승용,여,33세,경상
2019030100100277,2019년 3월 1일 14시,금요일,경상북도 경주시 내남면,경상사고,0,0,2,0,차대차 - 추돌,안전운전불이행,건조,맑음,교차로 - 교차로부근,승합,남,49세,상해없음,이륜,남,26세,경상
2019030100100326,2019년 3월 1일 16시,금요일,경상북도 경주시 양북면,사망사고,1,0,0,0,차량단독 - 전도전복 - 전도,안전운전불이행,건조,맑음,단일로 - 기타,농기계,남,82세,사망,,,,
2019030100100412,2019년 3월 1일 19시,금요일,경상북도 영주시 가흥동,경상사고,0,0,2,0,차대사람 - 횡단중,보행자보호의무위반,건조,맑음,교차로 - 교차로횡단보도내,승용,남,53세,상해없음,보행자,여,57세,경상
2019030100100413,2019년 3월 1일 19시,금요일,경상북도 문경시 호계면,중상사고,0,1,0,0,차량단독 - 전도전복 - 전도,안전운전불이행,건조,맑음,단일로 - 기타,건설기계,남,63세,중상,,,,
2019030100100414,2019년 3월 1일 19시,금요일,경상북도 경산시 자인면,중상사고,0,1,0,0,차대사람 - 기타,안전운전불이행,건조,맑음,단일로 - 기타,승용,남,71세,상해없음,보행자,남,69세,중상
2019030100100415,2019년 3월 1일 19시,금요일,경상북도 포항시 남구 상도동,중상사고,0,1,0,0,차대차 - 측면충돌,직진우회전진행방해,건조,맑음,교차로 - 교차로안,승용,남,62세,상해없음,이륜,남,58세,중상
2019030100100438,2019년 3월 1일 20시,금요일,경상북도 영주시 가흥동,경상사고,0,0,1,0,차대차 - 측면충돌,안전운전불이행,건조,맑음,단일로 - 기타,승용,남,42세,상해없음,이륜,남,16세,경상
2019030100100439,2019년 3월 1일 20시,금요일,경상북도 경산시 압량면,중상사고,0,1,0,0,차대차 - 추돌,안전운전불이행,건조,맑음,단일로 - 기타,승용,남,51세,상해없음,자전거,남,54세,중상
2019030100100440,2019년 3월 1일 20시,금요일,경상북도 영덕군 강구면,중상사고,0,1,2,1,차대차 - 측면충돌,중앙선침범,건조,맑음,교차로 - 교차로부근,승용,여,30세,부상신고,승용,남,42세,중상
2019030100100459,2019년 3월 1일 21시,금요일,경상북도 포항시 북구 양덕동,경상사고,0,0,1,0,차대차 - 후진중충돌,안전운전불이행,건조,맑음,단일로 - 기타,승용,남,39세,상해없음,이륜,남,51세,경상
2019030200100019,2019년 3월 2일 00시,토요일,경상북도 포항시 북구 죽도동,경상사고,0,0,1,0,차대차 - 측면충돌,중앙선침범,건조,맑음,단일로 - 기타,이륜,남,22세,경상,승용,남,60세,상해없음
2019030200100038,2019년 3월 2일 02시,토요일,경상북도 구미시 광평동,중상사고,0,1,0,0,차량단독 - 공작물충돌,안전운전불이행,건조,맑음,단일로 - 고가도로위,원동기,남,19세,중상,,,,
2019030200100098,2019년 3월 2일 08시,토요일,경상북도 문경시 산양면,부상신고사고,0,0,0,1,차대차 - 측면충돌,안전운전불이행,건조,맑음,교차로 - 교차로부근,승용,여,49세,부상신고,화물,남,52세,상해없음
2019030200100099,2019년 3월 2일 08시,토요일,경상북도 울진군 울진읍,경상사고,0,0,1,0,차량단독 - 공작물충돌,직진우회전진행방해,건조,맑음,교차로 - 교차로안,화물,여,46세,경상,,,,
2019030200100100,2019년 3월 2일 08시,토요일,경상북도 울진군 온정면,중상사고,0,1,1,0,차대사람 - 기타,안전운전불이행,건조,맑음,단일로 - 기타,승합,남,62세,상해없음,보행자,남,43세,중상
2019030200100113,2019년 3월 2일 09시,토요일,경상북도 영덕군 강구면,중상사고,0,1,2,0,차대차 - 추돌,안전운전불이행,건조,맑음,단일로 - 기타,승용,여,55세,상해없음,화물,남,55세,중상
2019030200100132,2019년 3월 2일 10시,토요일,경상북도 청도군 청도읍,중상사고,0,1,0,0,차대차 - 측면충돌,교차로운행방법위반,건조,맑음,교차로 - 교차로안,이륜,남,43세,중상,승용,남,68세,상해없음
2019030200100133,2019년 3월 2일 10시,토요일,경상북도 성주군 성주읍,경상사고,0,0,1,0,차대차 - 측면충돌,안전운전불이행,건조,맑음,교차로 - 교차로안,승용,남,77세,상해없음,승용,여,67세,경상
2019030200100180,2019년 3월 2일 12시,토요일,경상북도 문경시 문경읍,중상사고,0,1,0,0,차대차 - 추돌,안전운전불이행,건조,맑음,교차로 - 교차로안,승용,남,73세,상해없음,승용,남,42세,상해없음
2019030200100240,2019년 3월 2일 14시,토요일,경상북도 포항시 북구 환호동,경상사고,0,0,1,0,차대차 - 기타,안전운전불이행,건조,맑음,단일로 - 기타,승용,남,49세,상해없음,승용,여,29세,경상
2019030200100241,2019년 3월 2일 14시,토요일,경상북도 칠곡군 약목면,중상사고,0,4,1,0,차대차 - 측면충돌,교차로운행방법위반,건조,맑음,교차로 - 교차로안,승용,남,70세,경상,화물,남,62세,중상
2019030200100242,2019년 3월 2일 14시,토요일,경상북도 경산시 대동,경상사고,0,0,1,0,차대사람 - 기타,안전운전불이행,건조,맑음,단일로 - 기타,승용,남,27세,상해없음,보행자,여,20세,경상
2019030200100243,2019년 3월 2일 14시,토요일,경상북도 구미시 원평동,경상사고,0,0,1,0,차대차 - 기타,안전운전불이행,건조,맑음,교차로 - 교차로안,승용,여,18세,상해없음,승용,남,33세,경상
2019030200100275,2019년 3월 2일 15시,토요일,경상북도 영덕군 축산면,중상사고,0,1,3,0,차대차 - 추돌,안전운전불이행,건조,맑음,교차로 - 교차로안,특수,남,56세,상해없음,승용,남,72세,중상
2019030200100276,2019년 3월 2일 15시,토요일,경상북도 포항시 남구 구룡포읍,경상사고,0,0,3,0,차대차 - 추돌,안전운전불이행,건조,맑음,단일로 - 기타,화물,남,71세,상해없음,승용,남,57세,경상
2019030200100277,2019년 3월 2일 15시,토요일,경상북도 포항시 남구 오천읍,경상사고,0,0,1,0,차대차 - 기타,교차로운행방법위반,건조,맑음,교차로 - 교차로안,자전거,남,55세,경상,승용,남,50세,상해없음
2019030200100300,2019년 3월 2일 16시,토요일,경상북도 경주시 북군동,경상사고,0,0,2,0,차대차 - 측면충돌,안전운전불이행,건조,맑음,단일로 - 기타,승용,남,63세,상해없음,승용,남,42세,상해없음
2019030200100301,2019년 3월 2일 16시,토요일,경상북도 구미시 공단동,중상사고,0,1,0,0,차대차 - 기타,신호위반,건조,맑음,교차로 - 교차로안,승용,여,47세,상해없음,승용,남,33세,중상
2019030200100302,2019년 3월 2일 16시,토요일,경상북도 포항시 남구 구룡포읍,경상사고,0,0,3,0,차대차 - 측면충돌,신호위반,건조,맑음,단일로 - 기타,승용,남,59세,경상,승용,남,52세,경상
2019030200100328,2019년 3월 2일 17시,토요일,경상북도 포항시 남구 해도동,중상사고,0,1,0,0,차대차 - 기타,안전운전불이행,건조,맑음,교차로 - 교차로부근,자전거,남,35세,중상,승용,남,67세,상해없음
2019030200100369,2019년 3월 2일 18시,토요일,경상북도 영주시 조암동,경상사고,0,0,1,0,차대차 - 측면충돌,신호위반,건조,맑음,교차로 - 교차로안,승용,남,37세,상해없음,이륜,남,29세,경상
2019030200100370,2019년 3월 2일 18시,토요일,경상북도 청도군 청도읍,중상사고,0,1,0,0,차대차 - 측면충돌,안전운전불이행,건조,맑음,교차로 - 교차로안,승용,남,67세,상해없음,승용,남,65세,상해없음
2019030200100403,2019년 3월 2일 19시,토요일,경상북도 봉화군 봉화읍,경상사고,0,0,1,0,차대사람 - 기타,안전운전불이행,건조,맑음,기타 - 기타,승용,남,41세,상해없음,보행자,여,63세,경상
2019030200100404,2019년 3월 2일 19시,토요일,경상북도 구미시 고아읍,부상신고사고,0,0,0,1,차대차 - 기타,신호위반,건조,맑음,교차로 - 교차로안,승용,남,62세,상해없음,화물,남,59세,부상신고
2019030200100438,2019년 3월 2일 20시,토요일,경상북도 안동시 옥동,경상사고,0,0,1,0,차대차 - 추돌,안전운전불이행,건조,맑음,교차로 - 교차로부근,승용,남,39세,상해없음,승용,남,57세,경상
2019030200100459,2019년 3월 2일 21시,토요일,경상북도 경산시 옥곡동,경상사고,0,0,1,0,차대차 - 정면충돌,교차로운행방법위반,건조,맑음,교차로 - 교차로안,승용,남,30세,상해없음,승용,남,47세,경상
2019030200100484,2019년 3월 2일 22시,토요일,경상북도 경주시 동부동,중상사고,0,1,0,0,차대사람 - 횡단중,안전운전불이행,건조,맑음,교차로 - 교차로부근,승용,남,50세,상해없음,보행자,여,82세,중상
2019030200100485,2019년 3월 2일 22시,토요일,경상북도 구미시 도개면,경상사고,0,0,2,1,차대차 - 기타,안전운전불이행,건조,맑음,단일로 - 기타,승용,여,37세,부상신고,화물,남,47세,경상
2019030200100502,2019년 3월 2일 23시,토요일,경상북도 구미시 산동면,경상사고,0,0,1,0,차대차 - 기타,안전운전불이행,건조,맑음,단일로 - 기타,승용,남,33세,상해없음,이륜,남,36세,경상
2019030300100041,2019년 3월 3일 01시,일요일,경상북도 김천시 신음동,중상사고,0,1,0,0,차대차 - 측면충돌,신호위반,건조,맑음,교차로 - 교차로안,승용,여,69세,상해없음,이륜,남,19세,중상
2019030300100052,2019년 3월 3일 02시,일요일,경상북도 경주시 건천읍,중상사고,0,1,0,0,차대사람 - 차도통행중,안전운전불이행,건조,맑음,교차로 - 교차로횡단보도내,승용,남,23세,상해없음,보행자,남,47세,중상
2019030300100053,2019년 3월 3일 02시,일요일,경상북도 칠곡군 석적읍,중상사고,0,1,0,0,차대차 - 기타,안전운전불이행,건조,맑음,단일로 - 기타,승용,남,53세,중상,승용,남,53세,상해없음
2019030300100059,2019년 3월 3일 03시,일요일,경상북도 안동시 일직면,중상사고,0,1,2,0,차량단독 - 도로외이탈 - 기타,안전운전불이행,건조,맑음,단일로 - 기타,승용,남,43세,경상,,,,
2019030300100080,2019년 3월 3일 07시,일요일,경상북도 영덕군 남정면,중상사고,0,1,0,0,차량단독 - 공작물충돌,안전운전불이행,건조,맑음,단일로 - 기타,승용,남,63세,중상,,,,
2019030300100093,2019년 3월 3일 09시,일요일,경상북도 영덕군 영해면,중상사고,0,1,0,0,차량단독 - 공작물충돌,안전운전불이행,건조,맑음,단일로 - 기타,승용,남,28세,중상,,,,
2019030300100108,2019년 3월 3일 10시,일요일,경상북도 경주시 감포읍,사망사고,1,0,0,0,차량단독 - 공작물충돌,안전운전불이행,건조,맑음,교차로 - 교차로안,화물,남,74세,사망,,,,
2019030300100136,2019년 3월 3일 12시,일요일,경상북도 영주시 이산면,경상사고,0,0,1,0,차대차 - 추돌,안전운전불이행,건조,맑음,교차로 - 교차로부근,승용,남,65세,상해없음,승용,남,43세,경상
2019030300100137,2019년 3월 3일 12시,일요일,경상북도 문경시 유곡동,경상사고,0,0,3,0,차대차 - 측면충돌,안전운전불이행,건조,맑음,단일로 - 기타,화물,남,51세,경상,승용,여,45세,경상
2019030300100138,2019년 3월 3일 12시,일요일,경상북도 성주군 초전면,경상사고,0,0,1,0,차대차 - 측면충돌,신호위반,건조,기타,교차로 - 교차로안,승용,여,69세,상해없음,승용,남,46세,상해없음
2019030300100164,2019년 3월 3일 13시,일요일,경상북도 의성군 사곡면,경상사고,0,0,1,0,차량단독 - 공작물충돌,안전운전불이행,건조,맑음,단일로 - 기타,승용,여,59세,경상,,,,
2019030300100165,2019년 3월 3일 13시,일요일,경상북도 경산시 조영동,경상사고,0,0,1,0,차대차 - 기타,안전운전불이행,건조,맑음,단일로 - 기타,승용,남,23세,상해없음,승합,남,59세,상해없음
2019030300100166,2019년 3월 3일 13시,일요일,경상북도 구미시 황상동,부상신고사고,0,0,0,1,차량단독 - 전도전복 - 전도,안전운전불이행,건조,맑음,단일로 - 기타,이륜,남,53세,부상신고,,,,
2019030300100196,2019년 3월 3일 14시,일요일,경상북도 성주군 성주읍,경상사고,0,0,2,0,차대차 - 측면충돌,신호위반,건조,맑음,교차로 - 교차로부근,화물,남,62세,상해없음,승용,여,27세,경상
2019030300100282,2019년 3월 3일 18시,일요일,경상북도 영천시 야사동,중상사고,0,1,1,0,차대차 - 측면충돌,안전운전불이행,건조,맑음,교차로 - 교차로안,승용,남,47세,상해없음,원동기,남,17세,중상
2019030300100314,2019년 3월 3일 19시,일요일,경상북도 영천시 신령면,중상사고,0,1,0,0,차대사람 - 차도통행중,안전운전불이행,건조,맑음,단일로 - 기타,승용,남,59세,상해없음,보행자,남,80세,중상
2019030300100315,2019년 3월 3일 19시,일요일,경상북도 영천시 언하동,경상사고,0,0,1,0,차대차 - 측면충돌,안전운전불이행,건조,맑음,단일로 - 기타,화물,남,57세,상해없음,승용,남,46세,경상
2019030300100316,2019년 3월 3일 19시,일요일,경상북도 구미시 고아읍,경상사고,0,0,1,0,차대사람 - 기타,안전운전불이행,건조,맑음,단일로 - 기타,승용,남,69세,상해없음,보행자,남,57세,경상
2019030300100391,2019년 3월 3일 23시,일요일,경상북도 안동시 옥야동,경상사고,0,0,1,0,차대사람 - 횡단중,안전운전불이행,건조,맑음,단일로 - 기타,승용,여,57세,상해없음,보행자,남,40세,경상
2019030400100038,2019년 3월 4일 04시,월요일,경상북도 포항시 남구 대잠동,경상사고,0,0,1,0,차대차 - 기타,신호위반,건조,맑음,교차로 - 교차로안,승용,남,49세,상해없음,승용,여,57세,경상
2019030400100052,2019년 3월 4일 06시,월요일,경상북도 포항시 북구 남빈동,경상사고,0,0,1,0,차대차 - 기타,중앙선침범,젖음/습기,맑음,교차로 - 교차로부근,화물,여,59세,상해없음,이륜,남,38세,경상
2019030400100072,2019년 3월 4일 07시,월요일,경상북도 포항시 남구 상도동,중상사고,0,1,0,0,차대차 - 측면충돌,교차로운행방법위반,건조,맑음,교차로 - 교차로안,승용,여,34세,상해없음,자전거,남,59세,중상
2019030400100073,2019년 3월 4일 07시,월요일,경상북도 포항시 남구 대잠동,부상신고사고,0,0,0,1,차대사람 - 횡단중,신호위반,건조,맑음,교차로 - 교차로안,승용,남,61세,상해없음,보행자,남,8세,부상신고
2019030400100097,2019년 3월 4일 08시,월요일,경상북도 김천시 평화동,중상사고,0,1,0,0,차대사람 - 차도통행중,안전운전불이행,건조,맑음,단일로 - 기타,승용,남,41세,상해없음,보행자,여,81세,중상
2019030400100098,2019년 3월 4일 08시,월요일,경상북도 구미시 공단동,경상사고,0,0,1,0,차대차 - 기타,기타,건조,맑음,교차로 - 교차로부근,화물,남,37세,상해없음,승용,남,54세,경상
2019030400100099,2019년 3월 4일 08시,월요일,경상북도 구미시 원평동,부상신고사고,0,0,0,1,차대차 - 기타,안전운전불이행,건조,맑음,교차로 - 교차로부근,이륜,남,76세,부상신고,승용,남,58세,상해없음
2019030400100122,2019년 3월 4일 09시,월요일,경상북도 경주시 성동동,중상사고,0,1,0,0,차대차 - 측면충돌,안전운전불이행,건조,맑음,교차로 - 교차로부근,승용,남,51세,상해없음,자전거,남,69세,중상
2019030400100123,2019년 3월 4일 09시,월요일,경상북도 안동시 녹전면,경상사고,0,0,1,0,차대차 - 기타,중앙선침범,건조,맑음,단일로 - 기타,승용,남,47세,상해없음,승용,남,24세,경상
2019030400100143,2019년 3월 4일 10시,월요일,경상북도 상주시 낙양동,경상사고,0,0,1,0,차대차 - 측면충돌,안전운전불이행,건조,맑음,기타 - 기타,자전거,여,65세,경상,화물,남,50세,상해없음
2019030400100144,2019년 3월 4일 10시,월요일,경상북도 구미시 인의동,경상사고,0,0,1,0,차대사람 - 기타,기타,건조,맑음,기타 - 기타,승용,남,60세,상해없음,보행자,여,18세,경상
2019030400100169,2019년 3월 4일 11시,월요일,경상북도 안동시 옥동,경상사고,0,0,1,0,차대차 - 측면충돌,안전운전불이행,건조,맑음,단일로 - 기타,화물,남,52세,상해없음,승용,남,56세,경상
2019030400100170,2019년 3월 4일 11시,월요일,경상북도 안동시 일직면,경상사고,0,0,3,0,차대차 - 정면충돌,교차로운행방법위반,건조,맑음,교차로 - 교차로안,화물,남,62세,경상,승용,남,36세,경상
2019030400100260,2019년 3월 4일 14시,월요일,경상북도 김천시 평화동,경상사고,0,0,1,0,차대사람 - 보도통행중,신호위반,건조,맑음,단일로 - 기타,승용,남,77세,상해없음,보행자,남,18세,경상
2019030400100261,2019년 3월 4일 14시,월요일,경상북도 성주군 초전면,중상사고,0,2,0,0,차대차 - 추돌,안전운전불이행,건조,맑음,단일로 - 기타,화물,남,44세,상해없음,화물,남,35세,상해없음
2019030400100262,2019년 3월 4일 14시,월요일,경상북도 포항시 남구 대잠동,경상사고,0,0,3,0,차대차 - 측면충돌,안전운전불이행,건조,맑음,교차로 - 교차로부근,건설기계,남,50세,경상,승용,남,81세,경상