사고번호,사고일시,요일,시군구,사고내용,사망자수,중상자수,경상자수,부상신고자수,사고유형,법규위반,노면상태,기상상태,도로형태,가해운전자 차종,가해운전자 성별,가해운전자 연령,가해운전자 상해정도,피해운전자 차종,피해운전자 성별,피해운전자 연령,피해운전자 상해정도
2019030700100460,2019년 3월 7일 18시,목요일,경상북도 구미시 황상동,중상사고,0,1,0,0,차대차 - 기타,교차로운행방법위반,건조,맑음,교차로 - 교차로안,화물,남,69세,상해없음,이륜,남,33세,중상
2019030700100505,2019년 3월 7일 19시,목요일,경상북도 문경시 문경읍,경상사고,0,0,1,0,차대차 - 정면충돌,중앙선침범,건조,맑음,단일로 - 기타,이륜,남,17세,경상,승합,남,63세,상해없음
2019030700100571,2019년 3월 7일 21시,목요일,경상북도 경주시 성건동,중상사고,0,1,0,0,차대사람 - 횡단중,안전운전불이행,건조,맑음,단일로 - 기타,화물,남,63세,상해없음,보행자,남,45세,중상
2019030700100572,2019년 3월 7일 21시,목요일,경상북도 경주시 성건동,경상사고,0,0,1,0,차대차 - 측면충돌,안전운전불이행,건조,맑음,교차로 - 교차로부근,승용,남,67세,상해없음,승용,남,35세,경상
2019030700100573,2019년 3월 7일 21시,목요일,경상북도 포항시 북구 우현동,경상사고,0,0,1,0,차대사람 - 기타,안전운전불이행,건조,맑음,단일로 - 기타,기타불명,기타불명,미분류,기타불명,보행자,남,38세,경상
2019030700100574,2019년 3월 7일 21시,목요일,경상북도 의성군 의성읍,중상사고,0,1,0,0,차대차 - 측면충돌,직진우회전진행방해,건조,맑음,교차로 - 교차로안,승용,여,64세,상해없음,승용,남,57세,중상
2019030700100575,2019년 3월 7일 21시,목요일,경상북도 구미시 공단동,경상사고,0,0,4,0,차대차 - 측면충돌,안전운전불이행,건조,맑음,교차로 - 교차로안,승용,남,35세,상해없음,승용,남,33세,경상
2019030800100039,2019년 3월 8일 02시,금요일,경상북도 포항시 남구 호동,경상사고,0,0,1,0,차대차 - 측면충돌,안전거리미확보,건조,맑음,교차로 - 교차로부근,기타불명,기타불명,미분류,기타불명,건설기계,남,46세,상해없음
2019030800100078,2019년 3월 8일 06시,금요일,경상북도 고령군 다산면,중상사고,0,1,0,0,차대차 - 추돌,안전운전불이행,젖음/습기,안개,단일로 - 기타,승용,남,25세,상해없음,승용,남,43세,중상
2019030800100103,2019년 3월 8일 07시,금요일,경상북도 영주시 휴천동,중상사고,0,1,1,0,차대차 - 측면충돌,안전운전불이행,건조,맑음,교차로 - 교차로안,승용,남,32세,경상,승용,남,65세,상해없음
2019030800100104,2019년 3월 8일 07시,금요일,경상북도 경산시 진량읍,경상사고,0,0,1,0,차대차 - 측면충돌,안전운전불이행,건조,맑음,단일로 - 기타,승용,남,51세,상해없음,승용,여,44세,경상
2019030800100105,2019년 3월 8일 07시,금요일,경상북도 청도군 화양읍,경상사고,0,0,2,0,차대차 - 정면충돌,중앙선침범,건조,맑음,교차로 - 교차로부근,화물,남,61세,상해없음,화물,남,68세,경상
2019030800100151,2019년 3월 8일 08시,금요일,경상북도 칠곡군 가산면,경상사고,0,0,1,0,차대차 - 측면충돌,신호위반,건조,맑음,교차로 - 교차로안,화물,남,60세,상해없음,승용,여,24세,경상
2019030800100152,2019년 3월 8일 08시,금요일,경상북도 영천시 화산면,중상사고,0,1,0,0,차대차 - 추돌,안전운전불이행,건조,맑음,단일로 - 기타,화물,남,58세,상해없음,화물,남,44세,중상
2019030800100153,2019년 3월 8일 08시,금요일,경상북도 경산시 압량면,경상사고,0,0,1,0,차대차 - 정면충돌,신호위반,건조,맑음,교차로 - 교차로안,승용,남,26세,상해없음,승용,남,40세,경상
2019030800100270,2019년 3월 8일 11시,금요일,경상북도 경주시 외동읍,중상사고,0,2,0,0,차대차 - 측면충돌,안전운전불이행,건조,맑음,교차로 - 교차로부근,화물,남,50세,상해없음,승용,남,69세,중상
2019030800100271,2019년 3월 8일 11시,금요일,경상북도 경주시 동천동,중상사고,0,1,0,0,차대차 - 측면충돌,안전운전불이행,건조,맑음,교차로 - 교차로횡단보도내,승용,남,61세,상해없음,자전거,남,81세,중상
2019030800100272,2019년 3월 8일 11시,금요일,경상북도 김천시 성내동,경상사고,0,0,1,0,차대차 - 측면충돌,안전운전불이행,건조,맑음,교차로 - 교차로안,승용,여,59세,상해없음,화물,남,54세,경상
2019030800100273,2019년 3월 8일 11시,금요일,경상북도 칠곡군 석적읍,중상사고,0,1,0,0,차대사람 - 횡단중,보행자보호의무위반,건조,맑음,교차로 - 교차로안,승용,여,44세,상해없음,보행자,남,54세,중상
2019030800100311,2019년 3월 8일 12시,금요일,경상북도 경주시 서악동,중상사고,0,2,0,0,차대차 - 측면충돌,신호위반,건조,맑음,교차로 - 교차로안,승용,여,71세,상해없음,승용,남,33세,중상
2019030800100312,2019년 3월 8일 12시,금요일,경상북도 안동시 옥동,경상사고,0,0,1,0,차대차 - 기타,안전거리미확보,건조,맑음,단일로 - 기타,승용,남,67세,상해없음,승용,남,35세,경상
2019030800100313,2019년 3월 8일 12시,금요일,경상북도 문경시 흥덕동,중상사고,0,1,0,0,차대차 - 측면충돌,안전운전불이행,건조,맑음,교차로 - 교차로안,화물,남,63세,상해없음,자전거,남,63세,중상
2019030800100314,2019년 3월 8일 12시,금요일,경상북도 구미시 공단동,중상사고,0,1,0,0,차대사람 - 기타,안전운전불이행,건조,맑음,교차로 - 교차로안,승용,남,42세,상해없음,보행자,남,45세,중상
2019030800100348,2019년 3월 8일 13시,금요일,경상북도 안동시 안막동,중상사고,0,1,0,0,차대차 - 측면충돌,안전운전불이행,건조,맑음,단일로 - 기타,화물,남,30세,상해없음,승용,남,58세,중상
2019030800100349,2019년 3월 8일 13시,금요일,경상북도 상주시 낙양동,경상사고,0,0,1,0,차대차 - 측면충돌,교차로운행방법위반,젖음/습기,비,교차로 - 교차로안,승용,남,18세,상해없음,승용,남,45세,경상
2019030800100350,2019년 3월 8일 13시,금요일,경상북도 포항시 남구 오천읍,중상사고,0,1,0,0,차대사람 - 횡단중,보행자보호의무위반,건조,맑음,교차로 - 교차로부근,승용,남,72세,상해없음,보행자,여,60세,중상
2019030800100351,2019년 3월 8일 13시,금요일,경상북도 포항시 남구 오천읍,중상사고,0,1,2,1,차대차 - 측면충돌,기타,건조,맑음,교차로 - 교차로안,승용,여,38세,중상,승용,여,59세,경상
2019030800100423,2019년 3월 8일 15시,금요일,경상북도 문경시 모전동,경상사고,0,0,1,0,차대사람 - 보도통행중,기타,건조,맑음,단일로 - 기타,이륜,남,27세,상해없음,보행자,남,9세,경상
2019030800100458,2019년 3월 8일 16시,금요일,경상북도 경주시 천북면,경상사고,0,0,1,0,차대차 - 측면충돌,중앙선침범,건조,맑음,단일로 - 기타,승용,여,57세,상해없음,승용,여,47세,경상
2019030800100459,2019년 3월 8일 16시,금요일,경상북도 안동시 풍천면,경상사고,0,0,1,0,차대차 - 측면충돌,신호위반,건조,맑음,교차로 - 교차로안,자전거,남,14세,경상,승용,여,34세,상해없음
2019030800100460,2019년 3월 8일 16시,금요일,경상북도 상주시 무양동,중상사고,0,1,0,0,차대차 - 정면충돌,신호위반,건조,맑음,교차로 - 교차로안,화물,여,47세,상해없음,승용,남,57세,중상
2019030800100557,2019년 3월 8일 18시,금요일,경상북도 문경시 흥덕동,중상사고,0,1,0,0,차대사람 - 횡단중,안전운전불이행,건조,맑음,단일로 - 기타,승용,여,62세,상해없음,보행자,여,14세,중상
2019030800100558,2019년 3월 8일 18시,금요일,경상북도 구미시 구평동,중상사고,0,1,0,0,차대차 - 기타,안전운전불이행,건조,맑음,교차로 - 교차로안,승용,여,27세,상해없음,자전거,남,37세,중상
2019030800100559,2019년 3월 8일 18시,금요일,경상북도 구미시 형곡동,경상사고,0,0,1,0,차대차 - 기타,안전운전불이행,건조,맑음,단일로 - 기타,자전거,남,72세,경상,승용,여,48세,상해없음
2019030800100612,2019년 3월 8일 19시,금요일,경상북도 상주시 신봉동,중상사고,0,1,0,0,차대차 - 측면충돌,안전운전불이행,건조,맑음,기타 - 기타,승용,남,51세,상해없음,자전거,여,71세,중상
2019030800100613,2019년 3월 8일 19시,금요일,경상북도 영주시 영주동,사망사고,1,0,0,0,차대사람 - 횡단중,안전운전불이행,건조,맑음,단일로 - 기타,승합,남,48세,상해없음,보행자,남,78세,사망
2019030800100614,2019년 3월 8일 19시,금요일,경상북도 경산시 중산동,사망사고,1,0,0,0,차대사람 - 횡단중,보행자보호의무위반,건조,맑음,교차로 - 교차로횡단보도내,승용,남,33세,상해없음,보행자,남,54세,사망
2019030800100654,2019년 3월 8일 20시,금요일,경상북도 포항시 북구 학산동,경상사고,0,0,3,0,차대차 - 측면충돌,안전운전불이행,건조,맑음,단일로 - 기타,승용,여,48세,상해없음,승용,남,66세,경상
2019030800100655,2019년 3월 8일 20시,금요일,경상북도 영천시 완산동,중상사고,0,1,0,0,차대사람 - 횡단중,안전운전불이행,건조,맑음,단일로 - 기타,승용,남,48세,상해없음,보행자,남,58세,중상
2019030800100656,2019년 3월 8일 20시,금요일,경상북도 구미시 산동면,중상사고,0,1,0,0,차량단독 - 기타,안전운전불이행,건조,기타,교차로 - 교차로부근,승합,남,58세,상해없음,,,,
2019030800100657,2019년 3월 8일 20시,금요일,경상북도 구미시 원평동,중상사고,0,1,0,0,차대차 - 기타,안전운전불이행,건조,맑음,교차로 - 교차로안,승용,남,50세,상해없음,승용,여,27세,중상
2019030800100677,2019년 3월 8일 21시,금요일,경상북도 포항시 북구 흥해읍,경상사고,0,0,2,0,차대차 - 측면충돌,안전운전불이행,건조,맑음,단일로 - 기타,화물,남,54세,상해없음,승용,남,54세,경상
2019030800100678,2019년 3월 8일 21시,금요일,경상북도 청송군 부남면,경상사고,0,0,1,0,차량단독 - 공작물충돌,안전운전불이행,젖음/습기,흐림,단일로 - 기타,승용,여,66세,경상,,,,
2019030800100707,2019년 3월 8일 22시,금요일,경상북도 경주시 구정동,중상사고,0,1,0,0,차대차 - 정면충돌,중앙선침범,건조,맑음,교차로 - 교차로부근,승용,남,50세,상해없음,승용,남,35세,중상
2019030800100708,2019년 3월 8일 22시,금요일,경상북도 경산시 압량면,중상사고,0,2,0,0,차대차 - 측면충돌,신호위반,건조,맑음,교차로 - 교차로안,이륜,남,38세,상해없음,이륜,남,48세,중상
2019030900100049,2019년 3월 9일 01시,토요일,경상북도 구미시 봉곡동,중상사고,0,1,0,0,차대차 - 측면충돌,안전운전불이행,건조,맑음,교차로 - 교차로안,승용,남,50세,상해없음,자전거,남,51세,중상
2019030900100115,2019년 3월 9일 06시,토요일,경상북도 영천시 금호읍,경상사고,0,0,1,0,차대차 - 측면충돌,교차로운행방법위반,건조,맑음,단일로 - 기타,승용,여,52세,상해없음,승용,여,35세,경상
2019030900100125,2019년 3월 9일 07시,토요일,경상북도 경주시 성건동,중상사고,0,1,0,0,차대차 - 측면충돌,안전운전불이행,건조,맑음,교차로 - 교차로횡단보도내,승용,남,66세,상해없음,자전거,남,49세,중상
2019030900100126,2019년 3월 9일 07시,토요일,경상북도 포항시 남구 이동,경상사고,0,0,1,0,차대차 - 추돌,안전운전불이행,건조,맑음,단일로 - 기타,승용,남,67세,상해없음,승용,남,65세,경상
2019030900100155,2019년 3월 9일 08시,토요일,경상북도 영천시 화남면,경상사고,0,0,1,0,차대차 - 측면충돌,안전운전불이행,건조,맑음,기타 - 기타,승용,남,66세,상해없음,화물,남,67세,경상
2019030900100156,2019년 3월 9일 08시,토요일,경상북도 경산시 백천동,중상사고,0,1,0,0,차대사람 - 횡단중,보행자보호의무위반,건조,맑음,교차로 - 교차로횡단보도내,승용,남,57세,상해없음,보행자,남,54세,중상
2019030900100157,2019년 3월 9일 08시,토요일,경상북도 영덕군 남정면,중상사고,0,1,0,0,차대사람 - 차도통행중,안전운전불이행,건조,맑음,단일로 - 기타,승용,남,58세,상해없음,보행자,남,53세,중상
2019030900100179,2019년 3월 9일 09시,토요일,경상북도 상주시 부원동,경상사고,0,0,2,0,차대차 - 측면충돌,교차로운행방법위반,건조,흐림,교차로 - 교차로안,승용,여,42세,상해없음,화물,남,32세,상해없음
2019030900100180,2019년 3월 9일 09시,토요일,경상북도 의성군 금성면,경상사고,0,0,1,0,차대차 - 정면충돌,중앙선침범,건조,맑음,단일로 - 기타,화물,남,52세,상해없음,화물,남,62세,경상
2019030900100181,2019년 3월 9일 09시,토요일,경상북도 영천시 작산동,사망사고,1,0,0,1,차대차 - 추돌,안전운전불이행,건조,맑음,단일로 - 기타,승용,여,52세,부상신고,화물,남,69세,사망
2019030900100182,2019년 3월 9일 09시,토요일,경상북도 경산시 사정동,경상사고,0,0,1,0,차대사람 - 횡단중,보행자보호의무위반,건조,맑음,교차로 - 교차로횡단보도내,승용,여,59세,상해없음,보행자,여,30세,경상
2019030900100183,2019년 3월 9일 09시,토요일,경상북도 포항시 남구 송내동,경상사고,0,0,1,0,차대차 - 추돌,안전운전불이행,건조,맑음,단일로 - 기타,건설기계,남,56세,상해없음,승용,여,42세,경상
2019030900100205,2019년 3월 9일 10시,토요일,경상북도 상주시 신봉동,중상사고,0,1,0,0,차대차 - 측면충돌,안전운전불이행,건조,맑음,교차로 - 교차로안,승용,여,60세,상해없음,이륜,남,82세,중상
2019030900100206,2019년 3월 9일 10시,토요일,경상북도 의성군 의성읍,경상사고,0,0,1,0,차대차 - 측면충돌,안전운전불이행,건조,맑음,단일로 - 기타,화물,남,78세,상해없음,화물,여,66세,경상
2019030900100207,2019년 3월 9일 10시,토요일,경상북도 울진군 북면,중상사고,0,1,0,0,차대차 - 측면충돌,직진우회전진행방해,건조,맑음,교차로 - 교차로안,승용,남,50세,상해없음,이륜,남,77세,중상
2019030900100208,2019년 3월 9일 10시,토요일,경상북도 포항시 남구 해도동,중상사고,0,1,0,0,차대차 - 측면충돌,안전거리미확보,건조,맑음,단일로 - 기타,승용,여,39세,상해없음,이륜,남,74세,중상
2019030900100234,2019년 3월 9일 11시,토요일,경상북도 포항시 남구 오천읍,중상사고,0,1,1,0,차대차 - 측면충돌,불법유턴,건조,맑음,교차로 - 교차로안,승용,여,49세,중상,화물,남,50세,경상
2019030900100261,2019년 3월 9일 12시,토요일,경상북도 경산시 계양동,중상사고,0,1,0,0,차대차 - 정면충돌,안전운전불이행,건조,맑음,교차로 - 교차로안,자전거,남,75세,중상,승용,남,53세,상해없음
2019030900100305,2019년 3월 9일 13시,토요일,경상북도 경주시 강동면,경상사고,0,0,1,0,차대사람 - 길가장자리구역통행중,안전운전불이행,건조,맑음,교차로 - 교차로부근,승용,여,52세,상해없음,보행자,남,67세,경상
2019030900100306,2019년 3월 9일 13시,토요일,경상북도 포항시 남구 인덕동,중상사고,0,1,0,0,차대차 - 측면충돌,안전운전불이행,건조,맑음,단일로 - 기타,자전거,남,14세,중상,승용,남,76세,상해없음
2019030900100340,2019년 3월 9일 14시,토요일,경상북도 군위군 소보면,중상사고,0,1,0,0,차대차 - 측면충돌,안전운전불이행,건조,맑음,단일로 - 기타,화물,남,76세,상해없음,이륜,남,83세,중상
2019030900100374,2019년 3월 9일 15시,토요일,경상북도 경주시 천군동,중상사고,0,1,0,0,차대사람 - 길가장자리구역통행중,안전운전불이행,건조,맑음,단일로 - 기타,승합,남,27세,상해없음,보행자,여,12세,중상
2019030900100375,2019년 3월 9일 15시,토요일,경상북도 예천군 예천읍,경상사고,0,0,1,0,차대차 - 측면충돌,안전운전불이행,건조,맑음,교차로 - 교차로부근,농기계,남,67세,상해없음,화물,남,66세,상해없음
2019030900100376,2019년 3월 9일 15시,토요일,경상북도 포항시 남구 효자동,경상사고,0,0,2,0,차대차 - 기타,직진우회전진행방해,건조,맑음,교차로 - 교차로안,승용,남,28세,경상,승용,남,38세,경상
2019030900100418,2019년 3월 9일 16시,토요일,경상북도 경주시 사정동,경상사고,0,0,1,0,차대차 - 측면충돌,안전운전불이행,건조,맑음,단일로 - 기타,승용,여,46세,상해없음,이륜,남,69세,경상
2019030900100419,2019년 3월 9일 16시,토요일,경상북도 경주시 용강동,중상사고,0,1,0,0,차량단독 - 공작물충돌,안전운전불이행,건조,맑음,교차로 - 교차로부근,이륜,남,73세,중상,,,,
2019030900100420,2019년 3월 9일 16시,토요일,경상북도 상주시 무양동,경상사고,0,0,1,0,차대차 - 기타,안전운전불이행,건조,맑음,교차로 - 교차로안,승합,남,63세,상해없음,이륜,남,25세,경상
2019030900100421,2019년 3월 9일 16시,토요일,경상북도 경산시 대평동,중상사고,0,1,0,0,차대차 - 기타,안전운전불이행,건조,맑음,단일로 - 기타,이륜,남,45세,중상,승합,남,35세,상해없음
2019030900100422,2019년 3월 9일 16시,토요일,경상북도 영덕군 남정면,중상사고,0,1,0,0,차대차 - 추돌,안전거리미확보,건조,맑음,교차로 - 교차로부근,승용,남,46세,상해없음,승용,남,62세,중상
2019030900100452,2019년 3월 9일 17시,토요일,경상북도 칠곡군 석적읍,경상사고,0,0,1,0,차량단독 - 도로외이탈 - 추락,안전운전불이행,건조,맑음,단일로 - 기타,승용,남,42세,경상,,,,
2019030900100453,2019년 3월 9일 17시,토요일,경상북도 영천시 야사동,중상사고,0,2,2,0,차대차 - 측면충돌,직진우회전진행방해,건조,맑음,교차로 - 교차로안,승용,여,37세,경상,승용,여,24세,중상
2019030900100454,2019년 3월 9일 17시,토요일,경상북도 경산시 진량읍,경상사고,0,0,3,0,차대차 - 측면충돌,안전운전불이행,건조,맑음,교차로 - 교차로부근,이륜,남,31세,상해없음,승용,남,19세,경상
2019030900100530,2019년 3월 9일 19시,토요일,경상북도 칠곡군 가산면,중상사고,0,1,1,0,차대차 - 측면충돌,안전거리미확보,건조,맑음,단일로 - 기타,승용,남,31세,상해없음,승용,남,33세,중상
2019030900100531,2019년 3월 9일 19시,토요일,경상북도 영천시 임고면,중상사고,0,1,0,0,차대사람 - 횡단중,안전운전불이행,건조,맑음,단일로 - 기타,승용,남,67세,상해없음,보행자,여,85세,중상
2019030900100532,2019년 3월 9일 19시,토요일,경상북도 성주군 선남면,중상사고,0,1,0,0,차대차 - 추돌,안전운전불이행,건조,맑음,단일로 - 기타,승용,남,59세,기타불명,농기계,남,47세,중상
2019030900100574,2019년 3월 9일 20시,토요일,경상북도 경주시 안강읍,경상사고,0,0,2,0,차대차 - 추돌,안전운전불이행,건조,맑음,단일로 - 고가도로위,화물,남,53세,상해없음,승용,남,62세,경상
2019030900100575,2019년 3월 9일 20시,토요일,경상북도 영덕군 영덕읍,중상사고,0,1,0,0,차량단독 - 공작물충돌,안전운전불이행,건조,맑음,단일로 - 기타,화물,남,45세,중상,,,,
2019030900100630,2019년 3월 9일 22시,토요일,경상북도 경주시 마동,경상사고,0,0,3,0,차대차 - 측면충돌,안전운전불이행,건조,맑음,교차로 - 교차로안,승합,여,76세,상해없음,승용,여,26세,경상
2019030900100631,2019년 3월 9일 22시,토요일,경상북도 경주시 성동동,중상사고,0,2,0,0,차대차 - 측면충돌,안전운전불이행,건조,맑음,단일로 - 지하차도(도로)내,승용,남,73세,상해없음,승용,남,35세,중상
2019030900100632,2019년 3월 9일 22시,토요일,경상북도 봉화군 소천면,경상사고,0,0,2,0,차대차 - 정면충돌,중앙선침범,건조,맑음,단일로 - 기타,승용,여,58세,상해없음,승용,남,51세,경상
2019031000100026,2019년 3월 10일 00시,일요일,경상북도 성주군 용암면,경상사고,0,0,1,0,차량단독 - 공작물충돌,안전운전불이행,건조,맑음,단일로 - 기타,승용,남,52세,경상,,,,
2019031000100070,2019년 3월 10일 03시,일요일,경상북도 칠곡군 가산면,중상사고,0,1,0,0,차량단독 - 공작물충돌,안전운전불이행,건조,맑음,단일로 - 지하차도(도로)내,승용,남,19세,중상,,,,
2019031000100095,2019년 3월 10일 05시,일요일,경상북도 구미시 옥계동,중상사고,0,1,1,0,차대차 - 기타,안전거리미확보,젖음/습기,비,단일로 - 기타,승용,남,63세,경상,화물,남,61세,중상
2019031000100101,2019년 3월 10일 06시,일요일,경상북도 칠곡군 왜관읍,중상사고,0,1,0,0,차대사람 - 횡단중,안전운전불이행,건조,맑음,단일로 - 지하차도(도로)내,승용,여,57세,상해없음,보행자,여,81세,중상
2019031000100113,2019년 3월 10일 07시,일요일,경상북도 상주시 화남면,중상사고,0,1,0,0,차량단독 - 공작물충돌,안전운전불이행,건조,맑음,단일로 - 기타,승용,남,22세,중상,,,,
2019031000100122,2019년 3월 10일 08시,일요일,경상북도 군위군 군위읍,경상사고,0,0,1,0,차량단독 - 공작물충돌,안전운전불이행,건조,맑음,단일로 - 기타,승용,남,58세,경상,,,,
2019031000100129,2019년 3월 10일 09시,일요일,경상북도 영주시 영주동,경상사고,0,0,1,0,차대차 - 측면충돌,신호위반,건조,맑음,교차로 - 교차로안,화물,남,54세,상해없음,승용,여,65세,경상
2019031000100130,2019년 3월 10일 09시,일요일,경상북도 영덕군 영해면,경상사고,0,0,2,0,차대차 - 측면충돌,중앙선침범,건조,맑음,단일로 - 기타,화물,남,68세,상해없음,화물,남,70세,경상
2019031000100141,2019년 3월 10일 10시,일요일,경상북도 경주시 감포읍,경상사고,0,0,1,0,차량단독 - 공작물충돌,안전운전불이행,젖음/습기,비,단일로 - 기타,승용,여,35세,경상,,,,
2019031000100156,2019년 3월 10일 11시,일요일,경상북도 경주시 강동면,중상사고,0,1,0,0,차대사람 - 횡단중,보행자보호의무위반,젖음/습기,비,교차로 - 교차로횡단보도내,화물,남,54세,상해없음,보행자,여,54세,중상
2019031000100157,2019년 3월 10일 11시,일요일,경상북도 김천시 평화동,중상사고,0,1,0,0,차대차 - 측면충돌,안전운전불이행,건조,맑음,단일로 - 기타,승용,남,55세,상해없음,자전거,여,69세,중상
2019031000100158,2019년 3월 10일 11시,일요일,경상북도 경산시 정평동,경상사고,0,0,1,0,차대차 - 기타,안전운전불이행,건조,맑음,단일로 - 기타,승용,남,63세,상해없음,화물,남,64세,경상
2019031000100175,2019년 3월 10일 12시,일요일,경상북도 안동시 목성동,경상사고,0,0,3,0,차대차 - 정면충돌,직진우회전진행방해,젖음/습기,비,교차로 - 교차로안,승용,여,41세,경상,승용,남,29세,경상
2019031000100227,2019년 3월 10일 14시,일요일,경상북도 봉화군 명호면,중상사고,0,1,0,0,차량단독 - 공작물충돌,안전운전불이행,젖음/습기,비,단일로 - 기타,화물,남,58세,중상,,,,
2019031000100228,2019년 3월 10일 14시,일요일,경상북도 구미시 봉곡동,경상사고,0,0,1,0,차대차 - 기타,교차로운행방법위반,젖음/습기,비,교차로 - 교차로안,승용,여,56세,상해없음,승용,여,66세,경상
2019031000100256,2019년 3월 10일 15시,일요일,경상북도 구미시 송정동,경상사고,0,0,2,0,차대차 - 기타,중앙선침범,젖음/습기,비,교차로 - 교차로부근,승용,여,56세,상해없음,승용,여,44세,경상
2019031000100284,2019년 3월 10일 16시,일요일,경상북도 안동시 용상동,경상사고,0,0,3,0,차대차 - 추돌,안전운전불이행,젖음/습기,비,교차로 - 교차로부근,승용,남,68세,상해없음,승용,남,63세,경상
2019031000100285,2019년 3월 10일 16시,일요일,경상북도 칠곡군 왜관읍,중상사고,0,1,1,0,차대차 - 정면충돌,중앙선침범,젖음/습기,비,단일로 - 기타,승용,남,24세,중상,건설기계,남,56세,경상
2019031000100314,2019년 3월 10일 17시,일요일,경상북도 안동시 운흥동,경상사고,0,0,2,0,차대차 - 기타,안전운전불이행,건조,맑음,단일로 - 기타,승용,남,43세,상해없음,승용,여,39세,경상
2019031000100315,2019년 3월 10일 17시,일요일,경상북도 김천시 율곡동,경상사고,0,0,2,0,차대차 - 측면충돌,안전운전불이행,젖음/습기,비,교차로 - 교차로안,승용,남,40세,상해없음,승용,남,26세,경상
2019031000100316,2019년 3월 10일 17시,일요일,경상북도 영천시 청통면,경상사고,0,0,5,0,차대차 - 정면충돌,신호위반,젖음/습기,비,교차로 - 교차로안,화물,남,46세,상해없음,승용,여,36세,경상
2019031000100343,2019년 3월 10일 18시,일요일,경상북도 경주시 건천읍,중상사고,0,1,0,0,차대사람 - 횡단중,안전운전불이행,젖음/습기,비,교차로 - 교차로부근,승용,남,63세,상해없음,보행자,여,56세,중상
2019031000100344,2019년 3월 10일 18시,일요일,경상북도 포항시 북구 여천동,경상사고,0,0,1,0,차대차 - 측면충돌,안전운전불이행,건조,맑음,교차로 - 교차로안,승용,남,63세,상해없음,승용,남,39세,경상
2019031000100345,2019년 3월 10일 18시,일요일,경상북도 안동시 법상동,경상사고,0,0,1,0,차대차 - 기타,직진우회전진행방해,젖음/습기,비,교차로 - 교차로안,승용,여,57세,상해없음,이륜,남,31세,경상
2019031000100346,2019년 3월 10일 18시,일요일,경상북도 안동시 옥동,중상사고,0,1,0,0,차대사람 - 기타,안전운전불이행,젖음/습기,비,교차로 - 교차로안,승용,남,44세,상해없음,보행자,여,38세,중상
2019031000100347,2019년 3월 10일 18시,일요일,경상북도 경산시 진량읍,중상사고,0,1,0,0,차대차 - 추돌,안전거리미확보,젖음/습기,비,단일로 - 기타,승용,여,46세,기타불명,승용,남,69세,중상
2019031000100388,2019년 3월 10일 19시,일요일,경상북도 경산시 사정동,경상사고,0,0,5,0,차대차 - 측면충돌,안전운전불이행,건조,맑음,교차로 - 교차로부근,기타불명,기타불명,미분류,기타불명,승용,남,49세,경상
2019031000100420,2019년 3월 10일 20시,일요일,경상북도 포항시 북구 죽도동,경상사고,0,0,1,0,차대사람 - 횡단중,안전운전불이행,젖음/습기,비,단일로 - 기타,승용,남,46세,상해없음,보행자,남,57세,경상
2019031000100421,2019년 3월 10일 20시,일요일,경상북도 안동시 태화동,중상사고,0,1,0,0,차대차 - 측면충돌,안전운전불이행,젖음/습기,비,교차로 - 교차로안,승합,남,56세,상해없음,이륜,남,32세,중상
2019031000100422,2019년 3월 10일 20시,일요일,경상북도 경산시 사동,경상사고,0,0,2,0,차대차 - 측면충돌,신호위반,젖음/습기,비,교차로 - 교차로안,승용,여,34세,상해없음,승용,남,32세,경상
2019031000100423,2019년 3월 10일 20시,일요일,경상북도 경산시 조영동,경상사고,0,0,1,0,차대차 - 측면충돌,교차로운행방법위반,건조,맑음,교차로 - 교차로안,승용,남,54세,상해없음,이륜,남,18세,경상
2019031000100448,2019년 3월 10일 21시,일요일,경상북도 경산시 사동,경상사고,0,0,1,0,차대차 - 측면충돌,중앙선침범,건조,흐림,단일로 - 기타,화물,남,44세,상해없음,승용,남,59세,경상
2019031000100449,2019년 3월 10일 21시,일요일,경상북도 구미시 형곡동,경상사고,0,0,1,0,차대사람 - 기타,안전운전불이행,건조,맑음,단일로 - 기타,승용,남,58세,상해없음,보행자,남,31세,경상
2019031100100022,2019년 3월 11일 00시,월요일,경상북도 칠곡군 북삼읍,경상사고,0,0,4,0,차대차 - 추돌,안전운전불이행,젖음/습기,맑음,교차로 - 교차로부근,승용,남,43세,상해없음,승용,여,48세,경상
2019031100100030,2019년 3월 11일 01시,월요일,경상북도 포항시 북구 흥해읍,경상사고,0,0,1,0,차대사람 - 기타,안전운전불이행,건조,맑음,단일로 - 기타,화물,남,63세,상해없음,보행자,남,32세,경상
2019031100100031,2019년 3월 11일 01시,월요일,경상북도 영주시 안정면,경상사고,0,0,1,0,차대차 - 추돌,안전운전불이행,젖음/습기,안개,기타 - 기타,화물,남,46세,상해없음,승용,여,60세,경상
2019031100100039,2019년 3월 11일 03시,월요일,경상북도 경산시 하양읍,경상사고,0,0,1,0,차대차 - 측면충돌,차로위반,건조,맑음,단일로 - 기타,승용,여,50세,상해없음,화물,남,62세,경상
2019031100100051,2019년 3월 11일 05시,월요일,경상북도 포항시 남구 동해면,중상사고,0,1,1,0,차대차 - 측면충돌,안전운전불이행,건조,맑음,교차로 - 교차로부근,승용,남,62세,중상,승용,남,50세,경상
2019031100100061,2019년 3월 11일 06시,월요일,경상북도 안동시 운흥동,경상사고,0,0,1,0,차량단독 - 전도전복 - 전도,안전운전불이행,젖음/습기,흐림,단일로 - 기타,이륜,남,28세,경상,,,,