사고번호,사고일시,요일,시군구,사고내용,사망자수,중상자수,경상자수,부상신고자수,사고유형,법규위반,노면상태,기상상태,도로형태,가해운전자 차종,가해운전자 성별,가해운전자 연령,가해운전자 상해정도,피해운전자 차종,피해운전자 성별,피해운전자 연령,피해운전자 상해정도
2019031700100203,2019년 3월 17일 12시,일요일,경상북도 구미시 선산읍,경상사고,0,0,2,0,차대차 - 기타,안전운전불이행,건조,맑음,단일로 - 기타,특수,남,57세,상해없음,승용,남,58세,경상
2019031700100244,2019년 3월 17일 13시,일요일,경상북도 경주시 내남면,중상사고,0,1,1,0,차대차 - 측면충돌,안전거리미확보,건조,맑음,교차로 - 교차로부근,승용,남,59세,상해없음,이륜,남,63세,경상
2019031700100287,2019년 3월 17일 14시,일요일,경상북도 포항시 남구 호미곶면,중상사고,0,1,0,0,차대사람 - 기타,안전운전불이행,건조,맑음,단일로 - 기타,기타불명,기타불명,미분류,기타불명,보행자,여,81세,중상
2019031700100310,2019년 3월 17일 15시,일요일,경상북도 경주시 성건동,경상사고,0,0,1,0,차대차 - 측면충돌,안전운전불이행,건조,맑음,교차로 - 교차로안,승용,남,45세,상해없음,이륜,남,22세,경상
2019031700100311,2019년 3월 17일 15시,일요일,경상북도 울진군 울진읍,중상사고,0,1,0,0,차대차 - 측면충돌,직진우회전진행방해,건조,맑음,교차로 - 교차로안,승용,남,35세,상해없음,이륜,남,76세,중상
2019031700100312,2019년 3월 17일 15시,일요일,경상북도 고령군 대가야읍,경상사고,0,0,2,0,차대차 - 측면충돌,교차로운행방법위반,건조,맑음,교차로 - 교차로안,승용,남,24세,상해없음,승용,남,38세,경상
2019031700100345,2019년 3월 17일 16시,일요일,경상북도 경주시 진현동,중상사고,0,1,0,0,차대차 - 측면충돌,안전운전불이행,건조,맑음,단일로 - 기타,승용,남,66세,상해없음,이륜,여,35세,중상
2019031700100346,2019년 3월 17일 16시,일요일,경상북도 경주시 광명동,중상사고,0,1,1,1,차대차 - 측면충돌,안전운전불이행,건조,맑음,단일로 - 지하차도(도로)내,화물,남,62세,중상,승용,남,58세,경상
2019031700100347,2019년 3월 17일 16시,일요일,경상북도 청도군 청도읍,중상사고,0,2,1,0,차대차 - 측면충돌,교차로운행방법위반,건조,맑음,교차로 - 교차로안,승용,남,48세,경상,승용,남,48세,중상
2019031700100348,2019년 3월 17일 16시,일요일,경상북도 성주군 금수면,경상사고,0,0,1,0,차량단독 - 전도전복 - 전도,안전운전불이행,건조,맑음,단일로 - 기타,화물,남,54세,경상,,,,
2019031700100373,2019년 3월 17일 17시,일요일,경상북도 안동시 송천동,경상사고,0,0,1,0,차대차 - 추돌,안전거리미확보,건조,맑음,교차로 - 교차로부근,화물,남,68세,상해없음,승용,남,58세,경상
2019031700100405,2019년 3월 17일 18시,일요일,경상북도 칠곡군 석적읍,경상사고,0,0,1,0,차대차 - 측면충돌,안전운전불이행,건조,맑음,주차장 - 주차장,승용,여,45세,상해없음,자전거,남,7세,경상
2019031700100406,2019년 3월 17일 18시,일요일,경상북도 포항시 남구 효자동,경상사고,0,0,3,0,차대차 - 추돌,안전운전불이행,건조,맑음,단일로 - 기타,화물,남,63세,상해없음,승용,남,55세,경상
2019031700100429,2019년 3월 17일 19시,일요일,경상북도 영천시 문내동,경상사고,0,0,2,0,차대차 - 측면충돌,교차로운행방법위반,건조,맑음,단일로 - 기타,화물,남,52세,상해없음,승용,여,39세,경상
2019031700100430,2019년 3월 17일 19시,일요일,경상북도 구미시 신평동,중상사고,0,1,1,0,차대차 - 정면충돌,신호위반,건조,맑음,단일로 - 기타,이륜,남,19세,중상,승용,여,65세,경상
2019031700100431,2019년 3월 17일 19시,일요일,경상북도 포항시 남구 송도동,중상사고,0,1,0,0,차대차 - 측면충돌,신호위반,건조,맑음,교차로 - 교차로안,이륜,남,64세,중상,승용,남,66세,상해없음
2019031700100432,2019년 3월 17일 19시,일요일,경상북도 포항시 남구 오천읍,중상사고,0,3,2,0,차대차 - 기타,안전운전불이행,건조,맑음,단일로 - 교량,승용,여,53세,경상,이륜,남,59세,중상
2019031700100478,2019년 3월 17일 21시,일요일,경상북도 포항시 북구 항구동,경상사고,0,0,2,0,차대차 - 측면충돌,중앙선침범,건조,맑음,단일로 - 기타,승용,남,32세,상해없음,이륜,남,17세,경상
2019031700100479,2019년 3월 17일 21시,일요일,경상북도 구미시 옥계동,중상사고,0,1,0,0,차대사람 - 기타,안전운전불이행,건조,맑음,교차로 - 교차로안,승용,남,27세,상해없음,보행자,여,55세,중상
2019031700100480,2019년 3월 17일 21시,일요일,경상북도 포항시 남구 해도동,경상사고,0,0,1,0,차대차 - 측면충돌,중앙선침범,건조,맑음,교차로 - 교차로부근,승용,남,28세,상해없음,승용,남,27세,경상
2019031700100496,2019년 3월 17일 22시,일요일,경상북도 경산시 와촌면,중상사고,0,2,0,0,차대차 - 측면충돌,안전운전불이행,건조,맑음,단일로 - 기타,승합,남,60세,상해없음,이륜,남,66세,중상
2019031800100046,2019년 3월 18일 03시,월요일,경상북도 포항시 남구 장흥동,사망사고,1,0,0,0,차량단독 - 기타,안전운전불이행,건조,맑음,단일로 - 기타,이륜,남,34세,사망,,,,
2019031800100053,2019년 3월 18일 04시,월요일,경상북도 칠곡군 석적읍,경상사고,0,0,1,0,차대차 - 측면충돌,신호위반,건조,맑음,교차로 - 교차로안,승합,남,56세,상해없음,승용,남,27세,경상
2019031800100074,2019년 3월 18일 06시,월요일,경상북도 경산시 하양읍,중상사고,0,2,2,0,차대차 - 추돌,안전거리미확보,건조,맑음,단일로 - 기타,화물,남,40세,중상,화물,남,70세,경상
2019031800100075,2019년 3월 18일 06시,월요일,경상북도 구미시 산동면,경상사고,0,0,3,0,차대차 - 기타,신호위반,건조,맑음,교차로 - 교차로안,승용,여,34세,경상,승용,여,47세,경상
2019031800100076,2019년 3월 18일 06시,월요일,경상북도 포항시 남구 청림동,중상사고,0,1,1,1,차대차 - 추돌,안전운전불이행,건조,맑음,교차로 - 교차로안,승용,여,54세,중상,승용,여,52세,경상
2019031800100096,2019년 3월 18일 07시,월요일,경상북도 영천시 작산동,중상사고,0,1,0,0,차대차 - 측면충돌,불법유턴,건조,맑음,교차로 - 교차로안,승용,여,30세,상해없음,승용,남,59세,중상
2019031800100097,2019년 3월 18일 07시,월요일,경상북도 경산시 사동,경상사고,0,0,1,0,차대차 - 측면충돌,차로위반,건조,맑음,단일로 - 지하차도(도로)내,화물,남,44세,상해없음,화물,남,59세,경상
2019031800100098,2019년 3월 18일 07시,월요일,경상북도 성주군 성주읍,경상사고,0,0,2,0,차대차 - 측면충돌,안전운전불이행,건조,맑음,교차로 - 교차로안,승용,남,57세,경상,승용,여,50세,경상
2019031800100137,2019년 3월 18일 08시,월요일,경상북도 칠곡군 지천면,중상사고,0,1,10,2,차대차 - 추돌,안전거리미확보,건조,맑음,단일로 - 지하차도(도로)내,화물,남,52세,중상,승합,남,57세,경상
2019031800100138,2019년 3월 18일 08시,월요일,경상북도 청도군 화양읍,중상사고,0,1,0,0,차대차 - 측면충돌,중앙선침범,건조,맑음,단일로 - 기타,승용,남,46세,상해없음,자전거,남,80세,중상
2019031800100139,2019년 3월 18일 08시,월요일,경상북도 구미시 상모동,경상사고,0,0,1,0,차대차 - 기타,안전운전불이행,건조,맑음,단일로 - 기타,승용,여,35세,상해없음,화물,남,45세,경상
2019031800100173,2019년 3월 18일 09시,월요일,경상북도 구미시 고아읍,중상사고,0,1,0,0,차대차 - 기타,교차로운행방법위반,건조,맑음,교차로 - 교차로안,화물,남,62세,상해없음,이륜,남,23세,중상
2019031800100201,2019년 3월 18일 10시,월요일,경상북도 문경시 문경읍,중상사고,0,1,0,0,차대사람 - 길가장자리구역통행중,안전운전불이행,건조,맑음,단일로 - 기타,승용,남,60세,상해없음,보행자,여,88세,중상
2019031800100202,2019년 3월 18일 10시,월요일,경상북도 경산시 하양읍,중상사고,0,1,1,0,차대차 - 측면충돌,교차로운행방법위반,건조,맑음,교차로 - 교차로안,승용,남,23세,경상,승용,남,26세,중상
2019031800100234,2019년 3월 18일 11시,월요일,경상북도 경주시 황오동,경상사고,0,0,2,0,차대차 - 측면충돌,신호위반,건조,맑음,교차로 - 교차로안,이륜,남,71세,경상,승용,여,55세,경상
2019031800100235,2019년 3월 18일 11시,월요일,경상북도 예천군 예천읍,중상사고,0,1,0,0,차대차 - 추돌,안전운전불이행,건조,맑음,교차로 - 교차로안,승용,여,44세,상해없음,이륜,남,81세,중상
2019031800100263,2019년 3월 18일 12시,월요일,경상북도 경산시 서상동,경상사고,0,0,2,0,차대차 - 측면충돌,신호위반,건조,맑음,교차로 - 교차로안,승용,남,64세,상해없음,승용,남,71세,경상
2019031800100287,2019년 3월 18일 13시,월요일,경상북도 경주시 황남동,경상사고,0,0,2,0,차대차 - 측면충돌,안전운전불이행,건조,맑음,교차로 - 교차로안,이륜,남,20세,기타불명,화물,남,31세,경상
2019031800100288,2019년 3월 18일 13시,월요일,경상북도 경산시 남산면,중상사고,0,1,0,0,차대차 - 기타,교차로운행방법위반,건조,맑음,교차로 - 교차로안,화물,남,58세,상해없음,이륜,남,29세,중상
2019031800100315,2019년 3월 18일 14시,월요일,경상북도 경주시 동천동,중상사고,0,1,0,0,차대차 - 측면충돌,안전운전불이행,건조,맑음,단일로 - 기타,승용,남,66세,상해없음,승용,남,54세,중상
2019031800100316,2019년 3월 18일 14시,월요일,경상북도 성주군 성주읍,경상사고,0,0,1,0,차대사람 - 기타,안전운전불이행,건조,맑음,단일로 - 기타,승용,여,50세,상해없음,보행자,남,46세,경상
2019031800100343,2019년 3월 18일 15시,월요일,경상북도 경주시 외동읍,경상사고,0,0,1,0,차대차 - 측면충돌,안전운전불이행,건조,맑음,교차로 - 교차로부근,특수,남,56세,상해없음,승용,남,32세,경상
2019031800100344,2019년 3월 18일 15시,월요일,경상북도 경주시 안강읍,중상사고,0,1,0,0,차대사람 - 길가장자리구역통행중,안전운전불이행,건조,맑음,교차로 - 교차로부근,승용,여,18세,상해없음,보행자,여,77세,중상
2019031800100345,2019년 3월 18일 15시,월요일,경상북도 고령군 대가야읍,경상사고,0,0,1,0,차대차 - 측면충돌,교차로운행방법위반,건조,맑음,교차로 - 교차로안,승용,남,23세,상해없음,승용,여,54세,경상
2019031800100384,2019년 3월 18일 16시,월요일,경상북도 의성군 단촌면,경상사고,0,0,1,0,차대차 - 측면충돌,신호위반,건조,맑음,교차로 - 교차로안,승용,남,50세,상해없음,승용,여,52세,경상
2019031800100385,2019년 3월 18일 16시,월요일,경상북도 구미시 고아읍,중상사고,0,1,0,0,차량단독 - 공작물충돌,안전운전불이행,건조,맑음,교차로 - 교차로안,승용,남,39세,중상,,,,
2019031800100422,2019년 3월 18일 17시,월요일,경상북도 상주시 이안면,경상사고,0,0,1,0,차량단독 - 전도전복 - 전복,안전운전불이행,건조,맑음,단일로 - 기타,화물,남,54세,경상,,,,
2019031800100423,2019년 3월 18일 17시,월요일,경상북도 영천시 망정동,부상신고사고,0,0,0,1,차대사람 - 차도통행중,안전운전불이행,건조,흐림,단일로 - 기타,승용,여,59세,상해없음,보행자,남,5세,부상신고
2019031800100489,2019년 3월 18일 19시,월요일,경상북도 포항시 남구 연일읍,경상사고,0,0,1,0,차대차 - 측면충돌,안전운전불이행,건조,맑음,단일로 - 기타,승용,남,36세,상해없음,승용,남,56세,경상
2019031800100517,2019년 3월 18일 20시,월요일,경상북도 경산시 중산동,경상사고,0,0,1,0,차대차 - 측면충돌,안전운전불이행,건조,맑음,교차로 - 교차로안,승용,여,48세,상해없음,승용,남,35세,경상
2019031800100518,2019년 3월 18일 20시,월요일,경상북도 포항시 남구 대도동,경상사고,0,0,4,0,차대차 - 추돌,안전운전불이행,건조,맑음,교차로 - 교차로부근,승용,남,53세,상해없음,승용,여,50세,경상
2019031800100541,2019년 3월 18일 21시,월요일,경상북도 경주시 서부동,중상사고,0,1,1,0,차대차 - 측면충돌,안전운전불이행,건조,맑음,단일로 - 지하차도(도로)내,이륜,남,34세,경상,이륜,남,43세,중상
2019031800100565,2019년 3월 18일 22시,월요일,경상북도 구미시 구포동,경상사고,0,0,3,0,차대차 - 기타,안전운전불이행,건조,맑음,단일로 - 기타,화물,여,40세,상해없음,승용,남,33세,경상
2019031800100566,2019년 3월 18일 22시,월요일,경상북도 구미시 상모동,부상신고사고,0,0,0,1,차대차 - 기타,안전운전불이행,건조,맑음,교차로 - 교차로안,자전거,남,45세,부상신고,승용,남,56세,상해없음
2019031900100026,2019년 3월 19일 00시,화요일,경상북도 경산시 진량읍,경상사고,0,0,1,0,차대차 - 측면충돌,안전운전불이행,건조,맑음,단일로 - 기타,승용,남,50세,상해없음,승용,여,35세,경상
2019031900100027,2019년 3월 19일 00시,화요일,경상북도 경산시 진량읍,경상사고,0,0,1,0,차대사람 - 길가장자리구역통행중,안전운전불이행,건조,맑음,교차로 - 교차로부근,승용,남,66세,상해없음,보행자,남,35세,경상
2019031900100058,2019년 3월 19일 04시,화요일,경상북도 영천시 북안면,경상사고,0,0,1,0,차대차 - 정면충돌,신호위반,건조,맑음,기타 - 기타,승용,남,38세,경상,화물,남,52세,상해없음
2019031900100073,2019년 3월 19일 05시,화요일,경상북도 칠곡군 석적읍,경상사고,0,0,2,0,차대차 - 측면충돌,안전운전불이행,건조,흐림,교차로 - 교차로부근,화물,남,36세,상해없음,승용,여,38세,경상
2019031900100109,2019년 3월 19일 07시,화요일,경상북도 구미시 황상동,부상신고사고,0,0,0,1,차대차 - 기타,안전운전불이행,건조,맑음,단일로 - 기타,이륜,남,20세,부상신고,승용,남,62세,상해없음
2019031900100110,2019년 3월 19일 07시,화요일,경상북도 포항시 남구 오천읍,경상사고,0,0,1,0,차대차 - 측면충돌,안전운전불이행,건조,맑음,교차로 - 교차로부근,승용,남,39세,상해없음,승용,남,35세,경상
2019031900100141,2019년 3월 19일 08시,화요일,경상북도 경주시 용강동,경상사고,0,0,2,0,차대차 - 측면충돌,안전운전불이행,건조,맑음,교차로 - 교차로부근,승용,남,30세,상해없음,화물,남,58세,경상
2019031900100142,2019년 3월 19일 08시,화요일,경상북도 경주시 용강동,경상사고,0,0,1,0,차대차 - 후진중충돌,안전운전불이행,건조,맑음,교차로 - 교차로부근,화물,남,59세,상해없음,승용,여,24세,경상
2019031900100143,2019년 3월 19일 08시,화요일,경상북도 안동시 북후면,경상사고,0,0,1,0,차대차 - 측면충돌,중앙선침범,건조,맑음,교차로 - 교차로안,이륜,남,86세,경상,화물,남,57세,상해없음
2019031900100144,2019년 3월 19일 08시,화요일,경상북도 칠곡군 석적읍,경상사고,0,0,1,0,차대차 - 측면충돌,중앙선침범,건조,맑음,단일로 - 기타,승용,여,36세,상해없음,승용,남,46세,경상
2019031900100145,2019년 3월 19일 08시,화요일,경상북도 포항시 남구 오천읍,경상사고,0,0,2,0,차대사람 - 횡단중,보행자보호의무위반,건조,맑음,교차로 - 교차로횡단보도내,승용,여,53세,상해없음,보행자,남,29세,경상
2019031900100165,2019년 3월 19일 09시,화요일,경상북도 의성군 다인면,경상사고,0,0,1,0,차대차 - 측면충돌,직진우회전진행방해,건조,맑음,교차로 - 교차로안,승용,여,47세,경상,승용,남,60세,상해없음
2019031900100166,2019년 3월 19일 09시,화요일,경상북도 포항시 남구 청림동,경상사고,0,0,2,0,차대차 - 추돌,안전거리미확보,건조,맑음,교차로 - 교차로부근,승용,여,39세,상해없음,승용,여,52세,경상
2019031900100192,2019년 3월 19일 10시,화요일,경상북도 김천시 감문면,중상사고,0,1,0,0,차대차 - 정면충돌,중앙선침범,건조,맑음,단일로 - 기타,승용,남,46세,상해없음,화물,남,67세,중상
2019031900100240,2019년 3월 19일 12시,화요일,경상북도 구미시 선산읍,중상사고,0,2,0,0,차대차 - 기타,신호위반,건조,맑음,교차로 - 교차로안,이륜,남,80세,중상,승용,여,50세,기타불명
2019031900100297,2019년 3월 19일 14시,화요일,경상북도 경주시 황성동,경상사고,0,0,1,0,차대차 - 후진중충돌,안전운전불이행,건조,맑음,주차장 - 주차장,승용,남,29세,상해없음,승용,여,51세,경상
2019031900100298,2019년 3월 19일 14시,화요일,경상북도 청송군 현동면,중상사고,0,1,0,0,차대차 - 측면충돌,중앙선침범,건조,맑음,단일로 - 기타,승용,남,65세,상해없음,승용,여,63세,중상
2019031900100330,2019년 3월 19일 15시,화요일,경상북도 경주시 안강읍,중상사고,0,1,0,0,차대사람 - 횡단중,안전운전불이행,건조,맑음,교차로 - 교차로부근,승용,여,43세,상해없음,보행자,여,51세,중상
2019031900100331,2019년 3월 19일 15시,화요일,경상북도 고령군 대가야읍,경상사고,0,0,2,0,차대차 - 측면충돌,안전운전불이행,건조,맑음,단일로 - 기타,화물,남,65세,상해없음,승용,여,61세,경상
2019031900100332,2019년 3월 19일 15시,화요일,경상북도 구미시 송정동,부상신고사고,0,0,0,5,차대차 - 기타,안전거리미확보,건조,맑음,교차로 - 교차로부근,승용,여,50세,상해없음,승합,남,23세,부상신고
2019031900100364,2019년 3월 19일 16시,화요일,경상북도 영덕군 강구면,경상사고,0,0,2,0,차량단독 - 전도전복 - 전도,안전운전불이행,건조,맑음,단일로 - 기타,화물,남,40세,경상,,,,
2019031900100365,2019년 3월 19일 16시,화요일,경상북도 봉화군 법전면,경상사고,0,0,2,1,차대차 - 측면충돌,신호위반,건조,맑음,교차로 - 교차로안,승용,여,48세,부상신고,승용,남,62세,경상
2019031900100400,2019년 3월 19일 17시,화요일,경상북도 구미시 옥계동,중상사고,0,1,0,0,차대차 - 측면충돌,안전운전불이행,건조,맑음,단일로 - 기타,승용,남,48세,상해없음,승용,남,36세,중상
2019031900100433,2019년 3월 19일 18시,화요일,경상북도 안동시 옥동,경상사고,0,0,1,0,차대차 - 추돌,안전거리미확보,건조,맑음,단일로 - 기타,승용,남,62세,상해없음,화물,남,60세,경상
2019031900100434,2019년 3월 19일 18시,화요일,경상북도 영천시 화룡동,경상사고,0,0,1,0,차대사람 - 기타,보행자보호의무위반,건조,맑음,교차로 - 교차로안,승용,여,59세,상해없음,보행자,여,76세,경상
2019031900100435,2019년 3월 19일 18시,화요일,경상북도 문경시 점촌동,경상사고,0,0,1,0,차대차 - 측면충돌,안전운전불이행,건조,맑음,단일로 - 기타,승용,남,66세,상해없음,화물,남,59세,경상
2019031900100466,2019년 3월 19일 19시,화요일,경상북도 문경시 농암면,중상사고,0,1,1,0,차대차 - 정면충돌,안전운전불이행,건조,맑음,단일로 - 기타,이륜,남,51세,중상,승용,남,69세,경상
2019031900100467,2019년 3월 19일 19시,화요일,경상북도 포항시 남구 해도동,부상신고사고,0,0,0,1,차대차 - 측면충돌,안전운전불이행,건조,맑음,교차로 - 교차로안,승용,남,48세,상해없음,자전거,남,66세,부상신고
2019031900100490,2019년 3월 19일 20시,화요일,경상북도 구미시 송정동,경상사고,0,0,4,0,차대차 - 측면충돌,안전운전불이행,건조,흐림,교차로 - 교차로부근,승용,여,59세,상해없음,승용,남,21세,경상
2019031900100512,2019년 3월 19일 21시,화요일,경상북도 포항시 남구 오천읍,중상사고,0,1,0,0,차대사람 - 횡단중,안전운전불이행,건조,맑음,교차로 - 교차로안,승용,남,40세,상해없음,보행자,남,40세,중상
2019031900100553,2019년 3월 19일 23시,화요일,경상북도 구미시 도량동,경상사고,0,0,2,0,차대차 - 기타,안전운전불이행,건조,맑음,교차로 - 교차로부근,승용,남,45세,상해없음,승용,남,44세,경상
2019032000100045,2019년 3월 20일 01시,수요일,경상북도 김천시 성내동,중상사고,0,1,2,0,차대차 - 측면충돌,신호위반,건조,맑음,교차로 - 교차로안,이륜,남,25세,중상,승용,남,19세,경상
2019032000100046,2019년 3월 20일 01시,수요일,경상북도 포항시 남구 해도동,경상사고,0,0,2,0,차대차 - 측면충돌,신호위반,건조,맑음,교차로 - 교차로안,승용,여,35세,경상,승용,남,60세,경상
2019032000100052,2019년 3월 20일 02시,수요일,경상북도 김천시 부곡동,경상사고,0,0,1,0,차대사람 - 보도통행중,안전운전불이행,건조,맑음,단일로 - 기타,기타불명,기타불명,미분류,기타불명,보행자,남,55세,경상
2019032000100075,2019년 3월 20일 05시,수요일,경상북도 김천시 감천면,사망사고,1,1,0,0,차대차 - 추돌,안전운전불이행,건조,맑음,교차로 - 교차로안,승용,남,43세,상해없음,농기계,남,81세,중상
2019032000100092,2019년 3월 20일 06시,수요일,경상북도 청송군 진보면,중상사고,0,1,0,0,차량단독 - 공작물충돌,안전운전불이행,건조,맑음,단일로 - 지하차도(도로)내,화물,남,57세,중상,,,,
2019032000100115,2019년 3월 20일 07시,수요일,경상북도 포항시 북구 흥해읍,경상사고,0,0,2,0,차대차 - 기타,안전운전불이행,건조,맑음,교차로 - 교차로안,승용,여,45세,상해없음,승용,남,33세,경상
2019032000100116,2019년 3월 20일 07시,수요일,경상북도 안동시 수상동,경상사고,0,0,1,0,차대차 - 측면충돌,안전운전불이행,건조,맑음,단일로 - 기타,승용,여,26세,상해없음,승용,남,24세,경상
2019032000100159,2019년 3월 20일 08시,수요일,경상북도 포항시 북구 덕수동,중상사고,0,1,0,0,차대사람 - 횡단중,신호위반,건조,맑음,단일로 - 기타,승용,남,70세,상해없음,보행자,남,70세,중상
2019032000100160,2019년 3월 20일 08시,수요일,경상북도 영양군 영양읍,경상사고,0,0,2,0,차대차 - 측면충돌,직진우회전진행방해,건조,맑음,교차로 - 교차로안,승용,남,39세,경상,승용,여,43세,경상
2019032000100161,2019년 3월 20일 08시,수요일,경상북도 구미시 황상동,경상사고,0,0,1,0,차대차 - 기타,차로위반,건조,맑음,교차로 - 교차로부근,승합,남,54세,기타불명,승용,여,37세,경상
2019032000100233,2019년 3월 20일 11시,수요일,경상북도 경주시 성건동,경상사고,0,0,1,0,차대차 - 측면충돌,안전운전불이행,건조,맑음,교차로 - 교차로안,승용,남,60세,상해없음,승용,여,59세,경상
2019032000100234,2019년 3월 20일 11시,수요일,경상북도 청도군 청도읍,경상사고,0,0,1,0,차대차 - 측면충돌,교차로운행방법위반,건조,맑음,교차로 - 교차로안,승용,여,51세,상해없음,이륜,남,81세,경상
2019032000100235,2019년 3월 20일 11시,수요일,경상북도 구미시 원평동,경상사고,0,0,1,0,차대차 - 기타,안전운전불이행,건조,맑음,교차로 - 교차로안,승용,남,39세,상해없음,이륜,남,22세,경상
2019032000100286,2019년 3월 20일 13시,수요일,경상북도 상주시 화산동,경상사고,0,0,1,0,차대차 - 측면충돌,교차로운행방법위반,건조,맑음,교차로 - 교차로안,특수,남,57세,상해없음,승용,여,54세,경상
2019032000100287,2019년 3월 20일 13시,수요일,경상북도 문경시 산양면,중상사고,0,4,0,0,차대차 - 측면충돌,안전운전불이행,건조,맑음,교차로 - 교차로안,화물,남,69세,중상,승합,남,43세,중상
2019032000100288,2019년 3월 20일 13시,수요일,경상북도 영천시 신령면,중상사고,0,1,0,0,차량단독 - 기타,안전운전불이행,건조,맑음,단일로 - 기타,승용,남,34세,상해없음,,,,
2019032000100329,2019년 3월 20일 14시,수요일,경상북도 경산시 진량읍,경상사고,0,0,1,0,차대차 - 정면충돌,중앙선침범,건조,맑음,단일로 - 지하차도(도로)내,원동기,남,19세,상해없음,승용,남,45세,경상
2019032000100330,2019년 3월 20일 14시,수요일,경상북도 봉화군 춘양면,부상신고사고,0,0,0,1,차대차 - 기타,안전운전불이행,건조,맑음,단일로 - 기타,자전거,남,59세,부상신고,특수,여,39세,상해없음
2019032000100365,2019년 3월 20일 15시,수요일,경상북도 경산시 평산동,부상신고사고,0,0,0,1,차대차 - 정면충돌,안전운전불이행,건조,맑음,교차로 - 교차로안,화물,남,49세,상해없음,화물,남,48세,부상신고
2019032000100366,2019년 3월 20일 15시,수요일,경상북도 울진군 죽변면,중상사고,0,1,0,0,차대차 - 후진중충돌,중앙선침범,건조,맑음,교차로 - 교차로부근,화물,남,72세,상해없음,승용,여,54세,중상
2019032000100367,2019년 3월 20일 15시,수요일,경상북도 고령군 대가야읍,경상사고,0,0,1,0,차대차 - 측면충돌,교차로운행방법위반,건조,맑음,교차로 - 교차로안,승용,여,47세,상해없음,이륜,남,60세,경상
2019032000100401,2019년 3월 20일 16시,수요일,경상북도 김천시 부곡동,중상사고,0,1,0,0,차대차 - 측면충돌,안전운전불이행,건조,맑음,단일로 - 기타,승용,여,54세,상해없음,이륜,남,77세,중상
2019032000100486,2019년 3월 20일 18시,수요일,경상북도 포항시 북구 흥해읍,중상사고,0,1,1,0,차대차 - 추돌,안전운전불이행,건조,맑음,단일로 - 기타,승용,남,25세,상해없음,승용,여,33세,중상
2019032000100539,2019년 3월 20일 19시,수요일,경상북도 경주시 노서동,경상사고,0,0,1,0,차대사람 - 길가장자리구역통행중,안전운전불이행,젖음/습기,흐림,단일로 - 기타,승용,남,77세,상해없음,보행자,남,15세,경상
2019032000100540,2019년 3월 20일 19시,수요일,경상북도 경주시 양남면,경상사고,0,0,1,0,차대차 - 측면충돌,안전운전불이행,젖음/습기,비,교차로 - 교차로안,승용,여,44세,경상,승용,남,22세,상해없음
2019032000100541,2019년 3월 20일 19시,수요일,경상북도 경산시 상방동,중상사고,0,1,0,0,차대사람 - 횡단중,보행자보호의무위반,젖음/습기,비,교차로 - 교차로부근,이륜,남,32세,상해없음,보행자,여,18세,중상
2019032000100542,2019년 3월 20일 19시,수요일,경상북도 경산시 옥산동,경상사고,0,0,1,0,차대차 - 측면충돌,신호위반,젖음/습기,비,교차로 - 교차로안,승용,여,59세,상해없음,화물,남,49세,경상
2019032000100543,2019년 3월 20일 19시,수요일,경상북도 예천군 예천읍,중상사고,0,3,0,0,차대차 - 측면충돌,신호위반,젖음/습기,비,교차로 - 교차로안,승용,남,57세,중상,승용,남,41세,중상
2019032000100544,2019년 3월 20일 19시,수요일,경상북도 고령군 다산면,중상사고,0,1,0,0,차대사람 - 기타,안전운전불이행,젖음/습기,비,단일로 - 기타,이륜,남,24세,상해없음,보행자,남,56세,중상
2019032000100593,2019년 3월 20일 20시,수요일,경상북도 경주시 천군동,중상사고,0,1,0,0,차대차 - 측면충돌,직진우회전진행방해,젖음/습기,비,교차로 - 교차로안,승합,남,45세,상해없음,승용,여,50세,중상
2019032000100594,2019년 3월 20일 20시,수요일,경상북도 칠곡군 약목면,경상사고,0,0,1,0,차대차 - 측면충돌,안전운전불이행,건조,맑음,단일로 - 기타,승용,남,71세,상해없음,승용,여,24세,경상
2019032000100595,2019년 3월 20일 20시,수요일,경상북도 청도군 청도읍,경상사고,0,0,1,0,차대사람 - 횡단중,신호위반,젖음/습기,비,교차로 - 교차로횡단보도내,화물,남,25세,상해없음,보행자,여,16세,경상
2019032000100643,2019년 3월 20일 21시,수요일,경상북도 안동시 정하동,경상사고,0,0,1,0,차대차 - 기타,안전운전불이행,젖음/습기,비,교차로 - 교차로부근,승용,남,68세,상해없음,승용,여,42세,상해없음
2019032000100644,2019년 3월 20일 21시,수요일,경상북도 포항시 남구 해도동,경상사고,0,0,2,0,차대차 - 측면충돌,안전운전불이행,젖음/습기,비,단일로 - 기타,승용,남,47세,상해없음,승용,여,48세,경상
2019032000100705,2019년 3월 20일 22시,수요일,경상북도 구미시 지산동,경상사고,0,0,2,0,차대차 - 기타,신호위반,젖음/습기,비,교차로 - 교차로안,승용,남,70세,상해없음,승용,남,32세,경상
2019032000100738,2019년 3월 20일 23시,수요일,경상북도 영주시 휴천동,중상사고,0,1,0,0,차대사람 - 차도통행중,안전운전불이행,젖음/습기,비,교차로 - 교차로안,승용,남,42세,상해없음,보행자,여,65세,중상