사고번호,사고일시,요일,시군구,사고내용,사망자수,중상자수,경상자수,부상신고자수,사고유형,법규위반,노면상태,기상상태,도로형태,가해운전자 차종,가해운전자 성별,가해운전자 연령,가해운전자 상해정도,피해운전자 차종,피해운전자 성별,피해운전자 연령,피해운전자 상해정도
2019032000100739,2019년 3월 20일 23시,수요일,경상북도 구미시 진평동,중상사고,0,1,1,0,차대사람 - 기타,신호위반,젖음/습기,비,교차로 - 교차로부근,이륜,남,35세,경상,보행자,여,58세,중상
2019032100100027,2019년 3월 21일 00시,목요일,경상북도 포항시 남구 대잠동,경상사고,0,0,1,0,차대차 - 측면충돌,신호위반,젖음/습기,비,교차로 - 교차로안,승용,남,32세,상해없음,승합,남,56세,상해없음
2019032100100074,2019년 3월 21일 04시,목요일,경상북도 안동시 태화동,경상사고,0,0,1,0,차량단독 - 공작물충돌,안전운전불이행,젖음/습기,비,단일로 - 기타,화물,남,34세,경상,,,,
2019032100100075,2019년 3월 21일 04시,목요일,경상북도 칠곡군 가산면,경상사고,0,0,1,0,차대차 - 측면충돌,안전운전불이행,젖음/습기,흐림,단일로 - 기타,승용,남,36세,상해없음,승용,남,34세,경상
2019032100100076,2019년 3월 21일 04시,목요일,경상북도 성주군 성주읍,경상사고,0,0,1,0,차대차 - 기타,신호위반,건조,맑음,교차로 - 교차로안,승합,여,60세,상해없음,승용,남,57세,경상
2019032100100086,2019년 3월 21일 05시,목요일,경상북도 포항시 남구 상도동,경상사고,0,0,1,0,차대차 - 측면충돌,안전거리미확보,젖음/습기,흐림,교차로 - 교차로부근,승용,남,61세,상해없음,승합,남,52세,경상
2019032100100115,2019년 3월 21일 07시,목요일,경상북도 구미시 구평동,경상사고,0,0,2,0,차대차 - 추돌,안전운전불이행,건조,맑음,교차로 - 교차로안,승용,여,37세,상해없음,승용,남,29세,경상
2019032100100160,2019년 3월 21일 08시,목요일,경상북도 칠곡군 가산면,중상사고,0,1,0,0,차대차 - 측면충돌,안전운전불이행,건조,맑음,단일로 - 기타,승용,남,65세,상해없음,승용,남,73세,중상
2019032100100161,2019년 3월 21일 08시,목요일,경상북도 구미시 구평동,중상사고,0,1,0,0,차대차 - 기타,신호위반,건조,맑음,교차로 - 교차로안,승용,여,47세,상해없음,이륜,남,35세,중상
2019032100100162,2019년 3월 21일 08시,목요일,경상북도 구미시 임수동,경상사고,0,0,1,0,차대차 - 측면충돌,차로위반,건조,맑음,단일로 - 기타,승용,남,39세,상해없음,승용,남,22세,경상
2019032100100196,2019년 3월 21일 09시,목요일,경상북도 안동시 옥동,경상사고,0,0,1,0,차대차 - 추돌,안전운전불이행,건조,맑음,단일로 - 기타,승용,남,50세,상해없음,승용,남,63세,경상
2019032100100197,2019년 3월 21일 09시,목요일,경상북도 경산시 와촌면,경상사고,0,0,1,0,차대사람 - 횡단중,안전운전불이행,건조,맑음,단일로 - 지하차도(도로)내,승합,남,47세,상해없음,보행자,여,72세,경상
2019032100100227,2019년 3월 21일 10시,목요일,경상북도 포항시 북구 우현동,경상사고,0,0,2,0,차대차 - 기타,안전운전불이행,건조,맑음,교차로 - 교차로안,승용,남,20세,상해없음,승용,남,64세,경상
2019032100100248,2019년 3월 21일 11시,목요일,경상북도 포항시 남구 오천읍,중상사고,0,1,0,0,차대차 - 후진중충돌,불법유턴,건조,맑음,교차로 - 교차로부근,승용,남,34세,상해없음,이륜,남,57세,중상
2019032100100280,2019년 3월 21일 12시,목요일,경상북도 경주시 보문동,경상사고,0,0,1,0,차대차 - 측면충돌,안전운전불이행,건조,맑음,단일로 - 지하차도(도로)내,승용,남,56세,상해없음,승용,남,59세,경상
2019032100100281,2019년 3월 21일 12시,목요일,경상북도 포항시 북구 죽도동,경상사고,0,0,1,0,차대사람 - 횡단중,안전운전불이행,건조,맑음,단일로 - 기타,화물,남,66세,상해없음,보행자,여,61세,경상
2019032100100282,2019년 3월 21일 12시,목요일,경상북도 포항시 북구 학산동,경상사고,0,0,1,0,차대차 - 측면충돌,신호위반,건조,맑음,교차로 - 교차로안,승용,남,71세,상해없음,승용,여,64세,경상
2019032100100283,2019년 3월 21일 12시,목요일,경상북도 안동시 옥동,경상사고,0,0,1,0,차대차 - 추돌,안전거리미확보,건조,맑음,단일로 - 기타,승용,여,27세,상해없음,승용,남,58세,경상
2019032100100312,2019년 3월 21일 13시,목요일,경상북도 포항시 북구 덕수동,경상사고,0,0,2,0,차대차 - 측면충돌,차로위반,건조,맑음,교차로 - 교차로안,승용,여,70세,상해없음,승용,남,20세,경상
2019032100100313,2019년 3월 21일 13시,목요일,경상북도 경산시 정평동,경상사고,0,0,1,0,차대차 - 측면충돌,교차로운행방법위반,건조,맑음,단일로 - 지하차도(도로)내,승용,여,39세,상해없음,원동기,여,35세,경상
2019032100100335,2019년 3월 21일 14시,목요일,경상북도 안동시 태화동,경상사고,0,0,1,0,차대차 - 측면충돌,안전운전불이행,건조,맑음,단일로 - 기타,이륜,남,20세,상해없음,승용,남,66세,경상
2019032100100406,2019년 3월 21일 16시,목요일,경상북도 영천시 조교동,경상사고,0,0,2,0,차대차 - 측면충돌,안전운전불이행,건조,맑음,단일로 - 교량,화물,남,40세,상해없음,승용,여,58세,경상
2019032100100407,2019년 3월 21일 16시,목요일,경상북도 구미시 원평동,부상신고사고,0,0,0,3,차대차 - 기타,교차로운행방법위반,건조,맑음,교차로 - 교차로안,화물,남,59세,부상신고,승용,여,41세,부상신고
2019032100100408,2019년 3월 21일 16시,목요일,경상북도 포항시 남구 효자동,중상사고,0,1,0,0,차대차 - 추돌,안전운전불이행,건조,맑음,교차로 - 교차로부근,승용,남,20세,상해없음,승용,여,32세,중상
2019032100100487,2019년 3월 21일 18시,목요일,경상북도 포항시 남구 대잠동,경상사고,0,0,1,0,차대차 - 측면충돌,안전운전불이행,건조,맑음,교차로 - 교차로부근,승용,남,27세,경상,승용,남,56세,상해없음
2019032100100526,2019년 3월 21일 19시,목요일,경상북도 경주시 동천동,중상사고,0,1,0,0,차대차 - 측면충돌,안전운전불이행,건조,맑음,교차로 - 교차로안,승용,여,40세,상해없음,자전거,여,58세,중상
2019032100100527,2019년 3월 21일 19시,목요일,경상북도 경주시 안강읍,중상사고,0,1,0,0,차대차 - 후진중충돌,안전운전불이행,건조,맑음,단일로 - 기타,특수,남,55세,상해없음,화물,남,39세,중상
2019032100100528,2019년 3월 21일 19시,목요일,경상북도 김천시 부곡동,중상사고,0,1,0,0,차대사람 - 차도통행중,안전운전불이행,기타,맑음,주차장 - 주차장,승용,남,48세,상해없음,보행자,남,55세,중상
2019032100100529,2019년 3월 21일 19시,목요일,경상북도 칠곡군 가산면,부상신고사고,0,0,0,1,차량단독 - 공작물충돌,안전운전불이행,건조,맑음,단일로 - 기타,화물,남,67세,부상신고,,,,
2019032100100530,2019년 3월 21일 19시,목요일,경상북도 경산시 정평동,부상신고사고,0,0,0,1,차대차 - 기타,신호위반,건조,맑음,교차로 - 교차로안,승용,여,19세,상해없음,승용,여,26세,부상신고
2019032100100531,2019년 3월 21일 19시,목요일,경상북도 경산시 압량면,경상사고,0,0,1,0,차대차 - 기타,안전운전불이행,건조,맑음,교차로 - 교차로안,승용,남,53세,상해없음,승용,여,42세,경상
2019032100100558,2019년 3월 21일 20시,목요일,경상북도 안동시 송현동,부상신고사고,0,0,0,1,차대차 - 정면충돌,신호위반,건조,맑음,교차로 - 교차로안,화물,남,66세,상해없음,승용,남,48세,부상신고
2019032100100559,2019년 3월 21일 20시,목요일,경상북도 경산시 대동,경상사고,0,0,1,0,차대사람 - 횡단중,신호위반,건조,맑음,교차로 - 교차로횡단보도내,이륜,남,28세,상해없음,보행자,남,15세,경상
2019032100100591,2019년 3월 21일 21시,목요일,경상북도 경주시 동천동,경상사고,0,0,1,0,차대사람 - 길가장자리구역통행중,안전운전불이행,건조,맑음,주차장 - 주차장,자전거,여,74세,경상,보행자,남,56세,상해없음
2019032100100592,2019년 3월 21일 21시,목요일,경상북도 구미시 상모동,경상사고,0,0,1,0,차대사람 - 횡단중,안전운전불이행,건조,맑음,교차로 - 교차로부근,특수,남,43세,상해없음,보행자,남,55세,경상
2019032100100593,2019년 3월 21일 21시,목요일,경상북도 포항시 남구 대도동,경상사고,0,0,2,0,차대차 - 측면충돌,교차로운행방법위반,건조,맑음,교차로 - 교차로안,이륜,남,30세,경상,이륜,남,22세,경상
2019032200100043,2019년 3월 22일 02시,금요일,경상북도 경주시 성건동,부상신고사고,0,0,0,1,차량단독 - 공작물충돌,안전운전불이행,건조,맑음,교차로 - 교차로부근,승용,남,53세,부상신고,,,,
2019032200100102,2019년 3월 22일 07시,금요일,경상북도 영천시 문외동,경상사고,0,0,2,0,차대차 - 측면충돌,안전운전불이행,건조,맑음,교차로 - 교차로안,화물,남,71세,경상,화물,남,50세,상해없음
2019032200100103,2019년 3월 22일 07시,금요일,경상북도 구미시 인의동,중상사고,0,1,0,0,차대차 - 기타,신호위반,건조,맑음,교차로 - 교차로안,이륜,남,76세,중상,승용,여,36세,상해없음
2019032200100104,2019년 3월 22일 07시,금요일,경상북도 경산시 진량읍,경상사고,0,0,2,0,차대차 - 측면충돌,안전운전불이행,건조,맑음,단일로 - 기타,승용,남,31세,경상,승용,남,33세,경상
2019032200100137,2019년 3월 22일 08시,금요일,경상북도 경주시 양북면,중상사고,0,1,1,0,차대차 - 측면충돌,신호위반,건조,맑음,교차로 - 교차로안,화물,남,71세,중상,승용,여,24세,경상
2019032200100138,2019년 3월 22일 08시,금요일,경상북도 포항시 북구 흥해읍,경상사고,0,0,1,0,차대차 - 기타,안전운전불이행,건조,맑음,단일로 - 기타,승용,남,60세,상해없음,화물,남,51세,경상
2019032200100192,2019년 3월 22일 10시,금요일,경상북도 포항시 남구 오천읍,경상사고,0,0,2,0,차대차 - 기타,안전운전불이행,건조,맑음,교차로 - 교차로부근,이륜,남,23세,경상,승용,여,41세,경상
2019032200100217,2019년 3월 22일 11시,금요일,경상북도 안동시 광석동,경상사고,0,0,1,0,차대사람 - 길가장자리구역통행중,안전운전불이행,건조,맑음,단일로 - 기타,승용,남,65세,상해없음,보행자,남,56세,경상
2019032200100218,2019년 3월 22일 11시,금요일,경상북도 의성군 단촌면,사망사고,1,0,0,0,차대차 - 추돌,안전거리미확보,건조,맑음,단일로 - 기타,화물,남,37세,상해없음,농기계,남,83세,사망
2019032200100219,2019년 3월 22일 11시,금요일,경상북도 영천시 서산동,경상사고,0,0,2,0,차대차 - 측면충돌,안전운전불이행,건조,맑음,교차로 - 교차로안,화물,남,64세,상해없음,승용,여,64세,경상
2019032200100220,2019년 3월 22일 11시,금요일,경상북도 문경시 영신동,경상사고,0,0,1,0,차량단독 - 공작물충돌,안전운전불이행,건조,맑음,교차로 - 교차로안,승용,여,54세,경상,,,,
2019032200100249,2019년 3월 22일 12시,금요일,경상북도 포항시 남구 오천읍,중상사고,0,1,0,0,차대차 - 기타,중앙선침범,건조,맑음,교차로 - 교차로부근,승용,여,33세,상해없음,이륜,남,33세,중상
2019032200100271,2019년 3월 22일 13시,금요일,경상북도 경주시 동부동,경상사고,0,0,1,0,차대차 - 측면충돌,안전운전불이행,건조,맑음,단일로 - 기타,승용,남,81세,상해없음,이륜,여,33세,경상
2019032200100272,2019년 3월 22일 13시,금요일,경상북도 김천시 신음동,경상사고,0,0,1,0,차대차 - 측면충돌,안전운전불이행,건조,맑음,교차로 - 교차로부근,승용,남,69세,상해없음,승용,여,52세,경상
2019032200100273,2019년 3월 22일 13시,금요일,경상북도 칠곡군 지천면,중상사고,0,1,0,0,차대차 - 측면충돌,안전운전불이행,건조,맑음,단일로 - 기타,이륜,남,70세,중상,승용,남,55세,기타불명
2019032200100274,2019년 3월 22일 13시,금요일,경상북도 청도군 풍각면,경상사고,0,0,1,0,차대차 - 측면충돌,안전운전불이행,건조,맑음,교차로 - 교차로부근,건설기계,남,59세,상해없음,승용,여,44세,경상
2019032200100275,2019년 3월 22일 13시,금요일,경상북도 구미시 구평동,경상사고,0,0,2,0,차대차 - 측면충돌,안전거리미확보,건조,맑음,교차로 - 교차로부근,화물,남,55세,상해없음,승용,남,65세,상해없음
2019032200100314,2019년 3월 22일 14시,금요일,경상북도 안동시 서후면,사망사고,1,0,1,3,차대차 - 측면충돌,과속,건조,맑음,단일로 - 기타,승용,남,19세,경상,승용,남,19세,상해없음
2019032200100344,2019년 3월 22일 15시,금요일,경상북도 경주시 용강동,경상사고,0,0,2,0,차대차 - 측면충돌,안전운전불이행,건조,맑음,교차로 - 교차로부근,건설기계,남,61세,상해없음,승용,남,63세,경상
2019032200100345,2019년 3월 22일 15시,금요일,경상북도 구미시 형곡동,경상사고,0,0,1,0,차대차 - 기타,신호위반,건조,맑음,교차로 - 교차로안,승용,남,25세,상해없음,승용,남,22세,상해없음
2019032200100383,2019년 3월 22일 16시,금요일,경상북도 김천시 신음동,경상사고,0,0,2,0,차대차 - 추돌,안전운전불이행,건조,맑음,교차로 - 교차로안,승합,남,63세,경상,화물,남,69세,경상
2019032200100384,2019년 3월 22일 16시,금요일,경상북도 영주시 영주동,중상사고,0,1,2,0,차대차 - 측면충돌,안전운전불이행,건조,맑음,교차로 - 교차로안,승용,남,71세,상해없음,승합,남,57세,상해없음
2019032200100385,2019년 3월 22일 16시,금요일,경상북도 구미시 임수동,경상사고,0,0,2,0,차대차 - 기타,안전운전불이행,건조,맑음,단일로 - 기타,승용,여,37세,상해없음,승용,남,24세,경상
2019032200100427,2019년 3월 22일 17시,금요일,경상북도 포항시 북구 죽도동,경상사고,0,0,1,0,차대사람 - 횡단중,안전운전불이행,건조,맑음,단일로 - 기타,승용,남,56세,상해없음,보행자,여,81세,경상
2019032200100428,2019년 3월 22일 17시,금요일,경상북도 안동시 정하동,경상사고,0,0,1,0,차대차 - 기타,안전운전불이행,건조,맑음,단일로 - 기타,화물,여,58세,상해없음,승용,여,43세,경상
2019032200100484,2019년 3월 22일 18시,금요일,경상북도 영주시 가흥동,중상사고,0,2,1,0,차대차 - 추돌,교차로운행방법위반,건조,맑음,교차로 - 교차로안,승용,남,59세,상해없음,승용,남,61세,상해없음
2019032200100485,2019년 3월 22일 18시,금요일,경상북도 칠곡군 지천면,부상신고사고,0,0,0,2,차대차 - 기타,안전운전불이행,건조,맑음,단일로 - 기타,승용,남,40세,상해없음,승용,여,57세,상해없음
2019032200100486,2019년 3월 22일 18시,금요일,경상북도 영천시 금노동,경상사고,0,0,3,0,차대차 - 측면충돌,안전운전불이행,건조,맑음,교차로 - 교차로안,승용,남,68세,경상,승용,남,63세,경상
2019032200100487,2019년 3월 22일 18시,금요일,경상북도 구미시 원평동,경상사고,0,0,1,0,차대차 - 기타,안전운전불이행,건조,맑음,교차로 - 교차로부근,기타불명,기타불명,미분류,기타불명,원동기,남,35세,경상
2019032200100488,2019년 3월 22일 18시,금요일,경상북도 구미시 무을면,경상사고,0,0,1,0,차대차 - 기타,안전운전불이행,건조,맑음,교차로 - 교차로안,화물,남,43세,상해없음,승합,남,51세,경상
2019032200100528,2019년 3월 22일 19시,금요일,경상북도 안동시 용상동,중상사고,0,1,0,0,차대차 - 기타,안전운전불이행,건조,맑음,단일로 - 기타,승용,여,31세,상해없음,이륜,남,26세,중상
2019032200100529,2019년 3월 22일 19시,금요일,경상북도 경산시 옥산동,경상사고,0,0,2,0,차대차 - 추돌,교차로운행방법위반,건조,맑음,단일로 - 기타,승용,남,72세,상해없음,승용,여,29세,경상
2019032200100530,2019년 3월 22일 19시,금요일,경상북도 청도군 청도읍,경상사고,0,0,1,0,차대사람 - 횡단중,보행자보호의무위반,건조,맑음,교차로 - 교차로부근,승용,여,36세,상해없음,보행자,남,65세,경상
2019032200100531,2019년 3월 22일 19시,금요일,경상북도 성주군 성주읍,사망사고,1,0,0,0,차대차 - 기타,안전운전불이행,건조,맑음,단일로 - 기타,승용,남,66세,상해없음,승용,남,52세,상해없음
2019032200100532,2019년 3월 22일 19시,금요일,경상북도 포항시 남구 오천읍,경상사고,0,0,2,0,차대차 - 기타,안전운전불이행,건조,맑음,교차로 - 교차로안,승용,여,27세,상해없음,승용,남,36세,경상
2019032200100568,2019년 3월 22일 20시,금요일,경상북도 포항시 북구 우현동,경상사고,0,0,3,0,차대차 - 추돌,안전거리미확보,건조,맑음,단일로 - 기타,승용,남,59세,상해없음,승용,여,51세,경상
2019032200100569,2019년 3월 22일 20시,금요일,경상북도 구미시 고아읍,중상사고,0,2,0,0,차대사람 - 기타,중앙선침범,건조,맑음,단일로 - 기타,이륜,남,51세,중상,보행자,여,63세,중상
2019032200100625,2019년 3월 22일 22시,금요일,경상북도 안동시 옥동,경상사고,0,0,2,0,차대차 - 측면충돌,안전운전불이행,건조,맑음,교차로 - 교차로안,승용,남,54세,상해없음,승용,남,21세,경상
2019032200100626,2019년 3월 22일 22시,금요일,경상북도 안동시 태화동,중상사고,0,1,0,0,차대사람 - 차도통행중,안전운전불이행,건조,맑음,단일로 - 기타,승용,남,24세,상해없음,보행자,남,71세,중상
2019032200100627,2019년 3월 22일 22시,금요일,경상북도 포항시 남구 대잠동,경상사고,0,0,2,0,차대차 - 측면충돌,안전거리미확보,건조,맑음,교차로 - 교차로부근,화물,남,48세,상해없음,승용,여,48세,경상
2019032200100653,2019년 3월 22일 23시,금요일,경상북도 김천시 지좌동,경상사고,0,0,2,0,차대차 - 측면충돌,신호위반,건조,맑음,교차로 - 교차로안,승용,남,18세,상해없음,승용,남,32세,경상
2019032300100027,2019년 3월 23일 00시,토요일,경상북도 영천시 신기동,중상사고,0,2,0,0,차량단독 - 기타,안전운전불이행,건조,맑음,교차로 - 교차로안,이륜,남,15세,중상,,,,
2019032300100042,2019년 3월 23일 01시,토요일,경상북도 포항시 남구 상도동,중상사고,0,2,2,0,차대차 - 기타,직진우회전진행방해,건조,맑음,교차로 - 교차로안,승용,남,55세,상해없음,승용,남,41세,중상
2019032300100114,2019년 3월 23일 07시,토요일,경상북도 군위군 군위읍,중상사고,0,1,0,0,차대차 - 측면충돌,안전운전불이행,건조,맑음,교차로 - 교차로안,승용,남,39세,상해없음,이륜,남,79세,중상
2019032300100115,2019년 3월 23일 07시,토요일,경상북도 구미시 남통동,중상사고,0,2,3,0,차대차 - 추돌,안전거리미확보,건조,맑음,단일로 - 기타,승용,여,48세,상해없음,승용,남,48세,중상
2019032300100134,2019년 3월 23일 08시,토요일,경상북도 경주시 강동면,경상사고,0,0,2,0,차대차 - 추돌,안전운전불이행,건조,맑음,단일로 - 기타,승용,남,52세,상해없음,승용,여,66세,경상
2019032300100135,2019년 3월 23일 08시,토요일,경상북도 김천시 어모면,중상사고,0,1,0,0,차량단독 - 기타,안전운전불이행,건조,맑음,단일로 - 기타,농기계,남,67세,상해없음,,,,
2019032300100136,2019년 3월 23일 08시,토요일,경상북도 문경시 산양면,중상사고,0,1,2,0,차대차 - 추돌,안전운전불이행,건조,맑음,교차로 - 교차로부근,승용,남,71세,상해없음,승용,남,61세,경상
2019032300100181,2019년 3월 23일 10시,토요일,경상북도 영천시 완산동,경상사고,0,0,1,0,차대차 - 측면충돌,안전운전불이행,건조,맑음,교차로 - 교차로안,승용,남,81세,상해없음,승용,여,25세,상해없음
2019032300100182,2019년 3월 23일 10시,토요일,경상북도 포항시 남구 이동,경상사고,0,0,2,0,차대차 - 추돌,안전운전불이행,건조,맑음,교차로 - 교차로부근,승용,남,44세,경상,승용,남,32세,경상
2019032300100216,2019년 3월 23일 11시,토요일,경상북도 경주시 동방동,경상사고,0,0,1,0,차대차 - 추돌,안전운전불이행,건조,맑음,단일로 - 기타,화물,남,43세,상해없음,승용,남,47세,경상
2019032300100217,2019년 3월 23일 11시,토요일,경상북도 영주시 하망동,중상사고,0,1,0,0,차대차 - 측면충돌,교차로운행방법위반,건조,맑음,교차로 - 교차로안,승용,남,57세,상해없음,자전거,남,74세,중상
2019032300100218,2019년 3월 23일 11시,토요일,경상북도 영천시 금노동,경상사고,0,0,1,0,차대차 - 측면충돌,차로위반,건조,맑음,단일로 - 기타,승용,남,48세,상해없음,이륜,남,81세,경상
2019032300100219,2019년 3월 23일 11시,토요일,경상북도 포항시 남구 이동,경상사고,0,0,2,5,차대차 - 추돌,안전운전불이행,건조,맑음,단일로 - 기타,화물,남,56세,상해없음,승용,남,32세,경상
2019032300100254,2019년 3월 23일 12시,토요일,경상북도 포항시 북구 장성동,부상신고사고,0,0,0,1,차대차 - 측면충돌,직진우회전진행방해,건조,맑음,교차로 - 교차로안,승용,여,34세,상해없음,승용,남,36세,상해없음
2019032300100255,2019년 3월 23일 12시,토요일,경상북도 김천시 대덕면,경상사고,0,0,3,0,차대차 - 정면충돌,안전운전불이행,건조,맑음,단일로 - 기타,이륜,남,75세,경상,승용,여,33세,경상
2019032300100340,2019년 3월 23일 14시,토요일,경상북도 경주시 구황동,중상사고,0,1,0,0,차량단독 - 공작물충돌,안전운전불이행,건조,맑음,단일로 - 기타,이륜,남,25세,중상,,,,
2019032300100341,2019년 3월 23일 14시,토요일,경상북도 안동시 서후면,경상사고,0,0,1,0,차대차 - 측면충돌,교차로운행방법위반,건조,맑음,교차로 - 교차로안,승용,남,43세,상해없음,승용,여,51세,경상
2019032300100342,2019년 3월 23일 14시,토요일,경상북도 영주시 풍기읍,경상사고,0,0,1,0,차대사람 - 기타,안전운전불이행,젖음/습기,눈,교차로 - 교차로안,승용,여,55세,상해없음,보행자,여,82세,경상
2019032300100417,2019년 3월 23일 16시,토요일,경상북도 경주시 황남동,경상사고,0,0,1,0,차대차 - 추돌,안전운전불이행,건조,맑음,교차로 - 교차로부근,승용,남,19세,상해없음,승용,남,31세,상해없음
2019032300100418,2019년 3월 23일 16시,토요일,경상북도 포항시 북구 환호동,부상신고사고,0,0,0,1,차대차 - 기타,안전운전불이행,건조,맑음,단일로 - 기타,자전거,여,57세,부상신고,화물,남,58세,상해없음
2019032300100419,2019년 3월 23일 16시,토요일,경상북도 포항시 남구 구룡포읍,경상사고,0,0,1,0,차대차 - 측면충돌,교차로운행방법위반,건조,맑음,교차로 - 교차로안,이륜,남,66세,경상,화물,남,46세,상해없음
2019032300100456,2019년 3월 23일 17시,토요일,경상북도 포항시 북구 장성동,경상사고,0,0,2,0,차대차 - 기타,안전운전불이행,건조,맑음,단일로 - 기타,승용,남,52세,상해없음,승용,남,56세,상해없음
2019032300100457,2019년 3월 23일 17시,토요일,경상북도 영주시 풍기읍,경상사고,0,0,1,0,차대차 - 측면충돌,안전운전불이행,건조,맑음,교차로 - 교차로안,승용,여,31세,상해없음,승용,여,58세,경상
2019032300100458,2019년 3월 23일 17시,토요일,경상북도 칠곡군 왜관읍,부상신고사고,0,0,0,1,차대차 - 추돌,안전거리미확보,건조,맑음,교차로 - 교차로부근,승용,남,52세,상해없음,승용,남,36세,부상신고
2019032300100478,2019년 3월 23일 18시,토요일,경상북도 경주시 내남면,부상신고사고,0,0,0,1,차대차 - 측면충돌,직진우회전진행방해,건조,맑음,교차로 - 교차로안,승용,남,54세,상해없음,승용,남,68세,상해없음
2019032300100479,2019년 3월 23일 18시,토요일,경상북도 영주시 단산면,경상사고,0,0,2,0,차량단독 - 도로외이탈 - 추락,안전운전불이행,젖음/습기,비,단일로 - 기타,승용,여,51세,상해없음,,,,
2019032300100480,2019년 3월 23일 18시,토요일,경상북도 영주시 휴천동,중상사고,0,1,0,0,차대차 - 측면충돌,차로위반,건조,맑음,단일로 - 기타,승용,남,36세,상해없음,승용,남,66세,중상
2019032300100481,2019년 3월 23일 18시,토요일,경상북도 포항시 남구 지곡동,경상사고,0,0,2,0,차대차 - 추돌,안전운전불이행,건조,맑음,단일로 - 기타,승용,남,29세,상해없음,승용,남,26세,경상
2019032300100515,2019년 3월 23일 19시,토요일,경상북도 포항시 남구 대잠동,경상사고,0,0,3,0,차대차 - 기타,안전운전불이행,건조,맑음,교차로 - 교차로부근,승용,남,65세,경상,승용,남,29세,경상
2019032300100516,2019년 3월 23일 19시,토요일,경상북도 포항시 남구 오천읍,경상사고,0,0,2,0,차대차 - 측면충돌,직진우회전진행방해,건조,맑음,교차로 - 교차로안,승용,남,50세,경상,승용,남,61세,경상
2019032400100039,2019년 3월 24일 00시,일요일,경상북도 경주시 노서동,경상사고,0,0,1,0,차대차 - 측면충돌,안전운전불이행,건조,맑음,단일로 - 기타,승용,남,27세,경상,화물,남,72세,상해없음
2019032400100040,2019년 3월 24일 00시,일요일,경상북도 영천시 완산동,경상사고,0,0,2,0,차대차 - 측면충돌,안전거리미확보,건조,맑음,단일로 - 기타,승용,남,29세,경상,승용,남,58세,경상
2019032400100064,2019년 3월 24일 02시,일요일,경상북도 경산시 대동,경상사고,0,0,1,0,차대차 - 측면충돌,안전운전불이행,건조,맑음,단일로 - 기타,기타불명,기타불명,미분류,기타불명,승용,남,63세,경상
2019032400100076,2019년 3월 24일 03시,일요일,경상북도 포항시 북구 죽도동,중상사고,0,1,0,0,차대차 - 측면충돌,차로위반,건조,맑음,단일로 - 기타,승용,남,67세,상해없음,승용,여,54세,중상
2019032400100107,2019년 3월 24일 07시,일요일,경상북도 영주시 가흥동,경상사고,0,0,1,1,차대차 - 측면충돌,안전운전불이행,건조,맑음,교차로 - 교차로안,승용,여,55세,부상신고,승용,남,60세,경상
2019032400100123,2019년 3월 24일 08시,일요일,경상북도 포항시 북구 죽도동,경상사고,0,0,2,0,차대차 - 기타,안전운전불이행,건조,맑음,단일로 - 기타,승용,여,51세,상해없음,승용,남,48세,경상
2019032400100133,2019년 3월 24일 09시,일요일,경상북도 영주시 풍기읍,중상사고,0,1,0,0,차대차 - 측면충돌,중앙선침범,건조,맑음,단일로 - 기타,승용,남,61세,상해없음,승용,여,58세,중상
2019032400100161,2019년 3월 24일 10시,일요일,경상북도 포항시 북구 양덕동,경상사고,0,0,2,0,차대차 - 기타,교차로운행방법위반,건조,맑음,교차로 - 교차로안,승용,여,56세,상해없음,승용,여,50세,경상
2019032400100222,2019년 3월 24일 12시,일요일,경상북도 의성군 춘산면,경상사고,0,0,1,0,차대차 - 추돌,안전거리미확보,건조,맑음,교차로 - 교차로안,화물,남,72세,상해없음,승용,여,65세,경상
2019032400100251,2019년 3월 24일 13시,일요일,경상북도 포항시 북구 덕수동,경상사고,0,0,2,0,차대차 - 기타,중앙선침범,건조,맑음,단일로 - 기타,승용,여,63세,경상,승용,남,59세,경상
2019032400100252,2019년 3월 24일 13시,일요일,경상북도 문경시 점촌동,중상사고,0,1,0,0,차량단독 - 공작물충돌,안전운전불이행,건조,맑음,단일로 - 지하차도(도로)내,승용,여,58세,상해없음,,,,
2019032400100283,2019년 3월 24일 14시,일요일,경상북도 의성군 의성읍,경상사고,0,0,5,0,차대차 - 측면충돌,직진우회전진행방해,건조,맑음,교차로 - 교차로부근,승용,남,74세,상해없음,승용,여,47세,경상
2019032400100349,2019년 3월 24일 16시,일요일,경상북도 경주시 황성동,중상사고,0,1,0,0,차대사람 - 보도통행중,기타,건조,맑음,단일로 - 지하차도(도로)내,승용,남,41세,상해없음,보행자,여,8세,중상
2019032400100350,2019년 3월 24일 16시,일요일,경상북도 김천시 율곡동,경상사고,0,0,1,0,차대차 - 측면충돌,신호위반,건조,맑음,교차로 - 교차로안,승용,남,62세,상해없음,승용,여,51세,상해없음
2019032400100351,2019년 3월 24일 16시,일요일,경상북도 청도군 화양읍,중상사고,0,2,1,0,차대차 - 측면충돌,교차로운행방법위반,건조,맑음,단일로 - 기타,승용,남,76세,상해없음,승용,여,42세,경상
2019032400100352,2019년 3월 24일 16시,일요일,경상북도 구미시 지산동,경상사고,0,0,1,0,차대차 - 측면충돌,교차로운행방법위반,건조,맑음,교차로 - 교차로안,승용,남,64세,상해없음,승용,여,26세,경상