사고번호,사고일시,요일,시군구,사고내용,사망자수,중상자수,경상자수,부상신고자수,사고유형,법규위반,노면상태,기상상태,도로형태,가해운전자 차종,가해운전자 성별,가해운전자 연령,가해운전자 상해정도,피해운전자 차종,피해운전자 성별,피해운전자 연령,피해운전자 상해정도
2019032700100438,2019년 3월 27일 18시,수요일,경상북도 칠곡군 북삼읍,경상사고,0,0,1,0,차대차 - 추돌,안전운전불이행,건조,맑음,교차로 - 교차로부근,승용,여,54세,상해없음,승용,여,52세,경상
2019032700100439,2019년 3월 27일 18시,수요일,경상북도 영천시 망정동,경상사고,0,0,1,0,차대차 - 기타,신호위반,건조,맑음,교차로 - 교차로안,승용,남,42세,상해없음,자전거,남,67세,경상
2019032700100440,2019년 3월 27일 18시,수요일,경상북도 경산시 압량면,중상사고,0,2,0,0,차대차 - 후진중충돌,안전운전불이행,건조,맑음,교차로 - 교차로부근,화물,남,59세,상해없음,승용,남,29세,중상
2019032700100478,2019년 3월 27일 19시,수요일,경상북도 경주시 충효동,중상사고,0,1,1,0,차대차 - 측면충돌,안전운전불이행,건조,맑음,주차장 - 주차장,승용,남,81세,상해없음,승합,남,45세,기타불명
2019032700100479,2019년 3월 27일 19시,수요일,경상북도 구미시 임수동,경상사고,0,0,2,0,차대차 - 측면충돌,안전운전불이행,건조,맑음,교차로 - 교차로안,승용,남,32세,상해없음,이륜,남,16세,경상
2019032700100502,2019년 3월 27일 20시,수요일,경상북도 칠곡군 북삼읍,부상신고사고,0,0,0,1,차대차 - 정면충돌,안전운전불이행,건조,맑음,단일로 - 기타,승용,여,39세,부상신고,화물,남,43세,상해없음
2019032700100503,2019년 3월 27일 20시,수요일,경상북도 경산시 하양읍,경상사고,0,0,1,0,차대사람 - 횡단중,안전운전불이행,건조,맑음,단일로 - 기타,승용,남,25세,상해없음,보행자,여,9세,경상
2019032700100504,2019년 3월 27일 20시,수요일,경상북도 구미시 형곡동,경상사고,0,0,1,0,차대사람 - 기타,안전운전불이행,건조,맑음,교차로 - 교차로안,승용,여,22세,상해없음,보행자,남,60세,경상
2019032700100525,2019년 3월 27일 21시,수요일,경상북도 경주시 성건동,중상사고,0,1,1,0,차대차 - 추돌,안전운전불이행,건조,맑음,단일로 - 기타,화물,남,59세,상해없음,승용,남,65세,경상
2019032700100526,2019년 3월 27일 21시,수요일,경상북도 안동시 풍천면,경상사고,0,0,3,0,차대차 - 추돌,안전운전불이행,건조,맑음,교차로 - 교차로부근,승용,여,57세,기타불명,승용,여,50세,경상
2019032700100527,2019년 3월 27일 21시,수요일,경상북도 포항시 남구 이동,경상사고,0,0,1,0,차대사람 - 횡단중,안전운전불이행,건조,맑음,교차로 - 교차로부근,승용,남,49세,상해없음,보행자,남,57세,경상
2019032700100553,2019년 3월 27일 22시,수요일,경상북도 구미시 신평동,중상사고,0,2,2,0,차대차 - 기타,신호위반,건조,맑음,교차로 - 교차로안,승합,남,57세,상해없음,승용,남,25세,경상
2019032700100581,2019년 3월 27일 23시,수요일,경상북도 포항시 남구 괴동동,경상사고,0,0,1,0,차대차 - 추돌,안전운전불이행,건조,맑음,단일로 - 기타,승용,남,38세,상해없음,승용,남,39세,경상
2019032800100135,2019년 3월 28일 08시,목요일,경상북도 경주시 외동읍,경상사고,0,0,1,0,차대차 - 추돌,안전운전불이행,건조,맑음,교차로 - 교차로부근,화물,남,50세,상해없음,승용,여,55세,경상
2019032800100136,2019년 3월 28일 08시,목요일,경상북도 김천시 지좌동,경상사고,0,0,1,0,차대차 - 측면충돌,안전운전불이행,건조,맑음,단일로 - 기타,승용,여,42세,상해없음,승용,여,39세,경상
2019032800100171,2019년 3월 28일 09시,목요일,경상북도 경산시 자인면,중상사고,0,1,0,0,차대차 - 측면충돌,신호위반,건조,맑음,교차로 - 교차로안,화물,남,47세,상해없음,이륜,남,79세,중상
2019032800100172,2019년 3월 28일 09시,목요일,경상북도 고령군 성산면,경상사고,0,0,1,0,차대차 - 측면충돌,기타,건조,맑음,교차로 - 교차로안,승용,남,34세,상해없음,화물,남,64세,경상
2019032800100173,2019년 3월 28일 09시,목요일,경상북도 구미시 진평동,경상사고,0,0,1,0,차대차 - 기타,안전운전불이행,건조,맑음,단일로 - 기타,승용,남,23세,상해없음,승용,여,36세,경상
2019032800100199,2019년 3월 28일 10시,목요일,경상북도 경주시 충효동,중상사고,0,1,0,0,차대차 - 측면충돌,안전운전불이행,건조,맑음,교차로 - 교차로횡단보도내,승용,남,70세,상해없음,자전거,남,71세,중상
2019032800100241,2019년 3월 28일 11시,목요일,경상북도 김천시 율곡동,중상사고,0,1,0,0,차대차 - 측면충돌,교차로운행방법위반,건조,맑음,교차로 - 교차로안,승용,여,55세,상해없음,승용,여,32세,중상
2019032800100242,2019년 3월 28일 11시,목요일,경상북도 군위군 군위읍,경상사고,0,0,1,0,차대사람 - 길가장자리구역통행중,안전운전불이행,건조,맑음,단일로 - 기타,승용,남,72세,상해없음,보행자,남,64세,경상
2019032800100243,2019년 3월 28일 11시,목요일,경상북도 포항시 남구 대도동,경상사고,0,0,1,0,차대차 - 후진중충돌,불법유턴,건조,맑음,교차로 - 교차로안,승용,여,51세,상해없음,승용,여,38세,경상
2019032800100290,2019년 3월 28일 13시,목요일,경상북도 경산시 진량읍,중상사고,0,2,0,0,차대차 - 기타,안전거리미확보,건조,맑음,단일로 - 기타,화물,남,56세,상해없음,승용,여,36세,중상
2019032800100322,2019년 3월 28일 14시,목요일,경상북도 포항시 북구 죽도동,중상사고,0,1,0,0,차대차 - 기타,차로위반,건조,맑음,교차로 - 교차로부근,화물,남,65세,상해없음,승합,남,46세,상해없음
2019032800100323,2019년 3월 28일 14시,목요일,경상북도 상주시 서문동,경상사고,0,0,1,0,차대차 - 추돌,안전운전불이행,건조,맑음,교차로 - 교차로부근,승용,여,60세,상해없음,승용,남,34세,경상
2019032800100324,2019년 3월 28일 14시,목요일,경상북도 영주시 휴천동,중상사고,0,1,0,0,차대차 - 측면충돌,신호위반,건조,맑음,교차로 - 교차로횡단보도내,화물,남,71세,상해없음,자전거,남,80세,중상
2019032800100357,2019년 3월 28일 15시,목요일,경상북도 영천시 완산동,경상사고,0,0,2,0,차대차 - 측면충돌,안전거리미확보,건조,맑음,교차로 - 교차로부근,화물,남,74세,경상,승합,남,55세,경상
2019032800100402,2019년 3월 28일 16시,목요일,경상북도 경주시 구황동,중상사고,0,2,1,0,차대차 - 추돌,안전거리미확보,건조,맑음,단일로 - 지하차도(도로)내,승용,남,33세,상해없음,승합,남,51세,상해없음
2019032800100403,2019년 3월 28일 16시,목요일,경상북도 김천시 부곡동,중상사고,0,1,0,0,차대사람 - 기타,안전운전불이행,건조,맑음,단일로 - 기타,승용,여,38세,상해없음,보행자,여,79세,중상
2019032800100404,2019년 3월 28일 16시,목요일,경상북도 구미시 인의동,중상사고,0,1,0,0,차대차 - 기타,안전운전불이행,건조,맑음,교차로 - 교차로안,화물,남,48세,상해없음,자전거,여,54세,중상
2019032800100442,2019년 3월 28일 17시,목요일,경상북도 경주시 성건동,경상사고,0,0,1,0,차대차 - 측면충돌,신호위반,건조,맑음,교차로 - 교차로안,승용,여,64세,상해없음,승용,남,57세,경상
2019032800100443,2019년 3월 28일 17시,목요일,경상북도 김천시 아포읍,중상사고,0,1,0,0,차대차 - 측면충돌,안전운전불이행,건조,맑음,교차로 - 교차로안,화물,남,73세,상해없음,이륜,남,38세,중상
2019032800100489,2019년 3월 28일 18시,목요일,경상북도 영천시 금호읍,중상사고,0,1,1,0,차대차 - 측면충돌,안전운전불이행,건조,맑음,단일로 - 기타,승용,남,51세,상해없음,승용,남,68세,경상
2019032800100532,2019년 3월 28일 19시,목요일,경상북도 칠곡군 석적읍,경상사고,0,0,2,0,차대차 - 측면충돌,안전운전불이행,건조,맑음,교차로 - 교차로안,승용,여,53세,경상,승용,남,23세,경상
2019032800100533,2019년 3월 28일 19시,목요일,경상북도 구미시 송정동,중상사고,0,1,2,0,차대차 - 기타,안전운전불이행,건조,맑음,교차로 - 교차로부근,화물,남,53세,상해없음,화물,남,60세,경상
2019032800100534,2019년 3월 28일 19시,목요일,경상북도 포항시 남구 오천읍,경상사고,0,0,1,0,차대사람 - 기타,안전운전불이행,건조,맑음,교차로 - 교차로부근,승용,남,50세,상해없음,보행자,여,59세,경상
2019032800100569,2019년 3월 28일 20시,목요일,경상북도 포항시 북구 두호동,경상사고,0,0,1,0,차대차 - 측면충돌,안전운전불이행,건조,맑음,교차로 - 교차로안,이륜,남,17세,상해없음,승용,남,35세,경상
2019032800100570,2019년 3월 28일 20시,목요일,경상북도 영천시 고경면,경상사고,0,0,1,0,차량단독 - 공작물충돌,안전운전불이행,건조,맑음,단일로 - 기타,승용,남,49세,경상,,,,
2019032800100571,2019년 3월 28일 20시,목요일,경상북도 구미시 선산읍,중상사고,0,1,0,0,차대차 - 기타,안전운전불이행,건조,맑음,교차로 - 교차로안,승합,여,47세,상해없음,자전거,남,61세,중상
2019032800100591,2019년 3월 28일 21시,목요일,경상북도 경주시 동천동,중상사고,0,1,2,0,차대차 - 추돌,안전운전불이행,건조,맑음,교차로 - 교차로부근,승용,남,39세,상해없음,승용,남,55세,중상
2019032800100592,2019년 3월 28일 21시,목요일,경상북도 구미시 송정동,부상신고사고,0,0,0,1,차대차 - 추돌,안전운전불이행,건조,맑음,단일로 - 기타,이륜,남,65세,부상신고,승용,여,48세,상해없음
2019032800100620,2019년 3월 28일 22시,목요일,경상북도 포항시 북구 두호동,경상사고,0,0,1,0,차대차 - 측면충돌,안전운전불이행,건조,맑음,단일로 - 기타,화물,남,65세,상해없음,승용,남,26세,경상
2019032800100621,2019년 3월 28일 22시,목요일,경상북도 영천시 망정동,경상사고,0,0,1,0,차대사람 - 길가장자리구역통행중,안전운전불이행,건조,맑음,단일로 - 기타,이륜,남,14세,상해없음,보행자,여,17세,경상
2019032800100643,2019년 3월 28일 23시,목요일,경상북도 경산시 압량면,경상사고,0,0,1,0,차대차 - 측면충돌,안전운전불이행,건조,맑음,단일로 - 기타,승용,남,48세,상해없음,자전거,남,45세,경상
2019032800100644,2019년 3월 28일 23시,목요일,경상북도 구미시 비산동,경상사고,0,0,2,0,차대차 - 기타,안전운전불이행,건조,맑음,단일로 - 기타,승용,남,25세,경상,승용,남,32세,경상
2019032800100645,2019년 3월 28일 23시,목요일,경상북도 구미시 구평동,경상사고,0,0,1,0,차대차 - 기타,중앙선침범,건조,맑음,단일로 - 교량,승용,남,42세,상해없음,승용,남,35세,경상
2019032800100646,2019년 3월 28일 23시,목요일,경상북도 포항시 남구 연일읍,경상사고,0,0,1,1,차대차 - 측면충돌,교차로운행방법위반,건조,맑음,교차로 - 교차로부근,승용,여,57세,경상,승용,남,20세,부상신고
2019032900100030,2019년 3월 29일 00시,금요일,경상북도 경주시 서부동,경상사고,0,0,1,0,차대차 - 측면충돌,안전운전불이행,건조,맑음,교차로 - 교차로안,승용,남,49세,상해없음,자전거,남,66세,경상
2019032900100067,2019년 3월 29일 05시,금요일,경상북도 포항시 북구 동빈2가,경상사고,0,0,1,0,차대차 - 측면충돌,신호위반,건조,맑음,교차로 - 교차로안,화물,남,65세,상해없음,화물,남,37세,경상
2019032900100075,2019년 3월 29일 06시,금요일,경상북도 구미시 고아읍,경상사고,0,0,1,0,차대차 - 기타,신호위반,건조,맑음,교차로 - 교차로안,승용,남,19세,상해없음,승용,여,29세,경상
2019032900100097,2019년 3월 29일 07시,금요일,경상북도 경산시 진량읍,경상사고,0,0,1,0,차대차 - 측면충돌,안전운전불이행,건조,맑음,교차로 - 교차로부근,승용,남,28세,상해없음,이륜,남,40세,경상
2019032900100127,2019년 3월 29일 08시,금요일,경상북도 영덕군 창수면,경상사고,0,0,1,0,차량단독 - 기타,안전운전불이행,건조,맑음,단일로 - 기타,화물,남,76세,경상,,,,
2019032900100166,2019년 3월 29일 09시,금요일,경상북도 칠곡군 가산면,중상사고,0,1,0,0,차대차 - 측면충돌,안전운전불이행,건조,맑음,교차로 - 교차로부근,화물,남,60세,중상,승용,남,47세,상해없음
2019032900100167,2019년 3월 29일 09시,금요일,경상북도 경산시 점촌동,경상사고,0,0,1,0,차대차 - 측면충돌,안전운전불이행,건조,맑음,단일로 - 기타,자전거,남,18세,경상,승용,남,43세,기타불명
2019032900100194,2019년 3월 29일 10시,금요일,경상북도 포항시 남구 오천읍,사망사고,1,0,1,0,차대차 - 추돌,안전운전불이행,건조,맑음,단일로 - 터널,특수,남,51세,사망,특수,남,53세,경상
2019032900100209,2019년 3월 29일 10시,금요일,경상북도 경주시 북군동,경상사고,0,0,1,0,차대차 - 측면충돌,기타,건조,맑음,교차로 - 교차로안,승용,남,62세,상해없음,승용,여,50세,경상
2019032900100210,2019년 3월 29일 10시,금요일,경상북도 고령군 다산면,중상사고,0,1,1,0,차대차 - 측면충돌,신호위반,건조,맑음,교차로 - 교차로안,승용,남,30세,경상,화물,남,73세,중상
2019032900100243,2019년 3월 29일 11시,금요일,경상북도 경주시 강동면,경상사고,0,0,1,0,차대차 - 측면충돌,기타,건조,맑음,교차로 - 교차로부근,화물,남,58세,상해없음,승용,남,41세,경상
2019032900100244,2019년 3월 29일 11시,금요일,경상북도 안동시 화성동,중상사고,0,1,0,0,차량단독 - 공작물충돌,안전운전불이행,건조,맑음,단일로 - 기타,승용,남,77세,상해없음,,,,
2019032900100245,2019년 3월 29일 11시,금요일,경상북도 문경시 산북면,경상사고,0,0,2,0,차대차 - 측면충돌,안전운전불이행,건조,맑음,단일로 - 기타,승용,여,55세,경상,승용,여,45세,경상
2019032900100246,2019년 3월 29일 11시,금요일,경상북도 예천군 예천읍,중상사고,0,2,0,0,차대차 - 측면충돌,안전거리미확보,건조,맑음,단일로 - 기타,화물,남,64세,중상,승용,남,36세,중상
2019032900100247,2019년 3월 29일 11시,금요일,경상북도 고령군 덕곡면,중상사고,0,1,0,0,차대차 - 정면충돌,직진우회전진행방해,건조,맑음,교차로 - 교차로안,화물,남,67세,상해없음,이륜,남,80세,중상
2019032900100281,2019년 3월 29일 12시,금요일,경상북도 포항시 북구 흥해읍,중상사고,0,2,0,0,차대차 - 추돌,직진우회전진행방해,건조,맑음,교차로 - 교차로안,건설기계,남,58세,상해없음,승용,남,32세,중상
2019032900100282,2019년 3월 29일 12시,금요일,경상북도 구미시 임은동,경상사고,0,0,3,0,차대차 - 기타,교차로운행방법위반,건조,맑음,교차로 - 교차로안,승용,남,55세,상해없음,승용,여,50세,경상
2019032900100283,2019년 3월 29일 12시,금요일,경상북도 구미시 진평동,경상사고,0,0,2,0,차대차 - 기타,안전운전불이행,건조,맑음,교차로 - 교차로안,승용,남,29세,경상,승용,여,30세,경상
2019032900100318,2019년 3월 29일 13시,금요일,경상북도 의성군 의성읍,중상사고,0,1,0,0,차대차 - 측면충돌,안전운전불이행,건조,맑음,단일로 - 기타,화물,남,66세,상해없음,자전거,여,76세,중상
2019032900100351,2019년 3월 29일 14시,금요일,경상북도 칠곡군 왜관읍,경상사고,0,0,1,0,차대사람 - 횡단중,안전운전불이행,건조,맑음,주차장 - 주차장,승용,남,60세,상해없음,보행자,여,77세,경상
2019032900100352,2019년 3월 29일 14시,금요일,경상북도 구미시 공단동,부상신고사고,0,0,0,1,차대차 - 측면충돌,신호위반,건조,맑음,교차로 - 교차로안,이륜,남,43세,부상신고,승용,남,46세,상해없음
2019032900100353,2019년 3월 29일 14시,금요일,경상북도 구미시 남통동,경상사고,0,0,1,0,차대차 - 측면충돌,안전운전불이행,건조,맑음,교차로 - 교차로안,승용,남,75세,상해없음,승용,여,35세,경상
2019032900100386,2019년 3월 29일 15시,금요일,경상북도 경주시 황오동,경상사고,0,0,1,0,차대사람 - 횡단중,보행자보호의무위반,건조,맑음,교차로 - 교차로횡단보도내,승용,남,68세,상해없음,보행자,남,58세,경상
2019032900100387,2019년 3월 29일 15시,금요일,경상북도 포항시 북구 죽도동,경상사고,0,0,1,0,차대차 - 측면충돌,안전운전불이행,건조,맑음,단일로 - 기타,승용,남,77세,상해없음,승용,여,29세,경상
2019032900100388,2019년 3월 29일 15시,금요일,경상북도 칠곡군 왜관읍,경상사고,0,0,1,0,차대사람 - 길가장자리구역통행중,안전운전불이행,건조,맑음,단일로 - 기타,화물,남,66세,상해없음,보행자,여,87세,경상
2019032900100389,2019년 3월 29일 15시,금요일,경상북도 문경시 모전동,중상사고,0,1,0,0,차대차 - 측면충돌,신호위반,건조,맑음,교차로 - 교차로안,승용,남,75세,상해없음,승용,여,60세,중상
2019032900100390,2019년 3월 29일 15시,금요일,경상북도 고령군 대가야읍,경상사고,0,0,1,0,차대차 - 후진중충돌,안전운전불이행,건조,맑음,단일로 - 기타,승합,남,60세,경상,승용,남,27세,상해없음
2019032900100391,2019년 3월 29일 15시,금요일,경상북도 구미시 도량동,경상사고,0,0,2,1,차대차 - 추돌,안전운전불이행,건조,맑음,교차로 - 교차로부근,승용,남,48세,부상신고,승용,여,31세,경상
2019032900100440,2019년 3월 29일 16시,금요일,경상북도 의성군 안계면,경상사고,0,0,3,0,차대차 - 측면충돌,신호위반,건조,맑음,교차로 - 교차로안,승용,남,50세,경상,승용,남,61세,경상
2019032900100441,2019년 3월 29일 16시,금요일,경상북도 칠곡군 왜관읍,경상사고,0,0,1,0,차대차 - 측면충돌,안전운전불이행,건조,맑음,교차로 - 교차로부근,승합,남,71세,상해없음,자전거,남,12세,경상
2019032900100442,2019년 3월 29일 16시,금요일,경상북도 영천시 오미동,중상사고,0,1,2,0,차대차 - 측면충돌,직진우회전진행방해,건조,맑음,교차로 - 교차로안,승용,남,35세,경상,승용,남,63세,경상
2019032900100443,2019년 3월 29일 16시,금요일,경상북도 구미시 남통동,사망사고,1,1,2,2,차대차 - 기타,중앙선침범,건조,맑음,단일로 - 기타,승용,남,48세,사망,승용,여,32세,경상
2019032900100483,2019년 3월 29일 17시,금요일,경상북도 김천시 모암동,중상사고,0,1,0,0,차대사람 - 횡단중,안전운전불이행,건조,맑음,교차로 - 교차로안,승용,여,50세,상해없음,보행자,여,77세,중상
2019032900100484,2019년 3월 29일 17시,금요일,경상북도 영천시 신령면,중상사고,0,1,0,0,차대차 - 정면충돌,중앙선침범,건조,맑음,단일로 - 기타,화물,남,58세,상해없음,이륜,남,75세,중상
2019032900100485,2019년 3월 29일 17시,금요일,경상북도 영천시 야사동,경상사고,0,0,4,0,차대차 - 측면충돌,안전운전불이행,건조,맑음,교차로 - 교차로안,승용,남,33세,경상,승용,여,38세,경상
2019032900100486,2019년 3월 29일 17시,금요일,경상북도 영천시 임고면,중상사고,0,2,1,0,차량단독 - 공작물충돌,안전운전불이행,건조,맑음,단일로 - 기타,승용,남,19세,중상,,,,
2019032900100487,2019년 3월 29일 17시,금요일,경상북도 구미시 공단동,경상사고,0,0,1,0,차대차 - 측면충돌,안전운전불이행,건조,맑음,교차로 - 교차로안,승용,남,55세,상해없음,승용,남,30세,경상
2019032900100536,2019년 3월 29일 18시,금요일,경상북도 경주시 외동읍,경상사고,0,0,1,3,차대차 - 측면충돌,신호위반,건조,맑음,교차로 - 교차로안,승용,남,43세,상해없음,승용,남,62세,부상신고
2019032900100537,2019년 3월 29일 18시,금요일,경상북도 영천시 오미동,중상사고,0,1,0,0,차대차 - 추돌,안전운전불이행,건조,맑음,단일로 - 기타,화물,남,52세,상해없음,승용,남,48세,중상
2019032900100538,2019년 3월 29일 18시,금요일,경상북도 경산시 평산동,경상사고,0,0,2,0,차대차 - 측면충돌,안전운전불이행,건조,맑음,교차로 - 교차로횡단보도내,이륜,남,22세,경상,승용,여,37세,경상
2019032900100577,2019년 3월 29일 19시,금요일,경상북도 경주시 황성동,경상사고,0,0,1,0,차대차 - 측면충돌,신호위반,건조,맑음,교차로 - 교차로안,승용,여,68세,상해없음,이륜,남,21세,경상
2019032900100578,2019년 3월 29일 19시,금요일,경상북도 경주시 노동동,경상사고,0,0,1,0,차대사람 - 기타,안전운전불이행,건조,맑음,단일로 - 기타,화물,여,46세,상해없음,보행자,남,41세,경상
2019032900100579,2019년 3월 29일 19시,금요일,경상북도 포항시 북구 흥해읍,경상사고,0,0,1,0,차대차 - 정면충돌,신호위반,건조,맑음,교차로 - 교차로안,승용,남,61세,상해없음,승용,여,67세,경상
2019032900100580,2019년 3월 29일 19시,금요일,경상북도 칠곡군 북삼읍,경상사고,0,0,1,0,차대차 - 측면충돌,안전운전불이행,건조,맑음,단일로 - 기타,승용,여,50세,상해없음,이륜,남,17세,경상
2019032900100581,2019년 3월 29일 19시,금요일,경상북도 구미시 송정동,중상사고,0,1,0,0,차대차 - 기타,안전운전불이행,건조,맑음,단일로 - 기타,승용,여,47세,상해없음,이륜,남,50세,중상
2019032900100619,2019년 3월 29일 20시,금요일,경상북도 김천시 응명동,중상사고,0,1,1,0,차대차 - 측면충돌,안전운전불이행,건조,맑음,단일로 - 기타,승용,남,24세,상해없음,승합,남,58세,경상
2019032900100654,2019년 3월 29일 21시,금요일,경상북도 성주군 성주읍,경상사고,0,0,1,0,차대차 - 측면충돌,중앙선침범,건조,맑음,교차로 - 교차로부근,승용,남,66세,상해없음,승용,남,28세,경상
2019032900100686,2019년 3월 29일 22시,금요일,경상북도 구미시 공단동,중상사고,0,3,0,0,차대사람 - 기타,보행자보호의무위반,건조,맑음,단일로 - 기타,승용,남,62세,상해없음,보행자,남,42세,중상
2019032900100687,2019년 3월 29일 22시,금요일,경상북도 구미시 인의동,경상사고,0,0,1,0,차대사람 - 기타,안전운전불이행,건조,맑음,교차로 - 교차로부근,승용,남,18세,상해없음,보행자,남,19세,경상
2019032900100688,2019년 3월 29일 22시,금요일,경상북도 구미시 산동면,중상사고,0,2,0,0,차대차 - 기타,신호위반,건조,맑음,교차로 - 교차로안,이륜,남,45세,중상,이륜,남,20세,중상
2019032900100715,2019년 3월 29일 23시,금요일,경상북도 칠곡군 석적읍,경상사고,0,0,1,0,차대차 - 추돌,안전운전불이행,건조,맑음,교차로 - 교차로부근,화물,남,40세,상해없음,승용,남,34세,경상
2019033000100072,2019년 3월 30일 01시,토요일,경상북도 구미시 황상동,경상사고,0,0,3,0,차대차 - 측면충돌,중앙선침범,젖음/습기,맑음,교차로 - 교차로안,승용,남,30세,상해없음,승용,여,42세,경상
2019033000100117,2019년 3월 30일 03시,토요일,경상북도 포항시 남구 동촌동,중상사고,0,1,0,0,차대차 - 측면충돌,신호위반,젖음/습기,비,교차로 - 교차로안,특수,남,57세,상해없음,화물,남,60세,중상
2019033000100118,2019년 3월 30일 03시,토요일,경상북도 포항시 남구 오천읍,중상사고,0,1,0,0,차대차 - 측면충돌,차로위반,건조,맑음,단일로 - 기타,승용,남,50세,상해없음,이륜,남,47세,중상
2019033000100134,2019년 3월 30일 04시,토요일,경상북도 김천시 성내동,경상사고,0,0,1,0,차량단독 - 공작물충돌,안전운전불이행,젖음/습기,비,단일로 - 기타,화물,남,24세,경상,,,,
2019033000100175,2019년 3월 30일 07시,토요일,경상북도 안동시 수상동,중상사고,0,1,0,0,차대차 - 측면충돌,신호위반,건조,맑음,교차로 - 교차로안,승용,남,59세,상해없음,승용,여,22세,중상
2019033000100176,2019년 3월 30일 07시,토요일,경상북도 포항시 남구 오천읍,중상사고,0,1,0,0,차대차 - 추돌,안전운전불이행,젖음/습기,흐림,교차로 - 교차로부근,승용,남,27세,상해없음,승용,남,56세,중상
2019033000100177,2019년 3월 30일 07시,토요일,경상북도 포항시 남구 인덕동,경상사고,0,0,1,0,차대차 - 측면충돌,안전거리미확보,젖음/습기,흐림,단일로 - 기타,승용,여,59세,상해없음,승용,남,37세,경상
2019033000100230,2019년 3월 30일 09시,토요일,경상북도 안동시 임동면,중상사고,0,1,2,0,차대차 - 기타,안전운전불이행,건조,맑음,기타 - 기타,화물,남,60세,상해없음,승합,남,58세,경상
2019033000100231,2019년 3월 30일 09시,토요일,경상북도 구미시 선산읍,중상사고,0,1,2,0,차대차 - 측면충돌,신호위반,건조,맑음,교차로 - 교차로안,승합,남,26세,상해없음,승용,여,49세,중상
2019033000100249,2019년 3월 30일 10시,토요일,경상북도 경주시 보문동,사망사고,1,3,1,0,차대차 - 정면충돌,중앙선침범,건조,맑음,단일로 - 기타,승용,남,57세,상해없음,승용,여,38세,중상
2019033000100294,2019년 3월 30일 11시,토요일,경상북도 포항시 북구 흥해읍,경상사고,0,0,1,0,차대차 - 측면충돌,직진우회전진행방해,건조,맑음,교차로 - 교차로부근,건설기계,남,62세,상해없음,승용,남,76세,경상
2019033000100295,2019년 3월 30일 11시,토요일,경상북도 영천시 화산면,경상사고,0,0,1,0,차대차 - 정면충돌,안전운전불이행,건조,맑음,단일로 - 기타,이륜,남,66세,경상,승용,남,61세,상해없음
2019033000100296,2019년 3월 30일 11시,토요일,경상북도 포항시 남구 오천읍,경상사고,0,0,1,0,차대차 - 기타,중앙선침범,건조,맑음,단일로 - 기타,자전거,남,64세,경상,승용,여,54세,상해없음
2019033000100375,2019년 3월 30일 13시,토요일,경상북도 군위군 효령면,중상사고,0,1,0,0,차대차 - 기타,신호위반,건조,맑음,교차로 - 교차로안,화물,남,51세,상해없음,자전거,남,88세,중상
2019033000100410,2019년 3월 30일 14시,토요일,경상북도 포항시 남구 대잠동,경상사고,0,0,1,0,차대차 - 기타,신호위반,건조,맑음,교차로 - 교차로안,승합,남,63세,상해없음,승용,여,61세,경상
2019033000100450,2019년 3월 30일 15시,토요일,경상북도 포항시 북구 양덕동,경상사고,0,0,2,0,차대차 - 측면충돌,교차로운행방법위반,건조,맑음,교차로 - 교차로안,승용,남,24세,경상,승용,남,70세,경상
2019033000100451,2019년 3월 30일 15시,토요일,경상북도 김천시 교동,경상사고,0,0,1,0,차대차 - 추돌,안전운전불이행,건조,맑음,단일로 - 기타,승용,남,47세,상해없음,승용,여,45세,경상
2019033000100481,2019년 3월 30일 16시,토요일,경상북도 포항시 북구 대흥동,경상사고,0,0,1,0,차대차 - 측면충돌,교차로운행방법위반,건조,맑음,교차로 - 교차로안,승용,남,56세,상해없음,승용,남,56세,경상
2019033000100482,2019년 3월 30일 16시,토요일,경상북도 상주시 모동면,중상사고,0,1,0,0,차대차 - 측면충돌,안전운전불이행,건조,흐림,단일로 - 교량,화물,남,51세,상해없음,자전거,남,86세,중상
2019033000100483,2019년 3월 30일 16시,토요일,경상북도 포항시 남구 해도동,경상사고,0,0,1,0,차대사람 - 기타,안전운전불이행,건조,맑음,단일로 - 기타,자전거,남,65세,상해없음,보행자,여,22세,경상
2019033000100523,2019년 3월 30일 17시,토요일,경상북도 김천시 평화동,중상사고,0,1,0,0,차대차 - 측면충돌,차로위반,젖음/습기,비,단일로 - 기타,화물,남,52세,상해없음,이륜,남,17세,중상
2019033000100524,2019년 3월 30일 17시,토요일,경상북도 성주군 월항면,경상사고,0,0,1,0,차량단독 - 전도전복 - 전복,안전운전불이행,건조,맑음,단일로 - 기타,승용,남,54세,경상,,,,
2019033000100525,2019년 3월 30일 17시,토요일,경상북도 구미시 공단동,경상사고,0,0,1,0,차대차 - 기타,교차로운행방법위반,건조,맑음,교차로 - 교차로안,승용,남,45세,상해없음,승용,남,26세,경상
2019033000100526,2019년 3월 30일 17시,토요일,경상북도 구미시 황상동,경상사고,0,0,2,0,차대차 - 추돌,안전운전불이행,젖음/습기,비,단일로 - 기타,승용,남,57세,상해없음,특수,남,23세,경상
2019033000100527,2019년 3월 30일 17시,토요일,경상북도 포항시 남구 대송면,경상사고,0,0,1,0,차대차 - 추돌,안전거리미확보,건조,맑음,교차로 - 교차로부근,승용,여,22세,상해없음,승용,남,29세,경상