사고번호,사고일시,요일,시군구,사고내용,사망자수,중상자수,경상자수,부상신고자수,사고유형,법규위반,노면상태,기상상태,도로형태,가해운전자 차종,가해운전자 성별,가해운전자 연령,가해운전자 상해정도,피해운전자 차종,피해운전자 성별,피해운전자 연령,피해운전자 상해정도
2019040500100511,2019년 4월 5일 18시,금요일,경상북도 구미시 오태동,경상사고,0,0,1,0,차대차 - 기타,안전운전불이행,건조,맑음,단일로 - 기타,화물,남,63세,상해없음,승용,여,37세,경상
2019040500100512,2019년 4월 5일 18시,금요일,경상북도 구미시 지산동,중상사고,0,1,3,1,차대차 - 기타,교차로운행방법위반,건조,맑음,교차로 - 교차로안,승합,남,64세,부상신고,승용,남,45세,경상
2019040500100563,2019년 4월 5일 19시,금요일,경상북도 경주시 안강읍,중상사고,0,1,0,0,차대사람 - 차도통행중,안전운전불이행,건조,맑음,단일로 - 지하차도(도로)내,화물,남,66세,상해없음,보행자,여,79세,중상
2019040500100564,2019년 4월 5일 19시,금요일,경상북도 영주시 휴천동,경상사고,0,0,1,0,차대차 - 측면충돌,안전운전불이행,건조,맑음,교차로 - 교차로안,이륜,남,49세,상해없음,자전거,여,73세,경상
2019040500100565,2019년 4월 5일 19시,금요일,경상북도 청도군 각북면,경상사고,0,0,1,0,차대차 - 측면충돌,안전운전불이행,건조,맑음,단일로 - 기타,화물,남,37세,상해없음,이륜,남,51세,경상
2019040500100566,2019년 4월 5일 19시,금요일,경상북도 구미시 산동면,경상사고,0,0,1,0,차대사람 - 횡단중,안전운전불이행,건조,맑음,단일로 - 기타,승용,남,59세,상해없음,보행자,여,33세,경상
2019040500100567,2019년 4월 5일 19시,금요일,경상북도 구미시 형곡동,경상사고,0,0,1,0,차대사람 - 횡단중,보행자보호의무위반,건조,맑음,단일로 - 기타,승용,여,38세,상해없음,보행자,여,29세,경상
2019040500100568,2019년 4월 5일 19시,금요일,경상북도 포항시 남구 오천읍,중상사고,0,1,0,0,차대사람 - 횡단중,보행자보호의무위반,건조,맑음,교차로 - 교차로안,승용,여,38세,상해없음,보행자,남,60세,중상
2019040500100614,2019년 4월 5일 20시,금요일,경상북도 경주시 신평동,중상사고,0,1,0,0,차대사람 - 기타,안전운전불이행,건조,맑음,교차로 - 교차로안,승용,남,44세,상해없음,보행자,남,62세,중상
2019040500100615,2019년 4월 5일 20시,금요일,경상북도 구미시 해평면,중상사고,0,1,0,0,차대차 - 기타,안전운전불이행,건조,맑음,단일로 - 기타,승용,남,58세,상해없음,화물,남,58세,중상
2019040500100645,2019년 4월 5일 21시,금요일,경상북도 포항시 북구 죽도동,경상사고,0,0,1,0,차대사람 - 기타,안전운전불이행,건조,맑음,단일로 - 기타,승합,남,54세,상해없음,보행자,여,66세,경상
2019040500100646,2019년 4월 5일 21시,금요일,경상북도 영천시 임고면,경상사고,0,0,1,0,차대차 - 측면충돌,안전운전불이행,건조,맑음,단일로 - 기타,승용,남,56세,상해없음,승용,여,28세,경상
2019040500100647,2019년 4월 5일 21시,금요일,경상북도 경산시 중산동,경상사고,0,0,4,0,차대차 - 측면충돌,안전운전불이행,건조,맑음,교차로 - 교차로안,승용,남,63세,상해없음,승용,남,34세,경상
2019040500100713,2019년 4월 5일 23시,금요일,경상북도 포항시 남구 이동,경상사고,0,0,2,0,차대차 - 기타,차로위반,건조,맑음,교차로 - 교차로안,승용,남,59세,상해없음,승용,남,28세,경상
2019040600100096,2019년 4월 6일 05시,토요일,경상북도 칠곡군 석적읍,경상사고,0,0,1,0,차대차 - 측면충돌,안전운전불이행,건조,맑음,단일로 - 지하차도(도로)내,승용,여,29세,상해없음,승용,남,48세,상해없음
2019040600100106,2019년 4월 6일 06시,토요일,경상북도 영주시 영주동,중상사고,0,2,0,0,차대사람 - 기타,기타,건조,맑음,기타 - 기타,자전거,여,65세,중상,보행자,남,39세,중상
2019040600100107,2019년 4월 6일 06시,토요일,경상북도 경산시 삼북동,경상사고,0,0,1,0,차대차 - 기타,안전운전불이행,건조,맑음,단일로 - 기타,승용,남,27세,기타불명,자전거,여,64세,경상
2019040600100108,2019년 4월 6일 06시,토요일,경상북도 포항시 남구 구룡포읍,경상사고,0,0,1,0,차대차 - 측면충돌,중앙선침범,건조,맑음,단일로 - 기타,이륜,남,70세,경상,승용,남,47세,상해없음
2019040600100124,2019년 4월 6일 07시,토요일,경상북도 영천시 망정동,중상사고,0,2,0,0,차대차 - 측면충돌,교차로운행방법위반,건조,맑음,교차로 - 교차로안,승용,여,45세,상해없음,승용,여,50세,중상
2019040600100146,2019년 4월 6일 08시,토요일,경상북도 칠곡군 석적읍,중상사고,0,2,1,0,차대차 - 측면충돌,직진우회전진행방해,건조,맑음,교차로 - 교차로안,승용,남,70세,중상,승용,남,24세,경상
2019040600100147,2019년 4월 6일 08시,토요일,경상북도 구미시 진평동,중상사고,0,1,0,0,차대차 - 기타,안전운전불이행,건조,맑음,교차로 - 교차로안,승용,남,55세,상해없음,이륜,남,29세,중상
2019040600100171,2019년 4월 6일 09시,토요일,경상북도 경주시 성동동,중상사고,0,1,0,0,차대차 - 측면충돌,안전운전불이행,건조,맑음,단일로 - 기타,이륜,남,69세,중상,승용,남,55세,상해없음
2019040600100172,2019년 4월 6일 09시,토요일,경상북도 포항시 남구 구룡포읍,중상사고,0,1,0,0,차대차 - 기타,불법유턴,건조,맑음,교차로 - 교차로횡단보도내,이륜,남,89세,중상,승용,남,52세,상해없음
2019040600100205,2019년 4월 6일 10시,토요일,경상북도 영천시 화산면,경상사고,0,0,1,0,차대사람 - 횡단중,안전운전불이행,건조,맑음,단일로 - 기타,승용,여,33세,상해없음,보행자,남,9세,경상
2019040600100206,2019년 4월 6일 10시,토요일,경상북도 청송군 파천면,경상사고,0,0,4,0,차대차 - 측면충돌,중앙선침범,건조,맑음,단일로 - 기타,화물,남,67세,상해없음,화물,남,64세,경상
2019040600100239,2019년 4월 6일 11시,토요일,경상북도 경주시 서면,중상사고,0,1,1,0,차대차 - 추돌,안전운전불이행,건조,맑음,단일로 - 지하차도(도로)내,화물,남,52세,상해없음,승용,남,74세,경상
2019040600100240,2019년 4월 6일 11시,토요일,경상북도 경주시 인왕동,경상사고,0,0,3,0,차대차 - 추돌,안전운전불이행,건조,맑음,교차로 - 교차로부근,승용,여,50세,상해없음,승합,남,74세,상해없음
2019040600100241,2019년 4월 6일 11시,토요일,경상북도 경산시 정평동,경상사고,0,0,1,0,차대사람 - 기타,안전운전불이행,건조,맑음,단일로 - 기타,승용,남,42세,상해없음,보행자,남,52세,경상
2019040600100271,2019년 4월 6일 12시,토요일,경상북도 구미시 산동면,경상사고,0,0,2,0,차대차 - 기타,안전거리미확보,건조,맑음,교차로 - 교차로부근,승용,남,66세,상해없음,승용,남,62세,경상
2019040600100319,2019년 4월 6일 13시,토요일,경상북도 안동시 평화동,경상사고,0,0,1,0,차대차 - 측면충돌,중앙선침범,건조,맑음,단일로 - 기타,이륜,남,78세,경상,승용,남,61세,상해없음
2019040600100320,2019년 4월 6일 13시,토요일,경상북도 청도군 매전면,중상사고,0,1,0,0,차대차 - 측면충돌,안전운전불이행,건조,맑음,단일로 - 기타,이륜,남,50세,중상,화물,남,53세,상해없음
2019040600100321,2019년 4월 6일 13시,토요일,경상북도 문경시 불정동,경상사고,0,0,8,0,차대차 - 추돌,안전거리미확보,건조,맑음,단일로 - 기타,승용,남,52세,상해없음,승용,남,38세,경상
2019040600100357,2019년 4월 6일 14시,토요일,경상북도 경주시 양북면,경상사고,0,0,2,0,차대차 - 측면충돌,안전운전불이행,건조,맑음,단일로 - 기타,승용,여,40세,상해없음,승용,여,36세,경상
2019040600100358,2019년 4월 6일 14시,토요일,경상북도 칠곡군 약목면,중상사고,0,1,0,0,차량단독 - 공작물충돌,안전운전불이행,건조,맑음,단일로 - 기타,승용,남,85세,상해없음,,,,
2019040600100359,2019년 4월 6일 14시,토요일,경상북도 경산시 사동,경상사고,0,0,1,0,차대차 - 기타,중앙선침범,건조,맑음,단일로 - 기타,승용,남,28세,상해없음,이륜,남,29세,경상
2019040600100360,2019년 4월 6일 14시,토요일,경상북도 포항시 남구 지곡동,중상사고,0,1,0,0,차대차 - 기타,교차로운행방법위반,건조,맑음,교차로 - 교차로안,승용,여,39세,상해없음,자전거,남,13세,중상
2019040600100392,2019년 4월 6일 15시,토요일,경상북도 청도군 운문면,중상사고,0,1,0,0,차대차 - 측면충돌,안전운전불이행,건조,맑음,단일로 - 기타,이륜,남,35세,상해없음,이륜,남,45세,중상
2019040600100429,2019년 4월 6일 16시,토요일,경상북도 영천시 화산면,중상사고,0,1,0,0,차량단독 - 도로외이탈 - 추락,안전운전불이행,건조,맑음,단일로 - 기타,농기계,남,53세,중상,,,,
2019040600100467,2019년 4월 6일 17시,토요일,경상북도 포항시 북구 용흥동,경상사고,0,0,1,0,차대차 - 추돌,안전운전불이행,건조,맑음,단일로 - 고가도로위,승용,남,38세,상해없음,승합,남,60세,경상
2019040600100468,2019년 4월 6일 17시,토요일,경상북도 포항시 북구 기계면,사망사고,1,1,0,0,차대차 - 측면충돌,안전운전불이행,건조,맑음,단일로 - 기타,승용,남,34세,상해없음,이륜,남,78세,사망
2019040600100499,2019년 4월 6일 18시,토요일,경상북도 경주시 내남면,중상사고,0,1,0,0,차량단독 - 공작물충돌,안전운전불이행,건조,맑음,단일로 - 기타,사륜오토바이(ATV),남,73세,중상,,,,
2019040600100540,2019년 4월 6일 19시,토요일,경상북도 경주시 황남동,중상사고,0,1,1,0,차대사람 - 차도통행중,안전운전불이행,건조,맑음,교차로 - 교차로부근,승용,남,22세,상해없음,보행자,남,27세,중상
2019040600100541,2019년 4월 6일 19시,토요일,경상북도 경주시 충효동,중상사고,0,1,2,0,차대사람 - 기타,안전운전불이행,건조,맑음,단일로 - 기타,승용,남,23세,상해없음,보행자,여,21세,중상
2019040600100542,2019년 4월 6일 19시,토요일,경상북도 영주시 풍기읍,중상사고,0,1,0,0,차대차 - 측면충돌,교차로운행방법위반,건조,맑음,교차로 - 교차로안,승용,남,69세,상해없음,승용,여,62세,중상
2019040600100569,2019년 4월 6일 20시,토요일,경상북도 영천시 완산동,경상사고,0,0,1,0,차대사람 - 차도통행중,안전운전불이행,건조,맑음,단일로 - 기타,승용,여,29세,상해없음,보행자,여,28세,경상
2019040600100570,2019년 4월 6일 20시,토요일,경상북도 경산시 옥산동,경상사고,0,0,1,0,차대차 - 측면충돌,차로위반,건조,맑음,단일로 - 기타,승용,여,49세,상해없음,이륜,남,49세,경상
2019040600100597,2019년 4월 6일 21시,토요일,경상북도 경주시 천군동,경상사고,0,0,1,0,차대차 - 추돌,안전운전불이행,건조,맑음,교차로 - 교차로안,승용,남,39세,상해없음,승용,남,49세,경상
2019040600100627,2019년 4월 6일 22시,토요일,경상북도 김천시 용두동,경상사고,0,0,1,0,차대차 - 측면충돌,안전운전불이행,건조,맑음,교차로 - 교차로안,화물,남,69세,상해없음,승용,남,41세,경상
2019040600100628,2019년 4월 6일 22시,토요일,경상북도 경산시 계양동,중상사고,0,2,2,0,차대차 - 기타,안전거리미확보,건조,맑음,단일로 - 기타,승용,남,40세,상해없음,승용,남,52세,중상
2019040600100642,2019년 4월 6일 23시,토요일,경상북도 고령군 대가야읍,중상사고,0,2,0,0,차량단독 - 공작물충돌,안전운전불이행,건조,맑음,단일로 - 기타,이륜,남,19세,중상,,,,
2019040600100643,2019년 4월 6일 23시,토요일,경상북도 포항시 남구 대도동,경상사고,0,0,1,1,차대차 - 추돌,안전운전불이행,건조,맑음,교차로 - 교차로부근,승용,여,54세,상해없음,승용,남,72세,경상
2019040700100037,2019년 4월 7일 00시,일요일,경상북도 포항시 북구 두호동,경상사고,0,0,2,0,차대차 - 측면충돌,안전운전불이행,건조,맑음,단일로 - 기타,이륜,남,18세,경상,승용,여,18세,상해없음
2019040700100050,2019년 4월 7일 01시,일요일,경상북도 경산시 백천동,경상사고,0,0,2,0,차대차 - 추돌,안전거리미확보,건조,맑음,단일로 - 지하차도(도로)내,승용,남,47세,상해없음,승용,남,24세,경상
2019040700100051,2019년 4월 7일 01시,일요일,경상북도 구미시 진평동,경상사고,0,0,1,0,차대차 - 기타,신호위반,건조,맑음,교차로 - 교차로안,이륜,남,18세,경상,승용,남,55세,상해없음
2019040700100062,2019년 4월 7일 02시,일요일,경상북도 경산시 진량읍,중상사고,0,1,0,0,차대차 - 추돌,안전운전불이행,건조,맑음,단일로 - 교량,승용,남,47세,상해없음,개인형이동수단(PM),남,33세,중상
2019040700100112,2019년 4월 7일 07시,일요일,경상북도 경산시 사동,중상사고,0,1,0,0,차대사람 - 횡단중,안전운전불이행,건조,맑음,교차로 - 교차로횡단보도내,승용,남,39세,상해없음,보행자,남,48세,중상
2019040700100130,2019년 4월 7일 09시,일요일,경상북도 포항시 남구 해도동,경상사고,0,0,3,0,차대차 - 측면충돌,과속,건조,맑음,교차로 - 교차로안,승용,남,44세,경상,승용,남,55세,경상
2019040700100155,2019년 4월 7일 10시,일요일,경상북도 영주시 장수면,경상사고,0,0,1,1,차대차 - 측면충돌,중앙선침범,건조,맑음,단일로 - 기타,승용,여,56세,상해없음,승용,여,61세,경상
2019040700100184,2019년 4월 7일 11시,일요일,경상북도 경주시 강동면,경상사고,0,0,1,0,차대차 - 추돌,안전운전불이행,건조,맑음,단일로 - 기타,이륜,남,17세,경상,승용,남,61세,상해없음
2019040700100185,2019년 4월 7일 11시,일요일,경상북도 김천시 부곡동,중상사고,0,1,1,0,차대차 - 측면충돌,신호위반,건조,맑음,교차로 - 교차로안,승용,남,51세,상해없음,승용,남,61세,경상
2019040700100186,2019년 4월 7일 11시,일요일,경상북도 봉화군 재산면,경상사고,0,0,1,0,차대차 - 측면충돌,안전운전불이행,건조,맑음,단일로 - 기타,승용,여,64세,상해없음,농기계,남,63세,경상
2019040700100207,2019년 4월 7일 12시,일요일,경상북도 성주군 선남면,중상사고,0,1,0,0,차대차 - 측면충돌,기타,건조,맑음,교차로 - 교차로안,이륜,남,34세,중상,화물,남,40세,상해없음
2019040700100208,2019년 4월 7일 12시,일요일,경상북도 포항시 남구 대도동,중상사고,0,1,0,0,차대사람 - 횡단중,안전운전불이행,건조,맑음,단일로 - 기타,승용,남,47세,상해없음,보행자,남,73세,중상
2019040700100209,2019년 4월 7일 12시,일요일,경상북도 포항시 남구 효자동,중상사고,0,1,5,0,차대차 - 추돌,안전거리미확보,건조,맑음,단일로 - 기타,화물,남,62세,중상,승용,남,46세,경상
2019040700100243,2019년 4월 7일 13시,일요일,경상북도 포항시 북구 흥해읍,중상사고,0,1,0,0,차대차 - 기타,안전운전불이행,건조,맑음,교차로 - 교차로부근,화물,남,43세,상해없음,이륜,남,72세,중상
2019040700100274,2019년 4월 7일 14시,일요일,경상북도 안동시 풍산읍,중상사고,0,1,1,0,차대차 - 추돌,안전운전불이행,건조,맑음,단일로 - 기타,화물,남,32세,상해없음,화물,여,53세,경상
2019040700100275,2019년 4월 7일 14시,일요일,경상북도 김천시 덕곡동,경상사고,0,0,1,0,차대차 - 측면충돌,교차로운행방법위반,건조,맑음,교차로 - 교차로안,화물,남,58세,상해없음,승용,남,62세,상해없음
2019040700100276,2019년 4월 7일 14시,일요일,경상북도 영천시 망정동,경상사고,0,0,3,0,차대차 - 측면충돌,안전운전불이행,건조,맑음,교차로 - 교차로안,승용,남,21세,경상,승용,여,25세,경상
2019040700100277,2019년 4월 7일 14시,일요일,경상북도 구미시 진평동,경상사고,0,0,1,0,차대차 - 기타,교차로운행방법위반,건조,맑음,교차로 - 교차로안,승용,남,41세,상해없음,이륜,남,22세,경상
2019040700100350,2019년 4월 7일 16시,일요일,경상북도 김천시 백옥동,경상사고,0,0,3,0,차대차 - 측면충돌,교차로운행방법위반,건조,맑음,교차로 - 교차로안,승용,여,30세,경상,승용,여,63세,경상
2019040700100383,2019년 4월 7일 17시,일요일,경상북도 안동시 운흥동,경상사고,0,0,2,0,차대차 - 추돌,안전거리미확보,건조,맑음,단일로 - 기타,승합,남,51세,상해없음,승용,남,29세,경상
2019040700100384,2019년 4월 7일 17시,일요일,경상북도 포항시 남구 연일읍,경상사고,0,0,4,0,차대차 - 측면충돌,직진우회전진행방해,건조,맑음,교차로 - 교차로안,승용,남,51세,상해없음,승용,여,37세,경상
2019040700100401,2019년 4월 7일 18시,일요일,경상북도 상주시 무양동,경상사고,0,0,1,0,차대차 - 기타,신호위반,건조,맑음,교차로 - 교차로안,승용,남,44세,상해없음,이륜,남,42세,경상
2019040700100402,2019년 4월 7일 18시,일요일,경상북도 구미시 봉곡동,경상사고,0,0,2,1,차대차 - 기타,안전운전불이행,건조,맑음,기타 - 기타,승용,여,59세,부상신고,승용,남,34세,경상
2019040700100432,2019년 4월 7일 19시,일요일,경상북도 포항시 북구 죽도동,경상사고,0,0,2,2,차대차 - 측면충돌,안전운전불이행,건조,맑음,단일로 - 기타,승용,남,30세,상해없음,승용,남,66세,경상
2019040700100461,2019년 4월 7일 20시,일요일,경상북도 김천시 덕곡동,경상사고,0,0,2,0,차대차 - 추돌,안전운전불이행,건조,맑음,단일로 - 기타,이륜,남,22세,경상,승용,여,46세,경상
2019040700100462,2019년 4월 7일 20시,일요일,경상북도 구미시 진평동,경상사고,0,0,1,0,차대차 - 측면충돌,안전운전불이행,건조,맑음,교차로 - 교차로안,승용,남,23세,상해없음,승용,남,26세,경상
2019040700100488,2019년 4월 7일 21시,일요일,경상북도 포항시 남구 대잠동,경상사고,0,0,12,0,차대차 - 추돌,안전운전불이행,건조,맑음,교차로 - 교차로부근,승용,여,40세,경상,승용,남,28세,경상
2019040700100510,2019년 4월 7일 22시,일요일,경상북도 구미시 원평동,중상사고,0,1,0,0,차대차 - 측면충돌,직진우회전진행방해,건조,맑음,교차로 - 교차로안,승용,여,53세,상해없음,승용,남,29세,중상
2019040800100032,2019년 4월 8일 00시,월요일,경상북도 칠곡군 가산면,중상사고,0,1,0,0,차대차 - 측면충돌,기타,건조,맑음,단일로 - 기타,승용,여,49세,상해없음,승용,남,51세,중상
2019040800100039,2019년 4월 8일 01시,월요일,경상북도 경주시 성건동,중상사고,0,1,0,0,차대차 - 측면충돌,안전운전불이행,건조,맑음,교차로 - 교차로안,승용,남,30세,상해없음,이륜,남,42세,중상
2019040800100048,2019년 4월 8일 03시,월요일,경상북도 영덕군 영덕읍,부상신고사고,0,0,0,1,차대차 - 측면충돌,기타,건조,맑음,교차로 - 교차로안,사륜오토바이(ATV),남,71세,부상신고,승용,남,39세,상해없음
2019040800100058,2019년 4월 8일 04시,월요일,경상북도 포항시 북구 흥해읍,경상사고,0,0,1,0,차대차 - 기타,안전운전불이행,건조,맑음,단일로 - 기타,승합,남,52세,상해없음,승용,여,39세,경상
2019040800100065,2019년 4월 8일 05시,월요일,경상북도 구미시 송정동,경상사고,0,0,2,1,차대차 - 측면충돌,신호위반,건조,맑음,교차로 - 교차로안,화물,남,65세,부상신고,승용,남,70세,경상
2019040800100076,2019년 4월 8일 06시,월요일,경상북도 포항시 북구 죽도동,사망사고,1,0,0,0,차대사람 - 횡단중,안전운전불이행,건조,맑음,단일로 - 기타,승합,남,47세,상해없음,보행자,여,71세,사망
2019040800100109,2019년 4월 8일 07시,월요일,경상북도 구미시 상모동,경상사고,0,0,1,0,차대차 - 측면충돌,신호위반,건조,맑음,교차로 - 교차로안,승용,남,24세,상해없음,승용,여,28세,경상
2019040800100150,2019년 4월 8일 08시,월요일,경상북도 경주시 성동동,경상사고,0,0,1,0,차대차 - 측면충돌,안전운전불이행,건조,맑음,교차로 - 교차로부근,승용,여,42세,상해없음,승용,여,32세,경상
2019040800100151,2019년 4월 8일 08시,월요일,경상북도 포항시 북구 죽도동,경상사고,0,0,1,0,차대차 - 추돌,안전거리미확보,건조,맑음,단일로 - 기타,승합,남,61세,상해없음,이륜,남,30세,경상
2019040800100152,2019년 4월 8일 08시,월요일,경상북도 상주시 낙양동,경상사고,0,0,1,0,차대차 - 측면충돌,신호위반,건조,맑음,교차로 - 교차로안,승용,남,56세,상해없음,자전거,남,14세,경상
2019040800100153,2019년 4월 8일 08시,월요일,경상북도 칠곡군 석적읍,중상사고,0,1,0,0,차대차 - 측면충돌,신호위반,건조,맑음,교차로 - 교차로안,승용,여,42세,상해없음,이륜,남,26세,중상
2019040800100154,2019년 4월 8일 08시,월요일,경상북도 경산시 정평동,중상사고,0,1,0,0,차대차 - 추돌,안전거리미확보,건조,맑음,단일로 - 기타,화물,남,59세,상해없음,승용,남,55세,중상
2019040800100198,2019년 4월 8일 09시,월요일,경상북도 경주시 석장동,중상사고,0,1,0,0,차대차 - 추돌,안전운전불이행,건조,맑음,교차로 - 교차로부근,승용,남,63세,상해없음,승용,남,37세,중상
2019040800100199,2019년 4월 8일 09시,월요일,경상북도 상주시 무양동,경상사고,0,0,2,0,차대차 - 측면충돌,안전운전불이행,건조,맑음,교차로 - 교차로안,이륜,남,77세,경상,승용,여,24세,경상
2019040800100200,2019년 4월 8일 09시,월요일,경상북도 상주시 외답동,경상사고,0,0,2,0,차대차 - 측면충돌,안전운전불이행,건조,맑음,교차로 - 교차로안,승용,여,70세,경상,화물,남,76세,경상
2019040800100201,2019년 4월 8일 09시,월요일,경상북도 구미시 지산동,경상사고,0,0,1,0,차대차 - 기타,차로위반,건조,맑음,단일로 - 기타,승용,남,51세,상해없음,승용,여,42세,경상
2019040800100202,2019년 4월 8일 09시,월요일,경상북도 포항시 남구 청림동,경상사고,0,0,2,0,차대차 - 측면충돌,직진우회전진행방해,건조,맑음,교차로 - 교차로안,승용,여,54세,경상,승용,남,26세,경상
2019040800100234,2019년 4월 8일 10시,월요일,경상북도 성주군 성주읍,경상사고,0,0,1,0,차대차 - 측면충돌,신호위반,건조,맑음,교차로 - 교차로안,승용,남,27세,상해없음,화물,남,62세,경상
2019040800100235,2019년 4월 8일 10시,월요일,경상북도 포항시 남구 상도동,경상사고,0,0,1,0,차대차 - 측면충돌,안전거리미확보,건조,맑음,교차로 - 교차로부근,건설기계,남,45세,기타불명,승용,남,48세,경상
2019040800100262,2019년 4월 8일 11시,월요일,경상북도 영덕군 영해면,사망사고,1,0,4,0,차대차 - 정면충돌,중앙선침범,건조,맑음,단일로 - 기타,승용,남,69세,경상,화물,남,50세,사망
2019040800100263,2019년 4월 8일 11시,월요일,경상북도 영덕군 축산면,중상사고,0,1,1,0,차대차 - 기타,중앙선침범,건조,맑음,단일로 - 기타,승용,남,69세,상해없음,승용,남,34세,경상
2019040800100264,2019년 4월 8일 11시,월요일,경상북도 울진군 북면,경상사고,0,0,2,0,차량단독 - 도로외이탈 - 기타,안전운전불이행,건조,맑음,단일로 - 기타,승용,남,78세,상해없음,,,,
2019040800100296,2019년 4월 8일 12시,월요일,경상북도 상주시 만산동,중상사고,0,1,0,0,차대차 - 측면충돌,차로위반,건조,맑음,단일로 - 기타,이륜,남,61세,중상,화물,남,47세,상해없음
2019040800100297,2019년 4월 8일 12시,월요일,경상북도 포항시 남구 상도동,경상사고,0,0,1,0,차대차 - 측면충돌,안전운전불이행,건조,맑음,교차로 - 교차로부근,이륜,여,60세,상해없음,승용,여,32세,경상
2019040800100329,2019년 4월 8일 13시,월요일,경상북도 구미시 지산동,경상사고,0,0,1,0,차대차 - 측면충돌,안전운전불이행,건조,맑음,단일로 - 기타,화물,남,67세,상해없음,승용,여,58세,경상
2019040800100357,2019년 4월 8일 14시,월요일,경상북도 경주시 황남동,중상사고,0,1,0,0,차대사람 - 길가장자리구역통행중,안전운전불이행,건조,맑음,단일로 - 기타,승용,여,24세,상해없음,보행자,남,36세,중상
2019040800100358,2019년 4월 8일 14시,월요일,경상북도 경주시 황오동,경상사고,0,0,1,0,차대차 - 측면충돌,안전운전불이행,건조,맑음,교차로 - 교차로부근,승용,남,79세,상해없음,화물,남,49세,경상
2019040800100359,2019년 4월 8일 14시,월요일,경상북도 안동시 명륜동,경상사고,0,0,1,0,차대사람 - 보도통행중,보행자보호의무위반,건조,맑음,교차로 - 교차로안,승용,남,71세,상해없음,보행자,여,20세,경상
2019040800100360,2019년 4월 8일 14시,월요일,경상북도 안동시 옥동,경상사고,0,0,1,0,차대차 - 측면충돌,안전운전불이행,건조,맑음,교차로 - 교차로안,승용,여,57세,상해없음,승용,남,62세,경상
2019040800100390,2019년 4월 8일 15시,월요일,경상북도 안동시 남문동,경상사고,0,0,1,0,차대사람 - 길가장자리구역통행중,안전운전불이행,건조,맑음,단일로 - 기타,승용,남,51세,상해없음,보행자,여,47세,경상
2019040800100391,2019년 4월 8일 15시,월요일,경상북도 김천시 삼락동,경상사고,0,0,1,0,차대차 - 측면충돌,교차로운행방법위반,건조,맑음,교차로 - 교차로안,승용,남,33세,상해없음,개인형이동수단(PM),여,23세,경상
2019040800100392,2019년 4월 8일 15시,월요일,경상북도 김천시 덕곡동,경상사고,0,0,2,0,차대차 - 측면충돌,차로위반,건조,맑음,단일로 - 기타,이륜,남,83세,경상,화물,남,65세,경상
2019040800100393,2019년 4월 8일 15시,월요일,경상북도 구미시 선산읍,경상사고,0,0,1,0,차대차 - 측면충돌,신호위반,건조,맑음,교차로 - 교차로안,화물,남,68세,상해없음,승용,여,61세,경상
2019040800100421,2019년 4월 8일 16시,월요일,경상북도 경주시 성건동,중상사고,0,1,0,0,차대사람 - 횡단중,안전운전불이행,건조,맑음,교차로 - 교차로안,승용,여,45세,상해없음,보행자,여,79세,중상
2019040800100422,2019년 4월 8일 16시,월요일,경상북도 안동시 옥야동,경상사고,0,0,1,0,차대차 - 추돌,안전거리미확보,건조,맑음,단일로 - 기타,승용,남,46세,상해없음,승용,남,59세,경상
2019040800100423,2019년 4월 8일 16시,월요일,경상북도 상주시 인봉동,중상사고,0,1,1,0,차대사람 - 횡단중,안전운전불이행,건조,맑음,교차로 - 교차로안,승용,남,68세,상해없음,보행자,여,7세,중상
2019040800100462,2019년 4월 8일 17시,월요일,경상북도 포항시 북구 남빈동,경상사고,0,0,1,0,차대사람 - 횡단중,보행자보호의무위반,건조,맑음,단일로 - 기타,승용,여,57세,상해없음,보행자,여,68세,경상
2019040800100463,2019년 4월 8일 17시,월요일,경상북도 청도군 각북면,경상사고,0,0,1,0,차대차 - 측면충돌,중앙선침범,건조,맑음,단일로 - 기타,승용,남,19세,상해없음,화물,남,64세,경상
2019040800100464,2019년 4월 8일 17시,월요일,경상북도 구미시 공단동,부상신고사고,0,0,0,1,차대차 - 측면충돌,신호위반,건조,맑음,교차로 - 교차로안,이륜,여,28세,부상신고,화물,남,42세,상해없음
2019040800100465,2019년 4월 8일 17시,월요일,경상북도 구미시 선산읍,중상사고,0,1,0,0,차대차 - 기타,중앙선침범,건조,맑음,단일로 - 기타,화물,남,63세,상해없음,이륜,남,64세,중상
2019040800100507,2019년 4월 8일 18시,월요일,경상북도 경주시 동천동,경상사고,0,0,1,0,차대차 - 측면충돌,중앙선침범,건조,맑음,단일로 - 지하차도(도로)내,승용,여,27세,경상,승용,여,58세,상해없음
2019040800100508,2019년 4월 8일 18시,월요일,경상북도 영천시 문외동,경상사고,0,0,1,0,차대차 - 기타,안전운전불이행,건조,맑음,교차로 - 교차로안,승용,여,38세,상해없음,승용,여,28세,경상
2019040800100509,2019년 4월 8일 18시,월요일,경상북도 영양군 석보면,경상사고,0,0,1,0,차대차 - 측면충돌,직진우회전진행방해,건조,맑음,교차로 - 교차로부근,이륜,남,80세,경상,화물,남,63세,상해없음
2019040800100510,2019년 4월 8일 18시,월요일,경상북도 구미시 송정동,중상사고,0,1,0,1,차대차 - 추돌,안전운전불이행,건조,맑음,단일로 - 기타,승용,여,57세,상해없음,화물,남,61세,중상
2019040800100511,2019년 4월 8일 18시,월요일,경상북도 포항시 남구 오천읍,경상사고,0,0,1,0,차대차 - 추돌,안전운전불이행,건조,맑음,단일로 - 기타,승용,남,60세,상해없음,승용,여,49세,경상