사고번호,사고일시,요일,시군구,사고내용,사망자수,중상자수,경상자수,부상신고자수,사고유형,법규위반,노면상태,기상상태,도로형태,가해운전자 차종,가해운전자 성별,가해운전자 연령,가해운전자 상해정도,피해운전자 차종,피해운전자 성별,피해운전자 연령,피해운전자 상해정도
2019040800100552,2019년 4월 8일 19시,월요일,경상북도 포항시 북구 항구동,경상사고,0,0,1,0,차대차 - 기타,교차로운행방법위반,건조,맑음,교차로 - 교차로안,승용,남,44세,상해없음,이륜,남,32세,경상
2019040800100553,2019년 4월 8일 19시,월요일,경상북도 안동시 서후면,중상사고,0,1,0,0,차대차 - 추돌,안전거리미확보,건조,맑음,단일로 - 기타,승용,남,60세,상해없음,승용,남,48세,상해없음
2019040800100554,2019년 4월 8일 19시,월요일,경상북도 영주시 이산면,경상사고,0,0,1,0,차량단독 - 전도전복 - 전도,안전운전불이행,건조,맑음,단일로 - 기타,이륜,남,72세,경상,,,,
2019040800100555,2019년 4월 8일 19시,월요일,경상북도 경산시 옥산동,중상사고,0,1,0,0,차대사람 - 횡단중,보행자보호의무위반,건조,맑음,교차로 - 교차로횡단보도내,승합,남,38세,상해없음,보행자,남,56세,중상
2019040800100556,2019년 4월 8일 19시,월요일,경상북도 예천군 풍양면,중상사고,0,1,0,0,차대사람 - 차도통행중,안전운전불이행,건조,맑음,교차로 - 교차로부근,승용,여,58세,상해없음,보행자,남,53세,중상
2019040800100557,2019년 4월 8일 19시,월요일,경상북도 구미시 인의동,경상사고,0,0,1,0,차대사람 - 기타,안전운전불이행,건조,맑음,교차로 - 교차로부근,승용,남,61세,상해없음,보행자,여,21세,경상
2019040800100558,2019년 4월 8일 19시,월요일,경상북도 포항시 남구 연일읍,부상신고사고,0,0,0,1,차대차 - 기타,안전운전불이행,건조,맑음,교차로 - 교차로안,자전거,남,57세,부상신고,승용,남,34세,상해없음
2019040800100585,2019년 4월 8일 20시,월요일,경상북도 포항시 북구 흥해읍,경상사고,0,0,1,0,차대차 - 기타,안전운전불이행,건조,맑음,교차로 - 교차로안,승용,남,40세,상해없음,승용,남,63세,경상
2019040800100586,2019년 4월 8일 20시,월요일,경상북도 안동시 금곡동,부상신고사고,0,0,0,1,차량단독 - 기타,안전운전불이행,건조,맑음,단일로 - 기타,승합,남,50세,상해없음,,,,
2019040800100587,2019년 4월 8일 20시,월요일,경상북도 포항시 남구 연일읍,경상사고,0,0,1,0,차대차 - 기타,안전운전불이행,건조,맑음,교차로 - 교차로부근,승용,남,74세,상해없음,승용,여,27세,경상
2019040800100611,2019년 4월 8일 21시,월요일,경상북도 경주시 석장동,경상사고,0,0,1,0,차대사람 - 횡단중,보행자보호의무위반,건조,맑음,교차로 - 교차로부근,승용,여,47세,상해없음,보행자,남,25세,경상
2019040800100612,2019년 4월 8일 21시,월요일,경상북도 포항시 북구 흥해읍,중상사고,0,1,0,0,차량단독 - 공작물충돌,안전운전불이행,건조,맑음,단일로 - 기타,승용,여,35세,중상,,,,
2019040800100652,2019년 4월 8일 23시,월요일,경상북도 영주시 휴천동,경상사고,0,0,1,0,차대사람 - 횡단중,보행자보호의무위반,건조,맑음,교차로 - 교차로안,승용,남,42세,상해없음,보행자,남,23세,경상
2019040900100044,2019년 4월 9일 01시,화요일,경상북도 영천시 완산동,경상사고,0,0,1,0,차량단독 - 공작물충돌,안전운전불이행,건조,맑음,단일로 - 기타,화물,남,42세,경상,,,,
2019040900100069,2019년 4월 9일 04시,화요일,경상북도 울진군 후포면,경상사고,0,0,3,0,차대차 - 기타,기타,건조,맑음,교차로 - 교차로부근,특수,남,43세,상해없음,승용,남,56세,경상
2019040900100074,2019년 4월 9일 05시,화요일,경상북도 포항시 북구 창포동,중상사고,0,1,0,0,차대사람 - 횡단중,안전운전불이행,건조,맑음,교차로 - 교차로안,승용,남,71세,상해없음,보행자,남,62세,중상
2019040900100075,2019년 4월 9일 05시,화요일,경상북도 상주시 화개동,사망사고,1,0,2,0,차대차 - 정면충돌,신호위반,건조,맑음,교차로 - 교차로안,화물,여,60세,사망,승합,남,44세,경상
2019040900100101,2019년 4월 9일 07시,화요일,경상북도 경주시 건천읍,경상사고,0,0,1,0,차대차 - 측면충돌,안전운전불이행,건조,맑음,교차로 - 교차로안,이륜,남,63세,경상,승용,여,45세,상해없음
2019040900100130,2019년 4월 9일 08시,화요일,경상북도 김천시 지좌동,경상사고,0,0,1,0,차대차 - 추돌,안전운전불이행,건조,맑음,단일로 - 기타,승합,남,60세,상해없음,화물,여,40세,경상
2019040900100131,2019년 4월 9일 08시,화요일,경상북도 영주시 풍기읍,경상사고,0,0,1,0,차대차 - 측면충돌,안전운전불이행,건조,맑음,교차로 - 교차로안,화물,남,24세,상해없음,승용,여,55세,경상
2019040900100167,2019년 4월 9일 09시,화요일,경상북도 경주시 충효동,중상사고,0,1,0,0,차대차 - 측면충돌,안전운전불이행,건조,맑음,단일로 - 기타,승합,남,61세,상해없음,승용,여,25세,중상
2019040900100168,2019년 4월 9일 09시,화요일,경상북도 안동시 서부동,중상사고,0,1,0,0,차대사람 - 횡단중,보행자보호의무위반,건조,맑음,단일로 - 기타,승합,남,59세,상해없음,보행자,여,62세,중상
2019040900100169,2019년 4월 9일 09시,화요일,경상북도 예천군 용문면,중상사고,0,1,0,0,차대차 - 측면충돌,중앙선침범,건조,맑음,단일로 - 기타,승용,남,68세,상해없음,이륜,남,58세,중상
2019040900100194,2019년 4월 9일 10시,화요일,경상북도 포항시 북구 죽도동,경상사고,0,0,1,0,차대차 - 측면충돌,신호위반,건조,맑음,교차로 - 교차로안,승용,남,45세,상해없음,자전거,남,69세,경상
2019040900100195,2019년 4월 9일 10시,화요일,경상북도 의성군 봉양면,사망사고,1,0,0,0,차량단독 - 전도전복 - 전도,안전운전불이행,건조,맑음,단일로 - 기타,화물,남,49세,사망,,,,
2019040900100216,2019년 4월 9일 11시,화요일,경상북도 구미시 황상동,경상사고,0,0,1,0,차대차 - 기타,안전운전불이행,건조,맑음,교차로 - 교차로안,승용,여,39세,상해없음,승용,여,36세,경상
2019040900100274,2019년 4월 9일 13시,화요일,경상북도 안동시 임하면,사망사고,1,1,1,0,차대차 - 정면충돌,중앙선침범,건조,맑음,단일로 - 기타,화물,남,52세,사망,특수,남,26세,중상
2019040900100275,2019년 4월 9일 13시,화요일,경상북도 김천시 남면,경상사고,0,0,1,0,차대차 - 측면충돌,차로위반,건조,맑음,단일로 - 기타,화물,남,53세,상해없음,승용,여,66세,경상
2019040900100299,2019년 4월 9일 14시,화요일,경상북도 포항시 남구 상도동,경상사고,0,0,1,0,차대차 - 후진중충돌,안전운전불이행,건조,맑음,단일로 - 기타,화물,남,44세,기타불명,이륜,남,18세,경상
2019040900100300,2019년 4월 9일 14시,화요일,경상북도 김천시 교동,중상사고,0,1,2,0,차대차 - 측면충돌,중앙선침범,건조,맑음,교차로 - 교차로안,승용,남,34세,상해없음,승용,여,33세,중상
2019040900100334,2019년 4월 9일 15시,화요일,경상북도 경주시 율동,경상사고,0,0,1,0,차대사람 - 기타,안전운전불이행,건조,맑음,주차장 - 주차장,승용,남,54세,상해없음,보행자,남,53세,경상
2019040900100335,2019년 4월 9일 15시,화요일,경상북도 칠곡군 북삼읍,중상사고,0,1,0,0,차대사람 - 횡단중,안전운전불이행,건조,맑음,단일로 - 지하차도(도로)내,승용,여,45세,상해없음,보행자,여,81세,중상
2019040900100336,2019년 4월 9일 15시,화요일,경상북도 봉화군 봉화읍,경상사고,0,0,1,0,차대차 - 기타,안전운전불이행,건조,맑음,단일로 - 기타,사륜오토바이(ATV),남,78세,경상,화물,남,55세,상해없음
2019040900100337,2019년 4월 9일 15시,화요일,경상북도 구미시 고아읍,경상사고,0,0,1,0,차대사람 - 횡단중,신호위반,건조,흐림,교차로 - 교차로횡단보도내,승용,남,64세,상해없음,보행자,남,7세,경상
2019040900100362,2019년 4월 9일 16시,화요일,경상북도 포항시 북구 기북면,중상사고,0,1,0,0,차대차 - 측면충돌,안전운전불이행,건조,맑음,교차로 - 교차로안,이륜,남,83세,중상,승용,여,68세,상해없음
2019040900100363,2019년 4월 9일 16시,화요일,경상북도 포항시 북구 대신동,중상사고,0,1,0,0,차대차 - 기타,교차로운행방법위반,건조,맑음,교차로 - 교차로안,승용,남,53세,상해없음,자전거,남,13세,중상
2019040900100364,2019년 4월 9일 16시,화요일,경상북도 포항시 북구 장성동,경상사고,0,0,2,0,차대차 - 측면충돌,교차로운행방법위반,건조,맑음,교차로 - 교차로안,승용,여,51세,상해없음,승용,남,52세,경상
2019040900100365,2019년 4월 9일 16시,화요일,경상북도 상주시 가장동,경상사고,0,0,1,0,차대차 - 측면충돌,안전운전불이행,젖음/습기,비,교차로 - 교차로부근,승용,여,38세,경상,화물,남,48세,상해없음
2019040900100366,2019년 4월 9일 16시,화요일,경상북도 칠곡군 석적읍,경상사고,0,0,2,1,차대차 - 측면충돌,직진우회전진행방해,건조,맑음,교차로 - 교차로안,승용,남,63세,경상,승용,여,30세,경상
2019040900100367,2019년 4월 9일 16시,화요일,경상북도 경산시 유곡동,경상사고,0,0,2,0,차대차 - 측면충돌,안전운전불이행,젖음/습기,비,교차로 - 교차로안,승용,남,69세,경상,승용,남,23세,경상
2019040900100396,2019년 4월 9일 17시,화요일,경상북도 안동시 운흥동,경상사고,0,0,1,0,차대차 - 추돌,안전거리미확보,젖음/습기,비,단일로 - 기타,화물,여,53세,상해없음,승용,남,54세,경상
2019040900100397,2019년 4월 9일 17시,화요일,경상북도 영주시 문수면,경상사고,0,0,1,0,차대차 - 측면충돌,안전운전불이행,젖음/습기,비,교차로 - 교차로안,화물,남,60세,상해없음,화물,남,57세,경상
2019040900100398,2019년 4월 9일 17시,화요일,경상북도 영천시 화남면,경상사고,0,0,1,0,차량단독 - 공작물충돌,안전운전불이행,젖음/습기,비,교차로 - 교차로부근,승용,남,62세,경상,,,,
2019040900100399,2019년 4월 9일 17시,화요일,경상북도 구미시 구평동,부상신고사고,0,0,0,1,차대사람 - 기타,안전거리미확보,젖음/습기,비,단일로 - 기타,기타불명,기타불명,미분류,기타불명,보행자,남,22세,부상신고
2019040900100506,2019년 4월 9일 19시,화요일,경상북도 포항시 북구 대신동,중상사고,0,1,0,0,차대사람 - 차도통행중,안전운전불이행,젖음/습기,비,단일로 - 기타,이륜,남,18세,상해없음,보행자,남,66세,중상
2019040900100507,2019년 4월 9일 19시,화요일,경상북도 경산시 압량면,경상사고,0,0,1,0,차대차 - 추돌,안전거리미확보,젖음/습기,비,단일로 - 기타,승용,남,32세,상해없음,승용,여,48세,경상
2019040900100508,2019년 4월 9일 19시,화요일,경상북도 울진군 후포면,중상사고,0,2,1,0,차대차 - 측면충돌,교차로운행방법위반,젖음/습기,비,교차로 - 교차로부근,승용,여,74세,상해없음,승용,여,46세,경상
2019040900100562,2019년 4월 9일 20시,화요일,경상북도 경주시 서면,중상사고,0,1,0,0,차대사람 - 차도통행중,안전운전불이행,젖음/습기,비,단일로 - 지하차도(도로)내,승용,남,31세,상해없음,보행자,여,70세,중상
2019040900100563,2019년 4월 9일 20시,화요일,경상북도 안동시 정상동,중상사고,0,1,2,0,차대차 - 측면충돌,신호위반,젖음/습기,비,교차로 - 교차로안,승용,여,59세,경상,승용,남,72세,중상
2019040900100564,2019년 4월 9일 20시,화요일,경상북도 구미시 신평동,중상사고,0,1,2,0,차대차 - 측면충돌,신호위반,젖음/습기,비,교차로 - 교차로안,이륜,남,33세,중상,승용,남,57세,경상
2019040900100565,2019년 4월 9일 20시,화요일,경상북도 구미시 상모동,경상사고,0,0,1,0,차대차 - 기타,안전운전불이행,젖음/습기,비,단일로 - 기타,승용,남,52세,상해없음,이륜,남,50세,경상
2019040900100566,2019년 4월 9일 20시,화요일,경상북도 구미시 인의동,경상사고,0,0,1,0,차대차 - 측면충돌,교차로운행방법위반,젖음/습기,비,교차로 - 교차로안,승용,남,22세,상해없음,승용,남,53세,경상
2019040900100619,2019년 4월 9일 21시,화요일,경상북도 경산시 사동,경상사고,0,0,4,0,차대차 - 측면충돌,직진우회전진행방해,젖음/습기,비,교차로 - 교차로안,승용,여,20세,경상,승용,남,64세,경상
2019040900100620,2019년 4월 9일 21시,화요일,경상북도 성주군 초전면,중상사고,0,1,1,0,차량단독 - 도로외이탈 - 추락,안전운전불이행,젖음/습기,비,단일로 - 기타,화물,남,67세,경상,,,,
2019040900100681,2019년 4월 9일 22시,화요일,경상북도 포항시 북구 죽도동,경상사고,0,0,1,0,차대차 - 측면충돌,교차로운행방법위반,젖음/습기,비,교차로 - 교차로안,승용,남,22세,상해없음,승용,남,51세,경상
2019040900100682,2019년 4월 9일 22시,화요일,경상북도 칠곡군 동명면,경상사고,0,0,1,0,차대차 - 기타,안전운전불이행,젖음/습기,비,교차로 - 교차로안,승용,남,27세,상해없음,승용,여,29세,상해없음
2019040900100683,2019년 4월 9일 22시,화요일,경상북도 고령군 쌍림면,중상사고,0,1,0,0,차량단독 - 공작물충돌,안전운전불이행,젖음/습기,비,단일로 - 지하차도(도로)내,승용,남,38세,중상,,,,
2019040900100684,2019년 4월 9일 22시,화요일,경상북도 구미시 원평동,중상사고,0,1,0,1,차대사람 - 기타,안전운전불이행,젖음/습기,비,단일로 - 기타,이륜,남,20세,부상신고,보행자,남,68세,중상
2019040900100740,2019년 4월 9일 23시,화요일,경상북도 안동시 용상동,경상사고,0,0,1,0,차대차 - 추돌,보행자보호의무위반,건조,맑음,단일로 - 기타,승용,남,53세,상해없음,승용,남,53세,경상
2019040900100741,2019년 4월 9일 23시,화요일,경상북도 안동시 송천동,경상사고,0,0,1,0,차량단독 - 공작물충돌,안전운전불이행,젖음/습기,눈,단일로 - 기타,승용,남,59세,상해없음,,,,
2019040900100742,2019년 4월 9일 23시,화요일,경상북도 구미시 원평동,경상사고,0,0,1,0,차대차 - 기타,안전운전불이행,젖음/습기,비,교차로 - 교차로부근,승합,남,57세,상해없음,승용,여,50세,경상
2019041000100045,2019년 4월 10일 00시,수요일,경상북도 영주시 가흥동,경상사고,0,0,1,0,차대사람 - 기타,안전운전불이행,젖음/습기,눈,교차로 - 교차로안,승용,남,32세,상해없음,보행자,여,20세,경상
2019041000100046,2019년 4월 10일 00시,수요일,경상북도 경산시 옥산동,중상사고,0,1,2,0,차대차 - 추돌,안전운전불이행,젖음/습기,비,단일로 - 기타,승용,남,64세,상해없음,승용,남,23세,경상
2019041000100063,2019년 4월 10일 01시,수요일,경상북도 영주시 풍기읍,중상사고,0,1,0,0,차대사람 - 보도통행중,안전운전불이행,건조,맑음,교차로 - 교차로안,화물,남,32세,상해없음,보행자,여,81세,중상
2019041000100064,2019년 4월 10일 01시,수요일,경상북도 칠곡군 왜관읍,중상사고,0,2,3,0,차대차 - 측면충돌,안전운전불이행,젖음/습기,비,단일로 - 기타,승용,남,24세,상해없음,건설기계,남,47세,상해없음
2019041000100082,2019년 4월 10일 03시,수요일,경상북도 영주시 휴천동,중상사고,0,1,0,0,차대차 - 측면충돌,중앙선침범,적설,눈,단일로 - 기타,승용,여,49세,상해없음,승용,남,53세,중상
2019041000100083,2019년 4월 10일 03시,수요일,경상북도 포항시 남구 장흥동,경상사고,0,0,1,0,차대차 - 측면충돌,교차로운행방법위반,건조,맑음,교차로 - 교차로안,승용,남,59세,경상,특수,남,60세,상해없음
2019041000100106,2019년 4월 10일 06시,수요일,경상북도 안동시 옥야동,경상사고,0,0,2,0,차대차 - 측면충돌,직진우회전진행방해,젖음/습기,비,교차로 - 교차로부근,승용,남,60세,경상,승용,여,54세,경상
2019041000100123,2019년 4월 10일 07시,수요일,경상북도 영주시 가흥동,경상사고,0,0,3,0,차대차 - 측면충돌,교차로운행방법위반,젖음/습기,맑음,교차로 - 교차로안,승용,남,58세,상해없음,승용,여,44세,경상
2019041000100151,2019년 4월 10일 08시,수요일,경상북도 포항시 북구 창포동,경상사고,0,0,1,0,차대차 - 추돌,안전운전불이행,젖음/습기,비,단일로 - 기타,승합,남,62세,상해없음,승용,남,38세,경상
2019041000100152,2019년 4월 10일 08시,수요일,경상북도 경산시 옥산동,경상사고,0,0,2,0,차대차 - 측면충돌,중앙선침범,젖음/습기,흐림,단일로 - 기타,승용,여,51세,상해없음,승용,여,46세,경상
2019041000100153,2019년 4월 10일 08시,수요일,경상북도 경산시 진량읍,경상사고,0,0,1,0,차대차 - 측면충돌,신호위반,건조,맑음,교차로 - 교차로안,승용,남,59세,상해없음,승용,남,37세,경상
2019041000100185,2019년 4월 10일 09시,수요일,경상북도 청도군 화양읍,경상사고,0,0,1,0,차대차 - 정면충돌,교차로운행방법위반,건조,맑음,교차로 - 교차로안,화물,남,74세,상해없음,화물,남,41세,경상
2019041000100186,2019년 4월 10일 09시,수요일,경상북도 문경시 불정동,중상사고,0,1,0,0,차대차 - 추돌,안전운전불이행,건조,맑음,단일로 - 기타,승용,남,37세,상해없음,건설기계,남,48세,상해없음
2019041000100222,2019년 4월 10일 10시,수요일,경상북도 경주시 충효동,중상사고,0,1,1,0,차대차 - 측면충돌,안전운전불이행,젖음/습기,맑음,교차로 - 교차로안,이륜,남,46세,중상,승용,여,32세,경상
2019041000100259,2019년 4월 10일 11시,수요일,경상북도 영천시 오수동,경상사고,0,0,2,0,차대차 - 추돌,안전거리미확보,건조,맑음,교차로 - 교차로부근,화물,남,42세,상해없음,승용,남,51세,경상
2019041000100260,2019년 4월 10일 11시,수요일,경상북도 구미시 구평동,경상사고,0,0,1,0,차대차 - 측면충돌,교차로운행방법위반,건조,맑음,교차로 - 교차로안,화물,남,77세,상해없음,승용,남,54세,경상
2019041000100261,2019년 4월 10일 11시,수요일,경상북도 포항시 남구 대도동,경상사고,0,0,1,0,차대사람 - 차도통행중,안전운전불이행,건조,흐림,단일로 - 기타,승용,남,59세,상해없음,보행자,남,29세,경상
2019041000100289,2019년 4월 10일 12시,수요일,경상북도 경주시 보문동,경상사고,0,0,2,0,차대차 - 측면충돌,중앙선침범,젖음/습기,비,교차로 - 교차로부근,승용,여,53세,상해없음,승합,남,48세,상해없음
2019041000100316,2019년 4월 10일 13시,수요일,경상북도 경주시 효현동,경상사고,0,0,1,0,차대차 - 추돌,안전운전불이행,젖음/습기,비,교차로 - 교차로부근,승용,여,44세,기타불명,승용,남,74세,경상
2019041000100317,2019년 4월 10일 13시,수요일,경상북도 김천시 어모면,경상사고,0,0,2,0,차대차 - 정면충돌,중앙선침범,건조,맑음,단일로 - 기타,승용,여,53세,경상,승용,남,25세,경상
2019041000100318,2019년 4월 10일 13시,수요일,경상북도 구미시 신평동,경상사고,0,0,2,0,차대차 - 측면충돌,중앙선침범,건조,맑음,단일로 - 기타,승합,남,67세,상해없음,승용,남,40세,경상
2019041000100342,2019년 4월 10일 14시,수요일,경상북도 칠곡군 지천면,중상사고,0,2,0,0,차대차 - 측면충돌,안전운전불이행,건조,맑음,단일로 - 기타,화물,남,29세,중상,화물,남,86세,중상
2019041000100373,2019년 4월 10일 15시,수요일,경상북도 칠곡군 동명면,경상사고,0,0,1,0,차대차 - 측면충돌,신호위반,건조,맑음,교차로 - 교차로안,화물,남,73세,상해없음,승용,남,33세,경상
2019041000100405,2019년 4월 10일 16시,수요일,경상북도 문경시 모전동,중상사고,0,1,0,0,차대사람 - 횡단중,보행자보호의무위반,건조,맑음,교차로 - 교차로횡단보도내,승용,남,54세,상해없음,보행자,남,9세,중상
2019041000100440,2019년 4월 10일 17시,수요일,경상북도 안동시 태화동,경상사고,0,0,1,0,차대차 - 기타,교차로운행방법위반,건조,맑음,교차로 - 교차로안,승용,남,49세,상해없음,이륜,남,54세,경상
2019041000100441,2019년 4월 10일 17시,수요일,경상북도 김천시 아포읍,경상사고,0,0,1,0,차대차 - 측면충돌,신호위반,건조,맑음,교차로 - 교차로안,화물,남,26세,상해없음,승합,여,54세,경상
2019041000100442,2019년 4월 10일 17시,수요일,경상북도 예천군 예천읍,중상사고,0,1,0,0,차대사람 - 차도통행중,안전운전불이행,건조,맑음,교차로 - 교차로안,승합,여,56세,상해없음,보행자,남,53세,중상
2019041000100443,2019년 4월 10일 17시,수요일,경상북도 포항시 남구 해도동,경상사고,0,0,2,0,차대차 - 측면충돌,직진우회전진행방해,건조,맑음,교차로 - 교차로안,승용,남,29세,경상,승용,남,43세,경상
2019041000100488,2019년 4월 10일 18시,수요일,경상북도 상주시 서문동,중상사고,0,1,0,0,차대차 - 측면충돌,안전운전불이행,건조,맑음,단일로 - 기타,자전거,남,10세,중상,승용,여,47세,상해없음
2019041000100489,2019년 4월 10일 18시,수요일,경상북도 칠곡군 왜관읍,경상사고,0,0,1,0,차대차 - 기타,교차로운행방법위반,건조,맑음,교차로 - 교차로안,승용,남,38세,상해없음,승용,여,43세,경상
2019041000100490,2019년 4월 10일 18시,수요일,경상북도 성주군 성주읍,경상사고,0,0,1,0,차량단독 - 공작물충돌,안전운전불이행,건조,맑음,교차로 - 교차로부근,승용,여,57세,경상,,,,
2019041000100530,2019년 4월 10일 19시,수요일,경상북도 영주시 가흥동,경상사고,0,0,1,0,차대사람 - 기타,안전운전불이행,젖음/습기,비,단일로 - 기타,승용,여,38세,상해없음,보행자,남,63세,경상
2019041000100531,2019년 4월 10일 19시,수요일,경상북도 구미시 도량동,중상사고,0,1,0,0,차대차 - 기타,신호위반,건조,맑음,교차로 - 교차로부근,승합,남,34세,상해없음,승용,남,71세,중상
2019041000100558,2019년 4월 10일 20시,수요일,경상북도 성주군 초전면,중상사고,0,1,0,0,차대사람 - 기타,안전운전불이행,건조,맑음,교차로 - 교차로안,승용,남,37세,상해없음,보행자,여,34세,중상
2019041000100559,2019년 4월 10일 20시,수요일,경상북도 구미시 봉곡동,부상신고사고,0,0,0,1,차대차 - 기타,안전운전불이행,건조,맑음,교차로 - 교차로부근,이륜,남,17세,부상신고,승용,남,44세,상해없음
2019041000100560,2019년 4월 10일 20시,수요일,경상북도 구미시 원평동,중상사고,0,1,0,0,차대차 - 정면충돌,안전운전불이행,건조,맑음,단일로 - 기타,화물,남,54세,상해없음,이륜,남,33세,중상
2019041100100048,2019년 4월 11일 02시,목요일,경상북도 칠곡군 북삼읍,사망사고,1,0,0,0,차대차 - 기타,안전운전불이행,건조,맑음,단일로 - 기타,승용,남,58세,사망,화물,남,51세,상해없음
2019041100100116,2019년 4월 11일 07시,목요일,경상북도 안동시 태화동,경상사고,0,0,3,0,차대차 - 추돌,안전운전불이행,건조,맑음,단일로 - 기타,승용,남,22세,상해없음,승합,남,42세,경상
2019041100100117,2019년 4월 11일 07시,목요일,경상북도 상주시 청리면,경상사고,0,0,1,0,차량단독 - 공작물충돌,안전운전불이행,건조,맑음,단일로 - 기타,승용,여,53세,경상,,,,
2019041100100118,2019년 4월 11일 07시,목요일,경상북도 상주시 낙양동,경상사고,0,0,2,0,차대차 - 측면충돌,신호위반,건조,맑음,교차로 - 교차로안,승용,여,29세,상해없음,자전거,남,15세,경상
2019041100100119,2019년 4월 11일 07시,목요일,경상북도 구미시 임은동,경상사고,0,0,1,0,차대차 - 측면충돌,교차로운행방법위반,건조,맑음,교차로 - 교차로안,승용,여,28세,상해없음,승용,남,58세,경상
2019041100100120,2019년 4월 11일 07시,목요일,경상북도 포항시 남구 오천읍,경상사고,0,0,7,0,차대차 - 측면충돌,직진우회전진행방해,건조,맑음,교차로 - 교차로안,승용,남,76세,경상,승용,남,38세,경상
2019041100100152,2019년 4월 11일 08시,목요일,경상북도 김천시 대항면,경상사고,0,0,1,0,차량단독 - 공작물충돌,안전운전불이행,건조,맑음,단일로 - 기타,화물,남,73세,경상,,,,
2019041100100153,2019년 4월 11일 08시,목요일,경상북도 김천시 평화동,경상사고,0,0,1,0,차대사람 - 기타,안전운전불이행,건조,맑음,단일로 - 기타,승용,남,40세,상해없음,보행자,여,19세,경상
2019041100100179,2019년 4월 11일 09시,목요일,경상북도 영천시 문외동,경상사고,0,0,2,0,차대차 - 측면충돌,직진우회전진행방해,건조,맑음,교차로 - 교차로안,승용,여,46세,상해없음,승용,남,56세,경상
2019041100100180,2019년 4월 11일 09시,목요일,경상북도 경산시 계양동,중상사고,0,1,1,0,차대차 - 측면충돌,안전운전불이행,건조,맑음,단일로 - 기타,승합,남,66세,상해없음,이륜,남,81세,경상
2019041100100181,2019년 4월 11일 09시,목요일,경상북도 성주군 성주읍,경상사고,0,0,1,0,차대사람 - 기타,안전운전불이행,건조,맑음,단일로 - 기타,화물,남,67세,상해없음,보행자,남,39세,경상
2019041100100182,2019년 4월 11일 09시,목요일,경상북도 구미시 비산동,중상사고,0,1,1,0,차대차 - 측면충돌,직진우회전진행방해,건조,맑음,교차로 - 교차로안,승용,남,55세,경상,승용,남,26세,중상
2019041100100183,2019년 4월 11일 09시,목요일,경상북도 포항시 남구 이동,경상사고,0,0,2,0,차대차 - 기타,안전운전불이행,건조,맑음,교차로 - 교차로부근,화물,남,62세,경상,승용,여,43세,경상
2019041100100212,2019년 4월 11일 10시,목요일,경상북도 상주시 사벌면,경상사고,0,0,1,0,차대차 - 측면충돌,안전운전불이행,건조,맑음,교차로 - 교차로안,화물,남,71세,상해없음,승합,남,58세,상해없음
2019041100100213,2019년 4월 11일 10시,목요일,경상북도 경산시 백천동,경상사고,0,0,1,0,차대차 - 측면충돌,안전운전불이행,건조,맑음,교차로 - 교차로부근,화물,남,65세,경상,건설기계,남,63세,상해없음
2019041100100238,2019년 4월 11일 11시,목요일,경상북도 성주군 벽진면,경상사고,0,0,1,0,차대차 - 기타,안전운전불이행,건조,맑음,단일로 - 기타,기타불명,기타불명,미분류,기타불명,이륜,남,82세,경상
2019041100100272,2019년 4월 11일 12시,목요일,경상북도 김천시 대항면,경상사고,0,0,1,0,차대차 - 측면충돌,안전운전불이행,건조,맑음,단일로 - 기타,화물,남,61세,기타불명,승용,여,42세,경상
2019041100100273,2019년 4월 11일 12시,목요일,경상북도 영천시 창구동,경상사고,0,0,1,0,차대차 - 측면충돌,교차로운행방법위반,건조,맑음,교차로 - 교차로안,자전거,여,68세,경상,승용,남,61세,상해없음
2019041100100274,2019년 4월 11일 12시,목요일,경상북도 군위군 우보면,경상사고,0,0,1,0,차대차 - 정면충돌,중앙선침범,건조,맑음,단일로 - 기타,승용,여,58세,상해없음,승용,남,67세,경상
2019041100100298,2019년 4월 11일 13시,목요일,경상북도 의성군 안계면,중상사고,0,1,0,0,차대차 - 측면충돌,안전운전불이행,건조,맑음,단일로 - 기타,승용,남,58세,상해없음,이륜,여,70세,중상
2019041100100326,2019년 4월 11일 14시,목요일,경상북도 구미시 옥계동,경상사고,0,0,1,0,차대차 - 측면충돌,신호위반,건조,맑음,교차로 - 교차로안,승용,여,23세,상해없음,이륜,남,37세,경상
2019041100100375,2019년 4월 11일 16시,목요일,경상북도 포항시 북구 용흥동,경상사고,0,0,1,0,차대차 - 후진중충돌,안전운전불이행,건조,맑음,교차로 - 교차로부근,승합,여,37세,상해없음,승용,여,50세,경상
2019041100100376,2019년 4월 11일 16시,목요일,경상북도 안동시 용상동,경상사고,0,0,1,0,차대차 - 측면충돌,안전운전불이행,건조,맑음,교차로 - 교차로안,이륜,남,80세,경상,승용,남,76세,상해없음
2019041100100377,2019년 4월 11일 16시,목요일,경상북도 구미시 공단동,부상신고사고,0,0,0,1,차대차 - 측면충돌,직진우회전진행방해,건조,맑음,교차로 - 교차로안,이륜,남,62세,부상신고,승용,남,44세,상해없음
2019041100100408,2019년 4월 11일 17시,목요일,경상북도 포항시 북구 득량동,경상사고,0,0,1,0,차대차 - 측면충돌,안전운전불이행,건조,맑음,교차로 - 교차로안,승용,여,54세,상해없음,승용,남,29세,경상
2019041100100409,2019년 4월 11일 17시,목요일,경상북도 칠곡군 왜관읍,중상사고,0,1,0,0,차대차 - 측면충돌,직진우회전진행방해,건조,맑음,교차로 - 교차로부근,승용,남,26세,상해없음,이륜,남,41세,중상