사고번호,사고일시,요일,시군구,사고내용,사망자수,중상자수,경상자수,부상신고자수,사고유형,법규위반,노면상태,기상상태,도로형태,가해운전자 차종,가해운전자 성별,가해운전자 연령,가해운전자 상해정도,피해운전자 차종,피해운전자 성별,피해운전자 연령,피해운전자 상해정도
2019041100100410,2019년 4월 11일 17시,목요일,경상북도 칠곡군 지천면,경상사고,0,0,2,0,차대차 - 측면충돌,교차로운행방법위반,건조,맑음,교차로 - 교차로안,승합,남,45세,경상,화물,남,27세,경상
2019041100100411,2019년 4월 11일 17시,목요일,경상북도 성주군 월항면,사망사고,1,0,0,0,차대차 - 측면충돌,안전운전불이행,건조,맑음,교차로 - 교차로안,이륜,남,69세,사망,화물,남,41세,상해없음
2019041100100444,2019년 4월 11일 18시,목요일,경상북도 영천시 교촌동,경상사고,0,0,1,0,차대차 - 측면충돌,중앙선침범,건조,맑음,교차로 - 교차로부근,승용,여,56세,상해없음,원동기,남,26세,경상
2019041100100445,2019년 4월 11일 18시,목요일,경상북도 경산시 남천면,중상사고,0,1,0,0,차대사람 - 차도통행중,안전운전불이행,건조,맑음,단일로 - 기타,승용,남,78세,상해없음,보행자,여,73세,중상
2019041100100446,2019년 4월 11일 18시,목요일,경상북도 포항시 남구 청림동,경상사고,0,0,2,0,차대차 - 추돌,안전거리미확보,건조,맑음,교차로 - 교차로부근,승용,남,69세,상해없음,승용,여,51세,상해없음
2019041100100517,2019년 4월 11일 20시,목요일,경상북도 김천시 율곡동,경상사고,0,0,2,0,차대차 - 측면충돌,교차로운행방법위반,건조,맑음,교차로 - 교차로안,승용,남,41세,경상,화물,남,76세,경상
2019041200100021,2019년 4월 12일 00시,금요일,경상북도 김천시 용두동,경상사고,0,0,2,0,차대차 - 측면충돌,신호위반,건조,맑음,교차로 - 교차로안,승용,여,46세,상해없음,승용,남,44세,경상
2019041200100022,2019년 4월 12일 00시,금요일,경상북도 경산시 옥산동,경상사고,0,0,2,0,차대차 - 기타,안전운전불이행,건조,맑음,단일로 - 기타,승용,남,32세,상해없음,승용,여,58세,상해없음
2019041200100080,2019년 4월 12일 06시,금요일,경상북도 상주시 화동면,경상사고,0,0,2,0,차대차 - 측면충돌,안전운전불이행,건조,맑음,단일로 - 기타,화물,남,72세,경상,승용,남,37세,경상
2019041200100081,2019년 4월 12일 06시,금요일,경상북도 문경시 점촌동,중상사고,0,1,0,0,차량단독 - 전도전복 - 전도,안전운전불이행,건조,맑음,단일로 - 기타,자전거,남,72세,중상,,,,
2019041200100104,2019년 4월 12일 07시,금요일,경상북도 안동시 운흥동,중상사고,0,1,0,0,차량단독 - 기타,기타,건조,맑음,단일로 - 기타,승합,남,55세,상해없음,,,,
2019041200100136,2019년 4월 12일 08시,금요일,경상북도 경주시 동천동,경상사고,0,0,2,0,차대차 - 측면충돌,안전운전불이행,건조,맑음,교차로 - 교차로안,승용,남,52세,경상,승용,여,57세,경상
2019041200100137,2019년 4월 12일 08시,금요일,경상북도 영주시 가흥동,경상사고,0,0,3,0,차대차 - 측면충돌,직진우회전진행방해,건조,맑음,교차로 - 교차로안,승합,남,60세,경상,승용,여,28세,경상
2019041200100138,2019년 4월 12일 08시,금요일,경상북도 칠곡군 가산면,중상사고,0,1,0,1,차대차 - 추돌,안전운전불이행,건조,맑음,단일로 - 기타,건설기계,남,64세,부상신고,승용,남,48세,중상
2019041200100183,2019년 4월 12일 09시,금요일,경상북도 경주시 황오동,경상사고,0,0,1,0,차대차 - 측면충돌,안전운전불이행,건조,맑음,교차로 - 교차로안,승용,남,63세,상해없음,화물,남,58세,경상
2019041200100184,2019년 4월 12일 09시,금요일,경상북도 안동시 평화동,중상사고,0,1,0,0,차대사람 - 횡단중,안전운전불이행,건조,맑음,단일로 - 기타,승용,여,69세,상해없음,보행자,여,75세,중상
2019041200100185,2019년 4월 12일 09시,금요일,경상북도 성주군 금수면,중상사고,0,2,1,0,차량단독 - 도로외이탈 - 추락,안전운전불이행,건조,맑음,단일로 - 기타,농기계,여,74세,중상,,,,
2019041200100218,2019년 4월 12일 10시,금요일,경상북도 경주시 성건동,경상사고,0,0,1,0,차량단독 - 기타,안전운전불이행,건조,맑음,단일로 - 기타,기타불명,기타불명,미분류,기타불명,,,,
2019041200100219,2019년 4월 12일 10시,금요일,경상북도 상주시 외남면,경상사고,0,0,1,0,차대차 - 측면충돌,안전운전불이행,건조,맑음,교차로 - 교차로안,사륜오토바이(ATV),여,75세,경상,승용,여,61세,상해없음
2019041200100246,2019년 4월 12일 11시,금요일,경상북도 포항시 북구 두호동,경상사고,0,0,1,0,차대차 - 측면충돌,차로위반,건조,맑음,단일로 - 기타,승용,여,40세,상해없음,승용,여,61세,경상
2019041200100247,2019년 4월 12일 11시,금요일,경상북도 경산시 중방동,경상사고,0,0,2,0,차대차 - 측면충돌,직진우회전진행방해,건조,맑음,교차로 - 교차로안,승용,남,56세,경상,승용,남,69세,경상
2019041200100248,2019년 4월 12일 11시,금요일,경상북도 군위군 소보면,경상사고,0,0,2,0,차대차 - 측면충돌,직진우회전진행방해,건조,맑음,교차로 - 교차로안,건설기계,남,47세,경상,승용,남,69세,경상
2019041200100249,2019년 4월 12일 11시,금요일,경상북도 구미시 원평동,중상사고,0,1,0,0,차대차 - 기타,안전운전불이행,건조,맑음,단일로 - 기타,승용,여,37세,상해없음,이륜,남,20세,중상
2019041200100271,2019년 4월 12일 12시,금요일,경상북도 칠곡군 지천면,중상사고,0,2,0,0,차대차 - 측면충돌,교차로운행방법위반,건조,맑음,교차로 - 교차로안,승용,남,64세,상해없음,이륜,남,65세,중상
2019041200100272,2019년 4월 12일 12시,금요일,경상북도 울진군 죽변면,경상사고,0,0,1,0,차대차 - 측면충돌,안전운전불이행,건조,맑음,교차로 - 교차로부근,이륜,여,52세,경상,승용,여,53세,상해없음
2019041200100297,2019년 4월 12일 13시,금요일,경상북도 예천군 예천읍,중상사고,0,1,0,0,차대차 - 측면충돌,안전운전불이행,건조,맑음,단일로 - 기타,농기계,남,80세,중상,승용,남,76세,상해없음
2019041200100331,2019년 4월 12일 14시,금요일,경상북도 포항시 북구 양덕동,경상사고,0,0,1,0,차대차 - 기타,안전운전불이행,건조,맑음,단일로 - 기타,화물,남,46세,기타불명,승용,여,22세,경상
2019041200100365,2019년 4월 12일 15시,금요일,경상북도 포항시 남구 연일읍,경상사고,0,0,1,0,차대차 - 측면충돌,교차로운행방법위반,건조,맑음,교차로 - 교차로안,승용,여,53세,상해없음,자전거,여,60세,경상
2019041200100366,2019년 4월 12일 15시,금요일,경상북도 포항시 남구 대도동,경상사고,0,0,1,0,차대차 - 추돌,안전운전불이행,건조,맑음,단일로 - 기타,승용,여,46세,상해없음,승용,여,36세,경상
2019041200100401,2019년 4월 12일 16시,금요일,경상북도 안동시 옥동,중상사고,0,1,0,0,차량단독 - 기타,안전운전불이행,건조,맑음,교차로 - 교차로부근,승합,남,46세,상해없음,,,,
2019041200100402,2019년 4월 12일 16시,금요일,경상북도 영천시 망정동,경상사고,0,0,2,0,차대차 - 측면충돌,안전운전불이행,건조,맑음,단일로 - 기타,이륜,남,63세,경상,승용,여,27세,경상
2019041200100403,2019년 4월 12일 16시,금요일,경상북도 경주시 율동,중상사고,0,1,3,0,차대차 - 측면충돌,안전운전불이행,건조,맑음,단일로 - 기타,승용,여,61세,경상,화물,남,40세,상해없음
2019041200100449,2019년 4월 12일 17시,금요일,경상북도 경주시 산내면,경상사고,0,0,1,0,차대차 - 측면충돌,중앙선침범,건조,맑음,교차로 - 교차로부근,화물,남,40세,상해없음,화물,남,61세,상해없음
2019041200100450,2019년 4월 12일 17시,금요일,경상북도 상주시 낙동면,중상사고,0,1,0,0,차대차 - 기타,안전운전불이행,건조,맑음,단일로 - 기타,승용,남,65세,상해없음,승합,남,46세,상해없음
2019041200100451,2019년 4월 12일 17시,금요일,경상북도 영주시 영주동,중상사고,0,1,0,0,차대차 - 측면충돌,안전운전불이행,건조,맑음,단일로 - 기타,승용,여,37세,상해없음,자전거,남,30세,중상
2019041200100452,2019년 4월 12일 17시,금요일,경상북도 봉화군 봉화읍,경상사고,0,0,2,0,차대차 - 기타,신호위반,건조,맑음,교차로 - 교차로안,화물,남,41세,상해없음,승용,여,54세,경상
2019041200100453,2019년 4월 12일 17시,금요일,경상북도 울진군 울진읍,중상사고,0,1,2,0,차대차 - 측면충돌,교차로운행방법위반,건조,맑음,교차로 - 교차로안,화물,남,50세,경상,승용,여,54세,중상
2019041200100454,2019년 4월 12일 17시,금요일,경상북도 구미시 송정동,경상사고,0,0,3,0,차대차 - 측면충돌,안전운전불이행,건조,맑음,교차로 - 교차로부근,승용,여,54세,상해없음,승용,남,37세,경상
2019041200100501,2019년 4월 12일 18시,금요일,경상북도 성주군 선남면,중상사고,0,1,2,0,차대차 - 추돌,안전운전불이행,건조,맑음,단일로 - 기타,승용,남,22세,상해없음,승용,남,61세,경상
2019041200100502,2019년 4월 12일 18시,금요일,경상북도 포항시 남구 이동,경상사고,0,0,2,0,차대차 - 추돌,안전운전불이행,건조,맑음,교차로 - 교차로부근,승용,여,42세,상해없음,승용,남,30세,경상
2019041200100546,2019년 4월 12일 19시,금요일,경상북도 경주시 황오동,중상사고,0,1,0,0,차대차 - 측면충돌,안전운전불이행,건조,맑음,교차로 - 교차로안,승용,여,47세,상해없음,이륜,남,23세,중상
2019041200100547,2019년 4월 12일 19시,금요일,경상북도 상주시 신봉동,경상사고,0,0,1,0,차대차 - 정면충돌,신호위반,건조,맑음,교차로 - 교차로안,승용,남,31세,상해없음,화물,남,28세,경상
2019041200100548,2019년 4월 12일 19시,금요일,경상북도 상주시 함창읍,중상사고,0,1,0,0,차대차 - 추돌,안전운전불이행,건조,맑음,교차로 - 교차로부근,승용,남,29세,상해없음,자전거,남,72세,중상
2019041200100549,2019년 4월 12일 19시,금요일,경상북도 포항시 남구 상도동,경상사고,0,0,2,0,차대차 - 측면충돌,안전운전불이행,건조,맑음,단일로 - 기타,화물,남,59세,상해없음,승용,여,47세,경상
2019041200100580,2019년 4월 12일 20시,금요일,경상북도 칠곡군 북삼읍,부상신고사고,0,0,0,1,차량단독 - 공작물충돌,안전운전불이행,건조,맑음,단일로 - 기타,이륜,남,15세,부상신고,,,,
2019041200100581,2019년 4월 12일 20시,금요일,경상북도 경산시 중산동,경상사고,0,0,1,0,차대차 - 측면충돌,교차로운행방법위반,건조,맑음,단일로 - 지하차도(도로)내,이륜,남,36세,상해없음,승용,남,61세,경상
2019041200100582,2019년 4월 12일 20시,금요일,경상북도 구미시 지산동,경상사고,0,0,1,0,차대차 - 기타,안전운전불이행,건조,맑음,교차로 - 교차로부근,승용,남,27세,상해없음,승용,남,32세,경상
2019041200100611,2019년 4월 12일 21시,금요일,경상북도 경주시 감포읍,중상사고,0,2,0,0,차대차 - 측면충돌,신호위반,건조,맑음,교차로 - 교차로안,승용,남,28세,상해없음,승합,남,61세,중상
2019041200100612,2019년 4월 12일 21시,금요일,경상북도 포항시 남구 이동,경상사고,0,0,2,0,차대차 - 측면충돌,안전운전불이행,건조,맑음,단일로 - 기타,승용,여,59세,경상,승합,남,66세,경상
2019041200100638,2019년 4월 12일 22시,금요일,경상북도 김천시 평화동,부상신고사고,0,0,0,1,차대사람 - 길가장자리구역통행중,안전운전불이행,건조,맑음,교차로 - 교차로부근,승용,남,29세,상해없음,보행자,남,16세,부상신고
2019041200100639,2019년 4월 12일 22시,금요일,경상북도 경산시 진량읍,경상사고,0,0,1,0,차대사람 - 기타,안전운전불이행,건조,맑음,단일로 - 기타,승용,남,35세,상해없음,보행자,남,24세,경상
2019041200100640,2019년 4월 12일 22시,금요일,경상북도 구미시 고아읍,경상사고,0,0,1,0,차대차 - 기타,안전운전불이행,건조,맑음,단일로 - 기타,승용,남,37세,기타불명,승용,여,42세,경상
2019041300100035,2019년 4월 13일 00시,토요일,경상북도 경주시 탑동,중상사고,0,3,0,0,차대차 - 측면충돌,신호위반,건조,맑음,교차로 - 교차로안,승용,남,37세,중상,승용,남,53세,중상
2019041300100157,2019년 4월 13일 08시,토요일,경상북도 안동시 송현동,부상신고사고,0,0,0,1,차대차 - 측면충돌,안전운전불이행,건조,맑음,단일로 - 기타,승용,여,61세,상해없음,승용,여,59세,부상신고
2019041300100179,2019년 4월 13일 09시,토요일,경상북도 구미시 구평동,경상사고,0,0,1,0,차대차 - 측면충돌,직진우회전진행방해,건조,맑음,교차로 - 교차로안,승합,남,53세,상해없음,승용,여,26세,경상
2019041300100207,2019년 4월 13일 10시,토요일,경상북도 포항시 북구 흥해읍,경상사고,0,0,1,0,차대사람 - 기타,안전운전불이행,건조,맑음,단일로 - 기타,승용,남,51세,상해없음,보행자,여,75세,경상
2019041300100208,2019년 4월 13일 10시,토요일,경상북도 김천시 지례면,중상사고,0,2,1,0,차대차 - 추돌,안전운전불이행,건조,맑음,단일로 - 기타,승용,남,68세,상해없음,승용,남,42세,중상
2019041300100209,2019년 4월 13일 10시,토요일,경상북도 상주시 남성동,경상사고,0,0,1,0,차대사람 - 횡단중,안전운전불이행,건조,맑음,교차로 - 교차로횡단보도내,승용,남,75세,상해없음,보행자,여,8세,경상
2019041300100210,2019년 4월 13일 10시,토요일,경상북도 영주시 영주동,경상사고,0,0,1,0,차대차 - 측면충돌,안전운전불이행,건조,맑음,단일로 - 기타,승용,남,62세,상해없음,승용,남,57세,경상
2019041300100211,2019년 4월 13일 10시,토요일,경상북도 울진군 근남면,중상사고,0,1,0,0,차대차 - 측면충돌,안전운전불이행,건조,맑음,단일로 - 기타,화물,여,59세,상해없음,이륜,남,79세,중상
2019041300100248,2019년 4월 13일 11시,토요일,경상북도 김천시 부곡동,경상사고,0,0,1,0,차대사람 - 차도통행중,안전운전불이행,건조,맑음,교차로 - 교차로부근,승용,여,66세,상해없음,보행자,남,39세,경상
2019041300100249,2019년 4월 13일 11시,토요일,경상북도 경산시 사동,경상사고,0,0,1,0,차대차 - 측면충돌,안전운전불이행,건조,맑음,교차로 - 교차로안,승용,남,47세,상해없음,승용,남,47세,경상
2019041300100250,2019년 4월 13일 11시,토요일,경상북도 청도군 화양읍,중상사고,0,1,0,0,차량단독 - 전도전복 - 전도,안전운전불이행,건조,맑음,기타 - 기타,이륜,남,86세,중상,,,,
2019041300100251,2019년 4월 13일 11시,토요일,경상북도 구미시 고아읍,경상사고,0,0,1,0,차대차 - 기타,안전운전불이행,건조,맑음,교차로 - 교차로부근,승용,남,59세,상해없음,승용,남,55세,경상
2019041300100252,2019년 4월 13일 11시,토요일,경상북도 구미시 송정동,중상사고,0,1,0,0,차대차 - 추돌,안전운전불이행,건조,맑음,교차로 - 교차로부근,승용,여,62세,상해없음,승용,남,55세,상해없음
2019041300100253,2019년 4월 13일 11시,토요일,경상북도 경주시 율동,경상사고,0,0,3,0,차대차 - 추돌,안전운전불이행,건조,맑음,단일로 - 기타,특수,남,38세,상해없음,승용,여,63세,경상
2019041300100291,2019년 4월 13일 12시,토요일,경상북도 경주시 황오동,경상사고,0,0,2,0,차대차 - 측면충돌,안전운전불이행,건조,맑음,단일로 - 기타,승용,남,61세,상해없음,승용,남,56세,경상
2019041300100292,2019년 4월 13일 12시,토요일,경상북도 성주군 선남면,경상사고,0,0,2,0,차대차 - 기타,안전운전불이행,건조,맑음,교차로 - 교차로안,화물,남,70세,상해없음,승용,여,46세,경상
2019041300100293,2019년 4월 13일 12시,토요일,경상북도 경주시 율동,경상사고,0,0,4,0,차대차 - 추돌,안전운전불이행,건조,맑음,단일로 - 기타,승용,남,73세,상해없음,승용,남,58세,경상
2019041300100294,2019년 4월 13일 12시,토요일,경상북도 경주시 율동,경상사고,0,0,2,2,차대차 - 추돌,안전운전불이행,건조,맑음,단일로 - 기타,승용,남,37세,상해없음,승용,남,26세,경상
2019041300100295,2019년 4월 13일 12시,토요일,경상북도 안동시 일직면,경상사고,0,0,6,0,차대차 - 기타,안전운전불이행,건조,맑음,단일로 - 기타,승용,여,46세,경상,승용,남,46세,상해없음
2019041300100339,2019년 4월 13일 13시,토요일,경상북도 포항시 북구 장성동,경상사고,0,0,1,0,차대차 - 기타,안전운전불이행,건조,맑음,단일로 - 기타,승용,여,61세,상해없음,승용,남,69세,경상
2019041300100340,2019년 4월 13일 13시,토요일,경상북도 고령군 쌍림면,중상사고,0,1,0,0,차대사람 - 길가장자리구역통행중,안전운전불이행,건조,맑음,단일로 - 기타,건설기계,남,38세,상해없음,보행자,남,49세,중상
2019041300100341,2019년 4월 13일 13시,토요일,경상북도 구미시 공단동,경상사고,0,0,1,0,차대차 - 기타,안전운전불이행,건조,맑음,교차로 - 교차로안,건설기계,남,65세,상해없음,승용,여,37세,경상
2019041300100342,2019년 4월 13일 13시,토요일,경상북도 포항시 남구 대송면,경상사고,0,0,1,0,차대차 - 측면충돌,안전운전불이행,건조,맑음,교차로 - 교차로부근,승합,남,59세,상해없음,승용,남,70세,경상
2019041300100380,2019년 4월 13일 14시,토요일,경상북도 칠곡군 동명면,사망사고,1,2,0,1,차대차 - 추돌,안전운전불이행,건조,맑음,단일로 - 기타,승용,남,62세,중상,건설기계,남,66세,중상
2019041300100381,2019년 4월 13일 14시,토요일,경상북도 영천시 금호읍,경상사고,0,0,2,0,차대차 - 추돌,안전운전불이행,건조,맑음,교차로 - 교차로안,승용,여,53세,경상,승용,남,42세,경상
2019041300100382,2019년 4월 13일 14시,토요일,경상북도 영천시 금호읍,중상사고,0,1,0,0,차대차 - 측면충돌,안전운전불이행,건조,맑음,단일로 - 기타,화물,남,42세,상해없음,이륜,남,64세,중상
2019041300100383,2019년 4월 13일 14시,토요일,경상북도 영덕군 영해면,중상사고,0,1,0,0,차대차 - 측면충돌,직진우회전진행방해,건조,맑음,교차로 - 교차로안,이륜,남,55세,중상,승용,여,32세,상해없음
2019041300100415,2019년 4월 13일 15시,토요일,경상북도 김천시 평화동,경상사고,0,0,1,0,차대차 - 측면충돌,안전운전불이행,건조,맑음,교차로 - 교차로부근,승용,여,42세,상해없음,자전거,남,59세,경상
2019041300100416,2019년 4월 13일 15시,토요일,경상북도 영천시 임고면,경상사고,0,0,2,0,차대차 - 측면충돌,기타,건조,맑음,단일로 - 기타,화물,남,53세,상해없음,승용,남,30세,경상
2019041300100417,2019년 4월 13일 15시,토요일,경상북도 영덕군 영덕읍,부상신고사고,0,0,0,1,차대차 - 기타,안전운전불이행,건조,맑음,단일로 - 기타,승용,남,30세,부상신고,화물,남,42세,상해없음
2019041300100454,2019년 4월 13일 16시,토요일,경상북도 경주시 외동읍,경상사고,0,0,1,0,차대차 - 측면충돌,안전운전불이행,건조,맑음,교차로 - 교차로안,승용,남,57세,상해없음,승용,여,65세,경상
2019041300100455,2019년 4월 13일 16시,토요일,경상북도 경주시 동방동,중상사고,0,4,2,0,차대차 - 측면충돌,중앙선침범,건조,맑음,단일로 - 기타,승용,여,65세,중상,승용,남,35세,상해없음
2019041300100456,2019년 4월 13일 16시,토요일,경상북도 영주시 휴천동,중상사고,0,1,0,0,차대사람 - 기타,안전운전불이행,건조,맑음,단일로 - 기타,승용,여,37세,상해없음,보행자,여,60세,중상
2019041300100457,2019년 4월 13일 16시,토요일,경상북도 청도군 운문면,경상사고,0,0,1,0,차대차 - 측면충돌,안전운전불이행,건조,맑음,단일로 - 기타,이륜,남,24세,상해없음,이륜,남,33세,경상
2019041300100458,2019년 4월 13일 16시,토요일,경상북도 포항시 남구 인덕동,경상사고,0,0,1,0,차대차 - 측면충돌,교차로운행방법위반,건조,맑음,교차로 - 교차로안,승용,여,55세,상해없음,승용,남,36세,경상
2019041300100536,2019년 4월 13일 18시,토요일,경상북도 경산시 진량읍,경상사고,0,0,1,0,차대사람 - 기타,안전운전불이행,건조,맑음,단일로 - 기타,이륜,남,30세,상해없음,보행자,여,11세,경상
2019041300100571,2019년 4월 13일 19시,토요일,경상북도 경주시 천군동,중상사고,0,1,0,0,차대차 - 추돌,안전운전불이행,건조,맑음,교차로 - 교차로부근,승용,남,66세,상해없음,승용,남,58세,중상
2019041300100572,2019년 4월 13일 19시,토요일,경상북도 봉화군 봉화읍,경상사고,0,0,1,0,차량단독 - 전도전복 - 전복,안전운전불이행,건조,맑음,단일로 - 기타,승용,여,63세,경상,,,,
2019041300100573,2019년 4월 13일 19시,토요일,경상북도 봉화군 봉화읍,경상사고,0,0,1,1,차대차 - 기타,직진우회전진행방해,건조,맑음,교차로 - 교차로안,화물,여,59세,부상신고,승용,남,79세,경상
2019041300100574,2019년 4월 13일 19시,토요일,경상북도 고령군 대가야읍,경상사고,0,0,1,0,차대차 - 측면충돌,교차로운행방법위반,건조,맑음,교차로 - 교차로안,승용,여,68세,상해없음,자전거,남,51세,경상
2019041300100651,2019년 4월 13일 21시,토요일,경상북도 영주시 상망동,중상사고,0,1,0,0,차대사람 - 길가장자리구역통행중,안전운전불이행,건조,맑음,단일로 - 기타,승용,남,50세,상해없음,보행자,여,37세,중상
2019041300100652,2019년 4월 13일 21시,토요일,경상북도 칠곡군 동명면,중상사고,0,1,0,0,차량단독 - 공작물충돌,안전운전불이행,건조,맑음,단일로 - 기타,승용,남,55세,상해없음,,,,
2019041300100677,2019년 4월 13일 22시,토요일,경상북도 경산시 중방동,경상사고,0,0,4,0,차대차 - 측면충돌,직진우회전진행방해,건조,맑음,교차로 - 교차로안,승용,남,24세,경상,승용,남,28세,경상
2019041300100678,2019년 4월 13일 22시,토요일,경상북도 구미시 원평동,중상사고,0,1,1,0,차대차 - 기타,신호위반,건조,맑음,교차로 - 교차로안,승용,남,51세,상해없음,승합,남,36세,중상
2019041300100679,2019년 4월 13일 22시,토요일,경상북도 구미시 원평동,경상사고,0,0,1,0,차대차 - 기타,안전운전불이행,건조,맑음,교차로 - 교차로부근,승용,여,23세,상해없음,승용,남,50세,경상
2019041300100680,2019년 4월 13일 22시,토요일,경상북도 구미시 원평동,경상사고,0,0,1,0,차대차 - 기타,안전운전불이행,건조,맑음,교차로 - 교차로안,이륜,남,20세,경상,승용,남,43세,상해없음
2019041400100028,2019년 4월 14일 00시,일요일,경상북도 경산시 하양읍,중상사고,0,1,0,0,차대차 - 추돌,안전운전불이행,건조,맑음,교차로 - 교차로안,승용,남,43세,상해없음,승용,남,56세,중상
2019041400100044,2019년 4월 14일 01시,일요일,경상북도 경산시 조영동,경상사고,0,0,1,0,차대차 - 측면충돌,교차로운행방법위반,건조,맑음,교차로 - 교차로안,승용,남,28세,상해없음,승용,남,68세,경상
2019041400100060,2019년 4월 14일 02시,일요일,경상북도 포항시 남구 상도동,경상사고,0,0,1,0,차대사람 - 기타,안전운전불이행,건조,맑음,단일로 - 기타,승용,남,25세,상해없음,보행자,여,20세,경상
2019041400100078,2019년 4월 14일 04시,일요일,경상북도 경산시 하양읍,경상사고,0,0,1,0,차대사람 - 기타,불법유턴,건조,맑음,단일로 - 기타,승용,남,61세,상해없음,보행자,여,35세,경상
2019041400100079,2019년 4월 14일 04시,일요일,경상북도 구미시 원평동,중상사고,0,1,0,0,차대차 - 기타,중앙선침범,건조,맑음,교차로 - 교차로부근,승용,남,27세,상해없음,화물,남,52세,중상
2019041400100091,2019년 4월 14일 06시,일요일,경상북도 경산시 백천동,중상사고,0,1,0,0,차대차 - 측면충돌,교차로운행방법위반,건조,맑음,교차로 - 교차로안,화물,남,56세,상해없음,승용,여,56세,중상
2019041400100092,2019년 4월 14일 06시,일요일,경상북도 영덕군 달산면,경상사고,0,0,2,0,차량단독 - 공작물충돌,안전운전불이행,건조,맑음,단일로 - 기타,승용,남,79세,경상,,,,
2019041400100111,2019년 4월 14일 08시,일요일,경상북도 구미시 도량동,중상사고,0,1,2,0,차대차 - 추돌,안전거리미확보,건조,맑음,교차로 - 교차로횡단보도내,승용,남,27세,경상,승용,남,42세,상해없음
2019041400100122,2019년 4월 14일 09시,일요일,경상북도 경주시 북군동,경상사고,0,0,1,0,차대차 - 측면충돌,안전운전불이행,건조,맑음,단일로 - 지하차도(도로)내,승용,남,32세,상해없음,승용,여,51세,경상
2019041400100123,2019년 4월 14일 09시,일요일,경상북도 영천시 자양면,경상사고,0,0,3,0,차량단독 - 공작물충돌,안전운전불이행,건조,맑음,교차로 - 교차로부근,승용,남,69세,경상,,,,
2019041400100145,2019년 4월 14일 10시,일요일,경상북도 포항시 북구 장성동,경상사고,0,0,2,0,차대차 - 측면충돌,안전거리미확보,건조,맑음,단일로 - 기타,승용,여,43세,상해없음,승용,남,59세,경상
2019041400100146,2019년 4월 14일 10시,일요일,경상북도 영덕군 지품면,경상사고,0,0,1,0,차량단독 - 공작물충돌,안전운전불이행,건조,맑음,교차로 - 교차로부근,승용,남,48세,경상,,,,
2019041400100163,2019년 4월 14일 11시,일요일,경상북도 경주시 동천동,경상사고,0,0,2,0,차대차 - 측면충돌,안전운전불이행,건조,맑음,단일로 - 기타,승용,여,59세,상해없음,승용,남,19세,경상
2019041400100186,2019년 4월 14일 12시,일요일,경상북도 경주시 동천동,경상사고,0,0,1,1,차대차 - 측면충돌,신호위반,건조,맑음,교차로 - 교차로안,승용,여,59세,부상신고,화물,남,55세,경상
2019041400100217,2019년 4월 14일 13시,일요일,경상북도 영주시 하망동,경상사고,0,0,1,0,차대차 - 측면충돌,안전운전불이행,젖음/습기,비,교차로 - 교차로안,승용,남,33세,상해없음,승용,여,53세,경상
2019041400100218,2019년 4월 14일 13시,일요일,경상북도 고령군 쌍림면,경상사고,0,0,2,0,차대차 - 측면충돌,안전운전불이행,건조,맑음,교차로 - 교차로부근,승용,여,38세,상해없음,승용,남,55세,경상
2019041400100247,2019년 4월 14일 14시,일요일,경상북도 경산시 중산동,부상신고사고,0,0,0,1,차대차 - 기타,안전운전불이행,건조,맑음,단일로 - 기타,승용,기타불명,미분류,기타불명,승용,여,41세,부상신고
2019041400100269,2019년 4월 14일 15시,일요일,경상북도 영천시 청통면,중상사고,0,1,0,0,차대차 - 측면충돌,안전거리미확보,건조,맑음,단일로 - 기타,이륜,남,63세,중상,승합,남,58세,상해없음
2019041400100295,2019년 4월 14일 16시,일요일,경상북도 경주시 황오동,중상사고,0,1,0,0,차대차 - 측면충돌,안전운전불이행,건조,맑음,교차로 - 교차로부근,승용,남,21세,상해없음,승용,남,61세,중상
2019041400100296,2019년 4월 14일 16시,일요일,경상북도 상주시 낙양동,경상사고,0,0,1,0,차대차 - 측면충돌,안전운전불이행,건조,맑음,단일로 - 기타,농기계,남,68세,상해없음,승용,남,75세,상해없음
2019041400100297,2019년 4월 14일 16시,일요일,경상북도 고령군 대가야읍,중상사고,0,1,0,0,차대차 - 측면충돌,교차로운행방법위반,건조,맑음,교차로 - 교차로안,승용,남,37세,상해없음,이륜,남,62세,중상
2019041400100313,2019년 4월 14일 17시,일요일,경상북도 김천시 삼락동,경상사고,0,0,1,0,차량단독 - 공작물충돌,안전운전불이행,건조,맑음,단일로 - 기타,승합,남,62세,상해없음,,,,
2019041400100314,2019년 4월 14일 17시,일요일,경상북도 구미시 상모동,부상신고사고,0,0,0,1,차대차 - 기타,안전운전불이행,건조,맑음,기타 - 기타,이륜,남,38세,부상신고,승용,남,55세,상해없음
2019041400100315,2019년 4월 14일 17시,일요일,경상북도 포항시 남구 오천읍,경상사고,0,0,4,0,차대차 - 기타,직진우회전진행방해,건조,맑음,교차로 - 교차로안,승용,남,51세,경상,승용,여,52세,경상
2019041400100344,2019년 4월 14일 18시,일요일,경상북도 경주시 성건동,경상사고,0,0,3,0,차대차 - 측면충돌,안전운전불이행,건조,맑음,교차로 - 교차로안,승용,남,73세,상해없음,승용,남,39세,경상
2019041400100345,2019년 4월 14일 18시,일요일,경상북도 포항시 남구 오천읍,경상사고,0,0,1,0,차대차 - 측면충돌,안전운전불이행,건조,맑음,단일로 - 교량,승용,남,30세,기타불명,승용,남,56세,경상