사고번호,사고일시,요일,시군구,사고내용,사망자수,중상자수,경상자수,부상신고자수,사고유형,법규위반,노면상태,기상상태,도로형태,가해운전자 차종,가해운전자 성별,가해운전자 연령,가해운전자 상해정도,피해운전자 차종,피해운전자 성별,피해운전자 연령,피해운전자 상해정도
2019050300100384,2019년 5월 3일 14시,금요일,경상북도 봉화군 봉화읍,중상사고,0,2,0,0,차대차 - 추돌,안전운전불이행,건조,맑음,교차로 - 교차로부근,승용,남,72세,상해없음,승용,여,50세,중상
2019050300100385,2019년 5월 3일 14시,금요일,경상북도 구미시 산동면,경상사고,0,0,1,0,차대차 - 추돌,안전운전불이행,건조,맑음,교차로 - 교차로안,화물,남,84세,상해없음,승용,남,33세,경상
2019050300100427,2019년 5월 3일 15시,금요일,경상북도 안동시 남후면,중상사고,0,1,1,0,차대차 - 추돌,안전운전불이행,건조,맑음,단일로 - 기타,화물,남,52세,경상,농기계,남,71세,중상
2019050300100428,2019년 5월 3일 15시,금요일,경상북도 고령군 다산면,중상사고,0,1,0,0,차대차 - 측면충돌,안전거리미확보,건조,맑음,교차로 - 교차로부근,이륜,남,48세,중상,승용,여,53세,상해없음
2019050300100472,2019년 5월 3일 16시,금요일,경상북도 경주시 용강동,경상사고,0,0,1,0,차대사람 - 횡단중,보행자보호의무위반,건조,맑음,교차로 - 교차로횡단보도내,승용,남,54세,기타불명,보행자,여,7세,경상
2019050300100473,2019년 5월 3일 16시,금요일,경상북도 영천시 창구동,중상사고,0,1,0,0,차대차 - 추돌,안전거리미확보,건조,맑음,단일로 - 기타,승합,남,32세,상해없음,승용,남,52세,상해없음
2019050300100474,2019년 5월 3일 16시,금요일,경상북도 경산시 대동,중상사고,0,1,0,0,차대차 - 측면충돌,안전운전불이행,건조,맑음,단일로 - 기타,승용,남,44세,상해없음,이륜,남,26세,중상
2019050300100475,2019년 5월 3일 16시,금요일,경상북도 경산시 압량면,경상사고,0,0,1,0,차량단독 - 전도전복 - 전도,안전운전불이행,건조,맑음,단일로 - 기타,이륜,남,82세,경상,,,,
2019050300100476,2019년 5월 3일 16시,금요일,경상북도 봉화군 재산면,부상신고사고,0,0,0,1,차량단독 - 기타,안전운전불이행,건조,맑음,단일로 - 기타,이륜,남,76세,부상신고,,,,
2019050300100477,2019년 5월 3일 16시,금요일,경상북도 청도군 화양읍,경상사고,0,0,1,0,차대차 - 측면충돌,신호위반,건조,맑음,교차로 - 교차로안,승용,여,70세,상해없음,승용,남,57세,경상
2019050300100478,2019년 5월 3일 16시,금요일,경상북도 포항시 남구 대잠동,경상사고,0,0,2,0,차대차 - 측면충돌,안전운전불이행,건조,맑음,교차로 - 교차로안,승용,여,46세,경상,승용,여,44세,상해없음
2019050300100534,2019년 5월 3일 17시,금요일,경상북도 김천시 신음동,사망사고,1,0,0,0,차대사람 - 횡단중,보행자보호의무위반,건조,맑음,교차로 - 교차로횡단보도내,화물,남,57세,상해없음,보행자,여,84세,사망
2019050300100535,2019년 5월 3일 17시,금요일,경상북도 경산시 하양읍,경상사고,0,0,1,0,차대차 - 측면충돌,교차로운행방법위반,건조,맑음,교차로 - 교차로안,승용,남,55세,상해없음,이륜,여,70세,경상
2019050300100536,2019년 5월 3일 17시,금요일,경상북도 성주군 용암면,경상사고,0,0,1,0,차대차 - 기타,안전운전불이행,건조,맑음,기타 - 기타,승용,남,25세,경상,승용,남,65세,상해없음
2019050300100593,2019년 5월 3일 18시,금요일,경상북도 경주시 동천동,경상사고,0,0,3,0,차대차 - 추돌,안전운전불이행,건조,맑음,단일로 - 지하차도(도로)내,승용,남,46세,상해없음,승용,남,70세,경상
2019050300100594,2019년 5월 3일 18시,금요일,경상북도 칠곡군 왜관읍,경상사고,0,0,1,0,차대차 - 측면충돌,안전운전불이행,건조,맑음,교차로 - 교차로횡단보도내,승용,여,26세,상해없음,농기계,남,75세,경상
2019050300100595,2019년 5월 3일 18시,금요일,경상북도 경산시 압량면,중상사고,0,1,0,0,차대차 - 기타,직진우회전진행방해,건조,맑음,교차로 - 교차로안,승합,남,33세,상해없음,승용,여,29세,상해없음
2019050300100596,2019년 5월 3일 18시,금요일,경상북도 고령군 개진면,경상사고,0,0,1,0,차량단독 - 기타,안전운전불이행,건조,맑음,단일로 - 기타,자전거,남,49세,경상,,,,
2019050300100597,2019년 5월 3일 18시,금요일,경상북도 포항시 남구 대도동,경상사고,0,0,2,0,차대차 - 측면충돌,안전운전불이행,건조,맑음,단일로 - 기타,승용,여,34세,경상,화물,남,65세,경상
2019050300100630,2019년 5월 3일 19시,금요일,경상북도 김천시 평화동,경상사고,0,0,1,0,차대차 - 측면충돌,안전운전불이행,건조,맑음,교차로 - 교차로안,승용,여,51세,상해없음,이륜,남,19세,경상
2019050300100631,2019년 5월 3일 19시,금요일,경상북도 영주시 휴천동,중상사고,0,1,0,0,차대사람 - 기타,안전운전불이행,건조,맑음,단일로 - 기타,승용,여,44세,상해없음,보행자,여,86세,중상
2019050300100664,2019년 5월 3일 20시,금요일,경상북도 경주시 동부동,경상사고,0,0,1,0,차대차 - 측면충돌,안전거리미확보,건조,맑음,교차로 - 교차로부근,승용,남,50세,상해없음,승용,남,50세,경상
2019050300100665,2019년 5월 3일 20시,금요일,경상북도 경주시 외동읍,경상사고,0,0,1,0,차대차 - 측면충돌,안전운전불이행,건조,맑음,교차로 - 교차로안,승용,남,48세,상해없음,이륜,남,48세,경상
2019050300100666,2019년 5월 3일 20시,금요일,경상북도 포항시 남구 오천읍,중상사고,0,1,0,0,차대사람 - 횡단중,안전운전불이행,건조,맑음,교차로 - 교차로부근,승용,남,59세,상해없음,보행자,남,53세,중상
2019050300100705,2019년 5월 3일 21시,금요일,경상북도 상주시 내서면,경상사고,0,0,2,0,차대차 - 추돌,안전운전불이행,건조,맑음,단일로 - 기타,승용,여,71세,상해없음,승용,남,55세,경상
2019050300100732,2019년 5월 3일 22시,금요일,경상북도 영주시 조와동,경상사고,0,0,1,0,차대차 - 측면충돌,안전운전불이행,건조,맑음,단일로 - 기타,승용,남,56세,상해없음,승용,남,62세,경상
2019050300100754,2019년 5월 3일 23시,금요일,경상북도 경주시 서악동,중상사고,0,1,0,0,차대차 - 측면충돌,신호위반,건조,맑음,교차로 - 교차로안,승용,남,60세,상해없음,이륜,남,20세,중상
2019050300100755,2019년 5월 3일 23시,금요일,경상북도 경산시 백천동,경상사고,0,0,1,0,차대차 - 측면충돌,안전운전불이행,건조,맑음,교차로 - 교차로안,승용,여,45세,상해없음,승용,남,46세,경상
2019050300100756,2019년 5월 3일 23시,금요일,경상북도 구미시 진평동,경상사고,0,0,1,0,차대사람 - 기타,안전운전불이행,건조,맑음,단일로 - 기타,승용,남,18세,상해없음,보행자,남,23세,경상
2019050400100074,2019년 5월 4일 02시,토요일,경상북도 포항시 남구 상도동,경상사고,0,0,3,0,차대차 - 추돌,안전운전불이행,건조,맑음,주차장 - 주차장,승용,남,69세,상해없음,승용,남,57세,경상
2019050400100083,2019년 5월 4일 03시,토요일,경상북도 구미시 해평면,부상신고사고,0,0,0,1,차량단독 - 기타,기타,건조,맑음,단일로 - 기타,승용,남,37세,부상신고,,,,
2019050400100104,2019년 5월 4일 05시,토요일,경상북도 경산시 하양읍,경상사고,0,0,4,0,차대차 - 추돌,안전운전불이행,건조,맑음,교차로 - 교차로부근,승용,남,38세,상해없음,화물,남,58세,경상
2019050400100151,2019년 5월 4일 08시,토요일,경상북도 경주시 용강동,중상사고,0,1,0,0,차대차 - 측면충돌,안전운전불이행,건조,맑음,주차장 - 주차장,승용,남,38세,상해없음,자전거,남,70세,중상
2019050400100152,2019년 5월 4일 08시,토요일,경상북도 칠곡군 북삼읍,중상사고,0,1,0,0,차대차 - 측면충돌,직진우회전진행방해,건조,맑음,교차로 - 교차로안,승용,남,38세,상해없음,이륜,남,78세,중상
2019050400100172,2019년 5월 4일 09시,토요일,경상북도 구미시 거의동,중상사고,0,1,0,1,차대차 - 기타,차로위반,건조,맑음,단일로 - 기타,특수,남,44세,부상신고,승용,남,34세,중상
2019050400100205,2019년 5월 4일 10시,토요일,경상북도 영덕군 영덕읍,사망사고,1,0,0,0,차대차 - 측면충돌,직진우회전진행방해,건조,맑음,교차로 - 교차로안,화물,남,43세,상해없음,화물,남,69세,사망
2019050400100206,2019년 5월 4일 10시,토요일,경상북도 성주군 초전면,중상사고,0,2,0,0,차대차 - 측면충돌,안전운전불이행,건조,맑음,단일로 - 기타,화물,남,57세,상해없음,승용,남,53세,중상
2019050400100207,2019년 5월 4일 10시,토요일,경상북도 포항시 남구 구룡포읍,경상사고,0,0,1,0,차대차 - 측면충돌,안전운전불이행,건조,맑음,단일로 - 기타,이륜,남,90세 이상,경상,승용,여,49세,상해없음
2019050400100248,2019년 5월 4일 11시,토요일,경상북도 경주시 구황동,사망사고,1,0,0,0,차대사람 - 횡단중,안전운전불이행,건조,맑음,단일로 - 지하차도(도로)내,승용,남,55세,상해없음,보행자,여,79세,사망
2019050400100249,2019년 5월 4일 11시,토요일,경상북도 포항시 북구 두호동,경상사고,0,0,1,0,차대차 - 측면충돌,불법유턴,건조,맑음,단일로 - 기타,자전거,남,65세,경상,승용,남,74세,기타불명
2019050400100250,2019년 5월 4일 11시,토요일,경상북도 포항시 북구 흥해읍,경상사고,0,0,3,0,차대차 - 기타,신호위반,건조,맑음,교차로 - 교차로안,승용,남,65세,상해없음,승용,여,36세,경상
2019050400100251,2019년 5월 4일 11시,토요일,경상북도 군위군 효령면,경상사고,0,0,3,0,차대차 - 추돌,안전거리미확보,건조,맑음,단일로 - 터널,승용,남,26세,상해없음,승용,남,39세,경상
2019050400100293,2019년 5월 4일 12시,토요일,경상북도 김천시 모암동,중상사고,0,1,2,0,차대차 - 측면충돌,안전운전불이행,건조,맑음,교차로 - 교차로안,승용,여,54세,상해없음,승용,남,54세,중상
2019050400100335,2019년 5월 4일 13시,토요일,경상북도 경주시 인왕동,부상신고사고,0,0,0,1,차대사람 - 보도통행중,안전운전불이행,건조,맑음,단일로 - 기타,자전거,여,66세,부상신고,보행자,남,8세,상해없음
2019050400100336,2019년 5월 4일 13시,토요일,경상북도 영주시 영주동,경상사고,0,0,1,0,차대차 - 추돌,안전운전불이행,건조,맑음,단일로 - 기타,승용,남,61세,상해없음,승용,남,47세,경상
2019050400100337,2019년 5월 4일 13시,토요일,경상북도 구미시 원평동,중상사고,0,1,0,0,차대사람 - 기타,보행자보호의무위반,건조,맑음,교차로 - 교차로부근,승용,여,42세,상해없음,보행자,여,50세,중상
2019050400100338,2019년 5월 4일 13시,토요일,경상북도 포항시 남구 오천읍,경상사고,0,0,1,0,차대차 - 측면충돌,안전운전불이행,건조,맑음,교차로 - 교차로부근,자전거,남,10세,경상,승용,여,55세,상해없음
2019050400100377,2019년 5월 4일 14시,토요일,경상북도 경주시 진현동,경상사고,0,0,2,0,차대차 - 측면충돌,중앙선침범,건조,맑음,단일로 - 기타,승용,남,76세,상해없음,승용,남,38세,경상
2019050400100378,2019년 5월 4일 14시,토요일,경상북도 칠곡군 왜관읍,경상사고,0,0,1,0,차대차 - 측면충돌,안전운전불이행,건조,맑음,단일로 - 기타,승용,여,58세,상해없음,승용,남,51세,경상
2019050400100379,2019년 5월 4일 14시,토요일,경상북도 군위군 군위읍,중상사고,0,1,1,0,차대차 - 측면충돌,신호위반,건조,맑음,교차로 - 교차로안,화물,남,62세,상해없음,승용,여,67세,경상
2019050400100380,2019년 5월 4일 14시,토요일,경상북도 포항시 남구 연일읍,부상신고사고,0,0,0,3,차대차 - 추돌,안전운전불이행,건조,맑음,단일로 - 기타,이륜,남,17세,상해없음,승용,남,26세,부상신고
2019050400100381,2019년 5월 4일 14시,토요일,경상북도 고령군 성산면,중상사고,0,1,0,0,차대차 - 기타,안전운전불이행,건조,맑음,단일로 - 기타,화물,남,72세,상해없음,승용,여,59세,중상
2019050400100425,2019년 5월 4일 15시,토요일,경상북도 상주시 중동면,중상사고,0,1,0,0,차대차 - 측면충돌,안전운전불이행,건조,맑음,단일로 - 기타,승용,남,47세,상해없음,자전거,여,60세,중상
2019050400100426,2019년 5월 4일 15시,토요일,경상북도 영천시 망정동,중상사고,0,1,0,0,차대차 - 측면충돌,교차로운행방법위반,건조,맑음,교차로 - 교차로안,이륜,남,65세,중상,승용,여,36세,상해없음
2019050400100427,2019년 5월 4일 15시,토요일,경상북도 경산시 진량읍,중상사고,0,1,0,0,차대차 - 측면충돌,교차로운행방법위반,건조,맑음,교차로 - 교차로안,승용,남,22세,상해없음,승용,남,23세,중상
2019050400100428,2019년 5월 4일 15시,토요일,경상북도 포항시 남구 오천읍,중상사고,0,1,0,0,차대차 - 측면충돌,안전운전불이행,건조,맑음,단일로 - 기타,승용,남,62세,상해없음,이륜,남,21세,중상
2019050400100468,2019년 5월 4일 16시,토요일,경상북도 포항시 북구 우현동,경상사고,0,0,1,0,차대차 - 측면충돌,중앙선침범,건조,맑음,단일로 - 기타,승용,여,61세,상해없음,이륜,남,19세,경상
2019050400100469,2019년 5월 4일 16시,토요일,경상북도 경산시 중방동,중상사고,0,1,1,0,차대차 - 측면충돌,차로위반,건조,맑음,교차로 - 교차로부근,승용,여,62세,경상,승용,여,45세,중상
2019050400100470,2019년 5월 4일 16시,토요일,경상북도 칠곡군 가산면,경상사고,0,0,1,0,차대차 - 기타,안전운전불이행,건조,맑음,교차로 - 교차로부근,승용,여,42세,상해없음,승용,남,21세,경상
2019050400100505,2019년 5월 4일 17시,토요일,경상북도 예천군 풍양면,경상사고,0,0,2,0,차대차 - 측면충돌,안전운전불이행,건조,맑음,교차로 - 교차로안,화물,남,62세,상해없음,화물,남,70세,경상
2019050400100580,2019년 5월 4일 19시,토요일,경상북도 포항시 북구 죽도동,경상사고,0,0,1,0,차대차 - 기타,안전운전불이행,건조,맑음,교차로 - 교차로안,승용,남,62세,상해없음,승용,여,61세,경상
2019050400100581,2019년 5월 4일 19시,토요일,경상북도 김천시 성내동,중상사고,0,1,0,0,차대차 - 측면충돌,교차로운행방법위반,건조,기타,교차로 - 교차로안,승용,여,50세,상해없음,이륜,남,48세,중상
2019050400100582,2019년 5월 4일 19시,토요일,경상북도 영주시 하망동,경상사고,0,0,1,0,차대차 - 측면충돌,교차로운행방법위반,건조,맑음,교차로 - 교차로안,승용,남,48세,상해없음,승용,남,66세,경상
2019050400100583,2019년 5월 4일 19시,토요일,경상북도 포항시 남구 연일읍,경상사고,0,0,1,0,차대사람 - 횡단중,신호위반,건조,맑음,단일로 - 기타,승용,여,65세,상해없음,보행자,남,12세,경상
2019050400100603,2019년 5월 4일 20시,토요일,경상북도 포항시 북구 장성동,경상사고,0,0,5,0,차대차 - 측면충돌,불법유턴,건조,맑음,단일로 - 기타,승용,여,64세,상해없음,승용,남,30세,경상
2019050400100604,2019년 5월 4일 20시,토요일,경상북도 포항시 북구 장성동,경상사고,0,0,1,0,차대차 - 측면충돌,안전운전불이행,건조,맑음,교차로 - 교차로안,승용,남,58세,상해없음,승용,남,27세,경상
2019050400100605,2019년 5월 4일 20시,토요일,경상북도 상주시 남성동,중상사고,0,1,1,0,차대사람 - 횡단중,보행자보호의무위반,건조,맑음,교차로 - 교차로안,승용,여,32세,상해없음,보행자,여,17세,중상
2019050400100606,2019년 5월 4일 20시,토요일,경상북도 문경시 흥덕동,경상사고,0,0,1,0,차대사람 - 기타,안전운전불이행,건조,맑음,교차로 - 교차로안,화물,남,63세,상해없음,보행자,남,45세,경상
2019050400100607,2019년 5월 4일 20시,토요일,경상북도 구미시 도량동,중상사고,0,1,0,0,차대사람 - 보도통행중,보행자보호의무위반,건조,맑음,교차로 - 교차로부근,승용,여,62세,상해없음,보행자,여,32세,중상
2019050400100640,2019년 5월 4일 21시,토요일,경상북도 포항시 북구 항구동,중상사고,0,1,0,0,차대사람 - 차도통행중,안전운전불이행,건조,맑음,단일로 - 기타,승용,여,44세,상해없음,보행자,여,46세,중상
2019050400100641,2019년 5월 4일 21시,토요일,경상북도 칠곡군 왜관읍,경상사고,0,0,2,0,차대차 - 측면충돌,신호위반,건조,맑음,교차로 - 교차로안,승합,남,29세,상해없음,승용,여,58세,경상
2019050400100642,2019년 5월 4일 21시,토요일,경상북도 문경시 농암면,경상사고,0,0,1,0,차량단독 - 공작물충돌,안전운전불이행,건조,맑음,단일로 - 기타,이륜,남,47세,경상,,,,
2019050400100643,2019년 5월 4일 21시,토요일,경상북도 구미시 원평동,중상사고,0,2,1,0,차대차 - 기타,신호위반,건조,맑음,교차로 - 교차로부근,승용,남,55세,상해없음,승용,여,62세,중상
2019050400100673,2019년 5월 4일 22시,토요일,경상북도 포항시 북구 창포동,경상사고,0,0,1,0,차대차 - 추돌,안전운전불이행,건조,맑음,단일로 - 기타,승용,남,49세,상해없음,승용,남,55세,상해없음
2019050500100042,2019년 5월 5일 01시,일요일,경상북도 안동시 금곡동,중상사고,0,1,3,0,차대차 - 정면충돌,중앙선침범,건조,맑음,단일로 - 기타,승용,여,33세,경상,승용,남,66세,중상
2019050500100043,2019년 5월 5일 01시,일요일,경상북도 문경시 공평동,중상사고,0,1,0,0,차량단독 - 공작물충돌,안전운전불이행,건조,맑음,단일로 - 기타,승용,남,27세,중상,,,,
2019050500100062,2019년 5월 5일 02시,일요일,경상북도 경산시 중산동,중상사고,0,1,0,0,차량단독 - 공작물충돌,안전운전불이행,건조,맑음,교차로 - 교차로부근,승용,남,26세,상해없음,,,,
2019050500100073,2019년 5월 5일 04시,일요일,경상북도 상주시 서문동,경상사고,0,0,1,0,차량단독 - 전도전복 - 전도,안전운전불이행,건조,맑음,교차로 - 교차로부근,이륜,남,18세,경상,,,,
2019050500100080,2019년 5월 5일 05시,일요일,경상북도 울릉군 울릉읍,경상사고,0,0,1,0,차량단독 - 공작물충돌,안전운전불이행,건조,맑음,기타 - 기타,화물,남,55세,경상,,,,
2019050500100081,2019년 5월 5일 05시,일요일,경상북도 구미시 장천면,경상사고,0,0,1,0,차대차 - 측면충돌,교차로운행방법위반,건조,맑음,교차로 - 교차로안,승용,여,27세,상해없음,승용,남,36세,경상
2019050500100092,2019년 5월 5일 06시,일요일,경상북도 경산시 옥곡동,중상사고,0,1,0,0,차대차 - 측면충돌,중앙선침범,건조,맑음,단일로 - 지하차도(도로)내,승용,남,35세,상해없음,화물,남,55세,중상
2019050500100096,2019년 5월 5일 07시,일요일,경상북도 성주군 벽진면,사망사고,1,0,0,0,차대사람 - 기타,안전운전불이행,건조,맑음,교차로 - 교차로안,화물,남,50세,상해없음,보행자,여,85세,사망
2019050500100097,2019년 5월 5일 07시,일요일,경상북도 포항시 남구 해도동,경상사고,0,0,1,0,차대차 - 기타,안전운전불이행,건조,맑음,교차로 - 교차로안,이륜,남,64세,경상,승용,남,64세,상해없음
2019050500100133,2019년 5월 5일 09시,일요일,경상북도 김천시 구성면,중상사고,0,1,1,0,차대사람 - 기타,안전운전불이행,건조,맑음,교차로 - 교차로부근,승용,여,51세,상해없음,보행자,남,45세,중상
2019050500100134,2019년 5월 5일 09시,일요일,경상북도 문경시 모전동,경상사고,0,0,3,0,차대차 - 추돌,안전운전불이행,기타,맑음,단일로 - 기타,승용,남,59세,상해없음,승합,남,45세,경상
2019050500100135,2019년 5월 5일 09시,일요일,경상북도 울진군 기성면,중상사고,0,1,0,0,차대차 - 측면충돌,안전운전불이행,건조,맑음,단일로 - 기타,승용,남,66세,상해없음,이륜,남,69세,중상
2019050500100158,2019년 5월 5일 10시,일요일,경상북도 영주시 순흥면,경상사고,0,0,1,0,차대사람 - 기타,안전운전불이행,건조,맑음,단일로 - 기타,승용,남,61세,상해없음,보행자,남,26세,경상
2019050500100185,2019년 5월 5일 11시,일요일,경상북도 영주시 순흥면,경상사고,0,0,1,0,차대차 - 기타,교차로운행방법위반,건조,맑음,교차로 - 교차로안,농기계,여,64세,경상,승용,남,56세,상해없음
2019050500100186,2019년 5월 5일 11시,일요일,경상북도 구미시 옥성면,경상사고,0,0,5,0,차대차 - 추돌,안전운전불이행,건조,맑음,단일로 - 기타,승용,남,33세,상해없음,승용,여,44세,경상
2019050500100215,2019년 5월 5일 12시,일요일,경상북도 안동시 광석동,사망사고,1,0,0,0,차대사람 - 기타,보행자보호의무위반,건조,맑음,단일로 - 기타,승용,여,75세,상해없음,보행자,여,76세,사망
2019050500100216,2019년 5월 5일 12시,일요일,경상북도 경산시 계양동,경상사고,0,0,2,0,차대차 - 측면충돌,안전운전불이행,건조,맑음,단일로 - 기타,승용,남,74세,기타불명,승용,여,46세,경상
2019050500100266,2019년 5월 5일 13시,일요일,경상북도 안동시 천리동,경상사고,0,0,1,0,차대차 - 추돌,안전운전불이행,건조,맑음,단일로 - 기타,승용,여,70세,상해없음,승용,남,40세,경상
2019050500100267,2019년 5월 5일 13시,일요일,경상북도 의성군 의성읍,중상사고,0,1,0,0,차대차 - 측면충돌,안전운전불이행,건조,맑음,단일로 - 기타,화물,남,62세,상해없음,자전거,남,79세,중상
2019050500100268,2019년 5월 5일 13시,일요일,경상북도 칠곡군 지천면,중상사고,0,1,0,0,차대차 - 기타,중앙선침범,건조,맑음,단일로 - 기타,승용,여,48세,상해없음,자전거,남,58세,중상
2019050500100269,2019년 5월 5일 13시,일요일,경상북도 경산시 서상동,경상사고,0,0,2,0,차대차 - 후진중충돌,안전운전불이행,건조,맑음,교차로 - 교차로안,승용,여,59세,경상,승용,남,41세,경상
2019050500100304,2019년 5월 5일 14시,일요일,경상북도 경주시 황성동,경상사고,0,0,4,1,차대차 - 추돌,안전운전불이행,건조,맑음,단일로 - 기타,승용,남,66세,상해없음,승용,남,71세,상해없음
2019050500100348,2019년 5월 5일 15시,일요일,경상북도 경주시 성건동,경상사고,0,0,1,0,차대차 - 측면충돌,안전운전불이행,건조,맑음,교차로 - 교차로안,이륜,남,42세,경상,승용,남,26세,상해없음
2019050500100349,2019년 5월 5일 15시,일요일,경상북도 김천시 성내동,경상사고,0,0,1,0,차대차 - 측면충돌,안전운전불이행,건조,맑음,교차로 - 교차로안,승용,남,82세,상해없음,이륜,남,19세,경상
2019050500100350,2019년 5월 5일 15시,일요일,경상북도 칠곡군 지천면,부상신고사고,0,0,0,1,차량단독 - 전도전복 - 전도,안전운전불이행,건조,맑음,교차로 - 교차로부근,자전거,여,75세,부상신고,,,,
2019050500100351,2019년 5월 5일 15시,일요일,경상북도 영천시 문내동,경상사고,0,0,4,0,차대차 - 측면충돌,안전운전불이행,건조,맑음,단일로 - 기타,승용,남,74세,상해없음,승용,여,50세,경상
2019050500100352,2019년 5월 5일 15시,일요일,경상북도 청도군 운문면,중상사고,0,1,0,0,차량단독 - 도로외이탈 - 기타,안전운전불이행,건조,맑음,단일로 - 지하차도(도로)내,이륜,남,33세,중상,,,,
2019050500100353,2019년 5월 5일 15시,일요일,경상북도 영양군 청기면,중상사고,0,3,0,0,차량단독 - 공작물충돌,안전운전불이행,건조,맑음,단일로 - 기타,승용,여,64세,중상,,,,
2019050500100391,2019년 5월 5일 16시,일요일,경상북도 경주시 인왕동,중상사고,0,2,2,0,차대차 - 측면충돌,신호위반,건조,맑음,교차로 - 교차로안,승용,남,50세,경상,승용,남,50세,중상
2019050500100429,2019년 5월 5일 17시,일요일,경상북도 포항시 남구 해도동,경상사고,0,0,1,0,차대차 - 측면충돌,안전운전불이행,건조,맑음,교차로 - 교차로안,기타불명,기타불명,미분류,기타불명,자전거,여,50세,경상
2019050500100464,2019년 5월 5일 18시,일요일,경상북도 경주시 천군동,경상사고,0,0,1,0,차대차 - 측면충돌,안전운전불이행,건조,맑음,교차로 - 교차로부근,이륜,남,18세,경상,이륜,남,44세,상해없음
2019050500100465,2019년 5월 5일 18시,일요일,경상북도 포항시 북구 용흥동,경상사고,0,0,1,0,차대차 - 측면충돌,차로위반,건조,맑음,단일로 - 기타,이륜,남,51세,경상,승용,남,67세,상해없음
2019050500100466,2019년 5월 5일 18시,일요일,경상북도 구미시 봉곡동,경상사고,0,0,1,0,차대차 - 측면충돌,직진우회전진행방해,건조,맑음,교차로 - 교차로안,이륜,남,35세,경상,승용,남,58세,상해없음
2019050500100467,2019년 5월 5일 18시,일요일,경상북도 구미시 원평동,경상사고,0,0,1,0,차대사람 - 횡단중,보행자보호의무위반,건조,맑음,단일로 - 고가도로위,이륜,남,15세,상해없음,보행자,여,69세,경상
2019050500100496,2019년 5월 5일 19시,일요일,경상북도 군위군 효령면,경상사고,0,0,1,0,차량단독 - 공작물충돌,안전운전불이행,건조,맑음,단일로 - 기타,화물,여,57세,상해없음,,,,
2019050500100527,2019년 5월 5일 20시,일요일,경상북도 포항시 남구 상도동,경상사고,0,0,1,0,차대차 - 측면충돌,교차로운행방법위반,건조,맑음,교차로 - 교차로안,승용,남,21세,상해없음,승용,남,56세,경상
2019050500100561,2019년 5월 5일 21시,일요일,경상북도 경주시 구황동,경상사고,0,0,3,0,차대차 - 추돌,안전운전불이행,건조,맑음,단일로 - 기타,승용,남,41세,상해없음,승용,여,50세,경상
2019050500100562,2019년 5월 5일 21시,일요일,경상북도 포항시 북구 우현동,경상사고,0,0,1,0,차대차 - 추돌,안전거리미확보,건조,맑음,교차로 - 교차로횡단보도내,승용,남,48세,상해없음,승용,남,46세,경상
2019050500100563,2019년 5월 5일 21시,일요일,경상북도 칠곡군 약목면,부상신고사고,0,0,0,1,차대사람 - 기타,안전운전불이행,건조,맑음,단일로 - 기타,승용,남,37세,상해없음,보행자,남,53세,부상신고
2019050500100564,2019년 5월 5일 21시,일요일,경상북도 경산시 하양읍,중상사고,0,1,0,0,차대사람 - 횡단중,안전운전불이행,건조,맑음,교차로 - 교차로부근,승용,남,43세,상해없음,보행자,남,67세,중상
2019050600100027,2019년 5월 6일 00시,월요일,경상북도 청송군 파천면,중상사고,0,1,0,0,차량단독 - 공작물충돌,안전운전불이행,건조,맑음,단일로 - 지하차도(도로)내,이륜,남,56세,중상,,,,
2019050600100044,2019년 5월 6일 01시,월요일,경상북도 경주시 황성동,중상사고,0,1,0,0,차대차 - 측면충돌,안전운전불이행,건조,맑음,교차로 - 교차로안,승용,남,64세,상해없음,승용,남,69세,중상
2019050600100045,2019년 5월 6일 01시,월요일,경상북도 구미시 광평동,경상사고,0,0,1,0,차대차 - 기타,중앙선침범,건조,맑음,단일로 - 기타,승용,남,58세,상해없음,승용,남,54세,경상
2019050600100064,2019년 5월 6일 02시,월요일,경상북도 포항시 북구 죽도동,중상사고,0,1,1,0,차대사람 - 횡단중,신호위반,건조,맑음,교차로 - 교차로안,승용,남,54세,상해없음,보행자,여,59세,중상
2019050600100065,2019년 5월 6일 02시,월요일,경상북도 구미시 임수동,중상사고,0,2,0,0,차대차 - 정면충돌,중앙선침범,건조,맑음,단일로 - 기타,승용,남,26세,상해없음,승용,남,48세,중상
2019050600100066,2019년 5월 6일 02시,월요일,경상북도 구미시 사곡동,중상사고,0,1,1,0,차대차 - 추돌,안전운전불이행,건조,맑음,단일로 - 기타,승용,남,29세,상해없음,승용,여,31세,중상
2019050600100071,2019년 5월 6일 03시,월요일,경상북도 경산시 중방동,중상사고,0,1,1,0,차량단독 - 공작물충돌,안전운전불이행,건조,맑음,단일로 - 기타,이륜,남,16세,경상,,,,
2019050600100095,2019년 5월 6일 06시,월요일,경상북도 경산시 압량면,경상사고,0,0,1,0,차대차 - 측면충돌,교차로운행방법위반,건조,맑음,교차로 - 교차로안,화물,남,54세,상해없음,승용,남,59세,경상
2019050600100103,2019년 5월 6일 07시,월요일,경상북도 김천시 어모면,경상사고,0,0,1,0,차대차 - 기타,교차로운행방법위반,건조,맑음,교차로 - 교차로안,승용,남,55세,상해없음,이륜,남,56세,경상
2019050600100118,2019년 5월 6일 08시,월요일,경상북도 상주시 공성면,경상사고,0,0,1,0,차량단독 - 공작물충돌,안전운전불이행,건조,맑음,단일로 - 기타,이륜,남,76세,경상,,,,
2019050600100134,2019년 5월 6일 09시,월요일,경상북도 경주시 감포읍,중상사고,0,1,0,0,차량단독 - 도로외이탈 - 추락,안전운전불이행,건조,맑음,교차로 - 교차로부근,농기계,남,70세,중상,,,,