사고번호,사고일시,요일,시군구,사고내용,사망자수,중상자수,경상자수,부상신고자수,사고유형,법규위반,노면상태,기상상태,도로형태,가해운전자 차종,가해운전자 성별,가해운전자 연령,가해운전자 상해정도,피해운전자 차종,피해운전자 성별,피해운전자 연령,피해운전자 상해정도
2019050600100135,2019년 5월 6일 09시,월요일,경상북도 영주시 부석면,부상신고사고,0,0,0,1,차대차 - 측면충돌,안전운전불이행,건조,맑음,단일로 - 기타,원동기,남,78세,부상신고,승용,남,50세,상해없음
2019050600100136,2019년 5월 6일 09시,월요일,경상북도 구미시 고아읍,경상사고,0,0,2,0,차대차 - 기타,교차로운행방법위반,건조,맑음,교차로 - 교차로안,승용,남,57세,상해없음,승용,남,42세,경상
2019050600100137,2019년 5월 6일 09시,월요일,경상북도 칠곡군 지천면,경상사고,0,0,1,0,차대차 - 추돌,안전운전불이행,건조,맑음,단일로 - 기타,승용,남,60세,상해없음,승용,남,58세,경상
2019050600100163,2019년 5월 6일 10시,월요일,경상북도 안동시 용상동,경상사고,0,0,5,0,차대차 - 측면충돌,직진우회전진행방해,건조,맑음,교차로 - 교차로안,승용,남,41세,경상,승용,여,47세,경상
2019050600100185,2019년 5월 6일 11시,월요일,경상북도 영천시 청통면,사망사고,1,0,0,0,차대차 - 측면충돌,교차로운행방법위반,건조,맑음,교차로 - 교차로안,화물,남,66세,상해없음,이륜,남,67세,사망
2019050600100220,2019년 5월 6일 12시,월요일,경상북도 경산시 서상동,경상사고,0,0,1,0,차대차 - 기타,중앙선침범,건조,맑음,단일로 - 기타,승용,여,63세,상해없음,승용,남,47세,경상
2019050600100252,2019년 5월 6일 13시,월요일,경상북도 문경시 흥덕동,경상사고,0,0,1,0,차대차 - 측면충돌,기타,건조,맑음,교차로 - 교차로안,승용,여,60세,상해없음,자전거,남,67세,경상
2019050600100253,2019년 5월 6일 13시,월요일,경상북도 봉화군 봉화읍,경상사고,0,0,1,0,차대차 - 기타,기타,건조,맑음,단일로 - 기타,화물,남,57세,상해없음,자전거,여,70세,경상
2019050600100254,2019년 5월 6일 13시,월요일,경상북도 구미시 사곡동,경상사고,0,0,4,0,차대차 - 기타,교차로운행방법위반,건조,맑음,교차로 - 교차로안,이륜,남,52세,경상,승용,남,53세,경상
2019050600100302,2019년 5월 6일 14시,월요일,경상북도 영주시 풍기읍,경상사고,0,0,4,0,차대차 - 측면충돌,안전운전불이행,건조,맑음,교차로 - 교차로안,승용,남,62세,상해없음,승용,남,56세,경상
2019050600100303,2019년 5월 6일 14시,월요일,경상북도 성주군 선남면,경상사고,0,0,1,0,차대차 - 측면충돌,안전운전불이행,건조,맑음,교차로 - 교차로안,승용,남,71세,기타불명,화물,남,47세,경상
2019050600100304,2019년 5월 6일 14시,월요일,경상북도 포항시 남구 효자동,경상사고,0,0,1,0,차대차 - 후진중충돌,안전운전불이행,건조,맑음,교차로 - 교차로부근,승용,남,46세,상해없음,이륜,남,42세,경상
2019050600100329,2019년 5월 6일 15시,월요일,경상북도 경주시 양북면,중상사고,0,1,3,0,차대차 - 측면충돌,안전운전불이행,건조,맑음,단일로 - 기타,승용,여,19세,경상,승용,여,60세,경상
2019050600100383,2019년 5월 6일 16시,월요일,경상북도 안동시 삼산동,경상사고,0,0,1,0,차대차 - 후진중충돌,안전운전불이행,건조,맑음,단일로 - 기타,승용,남,58세,상해없음,이륜,남,23세,경상
2019050600100384,2019년 5월 6일 16시,월요일,경상북도 칠곡군 동명면,경상사고,0,0,1,0,차대차 - 측면충돌,신호위반,건조,맑음,교차로 - 교차로안,승용,남,44세,상해없음,자전거,남,47세,경상
2019050600100385,2019년 5월 6일 16시,월요일,경상북도 칠곡군 기산면,부상신고사고,0,0,0,1,차대차 - 기타,안전운전불이행,건조,맑음,교차로 - 교차로부근,농기계,남,61세,부상신고,승용,남,57세,상해없음
2019050600100386,2019년 5월 6일 16시,월요일,경상북도 경산시 하양읍,경상사고,0,0,1,0,차대사람 - 길가장자리구역통행중,안전운전불이행,건조,맑음,단일로 - 기타,승용,여,55세,상해없음,보행자,남,49세,경상
2019050600100427,2019년 5월 6일 17시,월요일,경상북도 경주시 시래동,경상사고,0,0,4,0,차대차 - 측면충돌,안전운전불이행,건조,맑음,교차로 - 교차로안,화물,남,60세,상해없음,승용,여,38세,경상
2019050600100428,2019년 5월 6일 17시,월요일,경상북도 칠곡군 왜관읍,중상사고,0,1,2,0,차대차 - 측면충돌,안전운전불이행,건조,맑음,교차로 - 교차로부근,건설기계,남,67세,상해없음,승용,여,51세,중상
2019050600100429,2019년 5월 6일 17시,월요일,경상북도 칠곡군 왜관읍,경상사고,0,0,1,0,차대차 - 측면충돌,안전운전불이행,건조,맑음,단일로 - 기타,자전거,남,12세,경상,승합,남,52세,상해없음
2019050600100430,2019년 5월 6일 17시,월요일,경상북도 예천군 유천면,중상사고,0,1,0,0,차대차 - 측면충돌,직진우회전진행방해,건조,맑음,교차로 - 교차로안,승용,남,65세,상해없음,이륜,남,69세,중상
2019050600100431,2019년 5월 6일 17시,월요일,경상북도 구미시 사곡동,경상사고,0,0,1,0,차대차 - 기타,안전운전불이행,건조,맑음,기타 - 기타,승용,여,56세,상해없음,승용,여,53세,경상
2019050600100471,2019년 5월 6일 18시,월요일,경상북도 포항시 남구 송도동,경상사고,0,0,2,0,차대차 - 측면충돌,직진우회전진행방해,건조,맑음,교차로 - 교차로안,승용,여,45세,경상,승용,남,52세,경상
2019050600100507,2019년 5월 6일 19시,월요일,경상북도 경주시 용강동,경상사고,0,0,1,0,차대차 - 측면충돌,안전운전불이행,건조,맑음,교차로 - 교차로안,승용,여,37세,상해없음,이륜,남,36세,경상
2019050600100508,2019년 5월 6일 19시,월요일,경상북도 경주시 충효동,경상사고,0,0,1,1,차대차 - 측면충돌,신호위반,건조,맑음,교차로 - 교차로안,승합,여,52세,부상신고,승용,남,42세,경상
2019050600100509,2019년 5월 6일 19시,월요일,경상북도 구미시 봉곡동,중상사고,0,1,0,0,차대차 - 측면충돌,신호위반,건조,맑음,교차로 - 교차로안,승용,남,30세,상해없음,승용,남,24세,중상
2019050600100535,2019년 5월 6일 20시,월요일,경상북도 김천시 부곡동,중상사고,0,1,0,0,차대차 - 측면충돌,안전운전불이행,건조,맑음,단일로 - 기타,승용,남,37세,상해없음,이륜,남,28세,중상
2019050600100536,2019년 5월 6일 20시,월요일,경상북도 칠곡군 동명면,경상사고,0,0,3,0,차대차 - 기타,안전운전불이행,건조,맑음,단일로 - 기타,승용,여,58세,경상,승용,여,48세,경상
2019050600100564,2019년 5월 6일 21시,월요일,경상북도 경주시 덕동,경상사고,0,0,2,0,차대차 - 측면충돌,중앙선침범,건조,맑음,교차로 - 교차로부근,승용,남,44세,상해없음,화물,남,73세,경상
2019050600100565,2019년 5월 6일 21시,월요일,경상북도 경주시 현곡면,중상사고,0,1,0,0,차대차 - 추돌,안전운전불이행,건조,맑음,단일로 - 기타,승용,남,25세,상해없음,승용,여,58세,중상
2019050600100566,2019년 5월 6일 21시,월요일,경상북도 구미시 고아읍,경상사고,0,0,2,0,차대차 - 추돌,안전운전불이행,건조,맑음,교차로 - 교차로부근,승용,남,49세,상해없음,승용,여,40세,경상
2019050600100604,2019년 5월 6일 23시,월요일,경상북도 경산시 사동,경상사고,0,0,1,0,차대차 - 측면충돌,안전운전불이행,건조,맑음,단일로 - 기타,승용,여,26세,경상,화물,남,32세,상해없음
2019050700100052,2019년 5월 7일 02시,화요일,경상북도 구미시 임수동,경상사고,0,0,1,0,차대차 - 추돌,안전운전불이행,건조,맑음,단일로 - 기타,승용,여,27세,상해없음,승용,남,32세,경상
2019050700100053,2019년 5월 7일 02시,화요일,경상북도 구미시 봉곡동,중상사고,0,1,1,0,차대차 - 추돌,안전운전불이행,건조,맑음,단일로 - 기타,승용,남,48세,상해없음,승용,남,23세,중상
2019050700100060,2019년 5월 7일 04시,화요일,경상북도 안동시 풍천면,경상사고,0,0,1,0,차량단독 - 공작물충돌,안전운전불이행,건조,맑음,단일로 - 기타,승용,남,27세,경상,,,,
2019050700100101,2019년 5월 7일 07시,화요일,경상북도 칠곡군 왜관읍,경상사고,0,0,1,0,차대차 - 측면충돌,직진우회전진행방해,건조,맑음,교차로 - 교차로안,승용,남,48세,경상,승용,남,35세,상해없음
2019050700100148,2019년 5월 7일 08시,화요일,경상북도 상주시 서곡동,중상사고,0,1,0,0,차대차 - 측면충돌,안전운전불이행,건조,맑음,기타 - 기타,승용,남,74세,상해없음,이륜,여,58세,중상
2019050700100149,2019년 5월 7일 08시,화요일,경상북도 상주시 계산동,경상사고,0,0,1,0,차대차 - 측면충돌,안전운전불이행,건조,맑음,교차로 - 교차로안,화물,남,72세,상해없음,이륜,남,80세,경상
2019050700100150,2019년 5월 7일 08시,화요일,경상북도 칠곡군 왜관읍,중상사고,0,1,0,0,차대차 - 측면충돌,교차로운행방법위반,건조,맑음,교차로 - 교차로안,이륜,남,24세,중상,승용,남,36세,상해없음
2019050700100151,2019년 5월 7일 08시,화요일,경상북도 구미시 시미동,중상사고,0,2,1,0,차대차 - 측면충돌,안전운전불이행,건조,맑음,교차로 - 교차로안,승용,여,45세,경상,승용,여,23세,중상
2019050700100203,2019년 5월 7일 09시,화요일,경상북도 경산시 백천동,중상사고,0,1,0,0,차대사람 - 횡단중,안전운전불이행,건조,맑음,교차로 - 교차로부근,승용,남,84세,상해없음,보행자,여,63세,중상
2019050700100243,2019년 5월 7일 10시,화요일,경상북도 경산시 진량읍,경상사고,0,0,1,0,차대차 - 추돌,안전운전불이행,건조,맑음,단일로 - 기타,승용,남,23세,상해없음,승용,여,45세,경상
2019050700100268,2019년 5월 7일 11시,화요일,경상북도 경산시 옥산동,중상사고,0,1,0,0,차량단독 - 기타,안전운전불이행,건조,맑음,교차로 - 교차로안,승합,남,41세,상해없음,,,,
2019050700100269,2019년 5월 7일 11시,화요일,경상북도 봉화군 물야면,경상사고,0,0,3,0,차대차 - 측면충돌,안전운전불이행,건조,맑음,단일로 - 기타,화물,남,61세,상해없음,승용,여,37세,경상
2019050700100270,2019년 5월 7일 11시,화요일,경상북도 구미시 선산읍,사망사고,1,0,1,0,차대차 - 기타,과속,건조,맑음,단일로 - 기타,승용,남,80세,상해없음,승용,여,60세,상해없음
2019050700100311,2019년 5월 7일 12시,화요일,경상북도 포항시 남구 대잠동,경상사고,0,0,3,0,차대차 - 측면충돌,안전운전불이행,건조,맑음,단일로 - 기타,승용,남,52세,경상,승용,남,65세,경상
2019050700100358,2019년 5월 7일 13시,화요일,경상북도 고령군 대가야읍,경상사고,0,0,1,0,차대차 - 측면충돌,불법유턴,건조,맑음,교차로 - 교차로안,화물,남,59세,상해없음,승용,여,60세,경상
2019050700100359,2019년 5월 7일 13시,화요일,경상북도 군위군 우보면,중상사고,0,1,0,0,차대차 - 측면충돌,안전운전불이행,건조,맑음,단일로 - 기타,화물,남,72세,상해없음,이륜,여,51세,중상
2019050700100360,2019년 5월 7일 13시,화요일,경상북도 포항시 남구 송도동,경상사고,0,0,1,0,차대차 - 후진중충돌,안전운전불이행,건조,맑음,단일로 - 기타,특수,남,59세,상해없음,승용,남,76세,경상
2019050700100393,2019년 5월 7일 14시,화요일,경상북도 칠곡군 북삼읍,중상사고,0,1,0,0,차대사람 - 기타,안전운전불이행,건조,맑음,교차로 - 교차로안,승용,남,72세,상해없음,보행자,여,79세,중상
2019050700100394,2019년 5월 7일 14시,화요일,경상북도 고령군 성산면,경상사고,0,0,2,0,차대차 - 측면충돌,안전운전불이행,건조,맑음,교차로 - 교차로부근,건설기계,남,55세,상해없음,화물,남,42세,경상
2019050700100437,2019년 5월 7일 15시,화요일,경상북도 안동시 임동면,경상사고,0,0,2,0,차대차 - 측면충돌,교차로운행방법위반,건조,맑음,교차로 - 교차로안,화물,남,76세,상해없음,승합,남,68세,상해없음
2019050700100438,2019년 5월 7일 15시,화요일,경상북도 영덕군 영덕읍,중상사고,0,1,0,0,차대차 - 정면충돌,안전운전불이행,건조,맑음,단일로 - 기타,화물,남,48세,상해없음,이륜,남,52세,중상
2019050700100439,2019년 5월 7일 15시,화요일,경상북도 구미시 도개면,중상사고,0,1,0,0,차량단독 - 공작물충돌,안전운전불이행,건조,맑음,단일로 - 기타,이륜,남,59세,중상,,,,
2019050700100482,2019년 5월 7일 16시,화요일,경상북도 안동시 와룡면,중상사고,0,1,0,0,차대차 - 측면충돌,안전운전불이행,건조,맑음,단일로 - 기타,화물,남,61세,상해없음,사륜오토바이(ATV),여,69세,중상
2019050700100483,2019년 5월 7일 16시,화요일,경상북도 안동시 운흥동,중상사고,0,1,1,0,차대차 - 정면충돌,신호위반,건조,맑음,교차로 - 교차로안,승용,남,77세,상해없음,승용,남,69세,중상
2019050700100484,2019년 5월 7일 16시,화요일,경상북도 영천시 금호읍,경상사고,0,0,1,0,차대차 - 정면충돌,중앙선침범,건조,맑음,단일로 - 기타,화물,남,45세,상해없음,승용,남,66세,경상
2019050700100485,2019년 5월 7일 16시,화요일,경상북도 구미시 도개면,경상사고,0,0,1,0,차대차 - 기타,안전운전불이행,건조,맑음,단일로 - 기타,화물,남,23세,상해없음,승용,남,63세,경상
2019050700100486,2019년 5월 7일 16시,화요일,경상북도 구미시 고아읍,부상신고사고,0,0,0,1,차대차 - 기타,교차로운행방법위반,건조,맑음,교차로 - 교차로안,원동기,남,13세,부상신고,승용,남,24세,상해없음
2019050700100487,2019년 5월 7일 16시,화요일,경상북도 구미시 구평동,중상사고,0,1,1,0,차대차 - 측면충돌,신호위반,건조,맑음,교차로 - 교차로안,이륜,남,49세,중상,승용,여,53세,경상
2019050700100524,2019년 5월 7일 17시,화요일,경상북도 안동시 남문동,경상사고,0,0,1,0,차대사람 - 보도통행중,보행자보호의무위반,건조,맑음,단일로 - 기타,승용,남,78세,상해없음,보행자,여,62세,경상
2019050700100525,2019년 5월 7일 17시,화요일,경상북도 영천시 창구동,경상사고,0,0,2,0,차대차 - 측면충돌,중앙선침범,건조,맑음,단일로 - 기타,승용,남,58세,상해없음,화물,남,64세,경상
2019050700100580,2019년 5월 7일 18시,화요일,경상북도 경주시 사정동,중상사고,0,1,0,0,차대차 - 측면충돌,안전운전불이행,건조,맑음,교차로 - 교차로부근,승용,남,70세,상해없음,승용,남,58세,중상
2019050700100581,2019년 5월 7일 18시,화요일,경상북도 안동시 안막동,경상사고,0,0,1,0,차대사람 - 횡단중,신호위반,건조,맑음,단일로 - 기타,승용,여,52세,상해없음,보행자,여,16세,경상
2019050700100582,2019년 5월 7일 18시,화요일,경상북도 경산시 진량읍,중상사고,0,1,0,0,차량단독 - 공작물충돌,안전운전불이행,건조,맑음,교차로 - 교차로안,승용,남,61세,중상,,,,
2019050700100631,2019년 5월 7일 19시,화요일,경상북도 포항시 북구 장성동,중상사고,0,2,1,0,차대차 - 측면충돌,신호위반,건조,맑음,교차로 - 교차로안,승용,여,38세,경상,승용,여,42세,중상
2019050700100632,2019년 5월 7일 19시,화요일,경상북도 영천시 망정동,경상사고,0,0,1,0,차대차 - 측면충돌,기타,건조,맑음,교차로 - 교차로안,이륜,남,16세,경상,승용,남,65세,상해없음
2019050700100633,2019년 5월 7일 19시,화요일,경상북도 구미시 황상동,중상사고,0,1,2,0,차대차 - 기타,중앙선침범,건조,맑음,교차로 - 교차로부근,승용,여,21세,상해없음,승용,여,29세,중상
2019050700100670,2019년 5월 7일 20시,화요일,경상북도 영천시 망정동,중상사고,0,1,1,0,차대차 - 기타,차로위반,건조,맑음,단일로 - 기타,승용,여,25세,상해없음,승용,남,28세,중상
2019050700100690,2019년 5월 7일 21시,화요일,경상북도 구미시 진평동,경상사고,0,0,1,0,차대차 - 기타,안전운전불이행,건조,맑음,교차로 - 교차로안,자전거,남,12세,경상,승용,남,33세,상해없음
2019050800100048,2019년 5월 8일 01시,수요일,경상북도 포항시 남구 오천읍,중상사고,0,1,0,0,차대사람 - 횡단중,보행자보호의무위반,건조,맑음,교차로 - 교차로횡단보도내,승용,남,21세,상해없음,보행자,남,50세,중상
2019050800100077,2019년 5월 8일 06시,수요일,경상북도 경주시 양북면,중상사고,0,2,0,0,차대차 - 측면충돌,신호위반,건조,맑음,교차로 - 교차로안,승용,여,66세,중상,화물,남,58세,중상
2019050800100100,2019년 5월 8일 07시,수요일,경상북도 안동시 용상동,중상사고,0,1,0,0,차대사람 - 횡단중,안전운전불이행,건조,맑음,교차로 - 교차로안,자전거,남,16세,기타불명,보행자,여,80세,중상
2019050800100148,2019년 5월 8일 08시,수요일,경상북도 경주시 외동읍,중상사고,0,1,0,0,차대사람 - 횡단중,신호위반,건조,맑음,교차로 - 교차로안,승용,남,63세,상해없음,보행자,여,77세,중상
2019050800100180,2019년 5월 8일 09시,수요일,경상북도 포항시 북구 득량동,경상사고,0,0,1,0,차대차 - 추돌,안전거리미확보,건조,맑음,단일로 - 기타,승용,여,62세,기타불명,승용,남,43세,경상
2019050800100181,2019년 5월 8일 09시,수요일,경상북도 영천시 화북면,중상사고,0,1,0,0,차대차 - 기타,안전운전불이행,건조,맑음,단일로 - 기타,원동기,남,87세,중상,화물,남,59세,상해없음
2019050800100182,2019년 5월 8일 09시,수요일,경상북도 경산시 사동,경상사고,0,0,1,0,차대차 - 추돌,안전거리미확보,기타,맑음,교차로 - 교차로안,승용,여,32세,상해없음,승용,여,67세,경상
2019050800100183,2019년 5월 8일 09시,수요일,경상북도 구미시 황상동,경상사고,0,0,1,0,차량단독 - 공작물충돌,안전운전불이행,건조,맑음,단일로 - 기타,이륜,남,40세,경상,,,,
2019050800100231,2019년 5월 8일 10시,수요일,경상북도 경주시 천북면,경상사고,0,0,1,0,차대차 - 측면충돌,중앙선침범,건조,맑음,교차로 - 교차로안,건설기계,남,45세,상해없음,승용,여,41세,경상
2019050800100232,2019년 5월 8일 10시,수요일,경상북도 김천시 조마면,사망사고,1,0,0,0,차대사람 - 횡단중,안전운전불이행,건조,맑음,교차로 - 교차로안,승용,여,66세,상해없음,보행자,남,75세,사망
2019050800100233,2019년 5월 8일 10시,수요일,경상북도 의성군 다인면,중상사고,0,1,0,0,차대사람 - 길가장자리구역통행중,안전운전불이행,건조,맑음,단일로 - 기타,화물,남,72세,상해없음,보행자,여,81세,중상
2019050800100234,2019년 5월 8일 10시,수요일,경상북도 포항시 남구 대송면,경상사고,0,0,1,0,차량단독 - 기타,안전운전불이행,건조,맑음,주차장 - 주차장,승용,남,74세,경상,,,,
2019050800100235,2019년 5월 8일 10시,수요일,경상북도 포항시 남구 대도동,중상사고,0,1,0,0,차대차 - 기타,안전거리미확보,건조,맑음,교차로 - 교차로부근,승용,여,54세,상해없음,승용,여,44세,중상
2019050800100265,2019년 5월 8일 11시,수요일,경상북도 경주시 강동면,중상사고,0,1,0,0,차대사람 - 길가장자리구역통행중,안전운전불이행,건조,맑음,교차로 - 교차로안,승용,남,29세,상해없음,보행자,여,67세,중상
2019050800100266,2019년 5월 8일 11시,수요일,경상북도 포항시 북구 상원동,중상사고,0,1,3,0,차대차 - 측면충돌,안전운전불이행,건조,맑음,단일로 - 기타,승합,남,52세,경상,특수,남,46세,중상
2019050800100267,2019년 5월 8일 11시,수요일,경상북도 김천시 평화동,중상사고,0,1,0,0,차대사람 - 횡단중,보행자보호의무위반,건조,맑음,단일로 - 기타,화물,남,68세,상해없음,보행자,여,66세,중상
2019050800100268,2019년 5월 8일 11시,수요일,경상북도 구미시 송정동,부상신고사고,0,0,0,1,차량단독 - 기타,안전운전불이행,건조,맑음,교차로 - 교차로부근,이륜,남,36세,부상신고,,,,
2019050800100333,2019년 5월 8일 13시,수요일,경상북도 영주시 가흥동,중상사고,0,1,0,0,차대차 - 측면충돌,안전운전불이행,건조,맑음,단일로 - 기타,화물,남,69세,상해없음,자전거,남,84세,중상
2019050800100334,2019년 5월 8일 13시,수요일,경상북도 경산시 중산동,경상사고,0,0,1,0,차대차 - 추돌,안전운전불이행,건조,맑음,교차로 - 교차로부근,승용,남,49세,상해없음,승용,남,56세,경상
2019050800100365,2019년 5월 8일 14시,수요일,경상북도 안동시 옥동,중상사고,0,1,0,0,차대사람 - 길가장자리구역통행중,안전운전불이행,건조,맑음,단일로 - 기타,승용,남,50세,상해없음,보행자,남,71세,중상
2019050800100366,2019년 5월 8일 14시,수요일,경상북도 경산시 백천동,경상사고,0,0,1,0,차대차 - 측면충돌,안전거리미확보,건조,맑음,단일로 - 기타,승용,여,48세,상해없음,승용,여,58세,경상
2019050800100401,2019년 5월 8일 15시,수요일,경상북도 경주시 현곡면,경상사고,0,0,1,0,차대차 - 기타,중앙선침범,건조,맑음,교차로 - 교차로부근,승용,남,46세,상해없음,화물,남,64세,상해없음
2019050800100402,2019년 5월 8일 15시,수요일,경상북도 상주시 외남면,중상사고,0,1,0,0,차대차 - 측면충돌,안전운전불이행,건조,맑음,교차로 - 교차로안,화물,남,72세,상해없음,이륜,남,75세,중상
2019050800100403,2019년 5월 8일 15시,수요일,경상북도 영천시 화룡동,경상사고,0,0,2,0,차대차 - 측면충돌,차로위반,건조,맑음,교차로 - 교차로부근,승용,남,33세,상해없음,화물,남,41세,경상
2019050800100404,2019년 5월 8일 15시,수요일,경상북도 문경시 모전동,중상사고,0,1,0,0,차대차 - 후진중충돌,안전운전불이행,건조,맑음,단일로 - 기타,화물,남,65세,상해없음,이륜,여,76세,중상
2019050800100451,2019년 5월 8일 16시,수요일,경상북도 포항시 북구 죽도동,경상사고,0,0,1,0,차대사람 - 차도통행중,안전운전불이행,건조,맑음,단일로 - 기타,화물,남,50세,상해없음,보행자,여,61세,경상
2019050800100452,2019년 5월 8일 16시,수요일,경상북도 포항시 북구 용흥동,경상사고,0,0,1,0,차대차 - 기타,안전운전불이행,건조,맑음,단일로 - 고가도로위,승용,남,54세,상해없음,승용,여,49세,경상
2019050800100453,2019년 5월 8일 16시,수요일,경상북도 고령군 대가야읍,경상사고,0,0,4,0,차대차 - 측면충돌,직진우회전진행방해,건조,맑음,교차로 - 교차로안,승용,여,37세,경상,승용,여,61세,경상
2019050800100495,2019년 5월 8일 17시,수요일,경상북도 포항시 북구 청하면,경상사고,0,0,3,0,차대차 - 추돌,안전운전불이행,건조,맑음,단일로 - 기타,승용,여,32세,상해없음,승용,여,50세,경상
2019050800100496,2019년 5월 8일 17시,수요일,경상북도 포항시 북구 흥해읍,경상사고,0,0,1,0,차대차 - 기타,안전운전불이행,건조,맑음,교차로 - 교차로부근,화물,남,52세,상해없음,승용,여,55세,경상
2019050800100497,2019년 5월 8일 17시,수요일,경상북도 경산시 중방동,경상사고,0,0,1,0,차대차 - 추돌,안전운전불이행,건조,맑음,단일로 - 기타,승용,여,47세,기타불명,화물,남,47세,경상
2019050800100545,2019년 5월 8일 18시,수요일,경상북도 포항시 북구 득량동,경상사고,0,0,2,0,차대차 - 측면충돌,안전운전불이행,건조,맑음,교차로 - 교차로안,승용,여,48세,상해없음,승용,여,36세,경상
2019050800100546,2019년 5월 8일 18시,수요일,경상북도 상주시 모동면,경상사고,0,0,1,0,차대차 - 측면충돌,안전운전불이행,건조,맑음,교차로 - 교차로안,승합,남,59세,상해없음,자전거,남,73세,경상
2019050800100547,2019년 5월 8일 18시,수요일,경상북도 울릉군 서면,중상사고,0,1,1,0,차대차 - 정면충돌,신호위반,건조,맑음,단일로 - 터널,승용,남,66세,상해없음,승용,남,33세,중상
2019050800100548,2019년 5월 8일 18시,수요일,경상북도 구미시 옥계동,경상사고,0,0,1,1,차대차 - 측면충돌,신호위반,건조,맑음,교차로 - 교차로안,이륜,남,25세,부상신고,승용,남,29세,경상
2019050800100587,2019년 5월 8일 19시,수요일,경상북도 포항시 남구 송내동,경상사고,0,0,2,0,차대차 - 측면충돌,신호위반,건조,맑음,교차로 - 교차로안,승용,남,29세,상해없음,승용,남,46세,경상
2019050800100666,2019년 5월 8일 21시,수요일,경상북도 포항시 남구 오천읍,경상사고,0,0,1,0,차대차 - 기타,중앙선침범,건조,맑음,단일로 - 기타,승용,여,44세,상해없음,이륜,남,31세,경상
2019050800100689,2019년 5월 8일 22시,수요일,경상북도 구미시 형곡동,경상사고,0,0,1,0,차대차 - 추돌,안전운전불이행,건조,맑음,교차로 - 교차로부근,승용,여,50세,상해없음,승합,남,53세,경상
2019050800100690,2019년 5월 8일 22시,수요일,경상북도 구미시 오태동,경상사고,0,0,3,0,차대차 - 정면충돌,중앙선침범,건조,맑음,교차로 - 교차로부근,승용,여,56세,상해없음,승용,남,64세,경상
2019050900100075,2019년 5월 9일 06시,목요일,경상북도 구미시 임수동,경상사고,0,0,1,0,차대차 - 기타,신호위반,건조,맑음,교차로 - 교차로안,승용,남,58세,상해없음,화물,남,39세,경상
2019050900100102,2019년 5월 9일 07시,목요일,경상북도 칠곡군 북삼읍,경상사고,0,0,3,0,차대차 - 측면충돌,교차로운행방법위반,건조,맑음,교차로 - 교차로안,승용,여,59세,경상,승용,여,35세,경상
2019050900100103,2019년 5월 9일 07시,목요일,경상북도 영천시 도동,경상사고,0,0,1,0,차대차 - 측면충돌,교차로운행방법위반,건조,맑음,교차로 - 교차로안,승용,남,51세,상해없음,승용,남,21세,경상
2019050900100104,2019년 5월 9일 07시,목요일,경상북도 고령군 성산면,중상사고,0,3,2,0,차대차 - 추돌,안전운전불이행,건조,맑음,교차로 - 교차로안,화물,남,51세,상해없음,승용,남,40세,경상
2019050900100138,2019년 5월 9일 08시,목요일,경상북도 영천시 금호읍,경상사고,0,0,2,0,차대차 - 기타,안전운전불이행,건조,맑음,교차로 - 교차로안,승합,여,66세,경상,승용,남,39세,경상
2019050900100187,2019년 5월 9일 09시,목요일,경상북도 영주시 휴천동,경상사고,0,0,1,0,차대차 - 측면충돌,안전운전불이행,건조,맑음,단일로 - 기타,이륜,남,65세,경상,승용,여,34세,상해없음
2019050900100188,2019년 5월 9일 09시,목요일,경상북도 경산시 사동,경상사고,0,0,1,0,차대사람 - 횡단중,보행자보호의무위반,건조,맑음,교차로 - 교차로횡단보도내,승용,여,49세,상해없음,보행자,여,20세,경상
2019050900100189,2019년 5월 9일 09시,목요일,경상북도 구미시 도량동,경상사고,0,0,1,0,차대차 - 기타,교차로운행방법위반,건조,맑음,교차로 - 교차로안,승용,남,54세,상해없음,승용,여,44세,경상
2019050900100220,2019년 5월 9일 10시,목요일,경상북도 경주시 현곡면,경상사고,0,0,1,0,차대차 - 측면충돌,안전운전불이행,건조,맑음,교차로 - 교차로횡단보도내,자전거,남,34세,경상,승용,여,60세,상해없음
2019050900100221,2019년 5월 9일 10시,목요일,경상북도 경산시 중산동,중상사고,0,1,0,0,차대사람 - 차도통행중,안전운전불이행,건조,맑음,단일로 - 기타,건설기계,남,53세,상해없음,보행자,남,64세,중상
2019050900100250,2019년 5월 9일 11시,목요일,경상북도 경주시 천북면,경상사고,0,0,1,0,차대차 - 측면충돌,신호위반,건조,맑음,교차로 - 교차로안,화물,남,52세,상해없음,승용,남,50세,경상
2019050900100251,2019년 5월 9일 11시,목요일,경상북도 영양군 영양읍,경상사고,0,0,1,0,차대사람 - 길가장자리구역통행중,안전운전불이행,건조,맑음,단일로 - 기타,승용,남,42세,상해없음,보행자,남,44세,경상
2019050900100283,2019년 5월 9일 12시,목요일,경상북도 경산시 서상동,경상사고,0,0,2,0,차대차 - 측면충돌,교차로운행방법위반,건조,맑음,교차로 - 교차로안,승용,남,27세,상해없음,화물,남,60세,경상
2019050900100325,2019년 5월 9일 13시,목요일,경상북도 포항시 북구 항구동,경상사고,0,0,1,0,차대차 - 측면충돌,안전운전불이행,건조,맑음,교차로 - 교차로안,승용,남,76세,상해없음,자전거,남,69세,경상
2019050900100326,2019년 5월 9일 13시,목요일,경상북도 포항시 북구 장성동,경상사고,0,0,1,0,차대차 - 추돌,안전거리미확보,건조,맑음,교차로 - 교차로부근,승용,여,31세,상해없음,승용,남,28세,경상