사고번호,사고일시,요일,시군구,사고내용,사망자수,중상자수,경상자수,부상신고자수,사고유형,법규위반,노면상태,기상상태,도로형태,가해운전자 차종,가해운전자 성별,가해운전자 연령,가해운전자 상해정도,피해운전자 차종,피해운전자 성별,피해운전자 연령,피해운전자 상해정도
2019050900100327,2019년 5월 9일 13시,목요일,경상북도 상주시 외서면,경상사고,0,0,1,0,차대차 - 측면충돌,중앙선침범,건조,맑음,단일로 - 기타,승합,남,61세,상해없음,승용,여,34세,경상
2019050900100328,2019년 5월 9일 13시,목요일,경상북도 고령군 대가야읍,경상사고,0,0,1,0,차대차 - 기타,안전운전불이행,건조,맑음,단일로 - 기타,건설기계,남,66세,상해없음,농기계,남,69세,경상
2019050900100364,2019년 5월 9일 14시,목요일,경상북도 칠곡군 왜관읍,중상사고,0,1,0,0,차대차 - 측면충돌,안전운전불이행,건조,맑음,교차로 - 교차로안,승용,여,39세,상해없음,이륜,여,63세,중상
2019050900100365,2019년 5월 9일 14시,목요일,경상북도 포항시 남구 상도동,중상사고,0,1,0,0,차대차 - 측면충돌,신호위반,건조,맑음,단일로 - 기타,승용,남,20세,상해없음,자전거,남,70세,중상
2019050900100390,2019년 5월 9일 15시,목요일,경상북도 포항시 북구 죽도동,경상사고,0,0,1,0,차대사람 - 차도통행중,안전운전불이행,건조,맑음,단일로 - 기타,승용,남,60세,상해없음,보행자,여,4세,경상
2019050900100391,2019년 5월 9일 15시,목요일,경상북도 성주군 월항면,경상사고,0,0,1,0,차대차 - 측면충돌,안전운전불이행,건조,맑음,교차로 - 교차로안,승용,남,70세,상해없음,화물,남,64세,경상
2019050900100392,2019년 5월 9일 15시,목요일,경상북도 포항시 남구 장흥동,경상사고,0,0,1,0,차대차 - 추돌,안전운전불이행,건조,맑음,단일로 - 기타,승용,남,53세,상해없음,승용,남,31세,경상
2019050900100431,2019년 5월 9일 16시,목요일,경상북도 포항시 북구 흥해읍,경상사고,0,0,2,0,차대차 - 추돌,안전거리미확보,건조,맑음,교차로 - 교차로부근,건설기계,남,40세,상해없음,승용,여,53세,경상
2019050900100432,2019년 5월 9일 16시,목요일,경상북도 김천시 율곡동,경상사고,0,0,1,0,차대차 - 추돌,안전운전불이행,건조,맑음,교차로 - 교차로부근,승용,남,54세,상해없음,승용,여,25세,경상
2019050900100433,2019년 5월 9일 16시,목요일,경상북도 영천시 야사동,경상사고,0,0,2,0,차대차 - 기타,안전운전불이행,건조,맑음,기타 - 기타,승용,여,51세,경상,승용,여,49세,경상
2019050900100434,2019년 5월 9일 16시,목요일,경상북도 울진군 근남면,중상사고,0,1,0,0,차대사람 - 기타,안전운전불이행,건조,맑음,단일로 - 기타,기타불명,기타불명,미분류,기타불명,보행자,여,82세,중상
2019050900100476,2019년 5월 9일 17시,목요일,경상북도 김천시 황금동,경상사고,0,0,1,0,차대사람 - 횡단중,보행자보호의무위반,건조,맑음,교차로 - 교차로횡단보도내,승용,남,57세,상해없음,보행자,여,60세,경상
2019050900100477,2019년 5월 9일 17시,목요일,경상북도 영주시 가흥동,경상사고,0,0,1,0,차대차 - 기타,안전운전불이행,건조,맑음,교차로 - 교차로안,승용,여,41세,상해없음,승용,남,65세,경상
2019050900100478,2019년 5월 9일 17시,목요일,경상북도 청도군 이서면,경상사고,0,0,2,0,차대차 - 추돌,안전운전불이행,건조,맑음,단일로 - 터널,승용,여,42세,상해없음,승용,남,50세,경상
2019050900100479,2019년 5월 9일 17시,목요일,경상북도 포항시 남구 오천읍,중상사고,0,1,0,0,차대사람 - 기타,안전운전불이행,건조,맑음,교차로 - 교차로안,승용,남,33세,상해없음,보행자,남,65세,중상
2019050900100529,2019년 5월 9일 18시,목요일,경상북도 안동시 안기동,중상사고,0,1,0,0,차대차 - 기타,안전운전불이행,건조,맑음,단일로 - 기타,승용,여,48세,상해없음,자전거,남,82세,중상
2019050900100530,2019년 5월 9일 18시,목요일,경상북도 상주시 낙양동,중상사고,0,1,0,0,차대사람 - 기타,안전운전불이행,건조,맑음,주차장 - 주차장,승용,남,44세,상해없음,보행자,남,5세,중상
2019050900100531,2019년 5월 9일 18시,목요일,경상북도 경산시 백천동,경상사고,0,0,1,0,차대사람 - 기타,안전운전불이행,건조,맑음,교차로 - 교차로횡단보도내,승용,여,57세,상해없음,보행자,여,13세,경상
2019050900100565,2019년 5월 9일 19시,목요일,경상북도 경주시 황성동,경상사고,0,0,1,0,차대차 - 기타,중앙선침범,건조,맑음,교차로 - 교차로부근,이륜,남,19세,상해없음,이륜,남,28세,경상
2019050900100566,2019년 5월 9일 19시,목요일,경상북도 칠곡군 석적읍,중상사고,0,1,0,0,차대차 - 측면충돌,교차로운행방법위반,건조,맑음,교차로 - 교차로안,승용,남,25세,상해없음,승용,남,56세,중상
2019050900100567,2019년 5월 9일 19시,목요일,경상북도 구미시 송정동,경상사고,0,0,1,0,차대차 - 기타,안전운전불이행,건조,맑음,교차로 - 교차로안,승용,남,39세,상해없음,승용,여,50세,상해없음
2019050900100592,2019년 5월 9일 20시,목요일,경상북도 안동시 동부동,중상사고,0,1,0,0,차대차 - 측면충돌,안전운전불이행,건조,맑음,교차로 - 교차로안,화물,남,53세,상해없음,승용,남,47세,중상
2019050900100593,2019년 5월 9일 20시,목요일,경상북도 예천군 호명면,경상사고,0,0,1,0,차대차 - 측면충돌,안전운전불이행,건조,맑음,단일로 - 기타,이륜,남,29세,경상,승용,남,58세,상해없음
2019050900100627,2019년 5월 9일 21시,목요일,경상북도 문경시 점촌동,경상사고,0,0,1,0,차대사람 - 차도통행중,안전운전불이행,건조,맑음,주차장 - 주차장,승용,남,58세,상해없음,보행자,남,61세,경상
2019050900100628,2019년 5월 9일 21시,목요일,경상북도 예천군 호명면,경상사고,0,0,2,0,차대차 - 측면충돌,안전거리미확보,건조,맑음,교차로 - 교차로안,승용,남,21세,상해없음,승용,여,41세,경상
2019050900100652,2019년 5월 9일 22시,목요일,경상북도 예천군 예천읍,중상사고,0,2,0,0,차대차 - 측면충돌,안전운전불이행,건조,맑음,교차로 - 교차로안,승용,남,22세,중상,승용,남,60세,중상
2019050900100653,2019년 5월 9일 22시,목요일,경상북도 칠곡군 지천면,경상사고,0,0,2,0,차대차 - 추돌,안전운전불이행,건조,맑음,단일로 - 기타,승용,남,58세,상해없음,승용,남,42세,경상
2019050900100672,2019년 5월 9일 23시,목요일,경상북도 경산시 진량읍,경상사고,0,0,1,0,차대차 - 추돌,안전운전불이행,건조,맑음,교차로 - 교차로부근,승합,남,56세,상해없음,승합,남,47세,경상
2019051000100036,2019년 5월 10일 00시,금요일,경상북도 의성군 단밀면,경상사고,0,0,1,0,차량단독 - 공작물충돌,안전운전불이행,건조,맑음,단일로 - 기타,화물,남,49세,경상,,,,
2019051000100102,2019년 5월 10일 06시,금요일,경상북도 포항시 북구 용흥동,중상사고,0,2,0,0,차대차 - 측면충돌,신호위반,건조,맑음,교차로 - 교차로안,승용,남,69세,중상,승용,남,55세,중상
2019051000100115,2019년 5월 10일 07시,금요일,경상북도 의성군 안평면,경상사고,0,0,1,0,차대차 - 측면충돌,기타,건조,맑음,교차로 - 교차로부근,승용,남,83세,상해없음,화물,남,61세,상해없음
2019051000100116,2019년 5월 10일 07시,금요일,경상북도 영양군 일월면,경상사고,0,0,1,0,차대차 - 정면충돌,안전운전불이행,건조,맑음,단일로 - 기타,이륜,남,77세,상해없음,승합,남,41세,상해없음
2019051000100117,2019년 5월 10일 07시,금요일,경상북도 구미시 진평동,중상사고,0,1,0,0,차대차 - 기타,교차로운행방법위반,건조,맑음,교차로 - 교차로안,승용,남,39세,상해없음,개인형이동수단(PM),남,54세,중상
2019051000100162,2019년 5월 10일 08시,금요일,경상북도 영주시 하망동,중상사고,0,1,0,0,차대차 - 측면충돌,신호위반,건조,맑음,교차로 - 교차로안,자전거,남,86세,중상,승용,남,54세,상해없음
2019051000100163,2019년 5월 10일 08시,금요일,경상북도 칠곡군 석적읍,경상사고,0,0,1,0,차대차 - 측면충돌,안전운전불이행,건조,맑음,단일로 - 기타,승용,여,37세,경상,화물,남,56세,상해없음
2019051000100164,2019년 5월 10일 08시,금요일,경상북도 봉화군 법전면,중상사고,0,3,5,0,차대차 - 추돌,안전운전불이행,건조,맑음,단일로 - 기타,화물,남,68세,상해없음,승용,여,39세,경상
2019051000100165,2019년 5월 10일 08시,금요일,경상북도 영양군 청기면,경상사고,0,0,3,0,차대차 - 측면충돌,직진우회전진행방해,건조,맑음,교차로 - 교차로안,화물,남,53세,경상,화물,남,67세,경상
2019051000100166,2019년 5월 10일 08시,금요일,경상북도 구미시 옥계동,중상사고,0,1,2,0,차대차 - 기타,안전운전불이행,건조,맑음,단일로 - 기타,승용,여,50세,상해없음,승용,남,66세,상해없음
2019051000100202,2019년 5월 10일 09시,금요일,경상북도 경주시 용강동,중상사고,0,1,0,0,차량단독 - 공작물충돌,안전운전불이행,건조,맑음,교차로 - 교차로부근,자전거,남,71세,중상,,,,
2019051000100203,2019년 5월 10일 09시,금요일,경상북도 칠곡군 왜관읍,경상사고,0,0,1,0,차대차 - 추돌,안전운전불이행,건조,맑음,교차로 - 교차로부근,승용,남,76세,상해없음,승용,남,75세,경상
2019051000100236,2019년 5월 10일 10시,금요일,경상북도 영주시 가흥동,경상사고,0,0,2,0,차대차 - 추돌,안전운전불이행,건조,맑음,단일로 - 기타,승용,남,66세,상해없음,승합,남,57세,경상
2019051000100237,2019년 5월 10일 10시,금요일,경상북도 고령군 성산면,중상사고,0,1,0,0,차대차 - 측면충돌,안전운전불이행,건조,맑음,교차로 - 교차로부근,승용,남,55세,상해없음,이륜,여,80세,중상
2019051000100262,2019년 5월 10일 11시,금요일,경상북도 포항시 북구 죽도동,경상사고,0,0,1,0,차대차 - 기타,신호위반,건조,맑음,교차로 - 교차로안,승용,남,74세,상해없음,승용,여,60세,경상
2019051000100263,2019년 5월 10일 11시,금요일,경상북도 안동시 송현동,경상사고,0,0,1,0,차대차 - 측면충돌,기타,건조,맑음,교차로 - 교차로부근,승용,남,62세,상해없음,승용,남,60세,경상
2019051000100264,2019년 5월 10일 11시,금요일,경상북도 김천시 평화동,중상사고,0,1,0,0,차대사람 - 횡단중,보행자보호의무위반,건조,맑음,교차로 - 교차로부근,승용,남,78세,상해없음,보행자,남,17세,중상
2019051000100265,2019년 5월 10일 11시,금요일,경상북도 포항시 남구 장흥동,경상사고,0,0,3,0,차대차 - 추돌,안전거리미확보,건조,맑음,단일로 - 기타,승용,남,35세,경상,승용,남,39세,경상
2019051000100295,2019년 5월 10일 12시,금요일,경상북도 안동시 용상동,경상사고,0,0,1,0,차대차 - 측면충돌,안전운전불이행,건조,맑음,단일로 - 기타,승용,여,64세,상해없음,화물,남,34세,경상
2019051000100296,2019년 5월 10일 12시,금요일,경상북도 포항시 남구 장기면,중상사고,0,1,0,0,차대차 - 측면충돌,직진우회전진행방해,건조,맑음,교차로 - 교차로안,화물,남,58세,상해없음,이륜,남,74세,중상
2019051000100339,2019년 5월 10일 13시,금요일,경상북도 안동시 평화동,중상사고,0,1,0,0,차대차 - 추돌,신호위반,건조,맑음,교차로 - 교차로안,이륜,남,78세,상해없음,승합,남,48세,상해없음
2019051000100340,2019년 5월 10일 13시,금요일,경상북도 포항시 남구 송내동,경상사고,0,0,1,0,차대차 - 측면충돌,안전운전불이행,건조,맑음,단일로 - 기타,화물,남,58세,상해없음,승용,남,21세,경상
2019051000100341,2019년 5월 10일 13시,금요일,경상북도 포항시 남구 오천읍,경상사고,0,0,2,0,차대차 - 측면충돌,직진우회전진행방해,건조,맑음,교차로 - 교차로안,승용,남,66세,경상,승용,남,36세,경상
2019051000100375,2019년 5월 10일 14시,금요일,경상북도 김천시 황금동,경상사고,0,0,1,0,차대사람 - 횡단중,안전운전불이행,건조,맑음,단일로 - 기타,화물,여,60세,상해없음,보행자,여,61세,경상
2019051000100376,2019년 5월 10일 14시,금요일,경상북도 상주시 남성동,경상사고,0,0,1,0,차대차 - 측면충돌,교차로운행방법위반,건조,맑음,교차로 - 교차로안,승용,남,49세,상해없음,자전거,여,48세,경상
2019051000100377,2019년 5월 10일 14시,금요일,경상북도 의성군 금성면,경상사고,0,0,1,0,차대차 - 기타,직진우회전진행방해,건조,맑음,교차로 - 교차로안,화물,남,57세,상해없음,승용,남,59세,경상
2019051000100428,2019년 5월 10일 15시,금요일,경상북도 안동시 용상동,중상사고,0,1,0,0,차대차 - 기타,안전운전불이행,건조,맑음,단일로 - 기타,승용,여,42세,상해없음,승합,남,42세,상해없음
2019051000100429,2019년 5월 10일 15시,금요일,경상북도 상주시 화산동,중상사고,0,1,0,0,차대차 - 측면충돌,신호위반,건조,맑음,교차로 - 교차로안,승용,남,54세,상해없음,승용,여,37세,중상
2019051000100430,2019년 5월 10일 15시,금요일,경상북도 의성군 단촌면,경상사고,0,0,1,0,차량단독 - 전도전복 - 전도,안전운전불이행,건조,맑음,단일로 - 기타,이륜,남,72세,경상,,,,
2019051000100472,2019년 5월 10일 16시,금요일,경상북도 김천시 감호동,경상사고,0,0,1,0,차대차 - 측면충돌,안전운전불이행,건조,맑음,교차로 - 교차로부근,승용,여,53세,상해없음,이륜,남,24세,경상
2019051000100473,2019년 5월 10일 16시,금요일,경상북도 경산시 와촌면,경상사고,0,0,1,0,차대차 - 추돌,안전운전불이행,건조,맑음,교차로 - 교차로부근,건설기계,남,28세,상해없음,승합,남,56세,경상
2019051000100511,2019년 5월 10일 17시,금요일,경상북도 경주시 황성동,경상사고,0,0,1,0,차대차 - 측면충돌,안전운전불이행,건조,맑음,교차로 - 교차로안,이륜,남,24세,경상,승용,남,62세,상해없음
2019051000100512,2019년 5월 10일 17시,금요일,경상북도 칠곡군 석적읍,경상사고,0,0,3,0,차대차 - 측면충돌,안전운전불이행,건조,맑음,단일로 - 기타,승용,남,20세,상해없음,승합,남,51세,경상
2019051000100513,2019년 5월 10일 17시,금요일,경상북도 영덕군 영해면,중상사고,0,1,0,0,차대사람 - 길가장자리구역통행중,안전운전불이행,건조,맑음,단일로 - 기타,승용,남,64세,상해없음,보행자,여,54세,중상
2019051000100514,2019년 5월 10일 17시,금요일,경상북도 고령군 대가야읍,경상사고,0,0,3,1,차대차 - 측면충돌,교차로운행방법위반,건조,맑음,교차로 - 교차로안,승용,남,45세,경상,승합,남,32세,상해없음
2019051000100515,2019년 5월 10일 17시,금요일,경상북도 구미시 장천면,경상사고,0,0,1,0,차대차 - 기타,안전운전불이행,건조,맑음,단일로 - 기타,화물,남,59세,상해없음,승용,여,21세,경상
2019051000100516,2019년 5월 10일 17시,금요일,경상북도 포항시 남구 대도동,경상사고,0,0,1,0,차대차 - 측면충돌,불법유턴,건조,맑음,교차로 - 교차로부근,승용,여,37세,상해없음,이륜,남,16세,경상
2019051000100517,2019년 5월 10일 17시,금요일,경상북도 포항시 남구 효자동,경상사고,0,0,1,0,차대차 - 기타,교차로운행방법위반,건조,맑음,교차로 - 교차로안,승용,여,35세,상해없음,이륜,남,29세,경상
2019051000100518,2019년 5월 10일 17시,금요일,경상북도 칠곡군 지천면,중상사고,0,1,1,0,차대차 - 추돌,안전거리미확보,건조,맑음,단일로 - 기타,화물,남,43세,상해없음,화물,남,46세,상해없음
2019051000100566,2019년 5월 10일 18시,금요일,경상북도 김천시 신음동,중상사고,0,1,0,0,차대차 - 측면충돌,교차로운행방법위반,건조,맑음,교차로 - 교차로안,승용,남,23세,상해없음,이륜,남,22세,중상
2019051000100567,2019년 5월 10일 18시,금요일,경상북도 상주시 함창읍,경상사고,0,0,1,0,차대차 - 추돌,안전운전불이행,건조,맑음,단일로 - 기타,승용,남,35세,상해없음,승용,여,57세,경상
2019051000100568,2019년 5월 10일 18시,금요일,경상북도 상주시 냉림동,중상사고,0,1,0,0,차대사람 - 차도통행중,안전운전불이행,건조,맑음,단일로 - 기타,승용,여,45세,상해없음,보행자,여,70세,중상
2019051000100606,2019년 5월 10일 19시,금요일,경상북도 경주시 황오동,경상사고,0,0,1,0,차대사람 - 차도통행중,안전운전불이행,건조,맑음,단일로 - 기타,승용,여,28세,상해없음,보행자,남,49세,경상
2019051000100607,2019년 5월 10일 19시,금요일,경상북도 포항시 북구 두호동,경상사고,0,0,1,0,차대차 - 측면충돌,차로위반,건조,맑음,단일로 - 기타,승용,남,29세,상해없음,승용,남,56세,경상
2019051000100608,2019년 5월 10일 19시,금요일,경상북도 구미시 구평동,중상사고,0,1,2,0,차대차 - 추돌,안전운전불이행,건조,맑음,단일로 - 기타,승용,남,55세,상해없음,승용,남,54세,경상
2019051000100652,2019년 5월 10일 20시,금요일,경상북도 경주시 황성동,경상사고,0,0,1,0,차대차 - 측면충돌,중앙선침범,건조,맑음,교차로 - 교차로부근,승용,남,19세,상해없음,승용,남,50세,경상
2019051000100653,2019년 5월 10일 20시,금요일,경상북도 김천시 신음동,경상사고,0,0,2,2,차대차 - 측면충돌,안전운전불이행,건조,맑음,교차로 - 교차로부근,승용,남,32세,상해없음,승용,남,46세,경상
2019051000100654,2019년 5월 10일 20시,금요일,경상북도 문경시 모전동,경상사고,0,0,2,0,차대차 - 추돌,안전운전불이행,건조,맑음,교차로 - 교차로부근,승용,남,63세,상해없음,승용,여,23세,경상
2019051000100655,2019년 5월 10일 20시,금요일,경상북도 울진군 기성면,경상사고,0,0,1,0,차대차 - 측면충돌,신호위반,건조,맑음,교차로 - 교차로안,승용,남,33세,상해없음,승용,남,69세,경상
2019051000100675,2019년 5월 10일 21시,금요일,경상북도 경주시 내남면,경상사고,0,0,3,1,차대차 - 측면충돌,안전운전불이행,건조,맑음,교차로 - 교차로부근,승용,여,50세,부상신고,승용,남,26세,경상
2019051000100676,2019년 5월 10일 21시,금요일,경상북도 경산시 사동,경상사고,0,0,1,0,차대사람 - 횡단중,신호위반,건조,맑음,교차로 - 교차로횡단보도내,승용,남,39세,상해없음,보행자,여,38세,경상
2019051000100677,2019년 5월 10일 21시,금요일,경상북도 구미시 진평동,경상사고,0,0,1,0,차대차 - 측면충돌,직진우회전진행방해,건조,맑음,교차로 - 교차로안,승용,남,27세,상해없음,이륜,남,21세,경상
2019051000100704,2019년 5월 10일 22시,금요일,경상북도 포항시 북구 항구동,중상사고,0,1,0,0,차대차 - 측면충돌,안전운전불이행,건조,흐림,교차로 - 교차로안,승용,남,55세,상해없음,이륜,남,16세,중상
2019051000100705,2019년 5월 10일 22시,금요일,경상북도 김천시 평화동,중상사고,0,1,0,0,차대사람 - 길가장자리구역통행중,안전운전불이행,건조,맑음,단일로 - 기타,승용,남,39세,상해없음,보행자,남,39세,중상
2019051000100706,2019년 5월 10일 22시,금요일,경상북도 김천시 율곡동,경상사고,0,0,2,0,차대차 - 측면충돌,안전운전불이행,건조,맑음,교차로 - 교차로안,승용,남,41세,상해없음,승용,남,48세,경상
2019051000100707,2019년 5월 10일 22시,금요일,경상북도 칠곡군 석적읍,중상사고,0,1,0,0,차대사람 - 차도통행중,안전운전불이행,건조,맑음,단일로 - 지하차도(도로)내,화물,남,40세,상해없음,보행자,여,61세,중상
2019051000100708,2019년 5월 10일 22시,금요일,경상북도 예천군 예천읍,중상사고,0,1,2,0,차대차 - 측면충돌,안전운전불이행,건조,맑음,교차로 - 교차로안,승용,남,21세,경상,승용,남,32세,중상
2019051000100736,2019년 5월 10일 23시,금요일,경상북도 영천시 야사동,경상사고,0,0,1,0,차대차 - 기타,안전운전불이행,건조,맑음,기타 - 기타,승용,남,66세,상해없음,승용,남,55세,상해없음
2019051000100737,2019년 5월 10일 23시,금요일,경상북도 문경시 흥덕동,중상사고,0,1,1,0,차대차 - 측면충돌,안전운전불이행,건조,맑음,단일로 - 기타,승용,남,29세,상해없음,화물,남,54세,기타불명
2019051000100738,2019년 5월 10일 23시,금요일,경상북도 영덕군 영덕읍,경상사고,0,0,1,0,차대차 - 측면충돌,기타,건조,맑음,교차로 - 교차로안,승용,여,53세,경상,승용,남,47세,상해없음
2019051100100035,2019년 5월 11일 00시,토요일,경상북도 영덕군 축산면,경상사고,0,0,1,0,차대차 - 추돌,안전운전불이행,건조,맑음,단일로 - 기타,승용,남,69세,상해없음,승용,남,27세,경상
2019051100100058,2019년 5월 11일 01시,토요일,경상북도 포항시 북구 환호동,경상사고,0,0,1,0,차대차 - 기타,안전운전불이행,건조,맑음,교차로 - 교차로안,승용,남,28세,상해없음,승용,남,50세,경상
2019051100100106,2019년 5월 11일 05시,토요일,경상북도 안동시 당북동,중상사고,0,1,3,0,차대차 - 정면충돌,신호위반,건조,맑음,교차로 - 교차로안,승용,남,68세,경상,승용,남,67세,경상
2019051100100135,2019년 5월 11일 07시,토요일,경상북도 안동시 옥동,경상사고,0,0,1,0,차대차 - 측면충돌,안전운전불이행,건조,맑음,단일로 - 기타,승용,여,59세,상해없음,화물,남,33세,경상
2019051100100136,2019년 5월 11일 07시,토요일,경상북도 김천시 신음동,중상사고,0,1,0,0,차대사람 - 차도통행중,안전운전불이행,건조,맑음,단일로 - 기타,승용,남,33세,상해없음,보행자,남,48세,중상
2019051100100137,2019년 5월 11일 07시,토요일,경상북도 영천시 봉동,경상사고,0,0,1,0,차대차 - 측면충돌,차로위반,건조,맑음,단일로 - 기타,건설기계,남,48세,상해없음,승용,남,23세,경상
2019051100100138,2019년 5월 11일 07시,토요일,경상북도 포항시 남구 청림동,경상사고,0,0,1,0,차대차 - 측면충돌,기타,건조,맑음,단일로 - 기타,화물,남,59세,상해없음,승용,남,30세,경상
2019051100100158,2019년 5월 11일 08시,토요일,경상북도 포항시 북구 죽도동,중상사고,0,1,2,0,차대차 - 정면충돌,기타,건조,맑음,단일로 - 기타,승용,여,67세,상해없음,승용,남,58세,경상
2019051100100159,2019년 5월 11일 08시,토요일,경상북도 안동시 송현동,경상사고,0,0,2,0,차대차 - 정면충돌,직진우회전진행방해,건조,맑음,교차로 - 교차로안,화물,남,44세,경상,건설기계,남,63세,경상
2019051100100197,2019년 5월 11일 09시,토요일,경상북도 성주군 가천면,중상사고,0,1,0,0,차대차 - 측면충돌,안전운전불이행,건조,맑음,단일로 - 기타,화물,남,58세,상해없음,자전거,남,81세,중상
2019051100100198,2019년 5월 11일 09시,토요일,경상북도 구미시 원평동,중상사고,0,1,0,0,차대사람 - 기타,신호위반,건조,맑음,교차로 - 교차로부근,승용,여,51세,상해없음,보행자,여,76세,중상
2019051100100227,2019년 5월 11일 10시,토요일,경상북도 안동시 송현동,경상사고,0,0,3,0,차대차 - 추돌,안전거리미확보,건조,맑음,단일로 - 기타,승용,남,49세,상해없음,승용,남,29세,경상
2019051100100228,2019년 5월 11일 10시,토요일,경상북도 김천시 농소면,경상사고,0,0,1,0,차대차 - 측면충돌,안전운전불이행,건조,맑음,단일로 - 터널,자전거,남,36세,경상,승용,남,58세,상해없음
2019051100100229,2019년 5월 11일 10시,토요일,경상북도 칠곡군 동명면,경상사고,0,0,2,0,차대차 - 추돌,안전거리미확보,건조,맑음,단일로 - 터널,승용,남,27세,상해없음,승용,남,36세,경상
2019051100100274,2019년 5월 11일 11시,토요일,경상북도 경주시 구황동,중상사고,0,3,2,0,차대차 - 측면충돌,안전운전불이행,건조,맑음,교차로 - 교차로안,승용,남,21세,경상,특수,남,53세,중상
2019051100100275,2019년 5월 11일 11시,토요일,경상북도 경주시 안강읍,경상사고,0,0,2,0,차대차 - 측면충돌,안전거리미확보,건조,맑음,교차로 - 교차로부근,건설기계,남,57세,상해없음,승용,여,46세,경상
2019051100100276,2019년 5월 11일 11시,토요일,경상북도 포항시 북구 창포동,중상사고,0,1,0,0,차대사람 - 횡단중,보행자보호의무위반,건조,맑음,교차로 - 교차로안,승용,여,40세,상해없음,보행자,여,54세,중상
2019051100100277,2019년 5월 11일 11시,토요일,경상북도 안동시 옥야동,중상사고,0,1,0,0,차대차 - 추돌,안전운전불이행,건조,맑음,교차로 - 교차로부근,승용,남,50세,상해없음,승용,여,45세,중상
2019051100100278,2019년 5월 11일 11시,토요일,경상북도 영주시 휴천동,경상사고,0,0,1,0,차대차 - 측면충돌,안전운전불이행,건조,맑음,단일로 - 기타,승합,남,21세,상해없음,승용,남,24세,경상
2019051100100279,2019년 5월 11일 11시,토요일,경상북도 영천시 청통면,중상사고,0,4,1,0,차대차 - 측면충돌,안전운전불이행,건조,맑음,단일로 - 기타,승용,남,33세,중상,승용,남,65세,중상
2019051100100320,2019년 5월 11일 12시,토요일,경상북도 의성군 춘산면,중상사고,0,2,0,0,차대차 - 정면충돌,기타,건조,맑음,단일로 - 기타,승용,여,50세,중상,화물,여,58세,중상
2019051100100321,2019년 5월 11일 12시,토요일,경상북도 경산시 옥산동,경상사고,0,0,1,0,차대차 - 측면충돌,기타,건조,맑음,단일로 - 기타,승용,남,58세,상해없음,자전거,남,66세,경상
2019051100100322,2019년 5월 11일 12시,토요일,경상북도 성주군 초전면,경상사고,0,0,1,0,차대차 - 기타,중앙선침범,건조,맑음,교차로 - 교차로안,승용,여,56세,상해없음,화물,남,62세,경상
2019051100100323,2019년 5월 11일 12시,토요일,경상북도 구미시 공단동,경상사고,0,0,1,0,차대차 - 기타,안전운전불이행,건조,맑음,단일로 - 기타,승용,여,26세,상해없음,승용,여,44세,경상
2019051100100367,2019년 5월 11일 13시,토요일,경상북도 안동시 풍산읍,중상사고,0,1,0,0,차대사람 - 기타,안전운전불이행,건조,맑음,단일로 - 기타,승용,남,59세,상해없음,보행자,남,69세,중상
2019051100100368,2019년 5월 11일 13시,토요일,경상북도 예천군 호명면,중상사고,0,1,1,0,차대차 - 측면충돌,신호위반,건조,맑음,교차로 - 교차로안,승용,여,60세,상해없음,승용,여,24세,경상
2019051100100369,2019년 5월 11일 13시,토요일,경상북도 군위군 소보면,중상사고,0,2,1,0,차대차 - 기타,중앙선침범,건조,맑음,단일로 - 기타,화물,남,45세,상해없음,화물,남,47세,중상
2019051100100417,2019년 5월 11일 14시,토요일,경상북도 포항시 북구 항구동,경상사고,0,0,1,0,차대차 - 측면충돌,안전운전불이행,건조,맑음,교차로 - 교차로안,승용,여,60세,상해없음,승합,남,52세,상해없음
2019051100100418,2019년 5월 11일 14시,토요일,경상북도 포항시 북구 용흥동,경상사고,0,0,3,0,차대차 - 기타,안전운전불이행,건조,맑음,교차로 - 교차로부근,승용,여,44세,상해없음,승용,남,19세,상해없음
2019051100100419,2019년 5월 11일 14시,토요일,경상북도 영천시 완산동,경상사고,0,0,2,0,차대차 - 후진중충돌,안전운전불이행,건조,맑음,교차로 - 교차로안,승용,여,47세,상해없음,승용,여,51세,경상
2019051100100420,2019년 5월 11일 14시,토요일,경상북도 구미시 남통동,중상사고,0,1,0,0,차대사람 - 기타,안전운전불이행,건조,맑음,단일로 - 기타,승용,여,52세,상해없음,보행자,남,2세,중상
2019051100100421,2019년 5월 11일 14시,토요일,경상북도 포항시 남구 호미곶면,경상사고,0,0,2,0,차대차 - 측면충돌,안전운전불이행,건조,맑음,교차로 - 교차로부근,이륜,남,49세,경상,승용,남,25세,상해없음
2019051100100457,2019년 5월 11일 15시,토요일,경상북도 포항시 북구 대흥동,경상사고,0,0,1,0,차대사람 - 횡단중,안전운전불이행,건조,맑음,단일로 - 기타,승용,여,28세,상해없음,보행자,여,54세,경상
2019051100100458,2019년 5월 11일 15시,토요일,경상북도 포항시 북구 죽도동,중상사고,0,1,0,0,차대차 - 측면충돌,안전운전불이행,건조,맑음,단일로 - 기타,승용,여,32세,상해없음,자전거,남,71세,중상
2019051100100459,2019년 5월 11일 15시,토요일,경상북도 김천시 부항면,중상사고,0,1,1,0,차대차 - 측면충돌,과속,건조,맑음,교차로 - 교차로안,승용,남,55세,상해없음,승용,남,62세,중상
2019051100100460,2019년 5월 11일 15시,토요일,경상북도 경산시 압량면,경상사고,0,0,1,0,차대차 - 정면충돌,중앙선침범,건조,맑음,단일로 - 기타,승용,여,46세,상해없음,화물,남,48세,경상