사고번호,사고일시,요일,시군구,사고내용,사망자수,중상자수,경상자수,부상신고자수,사고유형,법규위반,노면상태,기상상태,도로형태,가해운전자 차종,가해운전자 성별,가해운전자 연령,가해운전자 상해정도,피해운전자 차종,피해운전자 성별,피해운전자 연령,피해운전자 상해정도
2019051100100461,2019년 5월 11일 15시,토요일,경상북도 고령군 다산면,경상사고,0,0,4,0,차대차 - 측면충돌,중앙선침범,건조,맑음,단일로 - 지하차도(도로)내,승용,여,25세,상해없음,화물,남,26세,경상
2019051100100462,2019년 5월 11일 15시,토요일,경상북도 포항시 남구 장기면,중상사고,0,2,1,1,차대차 - 측면충돌,중앙선침범,건조,맑음,단일로 - 기타,승용,남,54세,기타불명,승용,남,63세,경상
2019051100100498,2019년 5월 11일 16시,토요일,경상북도 김천시 덕곡동,경상사고,0,0,1,0,차대차 - 측면충돌,안전거리미확보,건조,맑음,교차로 - 교차로안,승용,남,55세,상해없음,승용,여,37세,경상
2019051100100499,2019년 5월 11일 16시,토요일,경상북도 상주시 화서면,경상사고,0,0,2,0,차량단독 - 기타,안전운전불이행,건조,맑음,단일로 - 기타,승용,남,34세,상해없음,,,,
2019051100100500,2019년 5월 11일 16시,토요일,경상북도 구미시 지산동,중상사고,0,1,0,0,차대사람 - 기타,안전운전불이행,건조,맑음,단일로 - 기타,승용,남,65세,상해없음,보행자,남,3세,중상
2019051100100501,2019년 5월 11일 16시,토요일,경상북도 구미시 사곡동,중상사고,0,1,2,0,차대차 - 기타,안전운전불이행,건조,맑음,단일로 - 기타,승용,남,42세,중상,승용,남,51세,상해없음
2019051100100548,2019년 5월 11일 17시,토요일,경상북도 경주시 성건동,경상사고,0,0,1,0,차대차 - 측면충돌,중앙선침범,건조,맑음,교차로 - 교차로부근,승용,남,69세,상해없음,승용,남,41세,경상
2019051100100585,2019년 5월 11일 18시,토요일,경상북도 문경시 흥덕동,경상사고,0,0,1,0,차대차 - 추돌,안전운전불이행,기타,맑음,기타 - 기타,승용,남,32세,상해없음,이륜,남,73세,경상
2019051100100586,2019년 5월 11일 18시,토요일,경상북도 예천군 용궁면,경상사고,0,0,1,0,차대차 - 측면충돌,안전운전불이행,건조,맑음,단일로 - 기타,화물,남,67세,상해없음,승용,남,25세,경상
2019051100100626,2019년 5월 11일 19시,토요일,경상북도 포항시 북구 두호동,중상사고,0,1,0,0,차대사람 - 횡단중,신호위반,건조,맑음,교차로 - 교차로부근,승용,남,72세,상해없음,보행자,여,59세,중상
2019051100100656,2019년 5월 11일 20시,토요일,경상북도 경주시 건천읍,사망사고,1,0,1,0,차대차 - 추돌,안전운전불이행,건조,맑음,단일로 - 지하차도(도로)내,승용,남,28세,상해없음,원동기,남,70세,경상
2019051100100657,2019년 5월 11일 20시,토요일,경상북도 구미시 비산동,경상사고,0,0,1,0,차대차 - 측면충돌,직진우회전진행방해,건조,맑음,교차로 - 교차로안,승용,남,62세,상해없음,이륜,남,34세,경상
2019051100100658,2019년 5월 11일 20시,토요일,경상북도 포항시 남구 장기면,중상사고,0,1,0,0,차대차 - 추돌,안전운전불이행,건조,맑음,단일로 - 기타,승용,여,60세,상해없음,농기계,남,80세,중상
2019051100100684,2019년 5월 11일 21시,토요일,경상북도 포항시 북구 학산동,경상사고,0,0,3,0,차대차 - 측면충돌,교차로운행방법위반,건조,맑음,교차로 - 교차로안,승용,여,50세,기타불명,승용,여,64세,경상
2019051100100685,2019년 5월 11일 21시,토요일,경상북도 예천군 예천읍,경상사고,0,0,1,0,차대차 - 측면충돌,안전운전불이행,건조,맑음,교차로 - 교차로안,승용,남,26세,경상,승용,남,53세,상해없음
2019051100100686,2019년 5월 11일 21시,토요일,경상북도 포항시 남구 대송면,경상사고,0,0,4,1,차대차 - 정면충돌,안전운전불이행,건조,맑음,교차로 - 교차로안,승용,여,30세,경상,승합,남,52세,경상
2019051100100714,2019년 5월 11일 22시,토요일,경상북도 경주시 성건동,경상사고,0,0,2,0,차대차 - 측면충돌,안전운전불이행,건조,맑음,교차로 - 교차로안,승용,남,39세,상해없음,승용,남,29세,경상
2019051100100742,2019년 5월 11일 23시,토요일,경상북도 포항시 북구 덕산동,경상사고,0,0,1,0,차대차 - 추돌,안전거리미확보,건조,맑음,단일로 - 기타,승용,남,48세,상해없음,승용,남,41세,경상
2019051200100034,2019년 5월 12일 00시,일요일,경상북도 구미시 원평동,경상사고,0,0,2,0,차대사람 - 기타,안전운전불이행,건조,맑음,단일로 - 기타,승용,남,20세,상해없음,보행자,남,16세,경상
2019051200100099,2019년 5월 12일 06시,일요일,경상북도 김천시 모암동,경상사고,0,0,2,0,차대차 - 측면충돌,교차로운행방법위반,건조,맑음,교차로 - 교차로안,승용,남,83세,상해없음,승용,여,65세,경상
2019051200100132,2019년 5월 12일 08시,일요일,경상북도 군위군 효령면,중상사고,0,1,0,0,차대사람 - 차도통행중,중앙선침범,건조,맑음,단일로 - 기타,화물,남,74세,상해없음,보행자,여,74세,중상
2019051200100147,2019년 5월 12일 09시,일요일,경상북도 안동시 이천동,경상사고,0,0,1,0,차대차 - 추돌,안전거리미확보,건조,맑음,단일로 - 기타,승용,남,62세,상해없음,승용,남,40세,경상
2019051200100175,2019년 5월 12일 10시,일요일,경상북도 포항시 북구 흥해읍,경상사고,0,0,1,0,차대차 - 후진중충돌,안전운전불이행,건조,맑음,교차로 - 교차로부근,승용,남,54세,상해없음,승용,여,44세,경상
2019051200100176,2019년 5월 12일 10시,일요일,경상북도 칠곡군 왜관읍,중상사고,0,1,0,0,차대차 - 추돌,안전운전불이행,건조,맑음,단일로 - 기타,자전거,남,50세,상해없음,자전거,남,44세,중상
2019051200100177,2019년 5월 12일 10시,일요일,경상북도 경산시 진량읍,중상사고,0,1,0,0,차대차 - 측면충돌,신호위반,건조,맑음,교차로 - 교차로안,승용,남,66세,상해없음,승용,여,66세,중상
2019051200100204,2019년 5월 12일 11시,일요일,경상북도 포항시 북구 우현동,중상사고,0,1,0,0,차량단독 - 공작물충돌,안전운전불이행,건조,맑음,단일로 - 기타,승용,남,82세,상해없음,,,,
2019051200100238,2019년 5월 12일 12시,일요일,경상북도 경주시 서부동,경상사고,0,0,1,0,차대차 - 측면충돌,안전운전불이행,건조,맑음,교차로 - 교차로부근,이륜,여,37세,경상,승용,남,47세,상해없음
2019051200100239,2019년 5월 12일 12시,일요일,경상북도 경주시 구정동,중상사고,0,1,0,0,차대차 - 후진중충돌,안전운전불이행,건조,맑음,단일로 - 지하차도(도로)내,승용,남,27세,상해없음,자전거,남,71세,중상
2019051200100271,2019년 5월 12일 13시,일요일,경상북도 상주시 서성동,중상사고,0,1,0,0,차대차 - 측면충돌,안전운전불이행,건조,맑음,교차로 - 교차로안,승용,여,56세,상해없음,이륜,남,42세,중상
2019051200100272,2019년 5월 12일 13시,일요일,경상북도 포항시 남구 구룡포읍,경상사고,0,0,3,0,차대차 - 기타,신호위반,건조,맑음,단일로 - 기타,승용,남,46세,경상,승용,남,43세,경상
2019051200100298,2019년 5월 12일 14시,일요일,경상북도 상주시 남성동,경상사고,0,0,1,0,차대차 - 추돌,안전운전불이행,건조,맑음,교차로 - 교차로안,화물,남,72세,상해없음,승용,여,49세,경상
2019051200100299,2019년 5월 12일 14시,일요일,경상북도 의성군 단촌면,사망사고,1,0,3,0,차대차 - 측면충돌,안전운전불이행,건조,맑음,단일로 - 기타,승용,여,34세,상해없음,승용,남,30세,경상
2019051200100333,2019년 5월 12일 15시,일요일,경상북도 경주시 서면,중상사고,0,2,0,0,차량단독 - 도로외이탈 - 추락,안전운전불이행,건조,맑음,단일로 - 기타,승용,남,62세,중상,,,,
2019051200100334,2019년 5월 12일 15시,일요일,경상북도 문경시 마성면,중상사고,0,1,0,0,차대차 - 후진중충돌,안전운전불이행,건조,맑음,단일로 - 기타,화물,여,53세,상해없음,자전거,남,85세,중상
2019051200100335,2019년 5월 12일 15시,일요일,경상북도 구미시 도량동,중상사고,0,1,1,0,차대사람 - 횡단중,보행자보호의무위반,건조,맑음,단일로 - 기타,승용,남,54세,상해없음,보행자,여,10세,경상
2019051200100368,2019년 5월 12일 16시,일요일,경상북도 경주시 서면,중상사고,0,2,2,0,차대차 - 측면충돌,직진우회전진행방해,건조,맑음,교차로 - 교차로안,승용,남,68세,경상,승용,남,72세,경상
2019051200100369,2019년 5월 12일 16시,일요일,경상북도 안동시 길안면,경상사고,0,0,2,0,차대차 - 추돌,안전운전불이행,건조,맑음,단일로 - 기타,화물,남,75세,상해없음,화물,남,70세,경상
2019051200100370,2019년 5월 12일 16시,일요일,경상북도 안동시 태화동,중상사고,0,1,1,0,차대차 - 추돌,안전운전불이행,건조,맑음,단일로 - 기타,승용,남,62세,상해없음,승용,남,48세,경상
2019051200100405,2019년 5월 12일 17시,일요일,경상북도 경주시 서악동,경상사고,0,0,2,0,차대차 - 추돌,안전운전불이행,건조,맑음,교차로 - 교차로부근,승용,남,72세,상해없음,승용,여,58세,경상
2019051200100406,2019년 5월 12일 17시,일요일,경상북도 김천시 교동,경상사고,0,0,1,0,차대차 - 기타,신호위반,건조,맑음,단일로 - 기타,이륜,남,63세,상해없음,자전거,남,74세,경상
2019051200100407,2019년 5월 12일 17시,일요일,경상북도 구미시 송정동,경상사고,0,0,3,0,차대차 - 기타,신호위반,건조,맑음,교차로 - 교차로안,승용,남,28세,상해없음,승용,남,36세,경상
2019051200100442,2019년 5월 12일 18시,일요일,경상북도 상주시 가장동,중상사고,0,1,0,0,차대차 - 추돌,안전운전불이행,건조,맑음,단일로 - 기타,승용,남,59세,상해없음,화물,여,28세,상해없음
2019051200100469,2019년 5월 12일 19시,일요일,경상북도 포항시 북구 동빈1가,중상사고,0,1,0,0,차대차 - 후진중충돌,안전운전불이행,건조,맑음,단일로 - 기타,승용,남,76세,상해없음,승용,남,26세,기타불명
2019051200100499,2019년 5월 12일 20시,일요일,경상북도 포항시 북구 기계면,경상사고,0,0,1,0,차대사람 - 기타,안전운전불이행,건조,맑음,단일로 - 기타,승용,남,70세,상해없음,보행자,남,55세,경상
2019051200100500,2019년 5월 12일 20시,일요일,경상북도 의성군 다인면,중상사고,0,1,0,0,차대차 - 추돌,과속,건조,맑음,단일로 - 기타,승용,남,52세,상해없음,농기계,남,83세,중상
2019051200100523,2019년 5월 12일 21시,일요일,경상북도 포항시 북구 동빈2가,경상사고,0,0,2,0,차대차 - 후진중충돌,안전운전불이행,건조,맑음,단일로 - 기타,승합,남,27세,상해없음,이륜,남,18세,경상
2019051200100524,2019년 5월 12일 21시,일요일,경상북도 칠곡군 북삼읍,경상사고,0,0,3,0,차대차 - 측면충돌,안전운전불이행,건조,맑음,교차로 - 교차로안,승용,남,58세,상해없음,승용,남,23세,경상
2019051200100555,2019년 5월 12일 23시,일요일,경상북도 포항시 남구 오천읍,중상사고,0,2,0,0,차대차 - 측면충돌,안전운전불이행,건조,맑음,단일로 - 기타,승용,남,68세,중상,건설기계,남,46세,기타불명
2019051200100556,2019년 5월 12일 23시,일요일,경상북도 포항시 남구 상도동,중상사고,0,1,0,0,차대사람 - 횡단중,안전운전불이행,건조,맑음,교차로 - 교차로부근,승용,남,66세,상해없음,보행자,여,21세,중상
2019051300100044,2019년 5월 13일 02시,월요일,경상북도 김천시 황금동,중상사고,0,1,0,0,차량단독 - 공작물충돌,과속,건조,기타,교차로 - 교차로부근,승용,남,43세,상해없음,,,,
2019051300100053,2019년 5월 13일 04시,월요일,경상북도 예천군 은풍면,중상사고,0,1,1,0,차대차 - 추돌,안전운전불이행,건조,맑음,단일로 - 기타,화물,남,67세,상해없음,농기계,여,53세,중상
2019051300100070,2019년 5월 13일 06시,월요일,경상북도 경주시 시동,중상사고,0,1,0,0,차량단독 - 도로외이탈 - 추락,안전운전불이행,건조,맑음,단일로 - 기타,농기계,남,82세,중상,,,,
2019051300100071,2019년 5월 13일 06시,월요일,경상북도 포항시 남구 대도동,경상사고,0,0,1,0,차대차 - 측면충돌,교차로운행방법위반,건조,맑음,교차로 - 교차로안,화물,남,59세,상해없음,승용,남,75세,경상
2019051300100096,2019년 5월 13일 07시,월요일,경상북도 김천시 농소면,경상사고,0,0,1,0,차대차 - 측면충돌,안전운전불이행,건조,맑음,단일로 - 기타,건설기계,남,40세,상해없음,승용,남,33세,경상
2019051300100097,2019년 5월 13일 07시,월요일,경상북도 고령군 대가야읍,경상사고,0,0,1,0,차대차 - 추돌,안전운전불이행,건조,맑음,단일로 - 터널,화물,남,31세,경상,건설기계,남,52세,상해없음
2019051300100098,2019년 5월 13일 07시,월요일,경상북도 군위군 군위읍,중상사고,0,1,0,0,차대차 - 측면충돌,신호위반,건조,맑음,교차로 - 교차로안,승용,남,29세,상해없음,화물,남,52세,상해없음
2019051300100134,2019년 5월 13일 08시,월요일,경상북도 구미시 공단동,경상사고,0,0,1,1,차대차 - 측면충돌,안전운전불이행,건조,맑음,단일로 - 기타,승용,남,54세,부상신고,승용,여,36세,경상
2019051300100173,2019년 5월 13일 09시,월요일,경상북도 경주시 충효동,경상사고,0,0,1,0,차대차 - 측면충돌,안전운전불이행,건조,맑음,단일로 - 기타,승용,남,23세,상해없음,승용,여,57세,경상
2019051300100174,2019년 5월 13일 09시,월요일,경상북도 경주시 동천동,중상사고,0,1,0,0,차대사람 - 차도통행중,안전운전불이행,건조,맑음,단일로 - 기타,이륜,남,71세,상해없음,보행자,여,40세,중상
2019051300100175,2019년 5월 13일 09시,월요일,경상북도 영주시 장수면,중상사고,0,1,0,0,차대차 - 측면충돌,안전운전불이행,건조,맑음,단일로 - 기타,화물,남,54세,상해없음,승용,여,56세,중상
2019051300100176,2019년 5월 13일 09시,월요일,경상북도 영덕군 영해면,중상사고,0,1,1,0,차대차 - 측면충돌,교차로운행방법위반,건조,맑음,교차로 - 교차로안,화물,남,71세,경상,화물,남,80세,중상
2019051300100177,2019년 5월 13일 09시,월요일,경상북도 포항시 남구 오천읍,경상사고,0,0,2,0,차대차 - 측면충돌,직진우회전진행방해,건조,맑음,교차로 - 교차로안,승용,남,64세,경상,이륜,남,35세,경상
2019051300100178,2019년 5월 13일 09시,월요일,경상북도 포항시 남구 청림동,경상사고,0,0,1,0,차대차 - 기타,안전운전불이행,건조,맑음,단일로 - 기타,승용,여,46세,상해없음,승용,여,28세,경상
2019051300100214,2019년 5월 13일 10시,월요일,경상북도 안동시 일직면,중상사고,0,1,0,0,차대차 - 측면충돌,중앙선침범,건조,맑음,단일로 - 기타,이륜,남,74세,중상,승용,남,43세,상해없음
2019051300100276,2019년 5월 13일 12시,월요일,경상북도 김천시 황금동,경상사고,0,0,1,0,차대차 - 측면충돌,안전운전불이행,건조,맑음,단일로 - 기타,승용,남,58세,상해없음,승용,여,40세,경상
2019051300100277,2019년 5월 13일 12시,월요일,경상북도 상주시 남성동,경상사고,0,0,1,0,차대사람 - 길가장자리구역통행중,안전운전불이행,건조,맑음,단일로 - 기타,승용,여,68세,상해없음,보행자,남,22세,경상
2019051300100278,2019년 5월 13일 12시,월요일,경상북도 청송군 파천면,중상사고,0,1,0,0,차대차 - 추돌,안전운전불이행,건조,맑음,단일로 - 터널,승합,남,54세,상해없음,승용,남,53세,중상
2019051300100307,2019년 5월 13일 13시,월요일,경상북도 경산시 중방동,경상사고,0,0,1,0,차대차 - 측면충돌,직진우회전진행방해,건조,맑음,교차로 - 교차로안,승용,여,70세,상해없음,이륜,남,56세,경상
2019051300100308,2019년 5월 13일 13시,월요일,경상북도 경산시 진량읍,중상사고,0,1,0,0,차대사람 - 횡단중,안전운전불이행,건조,맑음,단일로 - 기타,승용,남,22세,상해없음,보행자,남,18세,중상
2019051300100309,2019년 5월 13일 13시,월요일,경상북도 포항시 남구 동촌동,부상신고사고,0,0,0,3,차대차 - 측면충돌,안전운전불이행,건조,맑음,단일로 - 기타,건설기계,남,39세,상해없음,승용,남,34세,부상신고
2019051300100346,2019년 5월 13일 14시,월요일,경상북도 문경시 문경읍,중상사고,0,1,3,0,차량단독 - 전도전복 - 전도,안전운전불이행,건조,맑음,교차로 - 교차로부근,승용,남,43세,상해없음,,,,
2019051300100417,2019년 5월 13일 16시,월요일,경상북도 영천시 창구동,중상사고,0,1,3,0,차대차 - 측면충돌,교차로운행방법위반,건조,맑음,교차로 - 교차로안,승용,남,78세,상해없음,승용,여,36세,경상
2019051300100453,2019년 5월 13일 17시,월요일,경상북도 상주시 서성동,경상사고,0,0,1,0,차대차 - 후진중충돌,안전운전불이행,건조,맑음,단일로 - 기타,승합,남,40세,상해없음,이륜,남,39세,경상
2019051300100454,2019년 5월 13일 17시,월요일,경상북도 영주시 휴천동,경상사고,0,0,1,0,차대차 - 측면충돌,교차로운행방법위반,건조,맑음,교차로 - 교차로안,화물,남,49세,상해없음,자전거,남,80세,경상
2019051300100455,2019년 5월 13일 17시,월요일,경상북도 문경시 영순면,중상사고,0,1,0,0,차대차 - 측면충돌,안전운전불이행,건조,맑음,교차로 - 교차로안,이륜,남,85세,중상,승용,남,39세,상해없음
2019051300100456,2019년 5월 13일 17시,월요일,경상북도 성주군 선남면,경상사고,0,0,1,0,차량단독 - 기타,안전운전불이행,건조,맑음,교차로 - 교차로부근,이륜,남,58세,경상,,,,
2019051300100457,2019년 5월 13일 17시,월요일,경상북도 구미시 옥계동,경상사고,0,0,1,0,차대차 - 추돌,안전운전불이행,건조,맑음,단일로 - 기타,승용,남,54세,상해없음,승용,남,33세,경상
2019051300100498,2019년 5월 13일 18시,월요일,경상북도 영천시 문외동,경상사고,0,0,1,0,차대차 - 측면충돌,교차로운행방법위반,건조,맑음,교차로 - 교차로안,승용,여,56세,상해없음,화물,남,54세,경상
2019051300100499,2019년 5월 13일 18시,월요일,경상북도 영덕군 영덕읍,경상사고,0,0,2,0,차대차 - 측면충돌,안전운전불이행,건조,맑음,교차로 - 교차로안,자전거,남,12세,경상,이륜,남,16세,경상
2019051300100500,2019년 5월 13일 18시,월요일,경상북도 포항시 남구 오천읍,경상사고,0,0,4,0,차대차 - 측면충돌,직진우회전진행방해,건조,맑음,교차로 - 교차로안,승합,남,33세,경상,승용,여,36세,경상
2019051300100535,2019년 5월 13일 19시,월요일,경상북도 포항시 북구 장성동,경상사고,0,0,1,0,차대차 - 추돌,안전거리미확보,건조,맑음,교차로 - 교차로부근,승용,남,61세,상해없음,승용,여,37세,경상
2019051300100536,2019년 5월 13일 19시,월요일,경상북도 김천시 개령면,경상사고,0,0,2,0,차대차 - 측면충돌,교차로운행방법위반,건조,맑음,교차로 - 교차로안,승용,남,25세,경상,승용,여,30세,경상
2019051300100537,2019년 5월 13일 19시,월요일,경상북도 영천시 조교동,중상사고,0,1,0,0,차대사람 - 보도통행중,보행자보호의무위반,건조,맑음,교차로 - 교차로횡단보도내,승용,남,55세,상해없음,보행자,남,35세,중상
2019051300100566,2019년 5월 13일 20시,월요일,경상북도 김천시 부곡동,경상사고,0,0,1,0,차대차 - 측면충돌,신호위반,건조,맑음,교차로 - 교차로안,승합,남,41세,상해없음,이륜,남,46세,경상
2019051300100567,2019년 5월 13일 20시,월요일,경상북도 칠곡군 지천면,중상사고,0,1,0,0,차대차 - 기타,안전운전불이행,건조,맑음,단일로 - 기타,승용,남,52세,기타불명,화물,남,68세,중상
2019051300100568,2019년 5월 13일 20시,월요일,경상북도 영천시 임고면,경상사고,0,0,1,0,차대차 - 측면충돌,중앙선침범,건조,맑음,단일로 - 기타,승용,남,59세,상해없음,승용,남,49세,경상
2019051300100569,2019년 5월 13일 20시,월요일,경상북도 경산시 백천동,경상사고,0,0,1,0,차대사람 - 차도통행중,안전운전불이행,건조,맑음,교차로 - 교차로부근,승용,남,69세,상해없음,보행자,남,41세,경상
2019051300100570,2019년 5월 13일 20시,월요일,경상북도 경산시 압량면,경상사고,0,0,1,0,차대사람 - 차도통행중,안전운전불이행,건조,맑음,단일로 - 지하차도(도로)내,이륜,남,37세,상해없음,보행자,여,48세,경상
2019051300100571,2019년 5월 13일 20시,월요일,경상북도 구미시 산동면,중상사고,0,1,0,0,차대차 - 기타,교차로운행방법위반,건조,맑음,교차로 - 교차로안,승용,여,37세,상해없음,승용,여,51세,중상
2019051300100572,2019년 5월 13일 20시,월요일,경상북도 포항시 남구 해도동,중상사고,0,1,0,0,차대차 - 측면충돌,안전운전불이행,건조,맑음,교차로 - 교차로안,승용,남,19세,상해없음,이륜,남,26세,중상
2019051300100623,2019년 5월 13일 22시,월요일,경상북도 영천시 문외동,경상사고,0,0,1,0,차대사람 - 횡단중,안전운전불이행,건조,맑음,교차로 - 교차로안,승용,남,33세,상해없음,보행자,여,31세,경상
2019051300100624,2019년 5월 13일 22시,월요일,경상북도 문경시 문경읍,중상사고,0,1,0,0,차량단독 - 기타,안전운전불이행,건조,맑음,단일로 - 기타,이륜,여,54세,상해없음,,,,
2019051300100638,2019년 5월 13일 23시,월요일,경상북도 칠곡군 약목면,중상사고,0,1,0,0,차대차 - 측면충돌,신호위반,건조,맑음,교차로 - 교차로안,화물,남,65세,상해없음,승용,남,54세,중상
2019051400100038,2019년 5월 14일 00시,화요일,경상북도 포항시 남구 오천읍,중상사고,0,1,0,0,차량단독 - 공작물충돌,안전운전불이행,건조,맑음,교차로 - 교차로부근,승용,여,44세,중상,,,,
2019051400100060,2019년 5월 14일 03시,화요일,경상북도 구미시 옥계동,중상사고,0,3,0,0,차대차 - 측면충돌,신호위반,건조,맑음,교차로 - 교차로안,승용,남,30세,중상,화물,남,31세,상해없음
2019051400100083,2019년 5월 14일 06시,화요일,경상북도 칠곡군 왜관읍,경상사고,0,0,1,0,차대차 - 측면충돌,직진우회전진행방해,건조,맑음,교차로 - 교차로안,승용,남,51세,상해없음,자전거,남,77세,경상
2019051400100096,2019년 5월 14일 07시,화요일,경상북도 구미시 해평면,경상사고,0,0,1,0,차대사람 - 기타,기타,건조,맑음,단일로 - 기타,승용,남,60세,상해없음,보행자,여,16세,경상
2019051400100127,2019년 5월 14일 08시,화요일,경상북도 경주시 천북면,경상사고,0,0,1,0,차대사람 - 길가장자리구역통행중,안전운전불이행,건조,맑음,단일로 - 기타,승용,남,80세,상해없음,보행자,남,76세,경상
2019051400100128,2019년 5월 14일 08시,화요일,경상북도 상주시 함창읍,경상사고,0,0,3,0,차대차 - 측면충돌,안전운전불이행,건조,맑음,단일로 - 기타,승용,남,64세,상해없음,승용,여,49세,경상
2019051400100129,2019년 5월 14일 08시,화요일,경상북도 울릉군 울릉읍,경상사고,0,0,1,0,차량단독 - 전도전복 - 전도,안전운전불이행,건조,맑음,단일로 - 터널,이륜,남,64세,경상,,,,
2019051400100130,2019년 5월 14일 08시,화요일,경상북도 구미시 선산읍,경상사고,0,0,1,0,차대차 - 측면충돌,교차로운행방법위반,건조,맑음,교차로 - 교차로안,승용,여,45세,상해없음,화물,남,52세,경상
2019051400100131,2019년 5월 14일 08시,화요일,경상북도 구미시 고아읍,경상사고,0,0,2,0,차대차 - 기타,교차로운행방법위반,건조,맑음,교차로 - 교차로안,승용,남,64세,상해없음,승용,남,27세,경상
2019051400100132,2019년 5월 14일 08시,화요일,경상북도 구미시 지산동,경상사고,0,0,2,0,차대차 - 기타,안전운전불이행,건조,맑음,단일로 - 기타,화물,남,57세,상해없음,승용,여,48세,경상
2019051400100208,2019년 5월 14일 10시,화요일,경상북도 안동시 풍산읍,중상사고,0,1,0,0,차대차 - 측면충돌,안전운전불이행,건조,맑음,단일로 - 기타,화물,남,50세,상해없음,승용,여,69세,중상
2019051400100209,2019년 5월 14일 10시,화요일,경상북도 안동시 풍천면,경상사고,0,0,2,0,차대차 - 추돌,안전운전불이행,건조,맑음,단일로 - 기타,건설기계,남,58세,상해없음,승용,남,71세,경상
2019051400100210,2019년 5월 14일 10시,화요일,경상북도 영주시 영주동,중상사고,0,1,0,0,차대차 - 측면충돌,교차로운행방법위반,건조,맑음,교차로 - 교차로안,이륜,여,74세,중상,화물,남,47세,상해없음
2019051400100271,2019년 5월 14일 12시,화요일,경상북도 김천시 신음동,경상사고,0,0,1,0,차대차 - 측면충돌,안전운전불이행,건조,맑음,교차로 - 교차로안,화물,남,73세,상해없음,특수,남,40세,경상
2019051400100272,2019년 5월 14일 12시,화요일,경상북도 상주시 낙동면,경상사고,0,0,1,0,차대차 - 측면충돌,안전운전불이행,건조,맑음,교차로 - 교차로안,승용,남,44세,상해없음,승용,남,52세,상해없음
2019051400100273,2019년 5월 14일 12시,화요일,경상북도 칠곡군 왜관읍,경상사고,0,0,1,0,차대사람 - 차도통행중,안전운전불이행,건조,맑음,단일로 - 지하차도(도로)내,승용,여,53세,상해없음,보행자,남,59세,경상
2019051400100274,2019년 5월 14일 12시,화요일,경상북도 경산시 자인면,경상사고,0,0,1,0,차대차 - 기타,안전운전불이행,건조,맑음,교차로 - 교차로안,승용,남,61세,기타불명,이륜,남,74세,경상
2019051400100302,2019년 5월 14일 13시,화요일,경상북도 경주시 동부동,중상사고,0,2,0,0,차대차 - 추돌,안전운전불이행,건조,맑음,단일로 - 기타,승용,남,55세,상해없음,승용,남,71세,중상
2019051400100303,2019년 5월 14일 13시,화요일,경상북도 안동시 풍산읍,경상사고,0,0,1,0,차대차 - 측면충돌,교차로운행방법위반,건조,맑음,교차로 - 교차로안,승용,남,57세,상해없음,사륜오토바이(ATV),여,78세,경상
2019051400100304,2019년 5월 14일 13시,화요일,경상북도 김천시 양천동,경상사고,0,0,1,0,차대차 - 기타,안전운전불이행,건조,맑음,기타 - 기타,화물,남,78세,경상,농기계,남,71세,상해없음
2019051400100305,2019년 5월 14일 13시,화요일,경상북도 상주시 서문동,경상사고,0,0,1,0,차대차 - 측면충돌,차로위반,건조,맑음,교차로 - 교차로부근,승용,남,56세,상해없음,이륜,남,35세,경상
2019051400100306,2019년 5월 14일 13시,화요일,경상북도 구미시 송정동,중상사고,0,2,0,0,차대차 - 기타,교차로운행방법위반,건조,맑음,교차로 - 교차로안,승용,여,53세,상해없음,승용,여,26세,중상
2019051400100307,2019년 5월 14일 13시,화요일,경상북도 칠곡군 지천면,경상사고,0,0,1,0,차대차 - 추돌,안전운전불이행,건조,맑음,단일로 - 기타,승용,남,56세,상해없음,승용,남,38세,경상
2019051400100384,2019년 5월 14일 15시,화요일,경상북도 경주시 안강읍,경상사고,0,0,1,0,차대차 - 정면충돌,직진우회전진행방해,건조,맑음,교차로 - 교차로안,화물,남,23세,기타불명,승용,여,30세,경상
2019051400100385,2019년 5월 14일 15시,화요일,경상북도 안동시 안흥동,경상사고,0,0,1,0,차대차 - 기타,안전운전불이행,건조,맑음,교차로 - 교차로부근,승용,여,36세,상해없음,승용,여,31세,경상
2019051400100386,2019년 5월 14일 15시,화요일,경상북도 영주시 휴천동,중상사고,0,1,1,0,차대차 - 추돌,안전운전불이행,건조,맑음,교차로 - 교차로안,승용,남,69세,중상,승용,여,56세,경상
2019051400100420,2019년 5월 14일 16시,화요일,경상북도 김천시 용두동,중상사고,0,1,0,0,차대사람 - 차도통행중,교차로운행방법위반,건조,맑음,교차로 - 교차로안,승용,남,62세,상해없음,보행자,남,8세,중상
2019051400100477,2019년 5월 14일 17시,화요일,경상북도 안동시 정상동,중상사고,0,1,1,0,차대차 - 추돌,안전운전불이행,건조,맑음,단일로 - 기타,승용,남,62세,상해없음,승용,남,29세,경상
2019051400100478,2019년 5월 14일 17시,화요일,경상북도 구미시 옥계동,부상신고사고,0,0,0,1,차대차 - 기타,교차로운행방법위반,건조,맑음,교차로 - 교차로안,승용,남,27세,부상신고,승용,여,33세,상해없음
2019051400100527,2019년 5월 14일 18시,화요일,경상북도 영천시 문외동,경상사고,0,0,1,0,차대사람 - 기타,안전운전불이행,건조,맑음,교차로 - 교차로안,특수,남,30세,상해없음,보행자,여,37세,경상