사고번호,사고일시,요일,시군구,사고내용,사망자수,중상자수,경상자수,부상신고자수,사고유형,법규위반,노면상태,기상상태,도로형태,가해운전자 차종,가해운전자 성별,가해운전자 연령,가해운전자 상해정도,피해운전자 차종,피해운전자 성별,피해운전자 연령,피해운전자 상해정도
2019051400100528,2019년 5월 14일 18시,화요일,경상북도 경산시 진량읍,경상사고,0,0,1,0,차대차 - 추돌,안전거리미확보,건조,맑음,교차로 - 교차로부근,승용,남,41세,상해없음,승용,남,52세,경상
2019051400100563,2019년 5월 14일 19시,화요일,경상북도 경주시 안강읍,경상사고,0,0,1,1,차대차 - 측면충돌,신호위반,건조,맑음,교차로 - 교차로안,승용,남,50세,부상신고,화물,남,31세,경상
2019051400100564,2019년 5월 14일 19시,화요일,경상북도 김천시 삼락동,경상사고,0,0,2,0,차대차 - 측면충돌,교차로운행방법위반,건조,맑음,교차로 - 교차로안,승용,남,70세,상해없음,이륜,남,17세,경상
2019051400100565,2019년 5월 14일 19시,화요일,경상북도 봉화군 봉화읍,부상신고사고,0,0,0,1,차량단독 - 공작물충돌,안전운전불이행,건조,맑음,교차로 - 교차로부근,승용,남,44세,부상신고,,,,
2019051400100566,2019년 5월 14일 19시,화요일,경상북도 구미시 도량동,경상사고,0,0,2,0,차대차 - 측면충돌,직진우회전진행방해,건조,맑음,교차로 - 교차로안,승용,여,48세,경상,승용,남,68세,경상
2019051400100567,2019년 5월 14일 19시,화요일,경상북도 구미시 신평동,중상사고,0,1,0,0,차대차 - 기타,신호위반,건조,맑음,교차로 - 교차로안,승용,남,72세,상해없음,이륜,남,24세,중상
2019051400100604,2019년 5월 14일 20시,화요일,경상북도 경주시 건천읍,부상신고사고,0,0,0,1,차량단독 - 도로외이탈 - 추락,안전운전불이행,건조,맑음,단일로 - 기타,이륜,남,63세,부상신고,,,,
2019051400100605,2019년 5월 14일 20시,화요일,경상북도 경산시 계양동,경상사고,0,0,1,0,차대차 - 측면충돌,신호위반,건조,맑음,교차로 - 교차로안,승용,여,59세,상해없음,승용,남,41세,경상
2019051400100637,2019년 5월 14일 21시,화요일,경상북도 경주시 외동읍,부상신고사고,0,0,0,1,차대차 - 측면충돌,안전운전불이행,건조,맑음,단일로 - 기타,화물,남,52세,상해없음,승용,남,35세,부상신고
2019051400100638,2019년 5월 14일 21시,화요일,경상북도 포항시 북구 우현동,경상사고,0,0,1,0,차대차 - 측면충돌,안전운전불이행,건조,맑음,교차로 - 교차로안,이륜,남,32세,경상,승용,여,35세,상해없음
2019051400100639,2019년 5월 14일 21시,화요일,경상북도 울진군 죽변면,경상사고,0,0,1,0,차량단독 - 전도전복 - 전도,안전운전불이행,건조,맑음,단일로 - 기타,이륜,남,40세,경상,,,,
2019051400100640,2019년 5월 14일 21시,화요일,경상북도 구미시 황상동,경상사고,0,0,1,1,차대차 - 기타,안전운전불이행,건조,맑음,교차로 - 교차로부근,승용,여,26세,부상신고,승용,남,35세,경상
2019051400100666,2019년 5월 14일 22시,화요일,경상북도 경주시 건천읍,중상사고,0,1,1,0,차대차 - 측면충돌,안전운전불이행,건조,맑음,단일로 - 기타,승용,남,40세,상해없음,승용,여,58세,중상
2019051400100691,2019년 5월 14일 23시,화요일,경상북도 김천시 부곡동,중상사고,0,1,0,0,차대차 - 측면충돌,기타,건조,맑음,단일로 - 기타,승용,남,67세,상해없음,이륜,남,64세,중상
2019051500100066,2019년 5월 15일 03시,수요일,경상북도 상주시 남성동,경상사고,0,0,1,0,차대차 - 기타,기타,건조,맑음,단일로 - 기타,승용,여,61세,상해없음,승용,여,49세,경상
2019051500100092,2019년 5월 15일 06시,수요일,경상북도 경산시 자인면,경상사고,0,0,1,0,차대사람 - 기타,보행자보호의무위반,건조,맑음,교차로 - 교차로횡단보도내,화물,남,72세,상해없음,보행자,여,80세,경상
2019051500100093,2019년 5월 15일 06시,수요일,경상북도 포항시 남구 대도동,사망사고,1,0,0,0,차대차 - 측면충돌,신호위반,건조,맑음,교차로 - 교차로횡단보도내,건설기계,남,51세,상해없음,자전거,여,65세,사망
2019051500100153,2019년 5월 15일 08시,수요일,경상북도 칠곡군 왜관읍,경상사고,0,0,1,0,차대차 - 추돌,안전거리미확보,건조,맑음,단일로 - 기타,승용,남,57세,상해없음,화물,남,62세,경상
2019051500100186,2019년 5월 15일 09시,수요일,경상북도 영천시 고경면,중상사고,0,1,0,0,차대차 - 측면충돌,신호위반,건조,맑음,교차로 - 교차로안,승용,남,60세,상해없음,이륜,남,77세,중상
2019051500100187,2019년 5월 15일 09시,수요일,경상북도 경산시 사동,중상사고,0,1,2,1,차대차 - 측면충돌,안전운전불이행,건조,맑음,교차로 - 교차로안,승합,남,56세,상해없음,화물,남,39세,중상
2019051500100188,2019년 5월 15일 09시,수요일,경상북도 예천군 예천읍,경상사고,0,0,1,0,차대차 - 측면충돌,안전운전불이행,건조,맑음,단일로 - 기타,건설기계,남,26세,상해없음,승용,남,68세,경상
2019051500100263,2019년 5월 15일 11시,수요일,경상북도 포항시 북구 양덕동,경상사고,0,0,1,0,차대차 - 기타,신호위반,건조,맑음,교차로 - 교차로안,승용,여,38세,상해없음,화물,남,41세,경상
2019051500100264,2019년 5월 15일 11시,수요일,경상북도 안동시 안막동,경상사고,0,0,1,0,차대차 - 기타,안전운전불이행,건조,맑음,교차로 - 교차로안,승용,남,25세,상해없음,승용,남,30세,경상
2019051500100265,2019년 5월 15일 11시,수요일,경상북도 구미시 송정동,중상사고,0,2,0,0,차대차 - 추돌,안전거리미확보,건조,맑음,교차로 - 교차로안,승용,남,64세,상해없음,승용,여,55세,중상
2019051500100302,2019년 5월 15일 12시,수요일,경상북도 구미시 사곡동,경상사고,0,0,2,0,차대차 - 측면충돌,안전운전불이행,건조,맑음,단일로 - 기타,승용,여,47세,경상,승용,남,32세,경상
2019051500100348,2019년 5월 15일 13시,수요일,경상북도 포항시 남구 대도동,경상사고,0,0,1,0,차대차 - 측면충돌,안전운전불이행,건조,맑음,교차로 - 교차로안,승용,여,57세,경상,승용,남,36세,상해없음
2019051500100349,2019년 5월 15일 13시,수요일,경상북도 영주시 가흥동,중상사고,0,3,0,0,차대차 - 측면충돌,안전운전불이행,건조,맑음,교차로 - 교차로안,승용,남,27세,상해없음,승용,남,43세,중상
2019051500100350,2019년 5월 15일 13시,수요일,경상북도 칠곡군 왜관읍,중상사고,0,1,0,0,차대사람 - 횡단중,안전운전불이행,건조,맑음,교차로 - 교차로안,승용,남,54세,상해없음,보행자,여,58세,중상
2019051500100351,2019년 5월 15일 13시,수요일,경상북도 포항시 남구 상도동,중상사고,0,1,1,0,차대차 - 측면충돌,안전운전불이행,건조,맑음,단일로 - 기타,승용,남,48세,중상,화물,남,38세,경상
2019051500100380,2019년 5월 15일 14시,수요일,경상북도 성주군 성주읍,경상사고,0,0,1,0,차대사람 - 기타,안전운전불이행,건조,맑음,교차로 - 교차로안,승용,여,47세,상해없음,보행자,남,18세,경상
2019051500100423,2019년 5월 15일 15시,수요일,경상북도 경산시 자인면,중상사고,0,1,0,0,차대차 - 측면충돌,교차로운행방법위반,건조,맑음,교차로 - 교차로안,승용,남,35세,상해없음,이륜,남,57세,중상
2019051500100461,2019년 5월 15일 16시,수요일,경상북도 포항시 북구 죽도동,경상사고,0,0,1,0,차대차 - 측면충돌,안전운전불이행,건조,맑음,단일로 - 기타,승용,남,65세,상해없음,승용,여,60세,경상
2019051500100462,2019년 5월 15일 16시,수요일,경상북도 구미시 원평동,경상사고,0,0,2,0,차대차 - 기타,안전운전불이행,건조,맑음,교차로 - 교차로안,승용,남,55세,상해없음,승용,남,37세,경상
2019051500100506,2019년 5월 15일 17시,수요일,경상북도 포항시 북구 양덕동,중상사고,0,1,0,0,차대차 - 측면충돌,기타,건조,맑음,단일로 - 기타,승용,남,40세,상해없음,이륜,남,37세,중상
2019051500100507,2019년 5월 15일 17시,수요일,경상북도 영주시 휴천동,중상사고,0,1,0,0,차대차 - 측면충돌,안전운전불이행,건조,맑음,단일로 - 기타,이륜,여,63세,중상,이륜,남,67세,상해없음
2019051500100554,2019년 5월 15일 18시,수요일,경상북도 경주시 마동,경상사고,0,0,2,0,차대차 - 측면충돌,안전운전불이행,건조,맑음,단일로 - 기타,승용,여,64세,경상,승용,남,46세,경상
2019051500100555,2019년 5월 15일 18시,수요일,경상북도 경주시 율동,경상사고,0,0,1,0,차대차 - 측면충돌,안전운전불이행,건조,맑음,단일로 - 지하차도(도로)내,화물,남,74세,상해없음,승용,남,58세,경상
2019051500100556,2019년 5월 15일 18시,수요일,경상북도 영덕군 영덕읍,경상사고,0,0,1,0,차대차 - 측면충돌,불법유턴,건조,맑음,단일로 - 기타,자전거,남,82세,경상,화물,남,58세,상해없음
2019051500100557,2019년 5월 15일 18시,수요일,경상북도 구미시 공단동,경상사고,0,0,1,0,차대차 - 기타,교차로운행방법위반,건조,맑음,교차로 - 교차로안,화물,남,41세,상해없음,승용,남,36세,경상
2019051500100593,2019년 5월 15일 19시,수요일,경상북도 문경시 산북면,경상사고,0,0,1,0,차대차 - 정면충돌,중앙선침범,건조,맑음,단일로 - 기타,이륜,남,58세,상해없음,승용,여,58세,경상
2019051500100594,2019년 5월 15일 19시,수요일,경상북도 포항시 남구 상도동,경상사고,0,0,1,0,차대차 - 측면충돌,안전운전불이행,건조,맑음,단일로 - 기타,승용,여,64세,상해없음,승용,여,42세,경상
2019051500100636,2019년 5월 15일 20시,수요일,경상북도 안동시 송현동,경상사고,0,0,1,0,차대차 - 추돌,안전거리미확보,건조,맑음,단일로 - 기타,승용,여,52세,경상,화물,남,62세,상해없음
2019051500100663,2019년 5월 15일 21시,수요일,경상북도 경주시 광명동,중상사고,0,1,6,0,차대차 - 추돌,안전운전불이행,건조,맑음,교차로 - 교차로부근,승용,남,52세,상해없음,승합,남,49세,경상
2019051500100664,2019년 5월 15일 21시,수요일,경상북도 안동시 정하동,경상사고,0,0,1,0,차량단독 - 기타,안전운전불이행,건조,맑음,단일로 - 기타,승용,남,50세,상해없음,,,,
2019051500100665,2019년 5월 15일 21시,수요일,경상북도 영천시 금호읍,경상사고,0,0,2,0,차대차 - 측면충돌,차로위반,건조,맑음,교차로 - 교차로부근,승용,여,21세,상해없음,승용,남,29세,경상
2019051600100077,2019년 5월 16일 03시,목요일,경상북도 구미시 도개면,사망사고,1,0,0,0,차대차 - 기타,안전운전불이행,건조,맑음,단일로 - 기타,화물,남,60세,상해없음,화물,남,62세,사망
2019051600100097,2019년 5월 16일 05시,목요일,경상북도 구미시 지산동,경상사고,0,0,1,0,차대차 - 기타,안전운전불이행,건조,맑음,단일로 - 기타,승용,남,48세,상해없음,자전거,남,56세,경상
2019051600100108,2019년 5월 16일 06시,목요일,경상북도 안동시 당북동,경상사고,0,0,1,0,차대차 - 추돌,신호위반,건조,맑음,교차로 - 교차로안,자전거,남,42세,경상,승용,여,60세,상해없음
2019051600100129,2019년 5월 16일 07시,목요일,경상북도 포항시 남구 인덕동,경상사고,0,0,1,0,차대차 - 후진중충돌,안전운전불이행,건조,맑음,교차로 - 교차로부근,화물,남,51세,상해없음,이륜,남,59세,경상
2019051600100175,2019년 5월 16일 08시,목요일,경상북도 포항시 북구 흥해읍,중상사고,0,2,3,0,차대차 - 측면충돌,안전운전불이행,건조,맑음,교차로 - 교차로안,승용,남,26세,경상,승용,여,44세,상해없음
2019051600100176,2019년 5월 16일 08시,목요일,경상북도 경산시 자인면,경상사고,0,0,1,0,차대차 - 추돌,안전운전불이행,건조,맑음,교차로 - 교차로부근,기타불명,기타불명,미분류,기타불명,승용,여,69세,경상
2019051600100177,2019년 5월 16일 08시,목요일,경상북도 성주군 성주읍,경상사고,0,0,1,0,차대차 - 정면충돌,안전운전불이행,건조,맑음,교차로 - 교차로안,자전거,남,12세,경상,승용,여,29세,상해없음
2019051600100224,2019년 5월 16일 09시,목요일,경상북도 구미시 인의동,경상사고,0,0,1,0,차대차 - 기타,교차로운행방법위반,건조,맑음,교차로 - 교차로안,승용,남,44세,상해없음,이륜,남,21세,경상
2019051600100225,2019년 5월 16일 09시,목요일,경상북도 포항시 남구 지곡동,경상사고,0,0,1,0,차대차 - 측면충돌,신호위반,건조,맑음,교차로 - 교차로안,승용,남,60세,상해없음,승용,여,45세,경상
2019051600100262,2019년 5월 16일 10시,목요일,경상북도 김천시 모암동,경상사고,0,0,1,0,차대사람 - 차도통행중,안전운전불이행,건조,맑음,단일로 - 기타,승용,여,53세,상해없음,보행자,여,38세,경상
2019051600100263,2019년 5월 16일 10시,목요일,경상북도 문경시 점촌동,중상사고,0,1,1,0,차대차 - 측면충돌,직진우회전진행방해,건조,맑음,교차로 - 교차로안,이륜,남,79세,중상,승용,남,63세,경상
2019051600100264,2019년 5월 16일 10시,목요일,경상북도 성주군 성주읍,경상사고,0,0,1,0,차대차 - 측면충돌,안전운전불이행,건조,맑음,교차로 - 교차로안,화물,남,74세,상해없음,승용,남,46세,경상
2019051600100265,2019년 5월 16일 10시,목요일,경상북도 포항시 남구 청림동,경상사고,0,0,1,0,차대차 - 추돌,안전운전불이행,건조,맑음,교차로 - 교차로부근,승용,남,59세,상해없음,승용,여,47세,경상
2019051600100308,2019년 5월 16일 11시,목요일,경상북도 안동시 옥동,중상사고,0,1,0,0,차대차 - 측면충돌,신호위반,건조,맑음,단일로 - 기타,화물,남,66세,상해없음,승용,여,24세,중상
2019051600100309,2019년 5월 16일 11시,목요일,경상북도 구미시 원평동,경상사고,0,0,2,0,차대차 - 측면충돌,교차로운행방법위반,건조,맑음,교차로 - 교차로안,승용,남,74세,상해없음,승용,남,41세,경상
2019051600100339,2019년 5월 16일 12시,목요일,경상북도 경산시 중방동,경상사고,0,0,1,0,차대차 - 측면충돌,안전운전불이행,건조,맑음,단일로 - 기타,승용,여,29세,기타불명,자전거,남,20세,경상
2019051600100367,2019년 5월 16일 13시,목요일,경상북도 영천시 임고면,경상사고,0,0,1,0,차량단독 - 공작물충돌,안전운전불이행,건조,맑음,단일로 - 기타,승용,남,67세,상해없음,,,,
2019051600100395,2019년 5월 16일 14시,목요일,경상북도 경산시 하양읍,경상사고,0,0,1,0,차대차 - 기타,안전운전불이행,건조,맑음,단일로 - 기타,승합,남,60세,상해없음,승용,여,38세,경상
2019051600100396,2019년 5월 16일 14시,목요일,경상북도 성주군 용암면,중상사고,0,1,1,0,차대차 - 측면충돌,중앙선침범,건조,맑음,단일로 - 기타,화물,여,54세,중상,화물,남,55세,경상
2019051600100397,2019년 5월 16일 14시,목요일,경상북도 구미시 원평동,경상사고,0,0,1,0,차대차 - 기타,안전운전불이행,건조,맑음,단일로 - 기타,이륜,남,18세,상해없음,승용,여,41세,경상
2019051600100427,2019년 5월 16일 15시,목요일,경상북도 영주시 가흥동,중상사고,0,1,0,0,차대차 - 측면충돌,교차로운행방법위반,건조,맑음,교차로 - 교차로안,승용,남,75세,상해없음,이륜,남,36세,중상
2019051600100428,2019년 5월 16일 15시,목요일,경상북도 영주시 가흥동,경상사고,0,0,1,1,차대차 - 측면충돌,안전운전불이행,건조,맑음,교차로 - 교차로안,승용,여,39세,경상,승용,여,30세,부상신고
2019051600100429,2019년 5월 16일 15시,목요일,경상북도 영천시 완산동,부상신고사고,0,0,0,2,차대차 - 측면충돌,신호위반,건조,맑음,교차로 - 교차로안,화물,남,47세,상해없음,승용,남,49세,부상신고
2019051600100464,2019년 5월 16일 16시,목요일,경상북도 상주시 함창읍,경상사고,0,0,1,0,차대차 - 측면충돌,안전운전불이행,건조,맑음,교차로 - 교차로안,화물,남,59세,상해없음,이륜,여,77세,경상
2019051600100465,2019년 5월 16일 16시,목요일,경상북도 영천시 완산동,경상사고,0,0,1,0,차대차 - 측면충돌,안전운전불이행,건조,맑음,단일로 - 기타,이륜,남,64세,경상,승용,여,51세,상해없음
2019051600100466,2019년 5월 16일 16시,목요일,경상북도 구미시 원평동,중상사고,0,1,0,0,차대차 - 기타,안전거리미확보,건조,맑음,단일로 - 기타,승용,남,51세,상해없음,자전거,남,68세,중상
2019051600100527,2019년 5월 16일 17시,목요일,경상북도 포항시 북구 항구동,경상사고,0,0,2,0,차대차 - 측면충돌,안전운전불이행,건조,맑음,단일로 - 기타,승용,남,56세,상해없음,승용,남,60세,상해없음
2019051600100528,2019년 5월 16일 17시,목요일,경상북도 영천시 망정동,경상사고,0,0,1,0,차대차 - 측면충돌,안전운전불이행,건조,맑음,단일로 - 기타,승용,여,69세,상해없음,자전거,남,64세,경상
2019051600100529,2019년 5월 16일 17시,목요일,경상북도 포항시 남구 오천읍,부상신고사고,0,0,0,1,차대차 - 기타,차로위반,건조,맑음,교차로 - 교차로부근,이륜,남,19세,부상신고,승용,남,31세,상해없음
2019051600100572,2019년 5월 16일 18시,목요일,경상북도 포항시 북구 양덕동,경상사고,0,0,2,0,차대차 - 측면충돌,차로위반,건조,맑음,단일로 - 기타,승용,남,49세,상해없음,승용,남,59세,경상
2019051600100573,2019년 5월 16일 18시,목요일,경상북도 칠곡군 약목면,경상사고,0,0,2,0,차대차 - 측면충돌,안전운전불이행,건조,맑음,단일로 - 기타,승용,남,21세,경상,승용,남,26세,경상
2019051600100574,2019년 5월 16일 18시,목요일,경상북도 영덕군 영덕읍,경상사고,0,0,1,0,차대차 - 후진중충돌,안전운전불이행,건조,맑음,단일로 - 기타,승용,여,37세,상해없음,승용,여,39세,경상
2019051600100617,2019년 5월 16일 19시,목요일,경상북도 안동시 북문동,부상신고사고,0,0,0,1,차대차 - 측면충돌,안전운전불이행,건조,맑음,교차로 - 교차로안,승용,남,63세,상해없음,이륜,남,20세,부상신고
2019051600100618,2019년 5월 16일 19시,목요일,경상북도 상주시 사벌면,중상사고,0,1,3,0,차대차 - 추돌,안전운전불이행,건조,맑음,단일로 - 기타,승용,여,21세,경상,승용,남,50세,중상
2019051600100619,2019년 5월 16일 19시,목요일,경상북도 울진군 북면,중상사고,0,1,0,0,차대사람 - 길가장자리구역통행중,안전운전불이행,건조,맑음,단일로 - 기타,승용,여,27세,상해없음,보행자,남,51세,중상
2019051600100645,2019년 5월 16일 20시,목요일,경상북도 영덕군 달산면,사망사고,1,0,0,0,차대사람 - 차도통행중,안전운전불이행,건조,맑음,단일로 - 기타,승용,남,63세,상해없음,보행자,남,48세,사망
2019051600100646,2019년 5월 16일 20시,목요일,경상북도 예천군 용문면,경상사고,0,0,1,0,차대차 - 추돌,안전운전불이행,건조,맑음,단일로 - 기타,화물,남,71세,상해없음,농기계,남,58세,경상
2019051600100647,2019년 5월 16일 20시,목요일,경상북도 구미시 옥계동,경상사고,0,0,2,0,차대차 - 측면충돌,교차로운행방법위반,건조,맑음,교차로 - 교차로안,승용,여,29세,상해없음,승용,남,31세,경상
2019051600100680,2019년 5월 16일 21시,목요일,경상북도 포항시 남구 연일읍,경상사고,0,0,2,0,차대차 - 측면충돌,직진우회전진행방해,건조,맑음,교차로 - 교차로안,승용,남,65세,경상,승용,남,68세,경상
2019051600100703,2019년 5월 16일 22시,목요일,경상북도 구미시 형곡동,경상사고,0,0,1,0,차대사람 - 기타,안전운전불이행,건조,맑음,단일로 - 기타,승용,남,56세,상해없음,보행자,여,24세,경상
2019051700100059,2019년 5월 17일 03시,금요일,경상북도 포항시 북구 죽도동,경상사고,0,0,4,0,차대차 - 측면충돌,신호위반,건조,맑음,교차로 - 교차로안,승용,남,49세,상해없음,승용,남,60세,경상
2019051700100073,2019년 5월 17일 05시,금요일,경상북도 상주시 모서면,경상사고,0,0,2,0,차대차 - 측면충돌,교차로운행방법위반,건조,맑음,단일로 - 기타,승합,여,57세,경상,승합,남,64세,경상
2019051700100088,2019년 5월 17일 06시,금요일,경상북도 상주시 성하동,경상사고,0,0,2,0,차대차 - 측면충돌,신호위반,건조,맑음,교차로 - 교차로안,승용,여,58세,경상,화물,남,40세,경상
2019051700100112,2019년 5월 17일 07시,금요일,경상북도 경산시 조영동,경상사고,0,0,1,0,차대사람 - 보도통행중,기타,건조,맑음,단일로 - 기타,승용,남,31세,상해없음,보행자,남,22세,경상
2019051700100113,2019년 5월 17일 07시,금요일,경상북도 구미시 산동면,중상사고,0,1,0,0,차대차 - 정면충돌,신호위반,건조,맑음,교차로 - 교차로안,화물,남,64세,상해없음,승용,여,46세,중상
2019051700100154,2019년 5월 17일 08시,금요일,경상북도 경주시 건천읍,경상사고,0,0,1,0,차대차 - 측면충돌,중앙선침범,건조,맑음,교차로 - 교차로안,화물,남,47세,상해없음,승용,여,35세,경상
2019051700100155,2019년 5월 17일 08시,금요일,경상북도 포항시 북구 덕수동,중상사고,0,1,0,0,차대사람 - 횡단중,안전운전불이행,건조,맑음,단일로 - 기타,승용,남,50세,상해없음,보행자,남,36세,중상
2019051700100156,2019년 5월 17일 08시,금요일,경상북도 경산시 하양읍,경상사고,0,0,1,0,차대사람 - 기타,안전운전불이행,건조,맑음,교차로 - 교차로부근,승용,남,37세,기타불명,보행자,남,71세,경상
2019051700100183,2019년 5월 17일 09시,금요일,경상북도 경주시 구정동,경상사고,0,0,1,0,차대차 - 추돌,안전운전불이행,건조,맑음,교차로 - 교차로안,승용,여,52세,상해없음,승용,남,71세,경상
2019051700100184,2019년 5월 17일 09시,금요일,경상북도 칠곡군 왜관읍,경상사고,0,0,1,0,차대차 - 측면충돌,직진우회전진행방해,건조,맑음,교차로 - 교차로안,이륜,여,71세,기타불명,승용,여,37세,경상
2019051700100185,2019년 5월 17일 09시,금요일,경상북도 영천시 금호읍,경상사고,0,0,1,0,차대사람 - 길가장자리구역통행중,안전운전불이행,건조,맑음,단일로 - 기타,승용,남,77세,상해없음,보행자,남,48세,경상
2019051700100186,2019년 5월 17일 09시,금요일,경상북도 봉화군 상운면,부상신고사고,0,0,0,1,차량단독 - 전도전복 - 전도,안전운전불이행,건조,맑음,교차로 - 교차로부근,농기계,남,73세,부상신고,,,,
2019051700100218,2019년 5월 17일 10시,금요일,경상북도 김천시 다수동,중상사고,0,1,0,0,차대차 - 측면충돌,교차로운행방법위반,건조,맑음,교차로 - 교차로안,화물,남,51세,상해없음,자전거,남,58세,중상
2019051700100219,2019년 5월 17일 10시,금요일,경상북도 포항시 남구 해도동,경상사고,0,0,1,0,차대차 - 측면충돌,안전운전불이행,건조,맑음,교차로 - 교차로안,이륜,남,34세,상해없음,자전거,남,58세,경상
2019051700100244,2019년 5월 17일 11시,금요일,경상북도 포항시 북구 죽도동,경상사고,0,0,1,0,차대차 - 측면충돌,안전운전불이행,건조,맑음,단일로 - 기타,이륜,남,20세,상해없음,승용,남,58세,경상
2019051700100245,2019년 5월 17일 11시,금요일,경상북도 포항시 북구 우현동,경상사고,0,0,1,0,차대차 - 추돌,안전운전불이행,건조,맑음,단일로 - 기타,건설기계,남,40세,상해없음,승용,여,52세,경상
2019051700100246,2019년 5월 17일 11시,금요일,경상북도 상주시 복룡동,중상사고,0,1,0,0,차대차 - 측면충돌,안전운전불이행,건조,맑음,단일로 - 기타,승용,남,66세,상해없음,이륜,남,24세,중상
2019051700100247,2019년 5월 17일 11시,금요일,경상북도 영주시 가흥동,중상사고,0,1,0,0,차대차 - 측면충돌,교차로운행방법위반,건조,맑음,교차로 - 교차로안,화물,남,58세,상해없음,이륜,남,50세,중상
2019051700100248,2019년 5월 17일 11시,금요일,경상북도 칠곡군 석적읍,중상사고,0,1,1,0,차대차 - 측면충돌,교차로운행방법위반,건조,맑음,교차로 - 교차로안,승용,여,37세,경상,이륜,남,28세,중상
2019051700100249,2019년 5월 17일 11시,금요일,경상북도 청도군 청도읍,경상사고,0,0,3,0,차대차 - 측면충돌,안전운전불이행,건조,맑음,단일로 - 기타,승용,여,51세,상해없음,승용,여,40세,경상
2019051700100280,2019년 5월 17일 12시,금요일,경상북도 구미시 공단동,경상사고,0,0,1,0,차대차 - 추돌,신호위반,건조,맑음,교차로 - 교차로안,승용,여,54세,상해없음,화물,남,51세,상해없음
2019051700100281,2019년 5월 17일 12시,금요일,경상북도 구미시 공단동,중상사고,0,1,1,0,차대차 - 측면충돌,신호위반,건조,맑음,교차로 - 교차로안,승용,여,37세,경상,승용,여,58세,중상
2019051700100313,2019년 5월 17일 13시,금요일,경상북도 경주시 성건동,경상사고,0,0,1,0,차량단독 - 공작물충돌,안전운전불이행,건조,맑음,교차로 - 교차로부근,승용,남,71세,상해없음,,,,
2019051700100314,2019년 5월 17일 13시,금요일,경상북도 포항시 북구 두호동,경상사고,0,0,1,0,차대차 - 측면충돌,안전운전불이행,건조,맑음,단일로 - 기타,자전거,남,67세,경상,승용,여,66세,상해없음
2019051700100315,2019년 5월 17일 13시,금요일,경상북도 경산시 하양읍,경상사고,0,0,1,0,차대사람 - 기타,안전운전불이행,건조,맑음,단일로 - 기타,승용,여,38세,기타불명,보행자,여,8세,경상
2019051700100316,2019년 5월 17일 13시,금요일,경상북도 울진군 후포면,사망사고,1,0,0,0,차대사람 - 횡단중,보행자보호의무위반,건조,맑음,단일로 - 기타,승용,남,56세,상해없음,보행자,남,77세,사망
2019051700100317,2019년 5월 17일 13시,금요일,경상북도 청송군 진보면,중상사고,0,1,0,0,차대차 - 추돌,안전운전불이행,건조,맑음,단일로 - 기타,이륜,여,24세,중상,이륜,남,54세,상해없음
2019051700100350,2019년 5월 17일 14시,금요일,경상북도 경산시 옥산동,중상사고,0,1,0,0,차대차 - 측면충돌,신호위반,건조,맑음,교차로 - 교차로안,승용,여,47세,상해없음,승용,남,62세,중상
2019051700100351,2019년 5월 17일 14시,금요일,경상북도 구미시 원평동,경상사고,0,0,1,0,차대사람 - 기타,보행자보호의무위반,건조,맑음,교차로 - 교차로횡단보도내,승용,남,40세,상해없음,보행자,남,70세,경상
2019051700100389,2019년 5월 17일 15시,금요일,경상북도 경주시 외동읍,중상사고,0,3,10,1,차대차 - 추돌,안전운전불이행,건조,맑음,단일로 - 기타,특수,남,44세,상해없음,승합,남,66세,경상
2019051700100390,2019년 5월 17일 15시,금요일,경상북도 영천시 북안면,경상사고,0,0,1,0,차대차 - 기타,중앙선침범,건조,맑음,단일로 - 기타,화물,남,62세,상해없음,자전거,남,47세,경상
2019051700100421,2019년 5월 17일 16시,금요일,경상북도 경주시 효현동,경상사고,0,0,3,0,차대차 - 측면충돌,중앙선침범,건조,맑음,교차로 - 교차로부근,승합,남,33세,상해없음,승용,여,33세,경상
2019051700100422,2019년 5월 17일 16시,금요일,경상북도 경주시 강동면,경상사고,0,0,1,0,차대차 - 측면충돌,안전운전불이행,젖음/습기,비,교차로 - 교차로안,승용,남,72세,경상,승용,남,56세,상해없음
2019051700100423,2019년 5월 17일 16시,금요일,경상북도 포항시 북구 장성동,경상사고,0,0,1,0,차대차 - 측면충돌,직진우회전진행방해,건조,맑음,교차로 - 교차로안,승용,남,67세,상해없음,승용,남,46세,경상
2019051700100424,2019년 5월 17일 16시,금요일,경상북도 영덕군 지품면,중상사고,0,1,1,0,차대차 - 측면충돌,안전운전불이행,건조,맑음,단일로 - 기타,화물,남,60세,상해없음,승용,여,69세,경상
2019051700100479,2019년 5월 17일 17시,금요일,경상북도 상주시 냉림동,중상사고,0,1,0,0,차대사람 - 횡단중,안전운전불이행,건조,맑음,단일로 - 기타,승용,여,49세,상해없음,보행자,여,13세,중상
2019051700100480,2019년 5월 17일 17시,금요일,경상북도 칠곡군 북삼읍,중상사고,0,1,1,0,차대차 - 기타,교차로운행방법위반,건조,맑음,교차로 - 교차로안,승용,여,37세,경상,승합,여,39세,중상
2019051700100481,2019년 5월 17일 17시,금요일,경상북도 구미시 공단동,경상사고,0,0,1,0,차대차 - 기타,불법유턴,건조,맑음,교차로 - 교차로안,승용,남,63세,상해없음,승용,남,26세,경상