사고번호,사고일시,요일,시군구,사고내용,사망자수,중상자수,경상자수,부상신고자수,사고유형,법규위반,노면상태,기상상태,도로형태,가해운전자 차종,가해운전자 성별,가해운전자 연령,가해운전자 상해정도,피해운전자 차종,피해운전자 성별,피해운전자 연령,피해운전자 상해정도
2019051700100525,2019년 5월 17일 18시,금요일,경상북도 칠곡군 왜관읍,경상사고,0,0,1,0,차대사람 - 차도통행중,안전운전불이행,건조,맑음,단일로 - 기타,승용,여,27세,상해없음,보행자,남,26세,경상
2019051700100526,2019년 5월 17일 18시,금요일,경상북도 영천시 창구동,경상사고,0,0,1,0,차대차 - 측면충돌,신호위반,건조,흐림,교차로 - 교차로안,이륜,여,73세,경상,승용,남,59세,상해없음
2019051700100573,2019년 5월 17일 19시,금요일,경상북도 김천시 신음동,중상사고,0,1,0,0,차대사람 - 횡단중,안전운전불이행,건조,맑음,단일로 - 기타,승용,여,61세,상해없음,보행자,남,47세,중상
2019051700100574,2019년 5월 17일 19시,금요일,경상북도 상주시 낙양동,경상사고,0,0,1,0,차대차 - 측면충돌,안전운전불이행,건조,흐림,단일로 - 기타,승용,남,65세,상해없음,이륜,남,39세,경상
2019051700100575,2019년 5월 17일 19시,금요일,경상북도 칠곡군 북삼읍,중상사고,0,1,1,0,차대사람 - 길가장자리구역통행중,안전운전불이행,건조,맑음,교차로 - 교차로부근,이륜,남,38세,중상,보행자,남,14세,경상
2019051700100576,2019년 5월 17일 19시,금요일,경상북도 영천시 금노동,사망사고,1,0,0,0,차대차 - 측면충돌,중앙선침범,건조,맑음,단일로 - 기타,이륜,남,78세,사망,승용,남,23세,상해없음
2019051700100577,2019년 5월 17일 19시,금요일,경상북도 경산시 계양동,부상신고사고,0,0,0,1,차대사람 - 기타,안전운전불이행,건조,맑음,단일로 - 기타,기타불명,기타불명,미분류,기타불명,보행자,남,67세,부상신고
2019051700100685,2019년 5월 17일 22시,금요일,경상북도 포항시 북구 학잠동,중상사고,0,1,0,0,차대사람 - 횡단중,보행자보호의무위반,건조,맑음,교차로 - 교차로횡단보도내,승합,남,68세,상해없음,보행자,남,57세,중상
2019051700100686,2019년 5월 17일 22시,금요일,경상북도 영주시 가흥동,경상사고,0,0,1,0,차대차 - 기타,안전운전불이행,건조,맑음,교차로 - 교차로부근,승용,남,60세,상해없음,이륜,남,48세,경상
2019051800100074,2019년 5월 18일 01시,토요일,경상북도 구미시 송정동,부상신고사고,0,0,0,1,차대차 - 추돌,안전운전불이행,젖음/습기,비,단일로 - 기타,승용,여,28세,부상신고,승용,남,60세,기타불명
2019051800100091,2019년 5월 18일 02시,토요일,경상북도 경주시 석장동,경상사고,0,0,1,0,차대사람 - 길가장자리구역통행중,안전운전불이행,건조,맑음,교차로 - 교차로부근,승용,남,45세,상해없음,보행자,남,21세,경상
2019051800100137,2019년 5월 18일 05시,토요일,경상북도 칠곡군 가산면,부상신고사고,0,0,0,1,차량단독 - 공작물충돌,안전운전불이행,젖음/습기,비,단일로 - 기타,승용,남,34세,부상신고,,,,
2019051800100177,2019년 5월 18일 08시,토요일,경상북도 청도군 풍각면,경상사고,0,0,1,3,차대차 - 측면충돌,교차로운행방법위반,젖음/습기,비,교차로 - 교차로안,승용,여,52세,부상신고,승용,남,60세,경상
2019051800100203,2019년 5월 18일 09시,토요일,경상북도 경산시 압량면,경상사고,0,0,1,0,차대차 - 측면충돌,안전거리미확보,젖음/습기,비,단일로 - 지하차도(도로)내,승용,남,66세,기타불명,화물,남,54세,경상
2019051800100204,2019년 5월 18일 09시,토요일,경상북도 구미시 옥계동,경상사고,0,0,1,0,차대차 - 정면충돌,안전운전불이행,젖음/습기,비,단일로 - 기타,승용,남,57세,상해없음,승용,여,53세,경상
2019051800100242,2019년 5월 18일 10시,토요일,경상북도 안동시 태화동,중상사고,0,1,0,0,차량단독 - 기타,안전운전불이행,젖음/습기,비,단일로 - 기타,승합,남,58세,상해없음,,,,
2019051800100243,2019년 5월 18일 10시,토요일,경상북도 울진군 울진읍,중상사고,0,1,0,0,차대차 - 정면충돌,중앙선침범,젖음/습기,비,단일로 - 기타,화물,남,83세,중상,화물,남,52세,상해없음
2019051800100244,2019년 5월 18일 10시,토요일,경상북도 구미시 공단동,경상사고,0,0,4,0,차대차 - 추돌,안전거리미확보,젖음/습기,비,단일로 - 기타,승용,남,57세,상해없음,승용,남,46세,경상
2019051800100281,2019년 5월 18일 11시,토요일,경상북도 경주시 황성동,경상사고,0,0,2,0,차대차 - 측면충돌,안전운전불이행,건조,맑음,교차로 - 교차로부근,승용,여,35세,상해없음,승용,여,25세,경상
2019051800100282,2019년 5월 18일 11시,토요일,경상북도 구미시 고아읍,경상사고,0,0,1,0,차대차 - 추돌,안전운전불이행,건조,맑음,단일로 - 기타,승용,남,47세,상해없음,승용,남,56세,경상
2019051800100283,2019년 5월 18일 11시,토요일,경상북도 포항시 남구 오천읍,경상사고,0,0,1,0,차대차 - 측면충돌,교차로운행방법위반,젖음/습기,흐림,교차로 - 교차로안,이륜,남,25세,경상,승용,여,46세,상해없음
2019051800100314,2019년 5월 18일 12시,토요일,경상북도 경주시 황성동,경상사고,0,0,1,0,차대차 - 추돌,안전운전불이행,건조,맑음,단일로 - 기타,승용,남,44세,상해없음,자전거,남,81세,경상
2019051800100315,2019년 5월 18일 12시,토요일,경상북도 김천시 대항면,경상사고,0,0,2,0,차량단독 - 도로외이탈 - 추락,안전운전불이행,건조,맑음,단일로 - 기타,승용,여,53세,경상,,,,
2019051800100316,2019년 5월 18일 12시,토요일,경상북도 상주시 함창읍,경상사고,0,0,1,0,차대차 - 측면충돌,안전운전불이행,건조,맑음,단일로 - 기타,화물,남,55세,상해없음,자전거,여,78세,경상
2019051800100317,2019년 5월 18일 12시,토요일,경상북도 상주시 함창읍,경상사고,0,0,1,0,차대차 - 측면충돌,교차로운행방법위반,건조,맑음,교차로 - 교차로안,승용,남,28세,상해없음,자전거,남,10세,경상
2019051800100318,2019년 5월 18일 12시,토요일,경상북도 칠곡군 왜관읍,경상사고,0,0,1,0,차대차 - 기타,교차로운행방법위반,건조,맑음,교차로 - 교차로안,이륜,남,53세,경상,승용,남,40세,상해없음
2019051800100319,2019년 5월 18일 12시,토요일,경상북도 포항시 남구 연일읍,중상사고,0,1,0,0,차대사람 - 횡단중,보행자보호의무위반,건조,맑음,교차로 - 교차로안,화물,남,36세,상해없음,보행자,여,58세,중상
2019051800100363,2019년 5월 18일 13시,토요일,경상북도 경주시 인왕동,중상사고,0,1,5,0,차대차 - 측면충돌,신호위반,건조,맑음,교차로 - 교차로안,승용,남,58세,상해없음,승용,남,35세,경상
2019051800100364,2019년 5월 18일 13시,토요일,경상북도 안동시 상아동,경상사고,0,0,1,0,차대차 - 기타,중앙선침범,건조,맑음,단일로 - 기타,화물,남,42세,상해없음,승용,여,54세,경상
2019051800100365,2019년 5월 18일 13시,토요일,경상북도 영양군 일월면,경상사고,0,0,1,0,차대사람 - 횡단중,안전운전불이행,건조,맑음,단일로 - 기타,화물,남,25세,상해없음,보행자,남,76세,경상
2019051800100366,2019년 5월 18일 13시,토요일,경상북도 포항시 남구 상도동,경상사고,0,0,1,0,차대차 - 측면충돌,직진우회전진행방해,건조,맑음,교차로 - 교차로안,화물,남,53세,상해없음,승용,남,57세,경상
2019051800100367,2019년 5월 18일 13시,토요일,경상북도 포항시 북구 기계면,중상사고,0,4,1,0,차대차 - 측면충돌,안전운전불이행,건조,맑음,단일로 - 기타,승용,남,61세,상해없음,승용,남,47세,중상
2019051800100403,2019년 5월 18일 14시,토요일,경상북도 성주군 선남면,경상사고,0,0,2,0,차대차 - 기타,안전운전불이행,건조,맑음,단일로 - 기타,화물,남,56세,상해없음,화물,남,70세,경상
2019051800100404,2019년 5월 18일 14시,토요일,경상북도 울진군 매화면,중상사고,0,1,0,0,차량단독 - 공작물충돌,안전운전불이행,건조,맑음,단일로 - 기타,승용,여,52세,중상,,,,
2019051800100438,2019년 5월 18일 15시,토요일,경상북도 경산시 사동,경상사고,0,0,3,0,차대차 - 추돌,안전거리미확보,건조,맑음,교차로 - 교차로부근,승용,여,23세,상해없음,승용,여,23세,경상
2019051800100475,2019년 5월 18일 16시,토요일,경상북도 안동시 태화동,경상사고,0,0,2,0,차대차 - 추돌,안전운전불이행,건조,맑음,단일로 - 기타,승용,남,40세,상해없음,승용,여,51세,경상
2019051800100476,2019년 5월 18일 16시,토요일,경상북도 칠곡군 왜관읍,경상사고,0,0,1,0,차대사람 - 기타,안전운전불이행,건조,맑음,단일로 - 기타,승용,남,22세,상해없음,보행자,여,60세,경상
2019051800100509,2019년 5월 18일 17시,토요일,경상북도 경주시 구황동,경상사고,0,0,5,0,차대차 - 측면충돌,안전운전불이행,젖음/습기,비,단일로 - 기타,승용,남,54세,상해없음,승용,여,23세,경상
2019051800100510,2019년 5월 18일 17시,토요일,경상북도 구미시 옥계동,중상사고,0,1,0,0,차대차 - 기타,안전운전불이행,건조,맑음,교차로 - 교차로부근,승용,남,48세,상해없음,승용,여,52세,중상
2019051800100511,2019년 5월 18일 17시,토요일,경상북도 구미시 선기동,부상신고사고,0,0,0,1,차량단독 - 기타,안전운전불이행,건조,맑음,단일로 - 기타,이륜,남,56세,부상신고,,,,
2019051800100547,2019년 5월 18일 18시,토요일,경상북도 포항시 남구 해도동,경상사고,0,0,2,0,차대차 - 측면충돌,안전운전불이행,젖음/습기,비,교차로 - 교차로안,승합,남,44세,상해없음,승용,남,55세,경상
2019051800100548,2019년 5월 18일 18시,토요일,경상북도 포항시 남구 오천읍,경상사고,0,0,1,0,차대차 - 추돌,안전운전불이행,젖음/습기,비,단일로 - 기타,승용,남,51세,상해없음,승용,여,55세,경상
2019051800100549,2019년 5월 18일 18시,토요일,경상북도 포항시 남구 오천읍,경상사고,0,0,4,0,차대차 - 추돌,안전운전불이행,젖음/습기,비,단일로 - 기타,승합,남,63세,상해없음,승용,여,33세,경상
2019051800100579,2019년 5월 18일 19시,토요일,경상북도 경주시 서부동,중상사고,0,1,0,0,차대차 - 정면충돌,안전운전불이행,건조,맑음,교차로 - 교차로부근,승용,남,61세,상해없음,자전거,여,42세,중상
2019051800100580,2019년 5월 18일 19시,토요일,경상북도 김천시 성내동,경상사고,0,0,3,0,차대차 - 측면충돌,중앙선침범,건조,맑음,단일로 - 기타,화물,남,58세,경상,승합,남,72세,경상
2019051800100581,2019년 5월 18일 19시,토요일,경상북도 영천시 완산동,중상사고,0,1,0,0,차대사람 - 차도통행중,안전운전불이행,건조,맑음,교차로 - 교차로안,승용,남,74세,상해없음,보행자,여,36세,중상
2019051800100582,2019년 5월 18일 19시,토요일,경상북도 청도군 화양읍,중상사고,0,1,0,0,차대차 - 측면충돌,교차로운행방법위반,건조,맑음,교차로 - 교차로안,승용,남,42세,상해없음,승용,남,48세,상해없음
2019051800100615,2019년 5월 18일 20시,토요일,경상북도 포항시 북구 양덕동,중상사고,0,1,1,0,차대차 - 측면충돌,신호위반,건조,흐림,교차로 - 교차로안,승용,남,58세,상해없음,승용,여,25세,경상
2019051800100666,2019년 5월 18일 22시,토요일,경상북도 상주시 서성동,경상사고,0,0,1,0,차대차 - 추돌,안전운전불이행,건조,맑음,단일로 - 기타,승용,남,25세,경상,승합,남,53세,기타불명
2019051800100667,2019년 5월 18일 22시,토요일,경상북도 구미시 원평동,경상사고,0,0,1,0,차대차 - 기타,안전운전불이행,건조,맑음,교차로 - 교차로안,승용,여,26세,상해없음,승용,남,50세,경상
2019051800100686,2019년 5월 18일 23시,토요일,경상북도 문경시 모전동,경상사고,0,0,1,0,차대차 - 측면충돌,안전운전불이행,건조,맑음,단일로 - 기타,승용,여,58세,상해없음,승용,여,55세,경상
2019051800100687,2019년 5월 18일 23시,토요일,경상북도 포항시 남구 연일읍,중상사고,0,1,0,0,차대사람 - 횡단중,안전운전불이행,건조,맑음,교차로 - 교차로부근,승용,남,29세,상해없음,보행자,여,36세,중상
2019051900100036,2019년 5월 19일 00시,일요일,경상북도 안동시 송현동,부상신고사고,0,0,0,1,차량단독 - 기타,안전운전불이행,건조,맑음,단일로 - 기타,승용,남,56세,상해없음,,,,
2019051900100073,2019년 5월 19일 03시,일요일,경상북도 영천시 화북면,경상사고,0,0,1,0,차대차 - 후진중충돌,안전운전불이행,건조,맑음,교차로 - 교차로부근,화물,남,68세,상해없음,화물,남,55세,경상
2019051900100097,2019년 5월 19일 05시,일요일,경상북도 영천시 북안면,중상사고,0,2,0,0,차량단독 - 전도전복 - 전복,안전운전불이행,건조,맑음,단일로 - 기타,승용,남,40세,중상,,,,
2019051900100112,2019년 5월 19일 06시,일요일,경상북도 칠곡군 북삼읍,경상사고,0,0,1,0,차대차 - 측면충돌,교차로운행방법위반,건조,맑음,교차로 - 교차로안,승용,남,59세,경상,승용,남,61세,상해없음
2019051900100113,2019년 5월 19일 06시,일요일,경상북도 포항시 남구 대도동,경상사고,0,0,1,0,차대차 - 측면충돌,안전운전불이행,건조,맑음,교차로 - 교차로부근,승용,남,36세,기타불명,승용,남,30세,경상
2019051900100139,2019년 5월 19일 08시,일요일,경상북도 경산시 사동,경상사고,0,0,1,0,차대차 - 측면충돌,신호위반,건조,맑음,교차로 - 교차로안,화물,남,60세,상해없음,승용,남,37세,경상
2019051900100140,2019년 5월 19일 08시,일요일,경상북도 군위군 소보면,경상사고,0,0,2,0,차대차 - 측면충돌,안전운전불이행,건조,맑음,단일로 - 기타,화물,남,46세,상해없음,승용,남,39세,경상
2019051900100154,2019년 5월 19일 09시,일요일,경상북도 청도군 화양읍,경상사고,0,0,1,0,차대사람 - 횡단중,안전운전불이행,건조,맑음,교차로 - 교차로안,화물,남,55세,상해없음,보행자,여,81세,경상
2019051900100171,2019년 5월 19일 10시,일요일,경상북도 포항시 남구 해도동,경상사고,0,0,1,0,차대차 - 기타,기타,건조,맑음,단일로 - 기타,승용,남,59세,상해없음,자전거,여,51세,경상
2019051900100224,2019년 5월 19일 12시,일요일,경상북도 포항시 북구 양덕동,경상사고,0,0,1,0,차대차 - 측면충돌,안전운전불이행,건조,맑음,교차로 - 교차로안,승용,남,52세,상해없음,승용,남,45세,경상
2019051900100248,2019년 5월 19일 13시,일요일,경상북도 구미시 거의동,경상사고,0,0,4,0,차대차 - 측면충돌,차로위반,건조,맑음,단일로 - 기타,이륜,남,23세,상해없음,승용,남,56세,경상
2019051900100249,2019년 5월 19일 13시,일요일,경상북도 구미시 원평동,경상사고,0,0,1,0,차대차 - 측면충돌,교차로운행방법위반,건조,맑음,교차로 - 교차로안,이륜,남,19세,상해없음,이륜,남,29세,경상
2019051900100280,2019년 5월 19일 14시,일요일,경상북도 포항시 북구 동빈1가,경상사고,0,0,1,0,차대차 - 후진중충돌,안전운전불이행,젖음/습기,비,단일로 - 기타,승용,여,37세,상해없음,승용,여,49세,경상
2019051900100281,2019년 5월 19일 14시,일요일,경상북도 포항시 북구 장성동,경상사고,0,0,1,0,차대차 - 측면충돌,직진우회전진행방해,건조,맑음,교차로 - 교차로안,승용,여,60세,상해없음,승용,남,46세,경상
2019051900100282,2019년 5월 19일 14시,일요일,경상북도 상주시 무양동,경상사고,0,0,1,0,차대사람 - 길가장자리구역통행중,안전운전불이행,젖음/습기,흐림,단일로 - 기타,화물,남,79세,상해없음,보행자,여,13세,경상
2019051900100311,2019년 5월 19일 15시,일요일,경상북도 안동시 당북동,중상사고,0,1,0,0,차대차 - 기타,직진우회전진행방해,건조,맑음,교차로 - 교차로안,이륜,남,70세,중상,승용,남,50세,상해없음
2019051900100312,2019년 5월 19일 15시,일요일,경상북도 안동시 송현동,경상사고,0,0,3,0,차대차 - 기타,안전거리미확보,건조,맑음,단일로 - 기타,화물,남,52세,상해없음,승용,여,43세,경상
2019051900100313,2019년 5월 19일 15시,일요일,경상북도 경산시 임당동,경상사고,0,0,1,0,차대차 - 측면충돌,교차로운행방법위반,건조,맑음,교차로 - 교차로안,승용,여,36세,상해없음,이륜,남,22세,경상
2019051900100345,2019년 5월 19일 16시,일요일,경상북도 포항시 북구 송라면,경상사고,0,0,1,0,차대차 - 추돌,안전운전불이행,젖음/습기,비,단일로 - 기타,화물,남,62세,상해없음,자전거,남,81세,경상
2019051900100346,2019년 5월 19일 16시,일요일,경상북도 안동시 운흥동,경상사고,0,0,1,0,차대사람 - 기타,안전운전불이행,젖음/습기,비,단일로 - 기타,화물,남,63세,상해없음,보행자,남,32세,경상
2019051900100347,2019년 5월 19일 16시,일요일,경상북도 영천시 화남면,경상사고,0,0,3,0,차량단독 - 도로외이탈 - 추락,안전운전불이행,건조,맑음,단일로 - 기타,승용,여,39세,경상,,,,
2019051900100348,2019년 5월 19일 16시,일요일,경상북도 영천시 금호읍,경상사고,0,0,4,0,차대차 - 측면충돌,안전운전불이행,건조,맑음,단일로 - 기타,승용,여,56세,경상,승용,남,40세,경상
2019051900100349,2019년 5월 19일 16시,일요일,경상북도 청도군 화양읍,경상사고,0,0,2,0,차대차 - 후진중충돌,안전운전불이행,젖음/습기,비,단일로 - 지하차도(도로)내,승용,남,66세,상해없음,승용,남,59세,경상
2019051900100350,2019년 5월 19일 16시,일요일,경상북도 포항시 남구 오천읍,경상사고,0,0,1,0,차대차 - 추돌,안전운전불이행,건조,맑음,교차로 - 교차로부근,이륜,남,57세,상해없음,이륜,남,18세,경상
2019051900100382,2019년 5월 19일 17시,일요일,경상북도 경주시 건천읍,중상사고,0,1,0,0,차대차 - 측면충돌,안전운전불이행,젖음/습기,비,단일로 - 기타,화물,남,62세,상해없음,이륜,여,66세,중상
2019051900100383,2019년 5월 19일 17시,일요일,경상북도 안동시 법흥동,중상사고,0,1,0,0,차대차 - 기타,신호위반,젖음/습기,비,교차로 - 교차로부근,화물,남,82세,상해없음,승용,여,58세,중상
2019051900100384,2019년 5월 19일 17시,일요일,경상북도 칠곡군 약목면,경상사고,0,0,4,0,차대차 - 측면충돌,안전운전불이행,젖음/습기,비,교차로 - 교차로안,승용,남,21세,기타불명,승용,남,43세,경상
2019051900100385,2019년 5월 19일 17시,일요일,경상북도 성주군 성주읍,경상사고,0,0,1,0,차대차 - 측면충돌,안전운전불이행,젖음/습기,비,교차로 - 교차로안,승용,여,67세,상해없음,승용,여,28세,경상
2019051900100423,2019년 5월 19일 18시,일요일,경상북도 영천시 완산동,중상사고,0,1,0,0,차대차 - 측면충돌,신호위반,젖음/습기,비,교차로 - 교차로안,이륜,남,22세,중상,화물,남,65세,상해없음
2019051900100424,2019년 5월 19일 18시,일요일,경상북도 경산시 용성면,중상사고,0,1,0,0,차량단독 - 공작물충돌,안전운전불이행,젖음/습기,맑음,단일로 - 기타,승용,여,64세,중상,,,,
2019051900100425,2019년 5월 19일 18시,일요일,경상북도 울릉군 울릉읍,중상사고,0,1,0,0,차대사람 - 기타,안전운전불이행,건조,맑음,단일로 - 기타,승용,남,41세,상해없음,보행자,남,69세,중상
2019051900100426,2019년 5월 19일 18시,일요일,경상북도 구미시 고아읍,경상사고,0,0,2,1,차대차 - 기타,안전운전불이행,건조,맑음,교차로 - 교차로부근,승용,남,63세,부상신고,승합,남,47세,경상
2019051900100427,2019년 5월 19일 18시,일요일,경상북도 구미시 황상동,중상사고,0,1,0,0,차대차 - 추돌,안전거리미확보,건조,맑음,단일로 - 기타,승용,남,37세,상해없음,승용,남,36세,중상
2019051900100456,2019년 5월 19일 19시,일요일,경상북도 경주시 구황동,경상사고,0,0,1,0,차대차 - 측면충돌,안전운전불이행,젖음/습기,비,단일로 - 교량,승용,남,61세,상해없음,승용,남,60세,경상
2019051900100457,2019년 5월 19일 19시,일요일,경상북도 경주시 양남면,중상사고,0,1,0,0,차대차 - 정면충돌,중앙선침범,건조,맑음,단일로 - 기타,승용,여,28세,상해없음,화물,남,49세,중상
2019051900100458,2019년 5월 19일 19시,일요일,경상북도 문경시 마성면,경상사고,0,0,1,0,차대차 - 측면충돌,직진우회전진행방해,젖음/습기,흐림,교차로 - 교차로안,승용,남,51세,상해없음,자전거,남,35세,경상
2019051900100459,2019년 5월 19일 19시,일요일,경상북도 영덕군 강구면,사망사고,1,0,0,0,차대사람 - 횡단중,안전운전불이행,젖음/습기,비,교차로 - 교차로안,승용,남,49세,상해없음,보행자,여,79세,사망
2019051900100460,2019년 5월 19일 19시,일요일,경상북도 구미시 옥계동,경상사고,0,0,1,0,차대차 - 기타,교차로운행방법위반,젖음/습기,비,교차로 - 교차로안,승용,남,27세,상해없음,이륜,남,33세,경상
2019051900100461,2019년 5월 19일 19시,일요일,경상북도 구미시 도량동,경상사고,0,0,1,0,차대사람 - 기타,안전운전불이행,젖음/습기,비,기타 - 기타,승용,남,44세,상해없음,보행자,남,30세,경상
2019051900100462,2019년 5월 19일 19시,일요일,경상북도 구미시 송정동,경상사고,0,0,1,0,차대차 - 기타,안전운전불이행,젖음/습기,비,단일로 - 기타,승용,남,60세,상해없음,승용,여,40세,경상
2019051900100498,2019년 5월 19일 20시,일요일,경상북도 포항시 북구 양덕동,경상사고,0,0,1,0,차대차 - 기타,중앙선침범,젖음/습기,비,교차로 - 교차로부근,특수,남,35세,상해없음,이륜,남,24세,경상
2019051900100499,2019년 5월 19일 20시,일요일,경상북도 포항시 북구 용흥동,경상사고,0,0,1,0,차대차 - 기타,안전운전불이행,젖음/습기,비,단일로 - 기타,승용,여,44세,상해없음,이륜,남,16세,경상
2019051900100500,2019년 5월 19일 20시,일요일,경상북도 안동시 일직면,경상사고,0,0,1,0,차대차 - 추돌,안전운전불이행,젖음/습기,비,단일로 - 교량,승용,여,22세,상해없음,승용,남,67세,상해없음
2019051900100501,2019년 5월 19일 20시,일요일,경상북도 경산시 압량면,경상사고,0,0,2,0,차대차 - 측면충돌,신호위반,젖음/습기,비,교차로 - 교차로부근,승용,남,53세,상해없음,승용,남,22세,경상
2019051900100502,2019년 5월 19일 20시,일요일,경상북도 구미시 송정동,중상사고,0,1,0,0,차대차 - 기타,교차로운행방법위반,젖음/습기,비,교차로 - 교차로안,승용,남,61세,상해없음,이륜,남,20세,중상
2019051900100503,2019년 5월 19일 20시,일요일,경상북도 포항시 북구 죽도동,중상사고,0,1,0,0,차대차 - 기타,안전운전불이행,젖음/습기,비,교차로 - 교차로부근,승용,남,34세,상해없음,이륜,남,19세,중상
2019051900100534,2019년 5월 19일 21시,일요일,경상북도 경주시 사정동,경상사고,0,0,2,0,차대차 - 측면충돌,신호위반,젖음/습기,비,교차로 - 교차로안,이륜,남,30세,경상,승용,남,59세,경상
2019051900100535,2019년 5월 19일 21시,일요일,경상북도 안동시 옥동,중상사고,0,1,0,0,차대차 - 기타,안전운전불이행,젖음/습기,맑음,단일로 - 기타,승용,남,58세,상해없음,승용,여,34세,상해없음
2019051900100536,2019년 5월 19일 21시,일요일,경상북도 안동시 송현동,경상사고,0,0,1,0,차대차 - 측면충돌,안전운전불이행,젖음/습기,비,교차로 - 교차로부근,승용,여,50세,상해없음,승합,남,64세,경상
2019051900100537,2019년 5월 19일 21시,일요일,경상북도 성주군 성주읍,경상사고,0,0,1,0,차대차 - 추돌,안전운전불이행,젖음/습기,비,교차로 - 교차로안,승용,남,31세,기타불명,이륜,남,35세,경상
2019051900100538,2019년 5월 19일 21시,일요일,경상북도 구미시 도량동,부상신고사고,0,0,0,1,차대차 - 기타,신호위반,젖음/습기,비,교차로 - 교차로안,기타불명,기타불명,미분류,기타불명,이륜,남,47세,부상신고
2019051900100566,2019년 5월 19일 22시,일요일,경상북도 경주시 안강읍,경상사고,0,0,1,0,차대차 - 측면충돌,안전운전불이행,젖음/습기,흐림,교차로 - 교차로안,승용,남,46세,상해없음,자전거,여,56세,경상
2019051900100567,2019년 5월 19일 22시,일요일,경상북도 김천시 남면,중상사고,0,2,0,0,차대차 - 기타,중앙선침범,건조,기타,단일로 - 기타,기타불명,기타불명,미분류,기타불명,승용,남,56세,중상
2019051900100568,2019년 5월 19일 22시,일요일,경상북도 영덕군 강구면,부상신고사고,0,0,0,1,차량단독 - 공작물충돌,안전운전불이행,건조,맑음,단일로 - 기타,승용,남,40세,부상신고,,,,
2019051900100569,2019년 5월 19일 22시,일요일,경상북도 포항시 남구 연일읍,경상사고,0,0,2,0,차대사람 - 횡단중,신호위반,젖음/습기,비,단일로 - 기타,이륜,남,73세,경상,보행자,여,46세,경상
2019052000100031,2019년 5월 20일 00시,월요일,경상북도 구미시 임수동,중상사고,0,1,1,0,차대차 - 측면충돌,신호위반,젖음/습기,비,교차로 - 교차로안,화물,남,39세,기타불명,승용,남,21세,경상
2019052000100092,2019년 5월 20일 07시,월요일,경상북도 봉화군 석포면,경상사고,0,0,1,0,차대사람 - 기타,안전운전불이행,젖음/습기,비,교차로 - 교차로부근,기타불명,기타불명,미분류,기타불명,보행자,여,63세,경상
2019052000100093,2019년 5월 20일 07시,월요일,경상북도 구미시 옥계동,부상신고사고,0,0,0,1,차대사람 - 횡단중,안전운전불이행,젖음/습기,비,교차로 - 교차로부근,승용,여,43세,상해없음,보행자,여,15세,부상신고
2019052000100094,2019년 5월 20일 07시,월요일,경상북도 포항시 남구 연일읍,경상사고,0,0,4,0,차대차 - 추돌,안전거리미확보,건조,맑음,단일로 - 교량,승용,여,43세,경상,승용,여,36세,경상
2019052000100139,2019년 5월 20일 08시,월요일,경상북도 포항시 북구 장성동,경상사고,0,0,2,0,차대차 - 측면충돌,안전운전불이행,건조,맑음,교차로 - 교차로안,승용,여,50세,경상,승용,여,29세,경상
2019052000100140,2019년 5월 20일 08시,월요일,경상북도 경산시 진량읍,경상사고,0,0,1,0,차대차 - 측면충돌,안전운전불이행,건조,맑음,단일로 - 기타,승용,남,67세,상해없음,승용,남,33세,경상
2019052000100173,2019년 5월 20일 09시,월요일,경상북도 경주시 황성동,부상신고사고,0,0,0,2,차대차 - 추돌,안전거리미확보,건조,맑음,교차로 - 교차로부근,승용,남,37세,부상신고,승용,남,46세,부상신고
2019052000100174,2019년 5월 20일 09시,월요일,경상북도 포항시 북구 대신동,중상사고,0,1,0,0,차대차 - 측면충돌,기타,건조,맑음,단일로 - 기타,승용,남,40세,상해없음,자전거,남,64세,중상
2019052000100175,2019년 5월 20일 09시,월요일,경상북도 봉화군 봉화읍,부상신고사고,0,0,0,1,차대차 - 기타,안전운전불이행,젖음/습기,흐림,교차로 - 교차로안,이륜,남,22세,부상신고,승용,남,43세,상해없음
2019052000100213,2019년 5월 20일 10시,월요일,경상북도 상주시 성동동,경상사고,0,0,1,0,차대차 - 측면충돌,안전운전불이행,건조,맑음,단일로 - 기타,화물,남,40세,상해없음,승용,남,70세,경상
2019052000100214,2019년 5월 20일 10시,월요일,경상북도 영천시 청통면,경상사고,0,0,1,0,차대차 - 정면충돌,안전운전불이행,젖음/습기,흐림,단일로 - 기타,화물,남,60세,상해없음,승용,여,43세,경상
2019052000100215,2019년 5월 20일 10시,월요일,경상북도 문경시 농암면,중상사고,0,1,0,0,차대차 - 측면충돌,안전운전불이행,건조,흐림,단일로 - 기타,화물,남,66세,상해없음,이륜,남,83세,중상
2019052000100249,2019년 5월 20일 11시,월요일,경상북도 영주시 하망동,경상사고,0,0,2,0,차대차 - 측면충돌,안전운전불이행,건조,맑음,교차로 - 교차로안,승용,여,49세,상해없음,승용,여,38세,경상
2019052000100250,2019년 5월 20일 11시,월요일,경상북도 예천군 예천읍,경상사고,0,0,1,0,차대차 - 측면충돌,안전운전불이행,건조,맑음,주차장 - 주차장,승용,여,40세,상해없음,승용,남,67세,경상
2019052000100281,2019년 5월 20일 12시,월요일,경상북도 포항시 남구 인덕동,경상사고,0,0,1,0,차대차 - 측면충돌,안전운전불이행,건조,맑음,기타 - 기타,특수,남,56세,상해없음,승용,여,48세,경상
2019052000100314,2019년 5월 20일 13시,월요일,경상북도 경주시 안강읍,중상사고,0,1,0,0,차량단독 - 도로외이탈 - 추락,안전운전불이행,건조,맑음,단일로 - 기타,승용,남,50세,중상,,,,