사고번호,사고일시,요일,시군구,사고내용,사망자수,중상자수,경상자수,부상신고자수,사고유형,법규위반,노면상태,기상상태,도로형태,가해운전자 차종,가해운전자 성별,가해운전자 연령,가해운전자 상해정도,피해운전자 차종,피해운전자 성별,피해운전자 연령,피해운전자 상해정도
2019052000100315,2019년 5월 20일 13시,월요일,경상북도 칠곡군 북삼읍,경상사고,0,0,1,0,차대차 - 측면충돌,안전운전불이행,건조,맑음,단일로 - 기타,원동기,남,64세,경상,화물,남,63세,상해없음
2019052000100316,2019년 5월 20일 13시,월요일,경상북도 영천시 금호읍,경상사고,0,0,2,0,차대차 - 측면충돌,신호위반,건조,맑음,교차로 - 교차로부근,화물,남,36세,경상,화물,남,42세,경상
2019052000100317,2019년 5월 20일 13시,월요일,경상북도 포항시 남구 상도동,경상사고,0,0,1,0,차대사람 - 차도통행중,안전운전불이행,건조,맑음,단일로 - 기타,화물,남,64세,상해없음,보행자,남,21세,경상
2019052000100349,2019년 5월 20일 14시,월요일,경상북도 경주시 감포읍,경상사고,0,0,1,0,차대사람 - 길가장자리구역통행중,안전운전불이행,건조,맑음,단일로 - 기타,승용,여,44세,상해없음,보행자,남,29세,경상
2019052000100350,2019년 5월 20일 14시,월요일,경상북도 안동시 명륜동,중상사고,0,1,0,0,차대차 - 측면충돌,직진우회전진행방해,건조,맑음,교차로 - 교차로안,승용,여,47세,상해없음,이륜,남,43세,중상
2019052000100351,2019년 5월 20일 14시,월요일,경상북도 칠곡군 동명면,경상사고,0,0,1,1,차량단독 - 공작물충돌,안전운전불이행,건조,맑음,단일로 - 기타,화물,남,76세,부상신고,,,,
2019052000100352,2019년 5월 20일 14시,월요일,경상북도 울진군 평해읍,경상사고,0,0,1,0,차대차 - 측면충돌,안전운전불이행,건조,맑음,단일로 - 기타,승용,남,72세,상해없음,이륜,남,75세,경상
2019052000100353,2019년 5월 20일 14시,월요일,경상북도 포항시 남구 연일읍,경상사고,0,0,1,0,차대차 - 추돌,안전거리미확보,건조,맑음,교차로 - 교차로부근,승용,여,46세,상해없음,승용,여,25세,경상
2019052000100390,2019년 5월 20일 15시,월요일,경상북도 안동시 옥동,경상사고,0,0,2,0,차대차 - 측면충돌,안전거리미확보,건조,맑음,단일로 - 기타,승용,여,57세,상해없음,승용,남,38세,경상
2019052000100391,2019년 5월 20일 15시,월요일,경상북도 문경시 문경읍,경상사고,0,0,2,0,차대차 - 측면충돌,직진우회전진행방해,건조,맑음,교차로 - 교차로안,승용,남,44세,경상,승용,남,25세,경상
2019052000100392,2019년 5월 20일 15시,월요일,경상북도 구미시 옥계동,경상사고,0,0,1,0,차대차 - 기타,중앙선침범,건조,맑음,단일로 - 기타,승용,남,40세,상해없음,이륜,남,32세,경상
2019052000100449,2019년 5월 20일 16시,월요일,경상북도 포항시 북구 대신동,중상사고,0,1,0,0,차대차 - 측면충돌,안전운전불이행,건조,맑음,교차로 - 교차로부근,승용,남,56세,상해없음,승용,여,34세,중상
2019052000100450,2019년 5월 20일 16시,월요일,경상북도 구미시 봉곡동,중상사고,0,1,0,0,차대사람 - 횡단중,보행자보호의무위반,건조,맑음,단일로 - 기타,승용,여,44세,상해없음,보행자,남,13세,중상
2019052000100451,2019년 5월 20일 16시,월요일,경상북도 구미시 송정동,중상사고,0,1,0,0,차대사람 - 횡단중,보행자보호의무위반,건조,맑음,교차로 - 교차로안,화물,남,65세,상해없음,보행자,여,72세,중상
2019052000100503,2019년 5월 20일 17시,월요일,경상북도 칠곡군 왜관읍,부상신고사고,0,0,0,1,차대차 - 측면충돌,교차로운행방법위반,건조,맑음,교차로 - 교차로안,원동기,남,64세,부상신고,승용,남,30세,상해없음
2019052000100504,2019년 5월 20일 17시,월요일,경상북도 영천시 도림동,경상사고,0,0,1,0,차대차 - 기타,기타,건조,맑음,교차로 - 교차로부근,화물,남,38세,상해없음,승용,여,47세,경상
2019052000100505,2019년 5월 20일 17시,월요일,경상북도 문경시 점촌동,경상사고,0,0,1,0,차량단독 - 전도전복 - 전도,안전운전불이행,기타,맑음,단일로 - 기타,자전거,남,76세,경상,,,,
2019052000100506,2019년 5월 20일 17시,월요일,경상북도 경산시 중산동,중상사고,0,1,2,0,차대차 - 정면충돌,안전운전불이행,건조,맑음,교차로 - 교차로안,승합,남,67세,중상,승용,남,19세,경상
2019052000100507,2019년 5월 20일 17시,월요일,경상북도 청도군 청도읍,중상사고,0,1,0,0,차대사람 - 횡단중,안전운전불이행,건조,맑음,단일로 - 기타,승용,남,42세,상해없음,보행자,남,13세,중상
2019052000100553,2019년 5월 20일 18시,월요일,경상북도 포항시 북구 장성동,경상사고,0,0,1,0,차대사람 - 횡단중,신호위반,건조,맑음,교차로 - 교차로횡단보도내,이륜,남,18세,기타불명,보행자,남,48세,경상
2019052000100554,2019년 5월 20일 18시,월요일,경상북도 칠곡군 동명면,경상사고,0,0,1,0,차대사람 - 횡단중,안전운전불이행,건조,맑음,교차로 - 교차로부근,화물,남,65세,상해없음,보행자,여,16세,경상
2019052000100555,2019년 5월 20일 18시,월요일,경상북도 경산시 중산동,중상사고,0,1,0,0,차대사람 - 횡단중,보행자보호의무위반,건조,맑음,단일로 - 기타,승합,남,53세,상해없음,보행자,남,62세,중상
2019052000100556,2019년 5월 20일 18시,월요일,경상북도 구미시 인의동,중상사고,0,1,0,0,차대사람 - 횡단중,안전운전불이행,건조,맑음,교차로 - 교차로안,승용,남,34세,상해없음,보행자,남,81세,중상
2019052000100594,2019년 5월 20일 19시,월요일,경상북도 상주시 무양동,경상사고,0,0,3,0,차대차 - 측면충돌,교차로운행방법위반,건조,맑음,교차로 - 교차로안,화물,여,56세,상해없음,승용,남,23세,경상
2019052000100625,2019년 5월 20일 20시,월요일,경상북도 구미시 광평동,경상사고,0,0,1,0,차대차 - 기타,차로위반,건조,맑음,단일로 - 기타,승용,남,22세,기타불명,이륜,남,21세,경상
2019052000100655,2019년 5월 20일 21시,월요일,경상북도 안동시 안막동,경상사고,0,0,3,0,차대차 - 측면충돌,안전운전불이행,건조,맑음,단일로 - 기타,승용,여,40세,경상,승용,남,27세,경상
2019052100100061,2019년 5월 21일 01시,화요일,경상북도 포항시 남구 상도동,경상사고,0,0,1,0,차대차 - 측면충돌,교차로운행방법위반,건조,맑음,교차로 - 교차로안,승용,남,58세,상해없음,승용,남,54세,상해없음
2019052100100070,2019년 5월 21일 02시,화요일,경상북도 포항시 남구 오천읍,중상사고,0,1,0,1,차량단독 - 기타,안전운전불이행,건조,맑음,단일로 - 기타,이륜,남,27세,부상신고,,,,
2019052100100098,2019년 5월 21일 06시,화요일,경상북도 성주군 성주읍,중상사고,0,1,0,0,차대차 - 정면충돌,안전운전불이행,건조,맑음,교차로 - 교차로안,자전거,남,28세,중상,승용,여,56세,상해없음
2019052100100122,2019년 5월 21일 07시,화요일,경상북도 안동시 용상동,중상사고,0,1,0,0,차대차 - 측면충돌,직진우회전진행방해,건조,맑음,교차로 - 교차로안,승용,남,61세,상해없음,이륜,남,46세,중상
2019052100100123,2019년 5월 21일 07시,화요일,경상북도 안동시 도산면,중상사고,0,2,0,0,차대차 - 측면충돌,안전운전불이행,건조,맑음,교차로 - 교차로안,승용,남,77세,상해없음,승용,남,73세,중상
2019052100100124,2019년 5월 21일 07시,화요일,경상북도 칠곡군 왜관읍,경상사고,0,0,3,2,차대차 - 추돌,안전거리미확보,건조,맑음,교차로 - 교차로부근,화물,남,57세,부상신고,승용,남,54세,부상신고
2019052100100159,2019년 5월 21일 08시,화요일,경상북도 영주시 하망동,경상사고,0,0,1,0,차대차 - 측면충돌,안전운전불이행,건조,맑음,교차로 - 교차로안,승용,여,37세,상해없음,화물,남,59세,경상
2019052100100160,2019년 5월 21일 08시,화요일,경상북도 칠곡군 지천면,중상사고,0,1,0,0,차대차 - 측면충돌,안전운전불이행,건조,맑음,단일로 - 기타,화물,남,61세,상해없음,승용,남,24세,중상
2019052100100161,2019년 5월 21일 08시,화요일,경상북도 영천시 금호읍,경상사고,0,0,1,0,차대차 - 추돌,안전거리미확보,건조,맑음,교차로 - 교차로부근,화물,남,48세,상해없음,승용,여,25세,경상
2019052100100162,2019년 5월 21일 08시,화요일,경상북도 구미시 도량동,중상사고,0,1,1,0,차대차 - 기타,기타,건조,맑음,단일로 - 기타,건설기계,남,40세,경상,승용,여,31세,중상
2019052100100163,2019년 5월 21일 08시,화요일,경상북도 포항시 남구 오천읍,경상사고,0,0,2,0,차대차 - 측면충돌,직진우회전진행방해,건조,맑음,교차로 - 교차로안,승용,여,47세,기타불명,승용,여,38세,경상
2019052100100225,2019년 5월 21일 09시,화요일,경상북도 경주시 안강읍,경상사고,0,0,1,0,차대차 - 측면충돌,안전운전불이행,건조,맑음,교차로 - 교차로안,이륜,남,58세,경상,승용,남,50세,상해없음
2019052100100226,2019년 5월 21일 09시,화요일,경상북도 성주군 성주읍,경상사고,0,0,2,0,차대차 - 측면충돌,안전운전불이행,건조,맑음,교차로 - 교차로안,승용,여,53세,경상,화물,남,33세,경상
2019052100100227,2019년 5월 21일 09시,화요일,경상북도 구미시 오태동,경상사고,0,0,1,0,차대차 - 측면충돌,안전거리미확보,건조,맑음,단일로 - 기타,특수,남,60세,상해없음,화물,남,58세,상해없음
2019052100100258,2019년 5월 21일 10시,화요일,경상북도 김천시 황금동,중상사고,0,1,2,0,차량단독 - 공작물충돌,기타,건조,맑음,단일로 - 기타,화물,남,57세,상해없음,,,,
2019052100100259,2019년 5월 21일 10시,화요일,경상북도 상주시 서문동,경상사고,0,0,1,0,차대차 - 측면충돌,교차로운행방법위반,건조,맑음,교차로 - 교차로부근,화물,남,84세,상해없음,승용,여,41세,경상
2019052100100260,2019년 5월 21일 10시,화요일,경상북도 칠곡군 가산면,중상사고,0,1,0,0,차대차 - 측면충돌,안전운전불이행,건조,맑음,단일로 - 기타,화물,남,36세,상해없음,이륜,남,32세,중상
2019052100100261,2019년 5월 21일 10시,화요일,경상북도 구미시 상모동,경상사고,0,0,2,0,차대차 - 측면충돌,교차로운행방법위반,건조,맑음,교차로 - 교차로안,승용,여,52세,경상,승용,여,48세,경상
2019052100100290,2019년 5월 21일 11시,화요일,경상북도 경주시 동천동,중상사고,0,4,0,0,차대차 - 정면충돌,중앙선침범,건조,맑음,단일로 - 기타,승용,남,51세,상해없음,승용,여,54세,중상
2019052100100291,2019년 5월 21일 11시,화요일,경상북도 포항시 북구 학산동,경상사고,0,0,2,0,차대차 - 정면충돌,중앙선침범,건조,맑음,교차로 - 교차로안,승용,여,66세,상해없음,승용,남,50세,경상
2019052100100292,2019년 5월 21일 11시,화요일,경상북도 김천시 부곡동,중상사고,0,1,0,0,차대사람 - 기타,안전운전불이행,건조,맑음,단일로 - 기타,승용,남,80세,상해없음,보행자,여,72세,중상
2019052100100293,2019년 5월 21일 11시,화요일,경상북도 상주시 남성동,중상사고,0,1,0,0,차대사람 - 횡단중,보행자보호의무위반,건조,맑음,교차로 - 교차로안,승용,남,71세,상해없음,보행자,여,47세,중상
2019052100100294,2019년 5월 21일 11시,화요일,경상북도 칠곡군 약목면,경상사고,0,0,1,1,차대차 - 추돌,안전운전불이행,건조,맑음,단일로 - 지하차도(도로)내,화물,남,68세,부상신고,승용,남,34세,경상
2019052100100325,2019년 5월 21일 12시,화요일,경상북도 청도군 풍각면,부상신고사고,0,0,0,1,차대사람 - 횡단중,안전운전불이행,건조,맑음,단일로 - 기타,승용,여,62세,상해없음,보행자,남,46세,부상신고
2019052100100326,2019년 5월 21일 12시,화요일,경상북도 구미시 공단동,경상사고,0,0,1,0,차대차 - 기타,교차로운행방법위반,건조,맑음,교차로 - 교차로안,승용,남,40세,기타불명,승용,여,44세,경상
2019052100100327,2019년 5월 21일 12시,화요일,경상북도 포항시 남구 연일읍,경상사고,0,0,1,0,차대차 - 측면충돌,직진우회전진행방해,건조,맑음,교차로 - 교차로안,이륜,여,53세,경상,화물,남,56세,상해없음
2019052100100353,2019년 5월 21일 13시,화요일,경상북도 영천시 완산동,경상사고,0,0,1,0,차대차 - 추돌,안전운전불이행,건조,맑음,교차로 - 교차로부근,승용,여,49세,상해없음,승용,여,67세,경상
2019052100100383,2019년 5월 21일 14시,화요일,경상북도 경주시 용강동,중상사고,0,1,2,0,차대차 - 측면충돌,안전운전불이행,건조,맑음,단일로 - 기타,승용,여,43세,상해없음,승합,남,44세,상해없음
2019052100100384,2019년 5월 21일 14시,화요일,경상북도 포항시 북구 대신동,부상신고사고,0,0,0,1,차대사람 - 기타,신호위반,건조,맑음,교차로 - 교차로안,승용,남,59세,상해없음,보행자,여,69세,부상신고
2019052100100385,2019년 5월 21일 14시,화요일,경상북도 상주시 복룡동,중상사고,0,1,0,0,차대차 - 측면충돌,안전운전불이행,건조,맑음,단일로 - 기타,승용,여,66세,상해없음,승용,여,59세,중상
2019052100100386,2019년 5월 21일 14시,화요일,경상북도 군위군 부계면,경상사고,0,0,2,0,차대차 - 추돌,안전운전불이행,건조,맑음,단일로 - 기타,화물,남,48세,경상,화물,남,66세,경상
2019052100100416,2019년 5월 21일 15시,화요일,경상북도 포항시 북구 우현동,경상사고,0,0,1,0,차대차 - 측면충돌,교차로운행방법위반,건조,맑음,교차로 - 교차로안,승용,여,47세,상해없음,자전거,여,38세,경상
2019052100100417,2019년 5월 21일 15시,화요일,경상북도 상주시 외답동,중상사고,0,1,0,0,차량단독 - 기타,안전운전불이행,건조,맑음,교차로 - 교차로부근,승합,남,56세,상해없음,,,,
2019052100100418,2019년 5월 21일 15시,화요일,경상북도 칠곡군 북삼읍,중상사고,0,1,1,0,차대차 - 기타,직진우회전진행방해,건조,맑음,교차로 - 교차로안,승용,여,47세,경상,승용,여,34세,중상
2019052100100419,2019년 5월 21일 15시,화요일,경상북도 경산시 하양읍,중상사고,0,1,0,0,차대사람 - 횡단중,안전운전불이행,건조,맑음,단일로 - 기타,승용,여,49세,상해없음,보행자,여,20세,중상
2019052100100453,2019년 5월 21일 16시,화요일,경상북도 경산시 중방동,부상신고사고,0,0,0,1,차대차 - 기타,안전운전불이행,건조,맑음,단일로 - 기타,승용,여,44세,상해없음,승합,남,53세,상해없음
2019052100100454,2019년 5월 21일 16시,화요일,경상북도 경산시 진량읍,경상사고,0,0,4,0,차대차 - 측면충돌,불법유턴,건조,맑음,단일로 - 지하차도(도로)내,승용,여,33세,상해없음,승용,남,60세,경상
2019052100100512,2019년 5월 21일 17시,화요일,경상북도 안동시 남문동,경상사고,0,0,1,0,차대차 - 후진중충돌,안전운전불이행,건조,맑음,단일로 - 기타,승용,남,41세,상해없음,승용,여,48세,경상
2019052100100513,2019년 5월 21일 17시,화요일,경상북도 경산시 남천면,경상사고,0,0,1,0,차대차 - 측면충돌,신호위반,건조,맑음,교차로 - 교차로안,승용,남,41세,상해없음,승용,남,48세,경상
2019052100100514,2019년 5월 21일 17시,화요일,경상북도 봉화군 소천면,중상사고,0,1,2,0,차대차 - 추돌,안전운전불이행,건조,맑음,단일로 - 기타,화물,남,50세,경상,건설기계,남,57세,중상
2019052100100515,2019년 5월 21일 17시,화요일,경상북도 구미시 선산읍,경상사고,0,0,1,0,차대차 - 기타,안전운전불이행,건조,맑음,단일로 - 기타,자전거,여,61세,경상,승용,남,30세,상해없음
2019052100100516,2019년 5월 21일 17시,화요일,경상북도 포항시 남구 구룡포읍,경상사고,0,0,1,0,차대차 - 측면충돌,신호위반,건조,맑음,교차로 - 교차로안,승용,여,48세,상해없음,승용,남,45세,경상
2019052100100565,2019년 5월 21일 18시,화요일,경상북도 경주시 강동면,중상사고,0,7,6,0,차대차 - 측면충돌,중앙선침범,건조,맑음,교차로 - 교차로부근,승용,남,46세,중상,승합,여,58세,경상
2019052100100566,2019년 5월 21일 18시,화요일,경상북도 포항시 북구 덕수동,중상사고,0,1,0,0,차대차 - 측면충돌,중앙선침범,건조,맑음,교차로 - 교차로부근,자전거,남,56세,중상,승용,여,65세,상해없음
2019052100100567,2019년 5월 21일 18시,화요일,경상북도 김천시 봉산면,중상사고,0,1,0,0,차대사람 - 기타,기타,건조,맑음,단일로 - 기타,승합,남,54세,상해없음,보행자,여,72세,중상
2019052100100568,2019년 5월 21일 18시,화요일,경상북도 영주시 휴천동,중상사고,0,1,0,0,차대차 - 측면충돌,교차로운행방법위반,건조,맑음,교차로 - 교차로안,승용,여,42세,상해없음,승용,남,29세,중상
2019052100100569,2019년 5월 21일 18시,화요일,경상북도 구미시 진평동,경상사고,0,0,2,0,차대차 - 기타,안전운전불이행,건조,맑음,교차로 - 교차로부근,승용,남,19세,상해없음,승용,여,49세,경상
2019052100100609,2019년 5월 21일 19시,화요일,경상북도 포항시 남구 상도동,중상사고,0,1,0,0,차대차 - 기타,안전운전불이행,건조,맑음,단일로 - 기타,이륜,남,68세,중상,승용,남,21세,상해없음
2019052100100680,2019년 5월 21일 21시,화요일,경상북도 경산시 하양읍,경상사고,0,0,1,0,차대차 - 추돌,안전거리미확보,건조,맑음,단일로 - 기타,승용,남,20세,상해없음,승용,남,38세,경상
2019052100100714,2019년 5월 21일 22시,화요일,경상북도 경주시 황성동,경상사고,0,0,2,0,차대차 - 추돌,안전운전불이행,건조,맑음,교차로 - 교차로부근,승용,남,44세,상해없음,승용,남,48세,경상
2019052200100030,2019년 5월 22일 00시,수요일,경상북도 경산시 정평동,경상사고,0,0,2,0,차대차 - 추돌,안전운전불이행,건조,맑음,단일로 - 기타,승용,남,63세,상해없음,승용,여,56세,경상
2019052200100043,2019년 5월 22일 01시,수요일,경상북도 구미시 임수동,중상사고,0,1,0,0,차대차 - 기타,안전운전불이행,건조,맑음,단일로 - 기타,승용,남,56세,상해없음,승용,여,35세,중상
2019052200100049,2019년 5월 22일 02시,수요일,경상북도 영주시 가흥동,사망사고,1,0,1,0,차대차 - 측면충돌,안전운전불이행,건조,맑음,교차로 - 교차로부근,승용,남,73세,사망,승용,여,56세,경상
2019052200100054,2019년 5월 22일 03시,수요일,경상북도 포항시 남구 대잠동,경상사고,0,0,2,0,차대차 - 측면충돌,신호위반,건조,맑음,교차로 - 교차로안,승용,여,43세,경상,건설기계,남,45세,경상
2019052200100083,2019년 5월 22일 06시,수요일,경상북도 안동시 와룡면,중상사고,0,2,0,0,차대차 - 기타,중앙선침범,건조,맑음,단일로 - 기타,승합,남,58세,상해없음,승용,여,49세,중상
2019052200100115,2019년 5월 22일 07시,수요일,경상북도 경주시 외동읍,중상사고,0,1,0,0,차대차 - 측면충돌,신호위반,건조,맑음,교차로 - 교차로안,승용,여,25세,상해없음,승용,남,47세,중상
2019052200100116,2019년 5월 22일 07시,수요일,경상북도 칠곡군 지천면,경상사고,0,0,2,0,차대차 - 측면충돌,교차로운행방법위반,건조,맑음,교차로 - 교차로안,승용,남,57세,경상,승용,남,56세,경상
2019052200100117,2019년 5월 22일 07시,수요일,경상북도 경산시 진량읍,중상사고,0,1,0,0,차대차 - 측면충돌,안전운전불이행,건조,맑음,교차로 - 교차로부근,승용,남,28세,상해없음,원동기,남,38세,중상
2019052200100118,2019년 5월 22일 07시,수요일,경상북도 포항시 남구 효자동,중상사고,0,1,0,0,차대차 - 기타,중앙선침범,건조,맑음,기타 - 기타,화물,남,69세,기타불명,승용,여,55세,중상
2019052200100177,2019년 5월 22일 08시,수요일,경상북도 안동시 안기동,중상사고,0,1,1,0,차대차 - 측면충돌,안전운전불이행,건조,맑음,단일로 - 기타,승용,남,72세,경상,승용,여,61세,중상
2019052200100178,2019년 5월 22일 08시,수요일,경상북도 구미시 고아읍,중상사고,0,1,1,0,차대차 - 기타,안전거리미확보,건조,맑음,교차로 - 교차로부근,승용,여,53세,중상,승용,여,30세,경상
2019052200100179,2019년 5월 22일 08시,수요일,경상북도 구미시 송정동,경상사고,0,0,1,0,차대차 - 추돌,안전운전불이행,건조,맑음,교차로 - 교차로안,승용,남,68세,상해없음,승용,여,28세,경상
2019052200100180,2019년 5월 22일 08시,수요일,경상북도 포항시 남구 장흥동,부상신고사고,0,0,0,2,차대차 - 추돌,안전운전불이행,건조,맑음,단일로 - 기타,기타불명,기타불명,미분류,기타불명,승용,여,32세,부상신고
2019052200100222,2019년 5월 22일 09시,수요일,경상북도 경산시 사동,경상사고,0,0,1,0,차대사람 - 차도통행중,안전운전불이행,건조,맑음,교차로 - 교차로부근,승용,남,37세,상해없음,보행자,여,76세,경상
2019052200100223,2019년 5월 22일 09시,수요일,경상북도 울진군 근남면,경상사고,0,0,1,0,차대차 - 측면충돌,안전운전불이행,건조,맑음,단일로 - 기타,승용,여,58세,상해없음,자전거,여,63세,경상
2019052200100224,2019년 5월 22일 09시,수요일,경상북도 구미시 진평동,경상사고,0,0,1,0,차대차 - 측면충돌,안전운전불이행,건조,맑음,교차로 - 교차로안,승용,남,54세,상해없음,이륜,남,36세,경상
2019052200100246,2019년 5월 22일 10시,수요일,경상북도 경주시 성건동,경상사고,0,0,1,0,차대차 - 측면충돌,안전운전불이행,건조,맑음,교차로 - 교차로안,승용,남,62세,상해없음,자전거,남,47세,경상
2019052200100247,2019년 5월 22일 10시,수요일,경상북도 경산시 백천동,사망사고,1,0,0,0,차대차 - 측면충돌,안전운전불이행,건조,맑음,교차로 - 교차로부근,화물,남,41세,상해없음,이륜,남,85세,사망
2019052200100280,2019년 5월 22일 11시,수요일,경상북도 경산시 대평동,중상사고,0,1,0,0,차대사람 - 횡단중,안전운전불이행,건조,맑음,교차로 - 교차로안,승용,여,52세,상해없음,보행자,여,86세,중상
2019052200100281,2019년 5월 22일 11시,수요일,경상북도 포항시 남구 대도동,경상사고,0,0,1,0,차대사람 - 길가장자리구역통행중,안전운전불이행,건조,맑음,단일로 - 기타,승용,여,67세,상해없음,보행자,여,46세,경상
2019052200100311,2019년 5월 22일 12시,수요일,경상북도 안동시 운흥동,경상사고,0,0,1,0,차대차 - 측면충돌,안전운전불이행,건조,맑음,교차로 - 교차로부근,승용,남,41세,상해없음,승용,남,40세,경상
2019052200100312,2019년 5월 22일 12시,수요일,경상북도 영주시 휴천동,경상사고,0,0,1,0,차대차 - 측면충돌,안전운전불이행,건조,맑음,교차로 - 교차로안,승용,여,35세,경상,이륜,남,57세,상해없음
2019052200100313,2019년 5월 22일 12시,수요일,경상북도 문경시 모전동,경상사고,0,0,2,0,차대차 - 측면충돌,안전운전불이행,건조,맑음,교차로 - 교차로안,승합,남,21세,경상,승용,남,27세,상해없음
2019052200100314,2019년 5월 22일 12시,수요일,경상북도 봉화군 봉성면,중상사고,0,1,0,0,차대사람 - 횡단중,안전운전불이행,건조,맑음,단일로 - 기타,이륜,남,25세,상해없음,보행자,여,59세,중상
2019052200100350,2019년 5월 22일 13시,수요일,경상북도 칠곡군 북삼읍,중상사고,0,1,0,0,차대차 - 측면충돌,안전운전불이행,건조,맑음,교차로 - 교차로안,승용,여,28세,상해없음,이륜,남,47세,중상
2019052200100351,2019년 5월 22일 13시,수요일,경상북도 문경시 흥덕동,경상사고,0,0,1,0,차대차 - 측면충돌,직진우회전진행방해,건조,맑음,교차로 - 교차로안,이륜,남,80세,경상,승용,여,46세,상해없음
2019052200100352,2019년 5월 22일 13시,수요일,경상북도 성주군 성주읍,중상사고,0,1,0,0,차대사람 - 횡단중,보행자보호의무위반,건조,맑음,단일로 - 기타,화물,남,28세,상해없음,보행자,여,7세,중상
2019052200100353,2019년 5월 22일 13시,수요일,경상북도 구미시 도량동,중상사고,0,1,0,0,차대사람 - 횡단중,중앙선침범,건조,맑음,교차로 - 교차로부근,승용,남,21세,상해없음,보행자,여,50세,중상
2019052200100391,2019년 5월 22일 14시,수요일,경상북도 영천시 완산동,경상사고,0,0,1,0,차대차 - 추돌,안전운전불이행,건조,맑음,교차로 - 교차로부근,승용,남,64세,상해없음,이륜,남,81세,경상
2019052200100392,2019년 5월 22일 14시,수요일,경상북도 포항시 남구 상도동,중상사고,0,1,0,0,차대차 - 기타,안전운전불이행,건조,맑음,단일로 - 기타,화물,남,49세,상해없음,자전거,남,76세,중상
2019052200100420,2019년 5월 22일 15시,수요일,경상북도 구미시 선산읍,경상사고,0,0,2,0,차대차 - 기타,안전운전불이행,건조,맑음,교차로 - 교차로안,화물,남,59세,상해없음,이륜,남,76세,경상
2019052200100466,2019년 5월 22일 16시,수요일,경상북도 경주시 시래동,경상사고,0,0,1,0,차대차 - 측면충돌,안전거리미확보,건조,맑음,교차로 - 교차로안,화물,남,54세,상해없음,승용,남,78세,경상
2019052200100467,2019년 5월 22일 16시,수요일,경상북도 안동시 태화동,경상사고,0,0,1,0,차대차 - 추돌,안전거리미확보,건조,맑음,단일로 - 기타,승용,여,52세,상해없음,화물,남,38세,경상
2019052200100468,2019년 5월 22일 16시,수요일,경상북도 문경시 점촌동,경상사고,0,0,1,0,차대차 - 측면충돌,직진우회전진행방해,건조,맑음,교차로 - 교차로안,화물,남,71세,상해없음,승용,여,67세,경상
2019052200100469,2019년 5월 22일 16시,수요일,경상북도 경산시 계양동,경상사고,0,0,1,0,차대차 - 측면충돌,안전운전불이행,건조,맑음,단일로 - 지하차도(도로)내,화물,남,69세,상해없음,자전거,남,14세,경상
2019052200100470,2019년 5월 22일 16시,수요일,경상북도 고령군 대가야읍,경상사고,0,0,3,0,차대차 - 측면충돌,교차로운행방법위반,건조,맑음,교차로 - 교차로안,승합,남,38세,상해없음,승용,남,58세,경상
2019052200100471,2019년 5월 22일 16시,수요일,경상북도 구미시 공단동,경상사고,0,0,1,0,차대차 - 추돌,안전운전불이행,건조,맑음,교차로 - 교차로부근,승용,남,52세,상해없음,승용,여,49세,경상
2019052200100516,2019년 5월 22일 17시,수요일,경상북도 영천시 금노동,경상사고,0,0,1,0,차대차 - 측면충돌,안전운전불이행,건조,맑음,교차로 - 교차로안,승용,남,65세,상해없음,승용,남,26세,경상
2019052200100517,2019년 5월 22일 17시,수요일,경상북도 포항시 남구 오천읍,경상사고,0,0,4,0,차대차 - 측면충돌,직진우회전진행방해,건조,맑음,교차로 - 교차로안,승용,남,29세,경상,승용,남,60세,경상
2019052200100518,2019년 5월 22일 17시,수요일,경상북도 포항시 남구 해도동,경상사고,0,0,1,0,차대차 - 측면충돌,직진우회전진행방해,건조,맑음,교차로 - 교차로안,승용,여,52세,상해없음,승용,여,57세,경상
2019052200100602,2019년 5월 22일 19시,수요일,경상북도 경주시 황성동,경상사고,0,0,1,0,차대사람 - 길가장자리구역통행중,안전운전불이행,건조,맑음,단일로 - 기타,기타불명,기타불명,미분류,기타불명,보행자,여,54세,경상
2019052200100603,2019년 5월 22일 19시,수요일,경상북도 포항시 북구 양덕동,경상사고,0,0,1,0,차대차 - 기타,안전운전불이행,건조,맑음,단일로 - 기타,승용,여,34세,상해없음,승용,남,44세,경상
2019052200100604,2019년 5월 22일 19시,수요일,경상북도 영주시 상망동,중상사고,0,1,0,0,차대차 - 측면충돌,교차로운행방법위반,건조,맑음,교차로 - 교차로안,승합,남,49세,상해없음,이륜,남,71세,중상
2019052200100605,2019년 5월 22일 19시,수요일,경상북도 포항시 남구 청림동,경상사고,0,0,9,0,차대차 - 측면충돌,신호위반,건조,맑음,교차로 - 교차로안,승용,남,35세,상해없음,승합,남,67세,경상
2019052200100640,2019년 5월 22일 20시,수요일,경상북도 포항시 북구 우현동,경상사고,0,0,1,0,차대차 - 측면충돌,교차로운행방법위반,건조,맑음,교차로 - 교차로안,승용,여,46세,상해없음,승용,여,59세,경상
2019052200100641,2019년 5월 22일 20시,수요일,경상북도 김천시 개령면,중상사고,0,1,1,0,차대차 - 측면충돌,안전운전불이행,건조,맑음,단일로 - 기타,승용,남,26세,경상,승용,여,29세,중상