사고번호,사고일시,요일,시군구,사고내용,사망자수,중상자수,경상자수,부상신고자수,사고유형,법규위반,노면상태,기상상태,도로형태,가해운전자 차종,가해운전자 성별,가해운전자 연령,가해운전자 상해정도,피해운전자 차종,피해운전자 성별,피해운전자 연령,피해운전자 상해정도
2019052500100377,2019년 5월 25일 14시,토요일,경상북도 김천시 어모면,중상사고,0,1,0,0,차대차 - 측면충돌,교차로운행방법위반,건조,맑음,교차로 - 교차로안,승합,남,46세,상해없음,이륜,남,51세,중상
2019052500100378,2019년 5월 25일 14시,토요일,경상북도 군위군 군위읍,경상사고,0,0,1,0,차대차 - 측면충돌,안전운전불이행,건조,맑음,교차로 - 교차로안,화물,남,45세,상해없음,승용,남,66세,경상
2019052500100379,2019년 5월 25일 14시,토요일,경상북도 포항시 남구 연일읍,경상사고,0,0,2,0,차대차 - 기타,안전운전불이행,건조,맑음,단일로 - 기타,화물,남,67세,상해없음,화물,남,41세,경상
2019052500100421,2019년 5월 25일 15시,토요일,경상북도 경주시 탑동,중상사고,0,1,0,0,차대차 - 측면충돌,안전운전불이행,건조,맑음,교차로 - 교차로부근,승용,여,50세,상해없음,자전거,남,56세,중상
2019052500100422,2019년 5월 25일 15시,토요일,경상북도 경주시 충효동,중상사고,0,1,0,0,차대사람 - 보도통행중,기타,건조,맑음,단일로 - 기타,승용,남,71세,상해없음,보행자,여,38세,중상
2019052500100423,2019년 5월 25일 15시,토요일,경상북도 구미시 지산동,경상사고,0,0,1,0,차대차 - 추돌,안전운전불이행,건조,맑음,교차로 - 교차로부근,승용,남,48세,상해없음,승용,남,60세,경상
2019052500100455,2019년 5월 25일 16시,토요일,경상북도 포항시 북구 기계면,중상사고,0,1,1,0,차대차 - 정면충돌,중앙선침범,건조,맑음,단일로 - 터널,이륜,남,19세,중상,승용,남,55세,경상
2019052500100456,2019년 5월 25일 16시,토요일,경상북도 포항시 북구 남빈동,경상사고,0,0,2,0,차대차 - 기타,안전운전불이행,건조,맑음,교차로 - 교차로안,승용,남,53세,상해없음,승합,남,31세,경상
2019052500100457,2019년 5월 25일 16시,토요일,경상북도 칠곡군 기산면,중상사고,0,1,0,0,차량단독 - 공작물충돌,안전운전불이행,건조,맑음,단일로 - 기타,승합,남,63세,중상,,,,
2019052500100458,2019년 5월 25일 16시,토요일,경상북도 청도군 매전면,중상사고,0,1,1,0,차대차 - 측면충돌,중앙선침범,건조,맑음,단일로 - 기타,승용,여,63세,경상,승용,남,38세,중상
2019052500100459,2019년 5월 25일 16시,토요일,경상북도 포항시 남구 동해면,경상사고,0,0,2,0,차대차 - 측면충돌,교차로운행방법위반,건조,맑음,교차로 - 교차로안,승용,남,48세,경상,승용,남,74세,경상
2019052500100532,2019년 5월 25일 18시,토요일,경상북도 경주시 서악동,경상사고,0,0,1,0,차대차 - 측면충돌,안전운전불이행,건조,맑음,교차로 - 교차로안,승용,여,42세,상해없음,자전거,여,55세,경상
2019052500100567,2019년 5월 25일 19시,토요일,경상북도 문경시 흥덕동,경상사고,0,0,1,0,차대차 - 측면충돌,안전운전불이행,건조,맑음,단일로 - 기타,이륜,여,45세,경상,승용,남,51세,상해없음
2019052500100568,2019년 5월 25일 19시,토요일,경상북도 군위군 소보면,중상사고,0,1,0,0,차대사람 - 기타,안전운전불이행,건조,맑음,기타 - 기타,화물,남,61세,기타불명,보행자,남,58세,중상
2019052500100569,2019년 5월 25일 19시,토요일,경상북도 포항시 남구 상도동,경상사고,0,0,2,0,차대차 - 기타,신호위반,건조,맑음,교차로 - 교차로부근,승용,남,29세,경상,승용,남,65세,경상
2019052500100596,2019년 5월 25일 20시,토요일,경상북도 경산시 대동,중상사고,0,1,2,0,차대차 - 추돌,안전운전불이행,건조,맑음,단일로 - 기타,승용,남,22세,상해없음,승용,여,31세,상해없음
2019052500100597,2019년 5월 25일 20시,토요일,경상북도 구미시 광평동,부상신고사고,0,0,0,1,차대사람 - 횡단중,안전운전불이행,건조,맑음,단일로 - 기타,기타불명,기타불명,미분류,기타불명,보행자,여,29세,부상신고
2019052500100633,2019년 5월 25일 21시,토요일,경상북도 영주시 풍기읍,경상사고,0,0,1,0,차대사람 - 기타,중앙선침범,건조,맑음,단일로 - 기타,승용,남,48세,상해없음,보행자,남,70세,경상
2019052500100634,2019년 5월 25일 21시,토요일,경상북도 영주시 영주동,경상사고,0,0,1,0,차대차 - 측면충돌,안전운전불이행,건조,맑음,교차로 - 교차로안,승용,여,41세,상해없음,이륜,남,28세,경상
2019052500100635,2019년 5월 25일 21시,토요일,경상북도 구미시 공단동,중상사고,0,1,0,1,차대사람 - 횡단중,안전운전불이행,건조,맑음,단일로 - 기타,원동기,남,22세,부상신고,보행자,남,64세,중상
2019052500100665,2019년 5월 25일 22시,토요일,경상북도 봉화군 물야면,경상사고,0,0,1,0,차량단독 - 공작물충돌,안전운전불이행,건조,맑음,단일로 - 기타,승용,남,63세,경상,,,,
2019052500100697,2019년 5월 25일 23시,토요일,경상북도 영천시 조교동,중상사고,0,2,1,0,차대차 - 측면충돌,신호위반,건조,맑음,교차로 - 교차로안,승용,남,47세,경상,승용,남,27세,중상
2019052600100041,2019년 5월 26일 01시,일요일,경상북도 경주시 현곡면,부상신고사고,0,0,0,1,차량단독 - 도로외이탈 - 추락,안전운전불이행,건조,맑음,단일로 - 기타,승용,여,32세,부상신고,,,,
2019052600100056,2019년 5월 26일 02시,일요일,경상북도 상주시 사벌면,중상사고,0,1,0,0,차대차 - 추돌,안전운전불이행,건조,맑음,단일로 - 기타,승용,남,32세,상해없음,이륜,남,83세,중상
2019052600100069,2019년 5월 26일 03시,일요일,경상북도 경주시 감포읍,경상사고,0,0,1,0,차대차 - 측면충돌,안전운전불이행,건조,맑음,단일로 - 지하차도(도로)내,승용,여,59세,상해없음,자전거,남,59세,경상
2019052600100093,2019년 5월 26일 05시,일요일,경상북도 칠곡군 동명면,중상사고,0,2,1,0,차대차 - 측면충돌,직진우회전진행방해,건조,맑음,교차로 - 교차로부근,화물,남,84세,경상,승용,남,78세,중상
2019052600100094,2019년 5월 26일 05시,일요일,경상북도 성주군 월항면,경상사고,0,0,1,0,차량단독 - 공작물충돌,안전운전불이행,건조,맑음,단일로 - 기타,화물,남,37세,경상,,,,
2019052600100112,2019년 5월 26일 07시,일요일,경상북도 포항시 남구 상도동,중상사고,0,1,0,0,차대차 - 측면충돌,중앙선침범,건조,맑음,단일로 - 기타,승용,남,26세,상해없음,이륜,남,72세,중상
2019052600100121,2019년 5월 26일 08시,일요일,경상북도 경산시 진량읍,경상사고,0,0,1,0,차대차 - 기타,안전거리미확보,건조,맑음,단일로 - 기타,이륜,남,29세,경상,승용,남,49세,상해없음
2019052600100122,2019년 5월 26일 08시,일요일,경상북도 구미시 옥계동,중상사고,0,1,0,0,차대차 - 기타,안전운전불이행,건조,맑음,단일로 - 기타,승용,남,41세,상해없음,승용,여,38세,중상
2019052600100136,2019년 5월 26일 09시,일요일,경상북도 김천시 봉산면,경상사고,0,0,1,0,차량단독 - 전도전복 - 전도,안전운전불이행,건조,맑음,단일로 - 기타,이륜,남,82세,경상,,,,
2019052600100161,2019년 5월 26일 10시,일요일,경상북도 포항시 북구 죽도동,중상사고,0,1,0,0,차대차 - 측면충돌,안전운전불이행,건조,맑음,단일로 - 기타,승용,남,76세,상해없음,승용,여,72세,중상
2019052600100162,2019년 5월 26일 10시,일요일,경상북도 상주시 모동면,중상사고,0,1,0,0,차대차 - 후진중충돌,안전운전불이행,건조,맑음,단일로 - 기타,화물,남,55세,상해없음,이륜,남,67세,중상
2019052600100191,2019년 5월 26일 11시,일요일,경상북도 경주시 산내면,사망사고,1,1,3,0,차대차 - 측면충돌,중앙선침범,건조,맑음,단일로 - 기타,이륜,남,36세,사망,승용,남,67세,경상
2019052600100192,2019년 5월 26일 11시,일요일,경상북도 경산시 하양읍,중상사고,0,1,1,0,차대차 - 측면충돌,교차로운행방법위반,건조,맑음,교차로 - 교차로안,이륜,남,79세,중상,승용,여,45세,상해없음
2019052600100193,2019년 5월 26일 11시,일요일,경상북도 구미시 공단동,중상사고,0,1,0,0,차량단독 - 공작물충돌,안전운전불이행,건조,맑음,교차로 - 교차로안,승용,여,48세,중상,,,,
2019052600100226,2019년 5월 26일 12시,일요일,경상북도 안동시 법흥동,경상사고,0,0,1,0,차대사람 - 기타,안전운전불이행,건조,맑음,교차로 - 교차로안,승용,여,36세,상해없음,보행자,남,68세,경상
2019052600100227,2019년 5월 26일 12시,일요일,경상북도 성주군 성주읍,경상사고,0,0,3,0,차대차 - 측면충돌,안전거리미확보,건조,맑음,단일로 - 기타,화물,남,62세,경상,화물,남,66세,경상
2019052600100259,2019년 5월 26일 13시,일요일,경상북도 경주시 신평동,중상사고,0,1,0,0,차대차 - 측면충돌,안전운전불이행,건조,맑음,교차로 - 교차로안,승용,남,27세,상해없음,이륜,남,45세,중상
2019052600100260,2019년 5월 26일 13시,일요일,경상북도 경산시 하양읍,중상사고,0,1,3,0,차대차 - 측면충돌,신호위반,건조,맑음,교차로 - 교차로안,승용,남,28세,경상,승용,여,59세,중상
2019052600100261,2019년 5월 26일 13시,일요일,경상북도 청송군 진보면,중상사고,0,1,0,0,차대차 - 측면충돌,안전운전불이행,건조,맑음,교차로 - 교차로안,승용,여,23세,상해없음,이륜,남,23세,중상
2019052600100290,2019년 5월 26일 14시,일요일,경상북도 안동시 길안면,중상사고,0,1,0,0,차대차 - 측면충돌,중앙선침범,건조,맑음,단일로 - 기타,화물,남,59세,상해없음,이륜,남,54세,중상
2019052600100291,2019년 5월 26일 14시,일요일,경상북도 김천시 평화동,중상사고,0,1,0,0,차대차 - 기타,안전운전불이행,건조,맑음,단일로 - 기타,승용,남,59세,상해없음,이륜,남,67세,중상
2019052600100292,2019년 5월 26일 14시,일요일,경상북도 영주시 휴천동,부상신고사고,0,0,0,1,차대차 - 기타,안전운전불이행,건조,맑음,단일로 - 기타,승용,남,54세,상해없음,이륜,남,29세,부상신고
2019052600100336,2019년 5월 26일 15시,일요일,경상북도 경주시 진현동,중상사고,0,2,8,0,차대차 - 측면충돌,직진우회전진행방해,건조,맑음,교차로 - 교차로안,승용,남,67세,경상,승용,남,36세,중상
2019052600100337,2019년 5월 26일 15시,일요일,경상북도 포항시 북구 여천동,경상사고,0,0,4,0,차대차 - 측면충돌,교차로운행방법위반,건조,맑음,교차로 - 교차로안,승용,남,62세,상해없음,승용,남,22세,경상
2019052600100371,2019년 5월 26일 16시,일요일,경상북도 안동시 상아동,중상사고,0,1,0,0,차량단독 - 전도전복 - 전도,안전운전불이행,건조,맑음,단일로 - 기타,사륜오토바이(ATV),남,77세,중상,,,,
2019052600100372,2019년 5월 26일 16시,일요일,경상북도 영천시 문외동,경상사고,0,0,2,0,차대차 - 측면충돌,교차로운행방법위반,건조,맑음,교차로 - 교차로안,승용,여,59세,경상,승용,여,55세,경상
2019052600100373,2019년 5월 26일 16시,일요일,경상북도 군위군 부계면,경상사고,0,0,7,0,차대차 - 기타,안전운전불이행,건조,맑음,교차로 - 교차로안,승용,남,47세,상해없음,승합,남,63세,경상
2019052600100374,2019년 5월 26일 16시,일요일,경상북도 문경시 문경읍,경상사고,0,0,2,0,차대차 - 추돌,안전거리미확보,건조,맑음,단일로 - 터널,승용,남,23세,상해없음,승용,남,35세,경상
2019052600100403,2019년 5월 26일 17시,일요일,경상북도 경주시 양북면,중상사고,0,1,1,0,차대차 - 측면충돌,안전운전불이행,건조,맑음,교차로 - 교차로안,이륜,남,74세,중상,승용,남,40세,상해없음
2019052600100404,2019년 5월 26일 17시,일요일,경상북도 경주시 율동,중상사고,0,1,0,0,차대차 - 추돌,안전운전불이행,건조,맑음,주차장 - 주차장,승용,남,62세,상해없음,승용,여,29세,중상
2019052600100405,2019년 5월 26일 17시,일요일,경상북도 경산시 압량면,경상사고,0,0,1,0,차대차 - 추돌,안전운전불이행,건조,맑음,교차로 - 교차로부근,승용,남,65세,상해없음,승용,남,50세,경상
2019052600100430,2019년 5월 26일 18시,일요일,경상북도 포항시 북구 창포동,중상사고,0,1,3,0,차대차 - 기타,신호위반,건조,맑음,교차로 - 교차로부근,승합,남,46세,상해없음,승용,남,66세,중상
2019052600100454,2019년 5월 26일 19시,일요일,경상북도 포항시 남구 효자동,중상사고,0,1,0,0,차대차 - 측면충돌,안전운전불이행,건조,흐림,교차로 - 교차로안,승용,남,69세,상해없음,이륜,남,25세,중상
2019052600100482,2019년 5월 26일 20시,일요일,경상북도 포항시 북구 항구동,경상사고,0,0,1,0,차대사람 - 보도통행중,신호위반,건조,맑음,단일로 - 기타,원동기,여,30세,상해없음,보행자,남,54세,경상
2019052600100483,2019년 5월 26일 20시,일요일,경상북도 문경시 문경읍,경상사고,0,0,1,0,차대차 - 추돌,안전운전불이행,기타,맑음,단일로 - 기타,승용,여,36세,상해없음,자전거,남,58세,경상
2019052600100504,2019년 5월 26일 21시,일요일,경상북도 구미시 거의동,경상사고,0,0,2,0,차대차 - 기타,안전운전불이행,건조,맑음,교차로 - 교차로안,승용,여,51세,상해없음,승용,남,29세,경상
2019052600100532,2019년 5월 26일 22시,일요일,경상북도 경주시 황성동,경상사고,0,0,1,0,차대차 - 측면충돌,안전운전불이행,건조,맑음,교차로 - 교차로안,승용,남,65세,상해없음,이륜,남,46세,경상
2019052600100533,2019년 5월 26일 22시,일요일,경상북도 문경시 산북면,중상사고,0,2,0,0,차량단독 - 도로외이탈 - 기타,안전운전불이행,건조,맑음,단일로 - 기타,화물,남,19세,중상,,,,
2019052700100030,2019년 5월 27일 00시,월요일,경상북도 경주시 구황동,중상사고,0,1,0,0,차대차 - 기타,안전운전불이행,건조,맑음,단일로 - 기타,승용,남,57세,중상,화물,남,32세,상해없음
2019052700100031,2019년 5월 27일 00시,월요일,경상북도 상주시 신봉동,중상사고,0,1,0,0,차대차 - 추돌,안전운전불이행,건조,맑음,단일로 - 기타,이륜,남,66세,중상,화물,남,56세,기타불명
2019052700100036,2019년 5월 27일 01시,월요일,경상북도 포항시 남구 해도동,경상사고,0,0,2,0,차대차 - 측면충돌,신호위반,건조,맑음,교차로 - 교차로안,승용,남,72세,상해없음,승합,남,43세,경상
2019052700100114,2019년 5월 27일 07시,월요일,경상북도 포항시 남구 연일읍,경상사고,0,0,1,0,차대차 - 측면충돌,안전운전불이행,젖음/습기,흐림,단일로 - 기타,승용,여,51세,상해없음,승용,남,50세,상해없음
2019052700100159,2019년 5월 27일 08시,월요일,경상북도 영주시 봉현면,경상사고,0,0,1,0,차대차 - 기타,신호위반,젖음/습기,비,교차로 - 교차로안,화물,남,47세,상해없음,승용,남,42세,경상
2019052700100160,2019년 5월 27일 08시,월요일,경상북도 영천시 금노동,경상사고,0,0,2,0,차대차 - 후진중충돌,안전운전불이행,젖음/습기,비,교차로 - 교차로부근,화물,남,50세,상해없음,승용,남,24세,경상
2019052700100161,2019년 5월 27일 08시,월요일,경상북도 포항시 남구 송도동,부상신고사고,0,0,0,1,차대사람 - 기타,안전운전불이행,젖음/습기,비,교차로 - 교차로안,승용,남,49세,상해없음,보행자,남,79세,부상신고
2019052700100248,2019년 5월 27일 10시,월요일,경상북도 포항시 북구 죽도동,경상사고,0,0,2,0,차대차 - 기타,안전운전불이행,젖음/습기,맑음,단일로 - 기타,승용,여,44세,상해없음,승용,남,73세,경상
2019052700100249,2019년 5월 27일 10시,월요일,경상북도 포항시 북구 두호동,경상사고,0,0,1,0,차대차 - 측면충돌,안전운전불이행,건조,맑음,단일로 - 기타,화물,남,52세,상해없음,승용,남,44세,경상
2019052700100313,2019년 5월 27일 12시,월요일,경상북도 경주시 동천동,경상사고,0,0,2,0,차대차 - 측면충돌,중앙선침범,젖음/습기,비,교차로 - 교차로부근,승용,여,63세,상해없음,승용,남,35세,경상
2019052700100314,2019년 5월 27일 12시,월요일,경상북도 포항시 북구 용흥동,경상사고,0,0,1,0,차대차 - 측면충돌,중앙선침범,젖음/습기,흐림,단일로 - 기타,화물,남,38세,상해없음,화물,남,40세,경상
2019052700100315,2019년 5월 27일 12시,월요일,경상북도 칠곡군 석적읍,경상사고,0,0,1,0,차대차 - 측면충돌,안전운전불이행,건조,맑음,교차로 - 교차로안,승용,남,36세,상해없음,화물,여,56세,경상
2019052700100316,2019년 5월 27일 12시,월요일,경상북도 구미시 비산동,중상사고,0,1,4,0,차대차 - 기타,신호위반,젖음/습기,비,교차로 - 교차로안,승용,여,35세,상해없음,승용,남,58세,경상
2019052700100317,2019년 5월 27일 12시,월요일,경상북도 구미시 오태동,중상사고,0,1,1,0,차대차 - 정면충돌,안전운전불이행,젖음/습기,비,단일로 - 기타,승용,남,49세,상해없음,특수,남,45세,경상
2019052700100352,2019년 5월 27일 13시,월요일,경상북도 포항시 북구 양덕동,경상사고,0,0,1,0,차대사람 - 기타,안전운전불이행,건조,맑음,단일로 - 기타,승용,남,57세,상해없음,보행자,남,60세,경상
2019052700100353,2019년 5월 27일 13시,월요일,경상북도 영주시 가흥동,경상사고,0,0,1,0,차대차 - 측면충돌,직진우회전진행방해,젖음/습기,비,교차로 - 교차로안,승용,남,56세,상해없음,승용,남,57세,상해없음
2019052700100386,2019년 5월 27일 14시,월요일,경상북도 경주시 안강읍,경상사고,0,0,1,0,차대차 - 측면충돌,기타,젖음/습기,흐림,단일로 - 기타,화물,남,57세,경상,화물,남,42세,상해없음
2019052700100387,2019년 5월 27일 14시,월요일,경상북도 경주시 건천읍,경상사고,0,0,1,0,차대차 - 측면충돌,안전운전불이행,건조,맑음,교차로 - 교차로안,승용,남,70세,상해없음,자전거,남,68세,경상
2019052700100388,2019년 5월 27일 14시,월요일,경상북도 경산시 진량읍,중상사고,0,1,0,0,차대사람 - 횡단중,안전운전불이행,젖음/습기,비,단일로 - 기타,승합,남,58세,상해없음,보행자,여,85세,중상
2019052700100415,2019년 5월 27일 15시,월요일,경상북도 구미시 고아읍,중상사고,0,1,0,0,차대차 - 기타,안전운전불이행,건조,맑음,단일로 - 기타,승용,남,51세,상해없음,이륜,남,76세,중상
2019052700100447,2019년 5월 27일 16시,월요일,경상북도 안동시 법상동,중상사고,0,1,1,0,차대차 - 추돌,안전거리미확보,젖음/습기,비,단일로 - 기타,승용,여,25세,상해없음,승용,여,47세,경상
2019052700100482,2019년 5월 27일 17시,월요일,경상북도 안동시 삼산동,경상사고,0,0,1,0,차대사람 - 길가장자리구역통행중,안전운전불이행,건조,맑음,교차로 - 교차로안,승용,남,49세,상해없음,보행자,여,29세,경상
2019052700100483,2019년 5월 27일 17시,월요일,경상북도 봉화군 재산면,사망사고,1,0,0,0,차량단독 - 도로외이탈 - 추락,안전운전불이행,젖음/습기,비,기타 - 기타,화물,남,60세,사망,,,,
2019052700100484,2019년 5월 27일 17시,월요일,경상북도 포항시 남구 오천읍,경상사고,0,0,2,0,차대차 - 측면충돌,직진우회전진행방해,건조,맑음,교차로 - 교차로안,승용,여,44세,상해없음,승합,여,44세,경상
2019052700100524,2019년 5월 27일 18시,월요일,경상북도 구미시 상모동,중상사고,0,1,0,0,차대사람 - 기타,안전운전불이행,젖음/습기,흐림,단일로 - 기타,화물,남,51세,상해없음,보행자,여,5세,중상
2019052700100525,2019년 5월 27일 18시,월요일,경상북도 포항시 남구 오천읍,경상사고,0,0,1,0,차대차 - 측면충돌,직진우회전진행방해,건조,맑음,교차로 - 교차로안,승용,남,24세,상해없음,승용,남,46세,상해없음
2019052700100526,2019년 5월 27일 18시,월요일,경상북도 포항시 남구 연일읍,경상사고,0,0,2,0,차대차 - 측면충돌,안전운전불이행,건조,맑음,단일로 - 기타,화물,남,23세,상해없음,승용,남,48세,경상
2019052700100581,2019년 5월 27일 20시,월요일,경상북도 청도군 운문면,사망사고,1,0,0,0,차대사람 - 횡단중,보행자보호의무위반,젖음/습기,비,단일로 - 기타,승용,남,66세,상해없음,보행자,여,77세,사망
2019052800100032,2019년 5월 28일 00시,화요일,경상북도 포항시 북구 양덕동,경상사고,0,0,1,0,차량단독 - 공작물충돌,안전운전불이행,건조,맑음,단일로 - 기타,승용,남,25세,경상,,,,
2019052800100033,2019년 5월 28일 00시,화요일,경상북도 포항시 북구 장성동,경상사고,0,0,1,0,차대차 - 기타,기타,건조,맑음,단일로 - 기타,승용,남,68세,상해없음,이륜,남,28세,경상
2019052800100068,2019년 5월 28일 04시,화요일,경상북도 구미시 구평동,경상사고,0,0,3,0,차대차 - 측면충돌,교차로운행방법위반,건조,맑음,교차로 - 교차로안,화물,남,63세,경상,승용,여,57세,경상
2019052800100076,2019년 5월 28일 05시,화요일,경상북도 영천시 북안면,경상사고,0,0,2,0,차대차 - 측면충돌,과속,건조,맑음,단일로 - 기타,승용,남,47세,경상,화물,남,45세,경상
2019052800100085,2019년 5월 28일 06시,화요일,경상북도 경주시 외동읍,경상사고,0,0,1,0,차대차 - 측면충돌,안전운전불이행,건조,맑음,단일로 - 기타,화물,남,56세,상해없음,승용,남,42세,경상
2019052800100086,2019년 5월 28일 06시,화요일,경상북도 경주시 외동읍,경상사고,0,0,3,0,차대차 - 측면충돌,안전운전불이행,건조,맑음,단일로 - 기타,화물,남,40세,경상,화물,남,50세,경상
2019052800100087,2019년 5월 28일 06시,화요일,경상북도 포항시 북구 용흥동,경상사고,0,0,1,0,차대차 - 측면충돌,안전운전불이행,건조,맑음,교차로 - 교차로안,승용,여,68세,상해없음,승용,남,29세,경상
2019052800100109,2019년 5월 28일 07시,화요일,경상북도 포항시 북구 항구동,중상사고,0,1,0,0,차대사람 - 기타,신호위반,젖음/습기,맑음,단일로 - 기타,원동기,남,25세,상해없음,보행자,여,74세,중상
2019052800100110,2019년 5월 28일 07시,화요일,경상북도 영천시 야사동,경상사고,0,0,1,0,차대사람 - 차도통행중,안전운전불이행,건조,맑음,단일로 - 기타,승용,남,52세,상해없음,보행자,여,73세,경상
2019052800100111,2019년 5월 28일 07시,화요일,경상북도 영천시 북안면,경상사고,0,0,1,0,차대차 - 기타,기타,건조,맑음,단일로 - 기타,화물,남,65세,상해없음,승용,여,46세,경상
2019052800100112,2019년 5월 28일 07시,화요일,경상북도 구미시 원평동,중상사고,0,1,0,0,차대사람 - 횡단중,보행자보호의무위반,건조,맑음,교차로 - 교차로횡단보도내,승용,여,45세,기타불명,보행자,여,14세,중상
2019052800100113,2019년 5월 28일 07시,화요일,경상북도 구미시 옥계동,경상사고,0,0,1,0,차대차 - 기타,안전운전불이행,건조,맑음,교차로 - 교차로안,승용,남,48세,상해없음,승용,남,41세,경상
2019052800100143,2019년 5월 28일 08시,화요일,경상북도 경주시 천북면,중상사고,0,1,0,0,차량단독 - 공작물충돌,안전운전불이행,건조,맑음,단일로 - 지하차도(도로)내,건설기계,남,48세,중상,,,,
2019052800100144,2019년 5월 28일 08시,화요일,경상북도 문경시 동로면,중상사고,0,1,0,0,차량단독 - 전도전복 - 전도,안전운전불이행,건조,맑음,단일로 - 기타,이륜,여,80세,중상,,,,
2019052800100145,2019년 5월 28일 08시,화요일,경상북도 경산시 진량읍,경상사고,0,0,1,0,차대차 - 기타,안전운전불이행,건조,맑음,단일로 - 기타,승용,남,39세,상해없음,승용,남,38세,경상
2019052800100146,2019년 5월 28일 08시,화요일,경상북도 포항시 남구 이동,중상사고,0,1,0,0,차대차 - 기타,안전운전불이행,건조,맑음,교차로 - 교차로안,승용,남,54세,상해없음,승용,남,55세,중상
2019052800100192,2019년 5월 28일 09시,화요일,경상북도 포항시 북구 흥해읍,중상사고,0,1,0,0,차대차 - 기타,안전운전불이행,건조,맑음,단일로 - 기타,승용,여,37세,상해없음,이륜,남,73세,중상
2019052800100193,2019년 5월 28일 09시,화요일,경상북도 안동시 북후면,중상사고,0,1,0,0,차대사람 - 기타,안전운전불이행,건조,맑음,주차장 - 주차장,승용,남,49세,상해없음,보행자,남,57세,중상
2019052800100194,2019년 5월 28일 09시,화요일,경상북도 경산시 사동,경상사고,0,0,1,0,차대차 - 측면충돌,교차로운행방법위반,건조,맑음,교차로 - 교차로안,승용,남,22세,상해없음,승용,여,53세,경상
2019052800100227,2019년 5월 28일 10시,화요일,경상북도 경주시 구정동,중상사고,0,1,0,0,차대차 - 추돌,안전운전불이행,건조,맑음,교차로 - 교차로부근,승용,남,66세,상해없음,승용,남,78세,중상
2019052800100228,2019년 5월 28일 10시,화요일,경상북도 안동시 송현동,경상사고,0,0,1,0,차대차 - 측면충돌,교차로운행방법위반,건조,맑음,교차로 - 교차로안,승용,여,58세,상해없음,화물,남,51세,경상
2019052800100229,2019년 5월 28일 10시,화요일,경상북도 포항시 남구 연일읍,경상사고,0,0,1,0,차대차 - 측면충돌,안전운전불이행,건조,맑음,단일로 - 기타,이륜,남,70세,경상,승용,여,59세,상해없음
2019052800100230,2019년 5월 28일 10시,화요일,경상북도 포항시 남구 대도동,경상사고,0,0,2,0,차대차 - 측면충돌,직진우회전진행방해,건조,맑음,교차로 - 교차로안,승용,여,45세,상해없음,승용,남,30세,경상
2019052800100263,2019년 5월 28일 11시,화요일,경상북도 김천시 남산동,중상사고,0,1,0,0,차대사람 - 차도통행중,안전운전불이행,건조,맑음,교차로 - 교차로부근,화물,남,58세,기타불명,보행자,남,80세,중상
2019052800100264,2019년 5월 28일 11시,화요일,경상북도 상주시 모동면,경상사고,0,0,2,0,차대차 - 정면충돌,안전운전불이행,건조,맑음,단일로 - 기타,화물,남,61세,경상,화물,남,41세,경상
2019052800100265,2019년 5월 28일 11시,화요일,경상북도 칠곡군 지천면,경상사고,0,0,1,1,차대차 - 측면충돌,안전운전불이행,건조,맑음,단일로 - 지하차도(도로)내,승합,남,47세,부상신고,승용,여,42세,경상
2019052800100266,2019년 5월 28일 11시,화요일,경상북도 포항시 남구 장흥동,경상사고,0,0,1,0,차대차 - 측면충돌,안전운전불이행,건조,맑음,교차로 - 교차로부근,승용,남,81세,상해없음,화물,남,50세,경상
2019052800100287,2019년 5월 28일 12시,화요일,경상북도 포항시 북구 죽도동,경상사고,0,0,1,0,차대사람 - 길가장자리구역통행중,안전운전불이행,건조,맑음,단일로 - 기타,이륜,여,45세,상해없음,보행자,남,77세,경상
2019052800100288,2019년 5월 28일 12시,화요일,경상북도 문경시 점촌동,경상사고,0,0,3,0,차대차 - 측면충돌,안전거리미확보,건조,맑음,단일로 - 기타,화물,남,50세,경상,승용,여,32세,경상
2019052800100325,2019년 5월 28일 13시,화요일,경상북도 영주시 풍기읍,부상신고사고,0,0,0,1,차량단독 - 전도전복 - 전도,안전운전불이행,건조,맑음,단일로 - 기타,이륜,남,70세,부상신고,,,,
2019052800100326,2019년 5월 28일 13시,화요일,경상북도 영천시 금노동,경상사고,0,0,4,0,차대차 - 추돌,안전운전불이행,건조,맑음,교차로 - 교차로부근,승용,여,55세,상해없음,승용,여,57세,경상
2019052800100327,2019년 5월 28일 13시,화요일,경상북도 구미시 송정동,부상신고사고,0,0,0,1,차대차 - 측면충돌,안전운전불이행,건조,맑음,교차로 - 교차로부근,이륜,남,68세,부상신고,승용,여,38세,상해없음
2019052800100371,2019년 5월 28일 14시,화요일,경상북도 안동시 용상동,경상사고,0,0,2,0,차대차 - 측면충돌,교차로운행방법위반,건조,맑음,교차로 - 교차로안,승용,여,56세,경상,승용,남,40세,경상
2019052800100372,2019년 5월 28일 14시,화요일,경상북도 김천시 남산동,경상사고,0,0,1,0,차대차 - 추돌,안전운전불이행,건조,맑음,단일로 - 기타,이륜,남,76세,경상,승용,여,58세,상해없음
2019052800100419,2019년 5월 28일 15시,화요일,경상북도 김천시 아포읍,경상사고,0,0,1,0,차대차 - 추돌,안전운전불이행,건조,맑음,교차로 - 교차로부근,승용,남,24세,상해없음,화물,남,39세,경상