사고번호,사고일시,요일,시군구,사고내용,사망자수,중상자수,경상자수,부상신고자수,사고유형,법규위반,노면상태,기상상태,도로형태,가해운전자 차종,가해운전자 성별,가해운전자 연령,가해운전자 상해정도,피해운전자 차종,피해운전자 성별,피해운전자 연령,피해운전자 상해정도
2019060500100694,2019년 6월 5일 21시,수요일,경상북도 경산시 정평동,경상사고,0,0,1,0,차대차 - 측면충돌,중앙선침범,건조,맑음,교차로 - 교차로부근,이륜,남,19세,상해없음,이륜,남,32세,경상
2019060500100695,2019년 6월 5일 21시,수요일,경상북도 경산시 계양동,경상사고,0,0,1,0,차대차 - 측면충돌,신호위반,건조,맑음,교차로 - 교차로안,이륜,남,19세,경상,승용,남,66세,상해없음
2019060500100734,2019년 6월 5일 22시,수요일,경상북도 경산시 계양동,경상사고,0,0,1,0,차대사람 - 횡단중,교차로운행방법위반,건조,맑음,교차로 - 교차로안,승용,여,64세,상해없음,보행자,여,58세,경상
2019060500100735,2019년 6월 5일 22시,수요일,경상북도 구미시 황상동,경상사고,0,0,1,0,차대사람 - 횡단중,안전운전불이행,건조,맑음,교차로 - 교차로부근,승용,여,61세,상해없음,보행자,남,48세,경상
2019060500100736,2019년 6월 5일 22시,수요일,경상북도 포항시 남구 오천읍,중상사고,0,1,0,0,차대차 - 기타,직진우회전진행방해,건조,맑음,교차로 - 교차로안,이륜,남,31세,중상,승용,남,24세,상해없음
2019060600100035,2019년 6월 6일 00시,목요일,경상북도 구미시 상모동,경상사고,0,0,2,0,차대차 - 추돌,안전운전불이행,건조,맑음,교차로 - 교차로안,승용,남,23세,상해없음,승용,남,26세,경상
2019060600100048,2019년 6월 6일 01시,목요일,경상북도 포항시 북구 상원동,중상사고,0,1,1,0,차대차 - 기타,안전운전불이행,건조,맑음,단일로 - 기타,승용,남,23세,상해없음,화물,남,53세,경상
2019060600100049,2019년 6월 6일 01시,목요일,경상북도 영주시 하망동,경상사고,0,0,3,0,차대차 - 측면충돌,신호위반,건조,맑음,교차로 - 교차로안,승용,남,48세,상해없음,승용,남,41세,경상
2019060600100050,2019년 6월 6일 01시,목요일,경상북도 구미시 신평동,경상사고,0,0,1,0,차대차 - 측면충돌,안전운전불이행,건조,맑음,교차로 - 교차로안,승용,남,19세,상해없음,승용,남,38세,경상
2019060600100105,2019년 6월 6일 05시,목요일,경상북도 경주시 사정동,경상사고,0,0,1,0,차대차 - 측면충돌,신호위반,건조,맑음,교차로 - 교차로안,승용,남,35세,상해없음,특수,남,47세,경상
2019060600100122,2019년 6월 6일 07시,목요일,경상북도 칠곡군 왜관읍,경상사고,0,0,2,0,차대차 - 측면충돌,교차로운행방법위반,건조,맑음,교차로 - 교차로안,특수,남,60세,상해없음,승용,여,54세,경상
2019060600100123,2019년 6월 6일 07시,목요일,경상북도 성주군 월항면,경상사고,0,0,1,0,차량단독 - 공작물충돌,안전운전불이행,건조,맑음,단일로 - 기타,화물,남,49세,경상,,,,
2019060600100141,2019년 6월 6일 08시,목요일,경상북도 울진군 평해읍,중상사고,0,1,1,0,차대차 - 기타,교차로운행방법위반,건조,맑음,교차로 - 교차로안,건설기계,남,61세,상해없음,승용,남,46세,경상
2019060600100142,2019년 6월 6일 08시,목요일,경상북도 포항시 남구 동촌동,경상사고,0,0,1,0,차대차 - 측면충돌,안전운전불이행,건조,맑음,교차로 - 교차로안,승용,여,34세,상해없음,화물,남,58세,경상
2019060600100156,2019년 6월 6일 09시,목요일,경상북도 영천시 조교동,중상사고,0,1,1,0,차대차 - 측면충돌,신호위반,건조,맑음,교차로 - 교차로안,승용,남,62세,중상,승용,여,56세,경상
2019060600100172,2019년 6월 6일 10시,목요일,경상북도 경산시 옥산동,경상사고,0,0,2,0,차대차 - 측면충돌,안전거리미확보,건조,맑음,단일로 - 기타,건설기계,남,53세,상해없음,승용,여,57세,경상
2019060600100173,2019년 6월 6일 10시,목요일,경상북도 경산시 하양읍,중상사고,0,1,0,0,차대차 - 측면충돌,신호위반,기타,맑음,단일로 - 기타,승용,여,56세,상해없음,자전거,여,53세,중상
2019060600100197,2019년 6월 6일 11시,목요일,경상북도 안동시 임하면,중상사고,0,1,3,0,차대차 - 기타,안전거리미확보,건조,맑음,단일로 - 기타,승용,남,74세,상해없음,승용,여,52세,중상
2019060600100198,2019년 6월 6일 11시,목요일,경상북도 영주시 부석면,경상사고,0,0,1,0,차대차 - 정면충돌,중앙선침범,건조,맑음,단일로 - 기타,이륜,남,77세,상해없음,이륜,남,76세,경상
2019060600100199,2019년 6월 6일 11시,목요일,경상북도 영천시 화산면,경상사고,0,0,2,0,차량단독 - 공작물충돌,안전운전불이행,건조,맑음,단일로 - 기타,승용,여,50세,경상,,,,
2019060600100227,2019년 6월 6일 12시,목요일,경상북도 안동시 옥동,중상사고,0,1,1,0,차대사람 - 횡단중,보행자보호의무위반,건조,맑음,단일로 - 기타,승용,여,63세,상해없음,보행자,여,45세,경상
2019060600100228,2019년 6월 6일 12시,목요일,경상북도 영천시 청통면,경상사고,0,0,3,1,차대차 - 측면충돌,교차로운행방법위반,건조,맑음,교차로 - 교차로안,승용,남,47세,경상,승용,남,39세,경상
2019060600100229,2019년 6월 6일 12시,목요일,경상북도 문경시 점촌동,경상사고,0,0,1,0,차대차 - 측면충돌,교차로운행방법위반,건조,맑음,교차로 - 교차로안,승용,여,52세,경상,화물,남,58세,상해없음
2019060600100230,2019년 6월 6일 12시,목요일,경상북도 포항시 남구 인덕동,경상사고,0,0,2,2,차대차 - 측면충돌,안전운전불이행,건조,맑음,단일로 - 기타,승용,여,68세,경상,승용,여,25세,경상
2019060600100269,2019년 6월 6일 13시,목요일,경상북도 청도군 금천면,중상사고,0,1,0,0,차대차 - 정면충돌,안전운전불이행,건조,맑음,교차로 - 교차로안,승용,남,70세,상해없음,이륜,남,18세,중상
2019060600100270,2019년 6월 6일 13시,목요일,경상북도 구미시 원평동,경상사고,0,0,1,0,차대사람 - 차도통행중,안전운전불이행,건조,맑음,단일로 - 기타,승용,남,70세,상해없음,보행자,여,16세,경상
2019060600100301,2019년 6월 6일 14시,목요일,경상북도 상주시 외남면,사망사고,1,0,0,0,차량단독 - 도로외이탈 - 추락,안전운전불이행,건조,맑음,교차로 - 교차로안,농기계,남,83세,사망,,,,
2019060600100335,2019년 6월 6일 15시,목요일,경상북도 김천시 부곡동,중상사고,0,1,1,0,차대차 - 측면충돌,신호위반,건조,맑음,교차로 - 교차로안,화물,남,56세,상해없음,승용,남,33세,경상
2019060600100336,2019년 6월 6일 15시,목요일,경상북도 구미시 옥계동,중상사고,0,1,0,0,차대사람 - 횡단중,보행자보호의무위반,건조,맑음,교차로 - 교차로횡단보도내,승용,남,34세,상해없음,보행자,남,6세,중상
2019060600100337,2019년 6월 6일 15시,목요일,경상북도 경주시 서면,경상사고,0,0,2,0,차대차 - 추돌,안전운전불이행,건조,맑음,단일로 - 기타,승용,남,39세,상해없음,승용,여,34세,경상
2019060600100400,2019년 6월 6일 17시,목요일,경상북도 안동시 남후면,사망사고,1,0,0,0,차대차 - 기타,안전운전불이행,건조,맑음,단일로 - 기타,화물,남,56세,사망,승용,남,38세,기타불명
2019060600100401,2019년 6월 6일 17시,목요일,경상북도 영천시 대창면,경상사고,0,0,1,0,차대차 - 측면충돌,안전운전불이행,건조,맑음,단일로 - 기타,화물,남,59세,경상,화물,남,61세,기타불명
2019060600100402,2019년 6월 6일 17시,목요일,경상북도 영덕군 영해면,중상사고,0,1,0,0,차대차 - 측면충돌,안전운전불이행,건조,맑음,교차로 - 교차로안,승용,남,65세,상해없음,화물,여,36세,중상
2019060600100403,2019년 6월 6일 17시,목요일,경상북도 구미시 원평동,경상사고,0,0,1,1,차대차 - 기타,안전운전불이행,건조,맑음,단일로 - 기타,승용,남,25세,부상신고,승용,남,37세,경상
2019060600100432,2019년 6월 6일 18시,목요일,경상북도 포항시 북구 두호동,경상사고,0,0,1,0,차대사람 - 기타,안전운전불이행,건조,맑음,단일로 - 기타,승용,남,31세,상해없음,보행자,여,71세,경상
2019060600100433,2019년 6월 6일 18시,목요일,경상북도 성주군 초전면,경상사고,0,0,3,0,차대차 - 기타,신호위반,건조,맑음,교차로 - 교차로안,승용,남,56세,상해없음,승용,남,31세,경상
2019060600100474,2019년 6월 6일 19시,목요일,경상북도 영주시 휴천동,경상사고,0,0,1,0,차대사람 - 횡단중,신호위반,젖음/습기,비,교차로 - 교차로횡단보도내,승용,여,55세,기타불명,보행자,여,69세,경상
2019060600100475,2019년 6월 6일 19시,목요일,경상북도 영천시 신령면,중상사고,0,1,0,0,차대차 - 후진중충돌,안전운전불이행,건조,맑음,단일로 - 기타,농기계,여,62세,중상,농기계,남,57세,상해없음
2019060600100476,2019년 6월 6일 19시,목요일,경상북도 구미시 고아읍,중상사고,0,2,1,0,차대차 - 기타,안전운전불이행,젖음/습기,비,단일로 - 기타,화물,남,72세,중상,농기계,남,64세,경상
2019060600100561,2019년 6월 6일 21시,목요일,경상북도 경주시 동천동,경상사고,0,0,2,0,차대차 - 측면충돌,신호위반,젖음/습기,비,교차로 - 교차로부근,승합,남,25세,상해없음,승용,여,49세,경상
2019060600100562,2019년 6월 6일 21시,목요일,경상북도 안동시 태화동,중상사고,0,1,0,0,차대차 - 기타,안전운전불이행,젖음/습기,비,교차로 - 교차로안,승용,남,28세,상해없음,이륜,남,40세,중상
2019060600100563,2019년 6월 6일 21시,목요일,경상북도 안동시 송현동,경상사고,0,0,1,0,차대차 - 기타,안전운전불이행,젖음/습기,비,단일로 - 기타,승용,남,54세,상해없음,승용,남,49세,상해없음
2019060600100564,2019년 6월 6일 21시,목요일,경상북도 상주시 신봉동,중상사고,0,1,0,0,차대사람 - 횡단중,안전운전불이행,젖음/습기,비,교차로 - 교차로안,승용,여,51세,상해없음,보행자,남,83세,중상
2019060600100565,2019년 6월 6일 21시,목요일,경상북도 칠곡군 지천면,경상사고,0,0,1,0,차대차 - 측면충돌,안전운전불이행,건조,맑음,단일로 - 기타,승용,여,45세,경상,승용,남,32세,상해없음
2019060600100566,2019년 6월 6일 21시,목요일,경상북도 문경시 호계면,경상사고,0,0,1,0,차대차 - 정면충돌,안전운전불이행,젖음/습기,흐림,단일로 - 기타,화물,남,50세,상해없음,화물,여,46세,경상
2019060600100604,2019년 6월 6일 22시,목요일,경상북도 안동시 송천동,중상사고,0,1,0,0,차량단독 - 공작물충돌,안전운전불이행,젖음/습기,비,단일로 - 기타,승용,남,29세,중상,,,,
2019060600100605,2019년 6월 6일 22시,목요일,경상북도 경산시 정평동,경상사고,0,0,1,1,차대차 - 추돌,안전운전불이행,젖음/습기,비,단일로 - 기타,승용,남,42세,상해없음,승용,여,49세,경상
2019060600100606,2019년 6월 6일 22시,목요일,경상북도 봉화군 법전면,경상사고,0,0,1,0,차량단독 - 공작물충돌,안전운전불이행,건조,맑음,기타 - 기타,승합,남,23세,경상,,,,
2019060600100607,2019년 6월 6일 22시,목요일,경상북도 포항시 남구 상도동,부상신고사고,0,0,0,2,차대차 - 측면충돌,안전운전불이행,젖음/습기,비,교차로 - 교차로안,승용,남,21세,부상신고,승용,남,57세,상해없음
2019060600100640,2019년 6월 6일 23시,목요일,경상북도 영주시 영주동,경상사고,0,0,1,0,차대차 - 측면충돌,교차로운행방법위반,젖음/습기,비,교차로 - 교차로안,승용,남,53세,상해없음,승용,여,51세,경상
2019060600100641,2019년 6월 6일 23시,목요일,경상북도 문경시 공평동,경상사고,0,0,1,0,차대차 - 추돌,안전운전불이행,젖음/습기,비,단일로 - 기타,승용,남,35세,상해없음,승용,여,27세,경상
2019060600100642,2019년 6월 6일 23시,목요일,경상북도 포항시 남구 효자동,경상사고,0,0,4,0,차대차 - 측면충돌,차로위반,젖음/습기,비,교차로 - 교차로부근,이륜,남,39세,상해없음,승용,남,20세,경상
2019060700100070,2019년 6월 7일 03시,금요일,경상북도 경주시 안강읍,중상사고,0,2,0,0,차량단독 - 공작물충돌,안전운전불이행,젖음/습기,비,단일로 - 지하차도(도로)내,승용,남,28세,중상,,,,
2019060700100083,2019년 6월 7일 04시,금요일,경상북도 포항시 남구 오천읍,사망사고,1,0,0,0,차량단독 - 공작물충돌,안전운전불이행,젖음/습기,비,단일로 - 기타,특수,남,56세,사망,,,,
2019060700100102,2019년 6월 7일 06시,금요일,경상북도 경주시 내남면,중상사고,0,1,1,0,차량단독 - 공작물충돌,안전운전불이행,젖음/습기,흐림,단일로 - 기타,승용,남,23세,경상,,,,
2019060700100121,2019년 6월 7일 07시,금요일,경상북도 경주시 서면,경상사고,0,0,1,0,차대차 - 측면충돌,신호위반,젖음/습기,비,교차로 - 교차로안,승용,남,54세,상해없음,승용,남,52세,경상
2019060700100122,2019년 6월 7일 07시,금요일,경상북도 경주시 건천읍,중상사고,0,1,0,0,차대사람 - 차도통행중,안전운전불이행,젖음/습기,비,교차로 - 교차로부근,화물,남,61세,상해없음,보행자,여,56세,중상
2019060700100123,2019년 6월 7일 07시,금요일,경상북도 칠곡군 북삼읍,중상사고,0,1,1,0,차대차 - 측면충돌,신호위반,젖음/습기,비,교차로 - 교차로안,승용,남,34세,중상,승용,남,46세,경상
2019060700100124,2019년 6월 7일 07시,금요일,경상북도 영천시 완산동,경상사고,0,0,2,0,차대차 - 기타,안전운전불이행,젖음/습기,비,교차로 - 교차로안,승용,남,31세,경상,화물,남,35세,경상
2019060700100125,2019년 6월 7일 07시,금요일,경상북도 경산시 하양읍,경상사고,0,0,6,0,차대차 - 측면충돌,신호위반,젖음/습기,비,단일로 - 기타,화물,남,59세,상해없음,승합,남,51세,경상
2019060700100126,2019년 6월 7일 07시,금요일,경상북도 경산시 대평동,경상사고,0,0,1,0,차대차 - 측면충돌,안전운전불이행,젖음/습기,비,교차로 - 교차로안,승용,남,33세,상해없음,승용,남,26세,경상
2019060700100155,2019년 6월 7일 08시,금요일,경상북도 영천시 북안면,중상사고,0,1,0,0,차대차 - 정면충돌,안전운전불이행,젖음/습기,비,단일로 - 기타,화물,남,70세,상해없음,이륜,남,76세,중상
2019060700100156,2019년 6월 7일 08시,금요일,경상북도 영천시 작산동,경상사고,0,0,1,0,차량단독 - 도로외이탈 - 추락,안전운전불이행,젖음/습기,비,교차로 - 교차로부근,승용,남,59세,경상,,,,
2019060700100157,2019년 6월 7일 08시,금요일,경상북도 구미시 선기동,중상사고,0,1,0,0,차대사람 - 횡단중,보행자보호의무위반,젖음/습기,비,단일로 - 기타,승용,여,49세,상해없음,보행자,여,66세,중상
2019060700100192,2019년 6월 7일 09시,금요일,경상북도 포항시 북구 항구동,중상사고,0,1,0,0,차대차 - 측면충돌,중앙선침범,젖음/습기,비,단일로 - 기타,화물,남,40세,기타불명,승용,여,47세,중상
2019060700100193,2019년 6월 7일 09시,금요일,경상북도 포항시 남구 지곡동,중상사고,0,1,3,0,차대차 - 측면충돌,신호위반,젖음/습기,비,교차로 - 교차로안,승용,여,55세,경상,승용,여,46세,경상
2019060700100222,2019년 6월 7일 10시,금요일,경상북도 포항시 북구 학잠동,경상사고,0,0,1,0,차대차 - 측면충돌,안전운전불이행,건조,맑음,단일로 - 기타,승용,남,57세,상해없음,승용,여,31세,경상
2019060700100223,2019년 6월 7일 10시,금요일,경상북도 포항시 북구 창포동,경상사고,0,0,1,0,차대차 - 측면충돌,안전운전불이행,건조,맑음,단일로 - 기타,승용,여,59세,상해없음,승용,여,56세,경상
2019060700100224,2019년 6월 7일 10시,금요일,경상북도 문경시 흥덕동,중상사고,0,1,1,0,차대차 - 추돌,안전운전불이행,기타,맑음,교차로 - 교차로안,화물,남,62세,상해없음,화물,남,63세,중상
2019060700100225,2019년 6월 7일 10시,금요일,경상북도 구미시 임은동,경상사고,0,0,1,0,차대차 - 기타,중앙선침범,젖음/습기,비,단일로 - 기타,승용,남,57세,상해없음,승용,여,46세,경상
2019060700100253,2019년 6월 7일 11시,금요일,경상북도 경주시 외동읍,경상사고,0,0,1,0,차대차 - 측면충돌,신호위반,건조,맑음,교차로 - 교차로안,승용,남,57세,상해없음,승용,남,35세,경상
2019060700100286,2019년 6월 7일 12시,금요일,경상북도 안동시 운흥동,경상사고,0,0,2,0,차대차 - 측면충돌,안전운전불이행,건조,맑음,단일로 - 기타,자전거,남,11세,경상,자전거,남,12세,경상
2019060700100321,2019년 6월 7일 13시,금요일,경상북도 포항시 북구 죽도동,중상사고,0,1,0,0,차대사람 - 횡단중,안전운전불이행,젖음/습기,비,단일로 - 기타,승용,남,49세,상해없음,보행자,여,75세,중상
2019060700100322,2019년 6월 7일 13시,금요일,경상북도 포항시 북구 양덕동,경상사고,0,0,1,0,차대차 - 추돌,차로위반,건조,맑음,단일로 - 기타,승용,여,46세,상해없음,승용,남,40세,경상
2019060700100383,2019년 6월 7일 15시,금요일,경상북도 포항시 북구 용흥동,경상사고,0,0,1,0,차대차 - 측면충돌,안전운전불이행,건조,맑음,단일로 - 기타,자전거,남,63세,경상,승용,남,49세,상해없음
2019060700100384,2019년 6월 7일 15시,금요일,경상북도 안동시 신안동,경상사고,0,0,1,0,차대차 - 측면충돌,안전운전불이행,건조,맑음,단일로 - 기타,이륜,남,77세,경상,화물,남,71세,상해없음
2019060700100385,2019년 6월 7일 15시,금요일,경상북도 영주시 가흥동,중상사고,0,1,1,0,차대차 - 추돌,안전운전불이행,건조,맑음,교차로 - 교차로안,화물,남,64세,상해없음,화물,남,60세,경상
2019060700100386,2019년 6월 7일 15시,금요일,경상북도 구미시 진평동,경상사고,0,0,1,1,차대차 - 측면충돌,교차로운행방법위반,건조,흐림,교차로 - 교차로안,승용,여,57세,부상신고,승용,남,26세,경상
2019060700100431,2019년 6월 7일 16시,금요일,경상북도 칠곡군 지천면,경상사고,0,0,1,0,차대차 - 기타,기타,건조,맑음,단일로 - 기타,기타불명,기타불명,미분류,기타불명,승용,여,64세,경상
2019060700100466,2019년 6월 7일 17시,금요일,경상북도 포항시 북구 신광면,경상사고,0,0,1,0,차대차 - 측면충돌,교차로운행방법위반,건조,맑음,교차로 - 교차로부근,화물,여,61세,상해없음,화물,남,63세,경상
2019060700100467,2019년 6월 7일 17시,금요일,경상북도 김천시 봉산면,중상사고,0,1,1,0,차대차 - 측면충돌,안전운전불이행,건조,맑음,단일로 - 기타,승합,남,67세,경상,승용,남,26세,중상
2019060700100468,2019년 6월 7일 17시,금요일,경상북도 칠곡군 가산면,경상사고,0,0,1,0,차대차 - 추돌,안전거리미확보,건조,맑음,교차로 - 교차로안,화물,남,73세,상해없음,승용,남,47세,경상
2019060700100469,2019년 6월 7일 17시,금요일,경상북도 영천시 금호읍,중상사고,0,1,2,0,차대차 - 측면충돌,직진우회전진행방해,젖음/습기,비,교차로 - 교차로안,화물,남,67세,경상,승용,남,63세,중상
2019060700100470,2019년 6월 7일 17시,금요일,경상북도 포항시 남구 대잠동,경상사고,0,0,2,0,차대차 - 기타,직진우회전진행방해,젖음/습기,흐림,교차로 - 교차로안,승용,남,48세,경상,승용,남,26세,경상
2019060700100471,2019년 6월 7일 17시,금요일,경상북도 포항시 남구 오천읍,경상사고,0,0,1,0,차대차 - 기타,교차로운행방법위반,건조,흐림,교차로 - 교차로안,화물,남,42세,상해없음,이륜,남,35세,경상
2019060700100508,2019년 6월 7일 18시,금요일,경상북도 경주시 북군동,중상사고,0,2,1,0,차대차 - 측면충돌,중앙선침범,젖음/습기,비,단일로 - 기타,화물,남,37세,경상,승용,남,58세,중상
2019060700100509,2019년 6월 7일 18시,금요일,경상북도 포항시 북구 신흥동,경상사고,0,0,1,0,차대차 - 기타,중앙선침범,건조,맑음,단일로 - 기타,승용,남,56세,상해없음,승용,남,30세,경상
2019060700100510,2019년 6월 7일 18시,금요일,경상북도 봉화군 법전면,경상사고,0,0,2,0,차대차 - 정면충돌,안전운전불이행,건조,맑음,단일로 - 기타,승용,여,57세,경상,화물,남,58세,경상
2019060700100584,2019년 6월 7일 20시,금요일,경상북도 김천시 감문면,중상사고,0,1,0,0,차량단독 - 공작물충돌,안전운전불이행,건조,맑음,교차로 - 교차로부근,이륜,남,54세,중상,,,,
2019060700100614,2019년 6월 7일 21시,금요일,경상북도 안동시 서후면,사망사고,1,0,0,0,차대사람 - 차도통행중,안전운전불이행,건조,맑음,단일로 - 기타,화물,남,60세,상해없음,보행자,남,59세,사망
2019060700100647,2019년 6월 7일 22시,금요일,경상북도 안동시 옥동,경상사고,0,0,1,0,차대사람 - 길가장자리구역통행중,안전운전불이행,건조,맑음,단일로 - 기타,승용,남,51세,상해없음,보행자,여,50세,경상
2019060700100648,2019년 6월 7일 22시,금요일,경상북도 칠곡군 왜관읍,경상사고,0,0,1,0,차대사람 - 차도통행중,안전운전불이행,건조,맑음,교차로 - 교차로안,승용,남,61세,상해없음,보행자,남,64세,경상
2019060700100649,2019년 6월 7일 22시,금요일,경상북도 경산시 중방동,경상사고,0,0,1,0,차대차 - 측면충돌,안전운전불이행,건조,맑음,단일로 - 기타,승용,남,23세,상해없음,이륜,남,37세,경상
2019060700100671,2019년 6월 7일 23시,금요일,경상북도 포항시 남구 장흥동,경상사고,0,0,1,0,차대차 - 기타,안전거리미확보,건조,맑음,교차로 - 교차로부근,화물,남,37세,상해없음,승용,남,51세,상해없음
2019060800100032,2019년 6월 8일 00시,토요일,경상북도 포항시 남구 오천읍,경상사고,0,0,1,0,차대차 - 측면충돌,중앙선침범,건조,맑음,교차로 - 교차로부근,이륜,남,16세,경상,승용,남,60세,상해없음
2019060800100071,2019년 6월 8일 03시,토요일,경상북도 포항시 남구 장기면,경상사고,0,0,2,0,차대차 - 기타,직진우회전진행방해,젖음/습기,흐림,교차로 - 교차로안,농기계,남,74세,상해없음,화물,남,71세,경상
2019060800100196,2019년 6월 8일 10시,토요일,경상북도 경주시 강동면,경상사고,0,0,1,0,차대차 - 기타,안전거리미확보,건조,맑음,단일로 - 기타,승용,여,48세,상해없음,승용,남,32세,경상
2019060800100197,2019년 6월 8일 10시,토요일,경상북도 상주시 공검면,중상사고,0,1,0,0,차대차 - 기타,차로위반,건조,맑음,단일로 - 기타,건설기계,남,49세,상해없음,승용,남,60세,중상
2019060800100198,2019년 6월 8일 10시,토요일,경상북도 봉화군 봉화읍,경상사고,0,0,3,0,차대차 - 기타,불법유턴,건조,맑음,단일로 - 기타,승용,남,74세,경상,승합,남,58세,상해없음
2019060800100199,2019년 6월 8일 10시,토요일,경상북도 구미시 임은동,경상사고,0,0,1,1,차대차 - 기타,신호위반,건조,맑음,교차로 - 교차로안,이륜,남,40세,부상신고,승용,남,24세,경상
2019060800100200,2019년 6월 8일 10시,토요일,경상북도 포항시 남구 오천읍,경상사고,0,0,1,0,차대차 - 측면충돌,교차로운행방법위반,건조,맑음,교차로 - 교차로안,승용,여,52세,상해없음,승용,여,23세,경상
2019060800100228,2019년 6월 8일 11시,토요일,경상북도 안동시 옥야동,중상사고,0,1,0,0,차대차 - 측면충돌,안전운전불이행,건조,맑음,교차로 - 교차로부근,화물,남,71세,상해없음,이륜,남,27세,중상
2019060800100229,2019년 6월 8일 11시,토요일,경상북도 영주시 조암동,중상사고,0,1,0,0,차량단독 - 기타,안전운전불이행,건조,맑음,단일로 - 고가도로위,화물,남,48세,상해없음,,,,
2019060800100267,2019년 6월 8일 12시,토요일,경상북도 칠곡군 왜관읍,경상사고,0,0,2,0,차대차 - 측면충돌,교차로운행방법위반,건조,맑음,교차로 - 교차로안,승용,여,34세,경상,승용,여,38세,경상
2019060800100268,2019년 6월 8일 12시,토요일,경상북도 경산시 옥곡동,경상사고,0,0,1,0,차대차 - 추돌,안전운전불이행,건조,맑음,단일로 - 기타,승용,남,56세,상해없음,승용,여,50세,경상
2019060800100320,2019년 6월 8일 13시,토요일,경상북도 경주시 성건동,경상사고,0,0,2,0,차대차 - 측면충돌,안전운전불이행,건조,맑음,단일로 - 기타,화물,남,60세,상해없음,원동기,남,25세,경상
2019060800100321,2019년 6월 8일 13시,토요일,경상북도 경주시 황오동,경상사고,0,0,1,0,차대차 - 측면충돌,안전운전불이행,건조,맑음,교차로 - 교차로안,승용,남,52세,상해없음,승용,여,49세,경상
2019060800100322,2019년 6월 8일 13시,토요일,경상북도 안동시 태화동,경상사고,0,0,2,0,차대차 - 측면충돌,직진우회전진행방해,건조,맑음,교차로 - 교차로안,화물,남,53세,상해없음,승용,남,22세,경상
2019060800100323,2019년 6월 8일 13시,토요일,경상북도 경산시 압량면,경상사고,0,0,2,0,차대차 - 측면충돌,안전운전불이행,건조,맑음,단일로 - 기타,승용,여,33세,경상,승용,남,43세,경상
2019060800100324,2019년 6월 8일 13시,토요일,경상북도 영양군 영양읍,경상사고,0,0,1,0,차대사람 - 차도통행중,안전운전불이행,건조,맑음,교차로 - 교차로부근,승용,여,52세,상해없음,보행자,남,50세,경상
2019060800100325,2019년 6월 8일 13시,토요일,경상북도 김천시 아포읍,경상사고,0,0,2,0,차대차 - 기타,안전운전불이행,건조,맑음,단일로 - 기타,승용,남,49세,상해없음,승용,여,24세,경상
2019060800100376,2019년 6월 8일 14시,토요일,경상북도 포항시 북구 청하면,중상사고,0,3,7,0,차대차 - 정면충돌,안전운전불이행,건조,맑음,단일로 - 기타,승용,남,42세,상해없음,승용,여,23세,중상
2019060800100377,2019년 6월 8일 14시,토요일,경상북도 안동시 풍천면,중상사고,0,2,2,0,차대차 - 정면충돌,직진우회전진행방해,건조,맑음,교차로 - 교차로안,승용,남,55세,상해없음,승용,남,59세,경상
2019060800100378,2019년 6월 8일 14시,토요일,경상북도 고령군 운수면,경상사고,0,0,1,0,차대차 - 측면충돌,교차로운행방법위반,건조,맑음,교차로 - 교차로안,승용,남,85세,경상,특수,남,37세,상해없음
2019060800100410,2019년 6월 8일 15시,토요일,경상북도 영주시 문정동,중상사고,0,1,1,0,차대차 - 추돌,안전운전불이행,건조,맑음,단일로 - 기타,승용,남,51세,경상,화물,남,47세,중상
2019060800100411,2019년 6월 8일 15시,토요일,경상북도 청도군 청도읍,중상사고,0,1,0,0,차대차 - 측면충돌,안전운전불이행,건조,맑음,교차로 - 교차로안,농기계,남,70세,중상,화물,남,53세,상해없음
2019060800100412,2019년 6월 8일 15시,토요일,경상북도 구미시 고아읍,경상사고,0,0,1,0,차대차 - 기타,교차로운행방법위반,건조,맑음,교차로 - 교차로안,승용,남,43세,상해없음,승용,여,36세,경상
2019060800100439,2019년 6월 8일 16시,토요일,경상북도 경주시 천군동,경상사고,0,0,1,0,차대사람 - 보도통행중,기타,건조,맑음,기타 - 기타,이륜,여,34세,상해없음,보행자,남,17세,경상
2019060800100440,2019년 6월 8일 16시,토요일,경상북도 포항시 북구 기계면,경상사고,0,0,2,0,차대차 - 정면충돌,안전운전불이행,건조,맑음,단일로 - 기타,승용,여,49세,상해없음,승용,여,47세,경상
2019060800100441,2019년 6월 8일 16시,토요일,경상북도 영천시 금호읍,경상사고,0,0,3,0,차대차 - 정면충돌,안전운전불이행,건조,맑음,단일로 - 기타,승용,남,56세,경상,승용,남,26세,경상
2019060800100462,2019년 6월 8일 17시,토요일,경상북도 경주시 구황동,경상사고,0,0,1,0,차대차 - 기타,신호위반,건조,맑음,교차로 - 교차로안,승용,남,60세,상해없음,승용,여,27세,경상
2019060800100463,2019년 6월 8일 17시,토요일,경상북도 문경시 농암면,중상사고,0,1,0,0,차량단독 - 전도전복 - 전도,안전운전불이행,건조,맑음,단일로 - 기타,이륜,남,31세,중상,,,,
2019060800100464,2019년 6월 8일 17시,토요일,경상북도 경산시 하양읍,경상사고,0,0,1,0,차대차 - 정면충돌,중앙선침범,건조,맑음,단일로 - 기타,승용,남,64세,상해없음,승합,남,50세,경상
2019060800100504,2019년 6월 8일 18시,토요일,경상북도 칠곡군 석적읍,사망사고,1,0,0,0,차량단독 - 전도전복 - 전도,안전운전불이행,건조,맑음,단일로 - 기타,원동기,남,82세,사망,,,,