사고번호,사고일시,요일,시군구,사고내용,사망자수,중상자수,경상자수,부상신고자수,사고유형,법규위반,노면상태,기상상태,도로형태,가해운전자 차종,가해운전자 성별,가해운전자 연령,가해운전자 상해정도,피해운전자 차종,피해운전자 성별,피해운전자 연령,피해운전자 상해정도
2019062000100295,2019년 6월 20일 12시,목요일,경상북도 문경시 농암면,경상사고,0,0,1,0,차대차 - 측면충돌,안전운전불이행,건조,맑음,교차로 - 교차로안,승용,남,69세,상해없음,승용,여,62세,경상
2019062000100316,2019년 6월 20일 13시,목요일,경상북도 경주시 감포읍,중상사고,0,1,0,0,차대사람 - 횡단중,안전운전불이행,건조,맑음,단일로 - 기타,승용,여,37세,상해없음,보행자,여,60세,중상
2019062000100317,2019년 6월 20일 13시,목요일,경상북도 의성군 금성면,중상사고,0,1,0,0,차대차 - 측면충돌,안전운전불이행,건조,맑음,교차로 - 교차로안,승용,여,50세,상해없음,이륜,남,69세,중상
2019062000100318,2019년 6월 20일 13시,목요일,경상북도 구미시 도량동,중상사고,0,1,0,0,차대차 - 측면충돌,신호위반,건조,맑음,교차로 - 교차로횡단보도내,이륜,남,60세,상해없음,자전거,남,27세,중상
2019062000100319,2019년 6월 20일 13시,목요일,경상북도 포항시 남구 연일읍,경상사고,0,0,1,0,차대차 - 측면충돌,안전운전불이행,건조,맑음,교차로 - 교차로안,자전거,남,68세,경상,승용,남,68세,상해없음
2019062000100348,2019년 6월 20일 14시,목요일,경상북도 칠곡군 지천면,사망사고,1,0,1,0,차대차 - 측면충돌,차로위반,건조,맑음,단일로 - 기타,화물,남,52세,상해없음,화물,남,51세,경상
2019062000100349,2019년 6월 20일 14시,목요일,경상북도 구미시 거의동,경상사고,0,0,1,0,차대차 - 기타,신호위반,건조,맑음,교차로 - 교차로안,화물,남,61세,상해없음,이륜,남,39세,경상
2019062000100350,2019년 6월 20일 14시,목요일,경상북도 구미시 인의동,경상사고,0,0,1,0,차대차 - 측면충돌,안전운전불이행,건조,맑음,교차로 - 교차로안,승용,남,25세,상해없음,승용,여,37세,경상
2019062000100383,2019년 6월 20일 15시,목요일,경상북도 칠곡군 북삼읍,경상사고,0,0,1,0,차대차 - 측면충돌,교차로운행방법위반,건조,맑음,교차로 - 교차로안,승용,여,46세,상해없음,승용,남,67세,경상
2019062000100384,2019년 6월 20일 15시,목요일,경상북도 문경시 모전동,경상사고,0,0,1,0,차대차 - 측면충돌,안전운전불이행,건조,맑음,교차로 - 교차로안,승용,여,37세,상해없음,자전거,남,81세,경상
2019062000100385,2019년 6월 20일 15시,목요일,경상북도 경산시 진량읍,중상사고,0,1,2,0,차대차 - 측면충돌,안전거리미확보,건조,맑음,단일로 - 기타,화물,남,52세,경상,화물,남,60세,경상
2019062000100425,2019년 6월 20일 16시,목요일,경상북도 칠곡군 석적읍,경상사고,0,0,1,0,차대차 - 측면충돌,직진우회전진행방해,건조,맑음,교차로 - 교차로안,화물,남,50세,상해없음,승용,남,59세,경상
2019062000100426,2019년 6월 20일 16시,목요일,경상북도 영천시 언하동,중상사고,0,1,4,1,차대차 - 측면충돌,교차로운행방법위반,건조,맑음,교차로 - 교차로안,승용,남,57세,경상,승용,여,64세,중상
2019062000100427,2019년 6월 20일 16시,목요일,경상북도 경산시 진량읍,경상사고,0,0,1,0,차대차 - 측면충돌,안전운전불이행,건조,맑음,교차로 - 교차로안,승용,여,45세,상해없음,승용,여,38세,경상
2019062000100428,2019년 6월 20일 16시,목요일,경상북도 성주군 용암면,중상사고,0,1,0,0,차대차 - 측면충돌,안전운전불이행,건조,맑음,단일로 - 기타,농기계,남,78세,중상,승용,남,31세,상해없음
2019062000100429,2019년 6월 20일 16시,목요일,경상북도 상주시 낙동면,경상사고,0,0,1,0,차대차 - 추돌,안전운전불이행,건조,맑음,단일로 - 기타,화물,남,19세,상해없음,승합,남,44세,경상
2019062000100478,2019년 6월 20일 17시,목요일,경상북도 안동시 옥동,경상사고,0,0,1,0,차대사람 - 보도통행중,기타,건조,맑음,기타 - 기타,자전거,기타불명,미분류,기타불명,보행자,여,19세,경상
2019062000100479,2019년 6월 20일 17시,목요일,경상북도 김천시 성내동,경상사고,0,0,1,0,차대사람 - 보도통행중,보행자보호의무위반,건조,맑음,단일로 - 기타,화물,남,43세,기타불명,보행자,여,22세,경상
2019062000100480,2019년 6월 20일 17시,목요일,경상북도 구미시 형곡동,중상사고,0,1,0,0,차대사람 - 횡단중,보행자보호의무위반,건조,맑음,교차로 - 교차로안,승용,여,32세,상해없음,보행자,여,29세,중상
2019062000100481,2019년 6월 20일 17시,목요일,경상북도 포항시 남구 효자동,경상사고,0,0,1,0,차대사람 - 횡단중,안전운전불이행,건조,맑음,단일로 - 기타,승용,여,50세,상해없음,보행자,남,7세,경상
2019062000100525,2019년 6월 20일 18시,목요일,경상북도 경주시 성건동,중상사고,0,1,0,1,차대차 - 측면충돌,안전운전불이행,건조,맑음,교차로 - 교차로부근,이륜,남,23세,부상신고,자전거,남,61세,중상
2019062000100526,2019년 6월 20일 18시,목요일,경상북도 구미시 광평동,중상사고,0,1,0,0,차대차 - 기타,신호위반,건조,맑음,단일로 - 기타,승용,남,59세,상해없음,자전거,여,53세,중상
2019062000100527,2019년 6월 20일 18시,목요일,경상북도 포항시 남구 이동,중상사고,0,1,1,0,차대차 - 측면충돌,안전운전불이행,건조,맑음,단일로 - 기타,승용,여,40세,경상,승용,여,28세,중상
2019062000100594,2019년 6월 20일 20시,목요일,경상북도 경산시 진량읍,경상사고,0,0,1,0,차대차 - 측면충돌,신호위반,건조,맑음,교차로 - 교차로부근,이륜,남,40세,상해없음,자전거,남,37세,경상
2019062000100625,2019년 6월 20일 21시,목요일,경상북도 경주시 노서동,경상사고,0,0,1,0,차대사람 - 차도통행중,안전운전불이행,건조,맑음,단일로 - 지하차도(도로)내,승용,남,37세,상해없음,보행자,남,51세,경상
2019062000100626,2019년 6월 20일 21시,목요일,경상북도 상주시 무양동,중상사고,0,1,0,0,차대차 - 측면충돌,안전운전불이행,건조,맑음,교차로 - 교차로안,승용,남,28세,상해없음,승용,여,45세,중상
2019062000100627,2019년 6월 20일 21시,목요일,경상북도 상주시 낙양동,경상사고,0,0,1,0,차대차 - 측면충돌,신호위반,건조,맑음,교차로 - 교차로안,자전거,남,18세,경상,승용,여,65세,상해없음
2019062000100674,2019년 6월 20일 23시,목요일,경상북도 김천시 대덕면,중상사고,0,1,0,0,차대차 - 추돌,안전운전불이행,건조,맑음,단일로 - 기타,화물,남,51세,중상,화물,남,43세,상해없음
2019062000100675,2019년 6월 20일 23시,목요일,경상북도 영천시 금호읍,중상사고,0,1,3,0,차대차 - 측면충돌,안전운전불이행,건조,맑음,단일로 - 기타,승용,남,18세,기타불명,승용,남,36세,경상
2019062100100100,2019년 6월 21일 07시,금요일,경상북도 칠곡군 왜관읍,경상사고,0,0,2,0,차대차 - 추돌,과속,건조,맑음,단일로 - 기타,승용,남,30세,경상,승합,남,52세,경상
2019062100100101,2019년 6월 21일 07시,금요일,경상북도 군위군 의흥면,중상사고,0,1,0,0,차대사람 - 횡단중,안전운전불이행,건조,맑음,단일로 - 기타,승용,여,50세,상해없음,보행자,여,69세,중상
2019062100100134,2019년 6월 21일 08시,금요일,경상북도 경주시 탑동,중상사고,0,2,0,0,차대차 - 추돌,안전운전불이행,건조,맑음,교차로 - 교차로부근,화물,남,37세,상해없음,승용,남,51세,중상
2019062100100135,2019년 6월 21일 08시,금요일,경상북도 경주시 건천읍,부상신고사고,0,0,0,1,차대차 - 후진중충돌,안전운전불이행,건조,맑음,교차로 - 교차로부근,승용,남,73세,부상신고,승용,남,42세,상해없음
2019062100100136,2019년 6월 21일 08시,금요일,경상북도 상주시 무양동,경상사고,0,0,2,0,차대사람 - 횡단중,보행자보호의무위반,건조,맑음,교차로 - 교차로안,자전거,남,14세,경상,보행자,여,27세,경상
2019062100100137,2019년 6월 21일 08시,금요일,경상북도 포항시 남구 오천읍,중상사고,0,1,0,0,차대차 - 기타,안전운전불이행,건조,맑음,교차로 - 교차로안,기타불명,기타불명,미분류,기타불명,자전거,남,63세,중상
2019062100100171,2019년 6월 21일 09시,금요일,경상북도 안동시 송현동,경상사고,0,0,1,0,차대차 - 측면충돌,안전운전불이행,건조,맑음,교차로 - 교차로부근,승용,여,48세,상해없음,승용,여,62세,경상
2019062100100201,2019년 6월 21일 10시,금요일,경상북도 경주시 황오동,중상사고,0,1,0,0,차대차 - 추돌,안전거리미확보,건조,맑음,교차로 - 교차로부근,승용,남,70세,상해없음,승용,여,23세,중상
2019062100100202,2019년 6월 21일 10시,금요일,경상북도 안동시 수상동,중상사고,0,1,0,0,차대차 - 측면충돌,안전운전불이행,건조,맑음,단일로 - 기타,건설기계,남,64세,상해없음,화물,남,75세,중상
2019062100100236,2019년 6월 21일 11시,금요일,경상북도 김천시 평화동,중상사고,0,1,0,0,차대차 - 기타,안전운전불이행,건조,맑음,단일로 - 기타,승용,남,61세,상해없음,자전거,여,79세,중상
2019062100100237,2019년 6월 21일 11시,금요일,경상북도 상주시 무양동,중상사고,0,2,0,0,차대차 - 측면충돌,교차로운행방법위반,건조,맑음,교차로 - 교차로안,화물,남,58세,상해없음,승용,남,62세,중상
2019062100100238,2019년 6월 21일 11시,금요일,경상북도 구미시 상모동,중상사고,0,1,0,0,차대차 - 측면충돌,교차로운행방법위반,건조,맑음,교차로 - 교차로안,이륜,여,55세,중상,승용,남,41세,상해없음
2019062100100239,2019년 6월 21일 11시,금요일,경상북도 포항시 남구 오천읍,중상사고,0,1,0,0,차대차 - 기타,기타,건조,맑음,교차로 - 교차로안,이륜,남,29세,중상,승용,남,63세,상해없음
2019062100100263,2019년 6월 21일 12시,금요일,경상북도 영주시 봉현면,중상사고,0,1,0,0,차대차 - 측면충돌,안전운전불이행,건조,맑음,교차로 - 교차로안,화물,남,59세,상해없음,자전거,남,76세,중상
2019062100100264,2019년 6월 21일 12시,금요일,경상북도 영천시 문내동,사망사고,1,0,0,0,차대사람 - 횡단중,안전운전불이행,건조,맑음,단일로 - 기타,화물,남,71세,상해없음,보행자,남,90세 이상,사망
2019062100100294,2019년 6월 21일 13시,금요일,경상북도 경주시 강동면,경상사고,0,0,1,0,차대차 - 측면충돌,안전운전불이행,건조,맑음,교차로 - 교차로안,승용,남,53세,상해없음,승용,여,30세,경상
2019062100100295,2019년 6월 21일 13시,금요일,경상북도 칠곡군 가산면,중상사고,0,2,1,0,차대차 - 측면충돌,안전운전불이행,건조,맑음,단일로 - 기타,승용,남,58세,경상,특수,남,45세,중상
2019062100100296,2019년 6월 21일 13시,금요일,경상북도 구미시 구평동,경상사고,0,0,1,0,차대차 - 측면충돌,교차로운행방법위반,건조,맑음,교차로 - 교차로안,승용,남,54세,상해없음,이륜,남,36세,경상
2019062100100329,2019년 6월 21일 14시,금요일,경상북도 김천시 지례면,경상사고,0,0,1,0,차대차 - 기타,중앙선침범,건조,맑음,단일로 - 기타,화물,남,49세,상해없음,승용,남,70세,경상
2019062100100330,2019년 6월 21일 14시,금요일,경상북도 상주시 무양동,중상사고,0,1,0,0,차대사람 - 횡단중,안전운전불이행,건조,맑음,단일로 - 기타,승용,여,53세,상해없음,보행자,남,66세,중상
2019062100100331,2019년 6월 21일 14시,금요일,경상북도 문경시 흥덕동,경상사고,0,0,2,0,차대차 - 측면충돌,교차로운행방법위반,건조,맑음,교차로 - 교차로안,승용,남,52세,경상,이륜,남,69세,경상
2019062100100377,2019년 6월 21일 15시,금요일,경상북도 경산시 중방동,부상신고사고,0,0,0,1,차대차 - 기타,안전운전불이행,건조,맑음,단일로 - 기타,승용,남,30세,상해없음,자전거,남,84세,부상신고
2019062100100378,2019년 6월 21일 15시,금요일,경상북도 구미시 장천면,중상사고,0,1,0,0,차대차 - 추돌,안전운전불이행,건조,맑음,단일로 - 기타,승용,남,57세,상해없음,승합,남,56세,중상
2019062100100426,2019년 6월 21일 16시,금요일,경상북도 칠곡군 왜관읍,중상사고,0,1,0,1,차대사람 - 횡단중,안전운전불이행,건조,맑음,교차로 - 교차로안,이륜,남,80세,중상,보행자,여,61세,부상신고
2019062100100427,2019년 6월 21일 16시,금요일,경상북도 영천시 북안면,중상사고,0,1,0,0,차량단독 - 공작물충돌,안전운전불이행,건조,맑음,단일로 - 기타,승용,남,47세,중상,,,,
2019062100100473,2019년 6월 21일 17시,금요일,경상북도 경주시 외동읍,경상사고,0,0,1,0,차대차 - 측면충돌,안전운전불이행,건조,맑음,교차로 - 교차로안,승용,여,37세,상해없음,원동기,남,44세,경상
2019062100100474,2019년 6월 21일 17시,금요일,경상북도 문경시 불정동,경상사고,0,0,8,0,차량단독 - 공작물충돌,안전운전불이행,건조,맑음,단일로 - 터널,승합,남,22세,경상,,,,
2019062100100475,2019년 6월 21일 17시,금요일,경상북도 문경시 모전동,경상사고,0,0,3,0,차대차 - 추돌,신호위반,기타,맑음,교차로 - 교차로안,화물,남,70세,경상,승합,남,63세,경상
2019062100100531,2019년 6월 21일 18시,금요일,경상북도 포항시 북구 장성동,경상사고,0,0,3,0,차대차 - 기타,안전운전불이행,건조,맑음,교차로 - 교차로안,화물,남,44세,경상,승용,여,40세,경상
2019062100100532,2019년 6월 21일 18시,금요일,경상북도 안동시 용상동,부상신고사고,0,0,0,1,차량단독 - 전도전복 - 전도,안전운전불이행,건조,맑음,단일로 - 기타,이륜,남,67세,부상신고,,,,
2019062100100533,2019년 6월 21일 18시,금요일,경상북도 영천시 북안면,중상사고,0,1,0,0,차량단독 - 공작물충돌,안전운전불이행,젖음/습기,비,단일로 - 기타,화물,남,63세,중상,,,,
2019062100100534,2019년 6월 21일 18시,금요일,경상북도 경산시 하양읍,경상사고,0,0,1,0,차대차 - 측면충돌,교차로운행방법위반,젖음/습기,비,교차로 - 교차로안,이륜,남,22세,상해없음,승용,남,27세,경상
2019062100100535,2019년 6월 21일 18시,금요일,경상북도 구미시 고아읍,중상사고,0,1,0,0,차대사람 - 횡단중,보행자보호의무위반,건조,맑음,교차로 - 교차로횡단보도내,승용,남,60세,상해없음,보행자,남,10세,중상
2019062100100536,2019년 6월 21일 18시,금요일,경상북도 구미시 도량동,중상사고,0,1,0,0,차대사람 - 횡단중,보행자보호의무위반,건조,맑음,교차로 - 교차로횡단보도내,승용,남,22세,상해없음,보행자,여,18세,중상
2019062100100574,2019년 6월 21일 19시,금요일,경상북도 경주시 현곡면,경상사고,0,0,2,0,차대차 - 측면충돌,안전운전불이행,젖음/습기,비,단일로 - 기타,승용,여,45세,상해없음,승용,여,45세,경상
2019062100100575,2019년 6월 21일 19시,금요일,경상북도 영주시 가흥동,경상사고,0,0,2,0,차대차 - 기타,안전운전불이행,젖음/습기,비,기타 - 기타,승용,남,57세,상해없음,승합,남,50세,경상
2019062100100576,2019년 6월 21일 19시,금요일,경상북도 영천시 금호읍,경상사고,0,0,1,0,차대차 - 후진중충돌,기타,젖음/습기,비,단일로 - 기타,화물,남,41세,상해없음,승용,여,30세,경상
2019062100100577,2019년 6월 21일 19시,금요일,경상북도 영덕군 강구면,경상사고,0,0,3,0,차대차 - 기타,중앙선침범,건조,맑음,단일로 - 기타,승합,여,49세,상해없음,승용,남,31세,경상
2019062100100622,2019년 6월 21일 20시,금요일,경상북도 경주시 성건동,경상사고,0,0,2,0,차대차 - 측면충돌,안전운전불이행,젖음/습기,비,교차로 - 교차로부근,승용,여,57세,상해없음,승용,남,24세,기타불명
2019062100100706,2019년 6월 21일 22시,금요일,경상북도 상주시 만산동,경상사고,0,0,2,0,차대차 - 측면충돌,안전운전불이행,건조,맑음,단일로 - 기타,승용,남,34세,상해없음,승용,남,22세,경상
2019062100100739,2019년 6월 21일 23시,금요일,경상북도 구미시 신평동,중상사고,0,1,3,0,차대차 - 측면충돌,신호위반,건조,맑음,교차로 - 교차로안,승용,남,38세,상해없음,승용,남,55세,경상
2019062100100740,2019년 6월 21일 23시,금요일,경상북도 구미시 광평동,경상사고,0,0,1,0,차대차 - 측면충돌,안전거리미확보,건조,맑음,단일로 - 기타,원동기,남,22세,경상,화물,남,50세,상해없음
2019062200100047,2019년 6월 22일 00시,토요일,경상북도 울진군 죽변면,중상사고,0,1,0,0,차대차 - 후진중충돌,안전운전불이행,건조,맑음,교차로 - 교차로부근,승합,남,32세,중상,화물,여,52세,기타불명
2019062200100105,2019년 6월 22일 03시,토요일,경상북도 포항시 북구 득량동,경상사고,0,0,2,0,차대차 - 정면충돌,안전운전불이행,건조,맑음,단일로 - 기타,승용,남,37세,상해없음,승용,남,29세,경상
2019062200100132,2019년 6월 22일 05시,토요일,경상북도 경산시 조영동,경상사고,0,0,1,0,차대차 - 측면충돌,안전거리미확보,건조,맑음,단일로 - 기타,화물,남,55세,상해없음,승용,남,30세,상해없음
2019062200100190,2019년 6월 22일 09시,토요일,경상북도 포항시 북구 득량동,중상사고,0,1,0,0,차대차 - 기타,안전운전불이행,건조,맑음,교차로 - 교차로횡단보도내,승용,여,58세,상해없음,자전거,남,46세,중상
2019062200100220,2019년 6월 22일 10시,토요일,경상북도 구미시 상모동,중상사고,0,1,0,0,차대차 - 기타,안전운전불이행,건조,흐림,교차로 - 교차로안,승용,여,42세,상해없음,승용,여,25세,중상
2019062200100269,2019년 6월 22일 11시,토요일,경상북도 영천시 문외동,경상사고,0,0,1,0,차대차 - 측면충돌,안전운전불이행,건조,맑음,교차로 - 교차로부근,승용,남,56세,상해없음,승용,남,53세,경상
2019062200100309,2019년 6월 22일 12시,토요일,경상북도 경주시 노서동,경상사고,0,0,1,0,차대사람 - 횡단중,보행자보호의무위반,건조,맑음,단일로 - 기타,승용,남,63세,상해없음,보행자,여,65세,경상
2019062200100310,2019년 6월 22일 12시,토요일,경상북도 포항시 북구 항구동,경상사고,0,0,1,0,차대차 - 기타,차로위반,건조,맑음,교차로 - 교차로부근,승용,남,70세,상해없음,이륜,남,39세,경상
2019062200100311,2019년 6월 22일 12시,토요일,경상북도 포항시 북구 동빈2가,중상사고,0,1,1,0,차대차 - 측면충돌,신호위반,건조,맑음,교차로 - 교차로안,승용,남,51세,상해없음,승용,남,24세,경상
2019062200100312,2019년 6월 22일 12시,토요일,경상북도 안동시 임하면,중상사고,0,2,0,0,차대차 - 측면충돌,중앙선침범,건조,맑음,단일로 - 기타,승용,여,37세,상해없음,화물,남,71세,중상
2019062200100313,2019년 6월 22일 12시,토요일,경상북도 안동시 천리동,중상사고,0,1,0,0,차대차 - 추돌,안전거리미확보,건조,맑음,단일로 - 교량,승용,여,40세,상해없음,승용,여,34세,중상
2019062200100314,2019년 6월 22일 12시,토요일,경상북도 상주시 낙양동,경상사고,0,0,1,0,차대차 - 측면충돌,교차로운행방법위반,건조,맑음,교차로 - 교차로안,승용,남,59세,상해없음,승용,남,54세,경상
2019062200100315,2019년 6월 22일 12시,토요일,경상북도 칠곡군 가산면,중상사고,0,4,0,0,차대차 - 추돌,안전거리미확보,건조,맑음,단일로 - 기타,승용,남,68세,상해없음,화물,남,56세,중상
2019062200100316,2019년 6월 22일 12시,토요일,경상북도 경산시 옥산동,경상사고,0,0,1,0,차대사람 - 횡단중,안전운전불이행,건조,맑음,교차로 - 교차로안,승용,남,74세,상해없음,보행자,남,23세,경상
2019062200100317,2019년 6월 22일 12시,토요일,경상북도 청도군 매전면,중상사고,0,1,0,0,차대차 - 측면충돌,안전운전불이행,건조,맑음,단일로 - 지하차도(도로)내,승용,여,63세,상해없음,화물,남,54세,중상
2019062200100318,2019년 6월 22일 12시,토요일,경상북도 울진군 울진읍,중상사고,0,1,1,0,차대차 - 측면충돌,신호위반,건조,맑음,교차로 - 교차로안,승용,남,62세,경상,승용,여,54세,중상
2019062200100354,2019년 6월 22일 13시,토요일,경상북도 상주시 이안면,중상사고,0,1,3,0,차대차 - 측면충돌,교차로운행방법위반,건조,맑음,교차로 - 교차로안,승용,남,43세,상해없음,승용,남,64세,중상
2019062200100388,2019년 6월 22일 14시,토요일,경상북도 포항시 북구 죽도동,경상사고,0,0,1,0,차대차 - 측면충돌,안전운전불이행,건조,맑음,교차로 - 교차로안,자전거,남,57세,경상,승용,남,34세,상해없음
2019062200100389,2019년 6월 22일 14시,토요일,경상북도 포항시 북구 동빈2가,경상사고,0,0,2,0,차대차 - 측면충돌,신호위반,건조,맑음,교차로 - 교차로안,승용,남,58세,상해없음,승용,남,69세,경상
2019062200100390,2019년 6월 22일 14시,토요일,경상북도 의성군 금성면,경상사고,0,0,2,0,차대차 - 측면충돌,교차로운행방법위반,건조,맑음,교차로 - 교차로안,승용,남,63세,상해없음,승용,남,61세,경상
2019062200100391,2019년 6월 22일 14시,토요일,경상북도 경산시 하양읍,부상신고사고,0,0,0,1,차대차 - 측면충돌,기타,건조,맑음,단일로 - 기타,승용,여,63세,상해없음,이륜,여,62세,부상신고
2019062200100440,2019년 6월 22일 15시,토요일,경상북도 경주시 하동,경상사고,0,0,2,0,차대차 - 측면충돌,안전운전불이행,건조,맑음,단일로 - 기타,승용,남,39세,상해없음,승합,남,44세,상해없음
2019062200100441,2019년 6월 22일 15시,토요일,경상북도 경산시 평산동,경상사고,0,0,1,0,차대차 - 측면충돌,교차로운행방법위반,기타,맑음,교차로 - 교차로안,승용,남,59세,기타불명,승용,여,39세,경상
2019062200100442,2019년 6월 22일 15시,토요일,경상북도 구미시 송정동,경상사고,0,0,3,0,차대차 - 기타,안전운전불이행,건조,맑음,교차로 - 교차로부근,화물,남,51세,상해없음,승용,남,57세,경상
2019062200100482,2019년 6월 22일 16시,토요일,경상북도 포항시 북구 죽도동,중상사고,0,1,1,0,차대차 - 측면충돌,교차로운행방법위반,건조,맑음,교차로 - 교차로안,이륜,남,70세,상해없음,승용,여,50세,경상
2019062200100483,2019년 6월 22일 16시,토요일,경상북도 안동시 안기동,경상사고,0,0,1,0,차대차 - 측면충돌,안전운전불이행,건조,맑음,교차로 - 교차로안,원동기,남,27세,경상,승용,여,68세,상해없음
2019062200100484,2019년 6월 22일 16시,토요일,경상북도 영천시 대창면,경상사고,0,0,2,0,차대차 - 기타,안전운전불이행,건조,맑음,단일로 - 기타,화물,남,61세,상해없음,승용,여,68세,경상
2019062200100485,2019년 6월 22일 16시,토요일,경상북도 예천군 예천읍,중상사고,0,1,0,0,차대차 - 측면충돌,안전운전불이행,건조,맑음,단일로 - 기타,승용,남,65세,상해없음,자전거,여,64세,중상
2019062200100486,2019년 6월 22일 16시,토요일,경상북도 청도군 매전면,중상사고,0,2,1,0,차량단독 - 전도전복 - 전도,안전운전불이행,건조,맑음,단일로 - 기타,승합,남,23세,상해없음,,,,
2019062200100487,2019년 6월 22일 16시,토요일,경상북도 구미시 해평면,경상사고,0,0,1,0,차대차 - 기타,안전운전불이행,건조,맑음,기타 - 기타,화물,남,71세,상해없음,화물,남,36세,경상
2019062200100531,2019년 6월 22일 17시,토요일,경상북도 경주시 하동,경상사고,0,0,1,2,차대차 - 측면충돌,중앙선침범,건조,맑음,교차로 - 교차로부근,이륜,남,27세,부상신고,승용,여,31세,경상
2019062200100532,2019년 6월 22일 17시,토요일,경상북도 울진군 금강송면,경상사고,0,0,1,0,차대차 - 측면충돌,안전운전불이행,건조,맑음,단일로 - 기타,승용,여,59세,경상,화물,남,59세,상해없음
2019062200100626,2019년 6월 22일 20시,토요일,경상북도 포항시 북구 양덕동,경상사고,0,0,1,0,차대차 - 측면충돌,중앙선침범,건조,맑음,단일로 - 기타,승용,남,34세,상해없음,이륜,남,38세,경상
2019062200100627,2019년 6월 22일 20시,토요일,경상북도 성주군 초전면,중상사고,0,1,0,0,차량단독 - 공작물충돌,안전운전불이행,건조,맑음,단일로 - 기타,화물,남,50세,상해없음,,,,
2019062200100628,2019년 6월 22일 20시,토요일,경상북도 구미시 신평동,중상사고,0,1,0,0,차대차 - 측면충돌,안전거리미확보,건조,맑음,단일로 - 기타,승용,여,46세,상해없음,이륜,남,25세,중상
2019062200100629,2019년 6월 22일 20시,토요일,경상북도 구미시 고아읍,경상사고,0,0,1,0,차대사람 - 횡단중,보행자보호의무위반,건조,맑음,교차로 - 교차로횡단보도내,승용,남,29세,상해없음,보행자,남,7세,경상
2019062200100630,2019년 6월 22일 20시,토요일,경상북도 구미시 상모동,중상사고,0,1,0,0,차대사람 - 횡단중,안전운전불이행,건조,맑음,단일로 - 기타,화물,남,62세,상해없음,보행자,여,61세,중상
2019062200100631,2019년 6월 22일 20시,토요일,경상북도 포항시 남구 구룡포읍,중상사고,0,1,0,0,차대사람 - 횡단중,안전운전불이행,건조,맑음,단일로 - 기타,승용,여,51세,상해없음,보행자,여,77세,중상
2019062200100669,2019년 6월 22일 21시,토요일,경상북도 봉화군 법전면,중상사고,0,1,0,0,차량단독 - 전도전복 - 전도,안전운전불이행,건조,맑음,단일로 - 기타,승용,여,36세,중상,,,,
2019062200100670,2019년 6월 22일 21시,토요일,경상북도 구미시 옥계동,경상사고,0,0,2,0,차대차 - 측면충돌,신호위반,건조,맑음,교차로 - 교차로안,승용,여,31세,상해없음,승용,남,48세,경상
2019062200100700,2019년 6월 22일 22시,토요일,경상북도 포항시 북구 장성동,중상사고,0,2,0,0,차대사람 - 횡단중,안전운전불이행,건조,맑음,단일로 - 기타,이륜,남,22세,중상,보행자,남,41세,중상
2019062200100701,2019년 6월 22일 22시,토요일,경상북도 안동시 옥동,경상사고,0,0,3,0,차대차 - 추돌,안전운전불이행,건조,맑음,단일로 - 기타,승용,남,71세,상해없음,승용,남,49세,경상
2019062200100702,2019년 6월 22일 22시,토요일,경상북도 칠곡군 가산면,중상사고,0,1,0,0,차량단독 - 공작물충돌,안전운전불이행,건조,맑음,단일로 - 기타,이륜,남,58세,중상,,,,
2019062200100703,2019년 6월 22일 22시,토요일,경상북도 영덕군 강구면,경상사고,0,0,3,0,차대차 - 추돌,안전운전불이행,건조,맑음,단일로 - 기타,승용,남,72세,상해없음,승용,여,49세,경상
2019062300100037,2019년 6월 23일 00시,일요일,경상북도 포항시 북구 죽도동,중상사고,0,1,0,0,차대사람 - 차도통행중,안전운전불이행,건조,맑음,교차로 - 교차로안,승용,남,33세,상해없음,보행자,남,49세,중상
2019062300100038,2019년 6월 23일 00시,일요일,경상북도 안동시 정하동,중상사고,0,2,0,0,차대차 - 기타,직진우회전진행방해,건조,맑음,교차로 - 교차로안,승용,남,44세,중상,승용,여,49세,중상
2019062300100039,2019년 6월 23일 00시,일요일,경상북도 구미시 진평동,경상사고,0,0,1,0,차대차 - 기타,안전운전불이행,건조,맑음,교차로 - 교차로안,기타불명,기타불명,미분류,기타불명,승용,남,30세,경상
2019062300100066,2019년 6월 23일 02시,일요일,경상북도 영주시 휴천동,부상신고사고,0,0,0,1,차대차 - 측면충돌,안전운전불이행,건조,맑음,교차로 - 교차로안,이륜,여,71세,부상신고,승용,남,57세,상해없음
2019062300100133,2019년 6월 23일 08시,일요일,경상북도 의성군 비안면,중상사고,0,1,0,0,차대차 - 추돌,안전운전불이행,건조,맑음,단일로 - 기타,승용,남,56세,상해없음,농기계,남,53세,중상
2019062300100209,2019년 6월 23일 11시,일요일,경상북도 포항시 남구 구룡포읍,부상신고사고,0,0,0,1,차대사람 - 기타,안전운전불이행,건조,맑음,단일로 - 기타,승용,여,32세,상해없음,보행자,남,71세,부상신고
2019062300100234,2019년 6월 23일 12시,일요일,경상북도 문경시 점촌동,중상사고,0,1,3,0,차대차 - 측면충돌,안전운전불이행,건조,맑음,교차로 - 교차로안,이륜,남,23세,경상,승용,여,48세,경상
2019062300100235,2019년 6월 23일 12시,일요일,경상북도 울진군 울진읍,경상사고,0,0,1,0,차량단독 - 공작물충돌,안전운전불이행,건조,맑음,단일로 - 기타,이륜,남,61세,경상,,,,