사고번호,사고일시,요일,시군구,사고내용,사망자수,중상자수,경상자수,부상신고자수,사고유형,법규위반,노면상태,기상상태,도로형태,가해운전자 차종,가해운전자 성별,가해운전자 연령,가해운전자 상해정도,피해운전자 차종,피해운전자 성별,피해운전자 연령,피해운전자 상해정도
2019062800100492,2019년 6월 28일 17시,금요일,경상북도 포항시 남구 송도동,경상사고,0,0,1,0,차대차 - 측면충돌,직진우회전진행방해,건조,맑음,단일로 - 기타,승용,여,42세,상해없음,승용,남,60세,상해없음
2019062800100533,2019년 6월 28일 18시,금요일,경상북도 경주시 성건동,경상사고,0,0,1,0,차대차 - 측면충돌,안전운전불이행,건조,맑음,교차로 - 교차로안,승용,남,56세,상해없음,승용,여,57세,경상
2019062800100534,2019년 6월 28일 18시,금요일,경상북도 안동시 용상동,경상사고,0,0,1,0,차대차 - 기타,안전운전불이행,건조,맑음,교차로 - 교차로안,자전거,여,54세,경상,승용,여,33세,상해없음
2019062800100535,2019년 6월 28일 18시,금요일,경상북도 경산시 중방동,경상사고,0,0,1,0,차대차 - 기타,안전거리미확보,건조,맑음,단일로 - 기타,승용,여,37세,상해없음,승용,여,32세,경상
2019062800100572,2019년 6월 28일 19시,금요일,경상북도 구미시 오태동,경상사고,0,0,4,0,차대차 - 기타,안전운전불이행,건조,맑음,교차로 - 교차로안,승용,여,64세,상해없음,승용,남,22세,경상
2019062800100655,2019년 6월 28일 21시,금요일,경상북도 칠곡군 왜관읍,경상사고,0,0,2,0,차대차 - 측면충돌,교차로운행방법위반,건조,맑음,교차로 - 교차로안,승용,남,59세,상해없음,승용,여,45세,경상
2019062800100714,2019년 6월 28일 23시,금요일,경상북도 포항시 북구 대흥동,중상사고,0,1,0,0,차대차 - 측면충돌,교차로운행방법위반,건조,맑음,교차로 - 교차로안,개인형이동수단(PM),남,46세,중상,승용,남,27세,상해없음
2019062900100041,2019년 6월 29일 00시,토요일,경상북도 영양군 입암면,경상사고,0,0,1,0,차량단독 - 공작물충돌,안전운전불이행,건조,맑음,단일로 - 기타,승용,여,59세,경상,,,,
2019062900100105,2019년 6월 29일 04시,토요일,경상북도 칠곡군 약목면,경상사고,0,0,1,1,차량단독 - 기타,안전운전불이행,건조,맑음,단일로 - 기타,승용,여,39세,경상,,,,
2019062900100160,2019년 6월 29일 08시,토요일,경상북도 김천시 성내동,경상사고,0,0,1,0,차대차 - 측면충돌,교차로운행방법위반,젖음/습기,비,교차로 - 교차로안,승용,남,51세,상해없음,승용,남,26세,경상
2019062900100179,2019년 6월 29일 09시,토요일,경상북도 경주시 용강동,경상사고,0,0,1,0,차대차 - 측면충돌,중앙선침범,젖음/습기,비,교차로 - 교차로부근,승용,남,58세,상해없음,승용,남,41세,경상
2019062900100180,2019년 6월 29일 09시,토요일,경상북도 김천시 감문면,경상사고,0,0,4,0,차대차 - 측면충돌,교차로운행방법위반,젖음/습기,비,교차로 - 교차로안,승용,남,31세,경상,화물,남,60세,경상
2019062900100206,2019년 6월 29일 10시,토요일,경상북도 구미시 도량동,경상사고,0,0,1,0,차대차 - 기타,차로위반,건조,맑음,기타 - 기타,승용,남,20세,상해없음,승용,남,52세,경상
2019062900100232,2019년 6월 29일 11시,토요일,경상북도 경주시 외동읍,경상사고,0,0,1,0,차량단독 - 공작물충돌,안전운전불이행,건조,맑음,단일로 - 지하차도(도로)내,승용,남,26세,경상,,,,
2019062900100233,2019년 6월 29일 11시,토요일,경상북도 영천시 금호읍,중상사고,0,1,0,0,차대차 - 기타,안전운전불이행,젖음/습기,비,교차로 - 교차로안,화물,남,62세,상해없음,이륜,남,72세,중상
2019062900100263,2019년 6월 29일 12시,토요일,경상북도 경주시 성동동,중상사고,0,2,0,0,차대차 - 측면충돌,신호위반,젖음/습기,비,교차로 - 교차로안,이륜,남,21세,상해없음,승용,남,74세,중상
2019062900100264,2019년 6월 29일 12시,토요일,경상북도 포항시 북구 장성동,경상사고,0,0,1,0,차대차 - 기타,안전운전불이행,젖음/습기,흐림,교차로 - 교차로부근,승용,남,65세,상해없음,이륜,남,23세,경상
2019062900100265,2019년 6월 29일 12시,토요일,경상북도 의성군 의성읍,경상사고,0,0,1,0,차대차 - 측면충돌,직진우회전진행방해,건조,맑음,교차로 - 교차로안,승용,여,40세,상해없음,이륜,남,75세,경상
2019062900100307,2019년 6월 29일 13시,토요일,경상북도 경산시 옥산동,경상사고,0,0,1,0,차대차 - 측면충돌,기타,젖음/습기,비,교차로 - 교차로안,이륜,남,21세,상해없음,승용,여,38세,경상
2019062900100308,2019년 6월 29일 13시,토요일,경상북도 포항시 남구 오천읍,경상사고,0,0,1,0,차대차 - 기타,안전운전불이행,건조,맑음,교차로 - 교차로부근,승용,여,55세,상해없음,승용,남,51세,경상
2019062900100349,2019년 6월 29일 14시,토요일,경상북도 경주시 용강동,경상사고,0,0,1,1,차대차 - 추돌,안전운전불이행,젖음/습기,비,단일로 - 기타,승용,남,48세,상해없음,승용,남,42세,부상신고
2019062900100350,2019년 6월 29일 14시,토요일,경상북도 안동시 옥동,경상사고,0,0,2,1,차대차 - 추돌,안전운전불이행,젖음/습기,비,교차로 - 교차로안,승용,남,62세,상해없음,승용,남,42세,경상
2019062900100351,2019년 6월 29일 14시,토요일,경상북도 경산시 하양읍,경상사고,0,0,2,0,차대차 - 추돌,안전운전불이행,건조,맑음,단일로 - 기타,승용,남,37세,상해없음,승용,남,26세,경상
2019062900100352,2019년 6월 29일 14시,토요일,경상북도 예천군 예천읍,중상사고,0,1,0,0,차대차 - 측면충돌,안전운전불이행,젖음/습기,비,단일로 - 기타,화물,남,64세,상해없음,승용,여,43세,중상
2019062900100353,2019년 6월 29일 14시,토요일,경상북도 구미시 옥계동,경상사고,0,0,2,0,차대차 - 기타,안전운전불이행,건조,맑음,단일로 - 기타,승용,남,25세,상해없음,승용,남,37세,경상
2019062900100389,2019년 6월 29일 15시,토요일,경상북도 영천시 작산동,경상사고,0,0,1,0,차대차 - 측면충돌,안전거리미확보,젖음/습기,비,교차로 - 교차로부근,승용,남,53세,상해없음,승용,여,27세,경상
2019062900100390,2019년 6월 29일 15시,토요일,경상북도 영덕군 강구면,중상사고,0,2,3,0,차대차 - 측면충돌,안전운전불이행,건조,맑음,단일로 - 기타,승용,여,58세,중상,화물,남,51세,경상
2019062900100391,2019년 6월 29일 15시,토요일,경상북도 구미시 송정동,중상사고,0,1,0,0,차대차 - 기타,신호위반,건조,맑음,교차로 - 교차로안,승용,여,65세,상해없음,승용,남,37세,중상
2019062900100421,2019년 6월 29일 16시,토요일,경상북도 김천시 감문면,중상사고,0,1,0,0,차대차 - 측면충돌,안전운전불이행,젖음/습기,비,교차로 - 교차로안,화물,남,72세,상해없음,이륜,여,59세,중상
2019062900100422,2019년 6월 29일 16시,토요일,경상북도 상주시 복룡동,경상사고,0,0,4,0,차대차 - 측면충돌,신호위반,젖음/습기,비,교차로 - 교차로안,승용,여,38세,경상,승용,남,38세,경상
2019062900100423,2019년 6월 29일 16시,토요일,경상북도 영주시 휴천동,경상사고,0,0,1,0,차대사람 - 횡단중,신호위반,젖음/습기,비,교차로 - 교차로횡단보도내,승용,여,63세,상해없음,보행자,여,17세,경상
2019062900100424,2019년 6월 29일 16시,토요일,경상북도 포항시 남구 대송면,중상사고,0,1,0,0,차량단독 - 공작물충돌,안전운전불이행,젖음/습기,비,단일로 - 기타,승용,남,38세,중상,,,,
2019062900100425,2019년 6월 29일 16시,토요일,경상북도 포항시 남구 인덕동,경상사고,0,0,1,0,차대차 - 측면충돌,교차로운행방법위반,젖음/습기,비,교차로 - 교차로안,승용,여,48세,상해없음,승용,여,44세,경상
2019062900100475,2019년 6월 29일 17시,토요일,경상북도 포항시 북구 흥해읍,중상사고,0,2,3,0,차량단독 - 기타,안전운전불이행,건조,맑음,단일로 - 기타,승합,남,67세,경상,,,,
2019062900100476,2019년 6월 29일 17시,토요일,경상북도 구미시 남통동,부상신고사고,0,0,0,1,차대차 - 측면충돌,안전운전불이행,젖음/습기,비,단일로 - 기타,원동기,남,19세,부상신고,승용,남,48세,상해없음
2019062900100477,2019년 6월 29일 17시,토요일,경상북도 구미시 공단동,경상사고,0,0,3,0,차대차 - 후진중충돌,안전운전불이행,젖음/습기,비,교차로 - 교차로부근,승용,여,38세,상해없음,승용,남,35세,경상
2019062900100478,2019년 6월 29일 17시,토요일,경상북도 포항시 남구 동촌동,경상사고,0,0,1,0,차대차 - 측면충돌,안전운전불이행,젖음/습기,비,단일로 - 기타,승용,남,80세,상해없음,승용,남,38세,경상
2019062900100509,2019년 6월 29일 18시,토요일,경상북도 포항시 북구 흥해읍,경상사고,0,0,1,0,차대차 - 기타,신호위반,젖음/습기,맑음,교차로 - 교차로안,승용,남,40세,상해없음,승용,여,54세,경상
2019062900100510,2019년 6월 29일 18시,토요일,경상북도 안동시 운흥동,경상사고,0,0,1,0,차대차 - 측면충돌,직진우회전진행방해,젖음/습기,비,교차로 - 교차로안,승용,남,25세,상해없음,이륜,남,49세,경상
2019062900100511,2019년 6월 29일 18시,토요일,경상북도 안동시 운흥동,중상사고,0,1,0,0,차대차 - 측면충돌,안전운전불이행,건조,맑음,교차로 - 교차로안,승합,여,21세,상해없음,이륜,남,55세,중상
2019062900100512,2019년 6월 29일 18시,토요일,경상북도 영천시 오수동,부상신고사고,0,0,0,1,차량단독 - 기타,기타,젖음/습기,비,단일로 - 기타,승합,남,44세,상해없음,,,,
2019062900100513,2019년 6월 29일 18시,토요일,경상북도 포항시 남구 대도동,경상사고,0,0,1,0,차대차 - 측면충돌,안전운전불이행,젖음/습기,비,단일로 - 기타,승용,남,67세,상해없음,이륜,남,25세,경상
2019062900100539,2019년 6월 29일 19시,토요일,경상북도 포항시 북구 학잠동,경상사고,0,0,1,0,차대차 - 추돌,안전거리미확보,젖음/습기,비,교차로 - 교차로부근,승용,남,73세,상해없음,승용,여,37세,경상
2019062900100567,2019년 6월 29일 20시,토요일,경상북도 구미시 송정동,경상사고,0,0,1,0,차대차 - 측면충돌,안전운전불이행,젖음/습기,비,교차로 - 교차로부근,이륜,남,59세,상해없음,이륜,남,24세,경상
2019062900100597,2019년 6월 29일 21시,토요일,경상북도 성주군 용암면,경상사고,0,0,1,0,차량단독 - 전도전복 - 전복,안전운전불이행,건조,맑음,단일로 - 기타,화물,남,54세,경상,,,,
2019062900100598,2019년 6월 29일 21시,토요일,경상북도 구미시 봉곡동,경상사고,0,0,2,1,차대차 - 측면충돌,중앙선침범,젖음/습기,비,단일로 - 기타,승용,여,52세,부상신고,승용,남,38세,경상
2019062900100599,2019년 6월 29일 21시,토요일,경상북도 구미시 봉곡동,경상사고,0,0,1,0,차대차 - 추돌,안전운전불이행,건조,맑음,교차로 - 교차로안,승용,남,36세,상해없음,승용,남,36세,경상
2019062900100600,2019년 6월 29일 21시,토요일,경상북도 구미시 원평동,경상사고,0,0,1,0,차대차 - 기타,신호위반,젖음/습기,비,교차로 - 교차로안,승용,남,54세,상해없음,승용,여,53세,경상
2019062900100649,2019년 6월 29일 23시,토요일,경상북도 영양군 청기면,경상사고,0,0,1,1,차량단독 - 공작물충돌,안전운전불이행,젖음/습기,비,단일로 - 기타,승용,남,30세,부상신고,,,,
2019062900100650,2019년 6월 29일 23시,토요일,경상북도 포항시 남구 동해면,경상사고,0,0,1,0,차량단독 - 기타,안전운전불이행,젖음/습기,비,교차로 - 교차로부근,승합,남,53세,상해없음,,,,
2019063000100030,2019년 6월 30일 00시,일요일,경상북도 경주시 성건동,경상사고,0,0,1,0,차대차 - 정면충돌,안전운전불이행,젖음/습기,비,교차로 - 교차로부근,승용,남,28세,상해없음,이륜,남,38세,경상
2019063000100031,2019년 6월 30일 00시,일요일,경상북도 경주시 진현동,경상사고,0,0,2,0,차대차 - 추돌,안전운전불이행,젖음/습기,비,단일로 - 기타,승용,남,29세,상해없음,승용,여,39세,경상
2019063000100044,2019년 6월 30일 01시,일요일,경상북도 경주시 용강동,부상신고사고,0,0,0,1,차량단독 - 공작물충돌,안전운전불이행,젖음/습기,비,단일로 - 기타,건설기계,남,48세,부상신고,,,,
2019063000100064,2019년 6월 30일 03시,일요일,경상북도 구미시 원평동,경상사고,0,0,1,0,차대사람 - 기타,안전운전불이행,젖음/습기,흐림,교차로 - 교차로부근,승용,남,35세,상해없음,보행자,남,38세,경상
2019063000100101,2019년 6월 30일 07시,일요일,경상북도 영천시 고경면,중상사고,0,1,0,0,차대차 - 추돌,안전거리미확보,건조,맑음,단일로 - 기타,자전거,남,36세,상해없음,자전거,남,36세,상해없음
2019063000100128,2019년 6월 30일 09시,일요일,경상북도 경주시 황성동,중상사고,0,2,0,0,차대차 - 측면충돌,중앙선침범,건조,맑음,교차로 - 교차로부근,승용,여,60세,상해없음,승용,남,69세,중상
2019063000100193,2019년 6월 30일 12시,일요일,경상북도 문경시 마성면,경상사고,0,0,4,0,차대차 - 측면충돌,신호위반,건조,흐림,교차로 - 교차로안,승용,여,55세,상해없음,승용,남,51세,경상
2019063000100194,2019년 6월 30일 12시,일요일,경상북도 문경시 산양면,경상사고,0,0,2,0,차대차 - 추돌,안전운전불이행,건조,맑음,교차로 - 교차로부근,화물,남,28세,상해없음,승용,남,43세,경상
2019063000100218,2019년 6월 30일 13시,일요일,경상북도 포항시 북구 우현동,경상사고,0,0,1,0,차대차 - 정면충돌,안전운전불이행,건조,맑음,단일로 - 기타,승용,여,58세,상해없음,이륜,남,38세,경상
2019063000100219,2019년 6월 30일 13시,일요일,경상북도 경산시 하양읍,부상신고사고,0,0,0,1,차대사람 - 차도통행중,안전운전불이행,건조,맑음,단일로 - 기타,승용,남,78세,상해없음,보행자,여,29세,부상신고
2019063000100220,2019년 6월 30일 13시,일요일,경상북도 봉화군 봉성면,경상사고,0,0,1,0,차대차 - 후진중충돌,안전운전불이행,건조,맑음,단일로 - 기타,화물,남,72세,상해없음,이륜,남,45세,경상
2019063000100221,2019년 6월 30일 13시,일요일,경상북도 포항시 남구 오천읍,경상사고,0,0,1,0,차대차 - 추돌,안전거리미확보,건조,맑음,교차로 - 교차로부근,승용,남,37세,상해없음,승용,여,52세,경상
2019063000100249,2019년 6월 30일 14시,일요일,경상북도 김천시 대덕면,경상사고,0,0,2,0,차대차 - 측면충돌,안전운전불이행,건조,맑음,단일로 - 기타,승용,남,47세,상해없음,이륜,남,16세,경상
2019063000100250,2019년 6월 30일 14시,일요일,경상북도 구미시 고아읍,경상사고,0,0,1,0,차대차 - 기타,차로위반,건조,맑음,교차로 - 교차로안,승용,남,41세,상해없음,이륜,남,49세,경상
2019063000100251,2019년 6월 30일 14시,일요일,경상북도 구미시 도량동,경상사고,0,0,1,0,차대차 - 기타,안전운전불이행,건조,맑음,단일로 - 기타,승용,남,65세,상해없음,승용,여,51세,경상
2019063000100274,2019년 6월 30일 15시,일요일,경상북도 포항시 남구 대도동,경상사고,0,0,1,0,차대차 - 측면충돌,안전운전불이행,건조,맑음,교차로 - 교차로횡단보도내,자전거,남,55세,경상,승용,여,62세,상해없음
2019063000100298,2019년 6월 30일 16시,일요일,경상북도 포항시 북구 흥해읍,경상사고,0,0,1,0,차대차 - 추돌,안전운전불이행,건조,맑음,단일로 - 기타,승용,남,57세,상해없음,승용,남,59세,경상
2019063000100299,2019년 6월 30일 16시,일요일,경상북도 상주시 계산동,사망사고,1,1,0,0,차대차 - 측면충돌,안전운전불이행,건조,맑음,교차로 - 교차로안,승용,여,49세,사망,승용,남,67세,중상
2019063000100300,2019년 6월 30일 16시,일요일,경상북도 칠곡군 석적읍,경상사고,0,0,1,0,차대차 - 측면충돌,교차로운행방법위반,건조,맑음,교차로 - 교차로안,승용,여,41세,상해없음,이륜,남,33세,경상
2019063000100301,2019년 6월 30일 16시,일요일,경상북도 칠곡군 동명면,경상사고,0,0,1,0,차대차 - 추돌,안전운전불이행,건조,맑음,단일로 - 기타,승용,남,63세,상해없음,이륜,남,46세,경상
2019063000100302,2019년 6월 30일 16시,일요일,경상북도 청도군 운문면,중상사고,0,2,0,0,차량단독 - 공작물충돌,안전운전불이행,건조,맑음,단일로 - 기타,승용,여,53세,중상,,,,
2019063000100303,2019년 6월 30일 16시,일요일,경상북도 포항시 남구 오천읍,경상사고,0,0,1,0,차대차 - 추돌,차로위반,건조,맑음,단일로 - 기타,이륜,남,24세,경상,화물,남,41세,상해없음
2019063000100304,2019년 6월 30일 16시,일요일,경상북도 경산시 옥산동,경상사고,0,0,3,0,차대차 - 기타,안전운전불이행,건조,맑음,단일로 - 기타,승용,남,37세,상해없음,승합,남,53세,상해없음
2019063000100335,2019년 6월 30일 17시,일요일,경상북도 포항시 북구 덕수동,경상사고,0,0,3,0,차대차 - 측면충돌,신호위반,건조,맑음,교차로 - 교차로안,승용,남,27세,상해없음,승용,여,40세,경상
2019063000100336,2019년 6월 30일 17시,일요일,경상북도 상주시 내서면,중상사고,0,1,0,0,차량단독 - 공작물충돌,안전운전불이행,건조,흐림,단일로 - 기타,승합,여,61세,중상,,,,
2019063000100362,2019년 6월 30일 18시,일요일,경상북도 경주시 강동면,경상사고,0,0,1,0,차대차 - 추돌,안전운전불이행,건조,맑음,단일로 - 기타,승용,남,29세,상해없음,승용,남,23세,경상
2019063000100363,2019년 6월 30일 18시,일요일,경상북도 영주시 상망동,중상사고,0,1,1,0,차대차 - 측면충돌,교차로운행방법위반,건조,맑음,교차로 - 교차로안,승용,남,54세,상해없음,승용,남,60세,상해없음
2019063000100376,2019년 6월 30일 19시,일요일,경상북도 포항시 북구 장성동,중상사고,0,1,0,0,차대차 - 측면충돌,신호위반,건조,맑음,교차로 - 교차로부근,승용,남,68세,상해없음,이륜,남,59세,중상
2019063000100396,2019년 6월 30일 20시,일요일,경상북도 영천시 완산동,경상사고,0,0,1,0,차대사람 - 기타,안전운전불이행,건조,맑음,교차로 - 교차로부근,승용,남,58세,상해없음,보행자,여,21세,경상
2019063000100397,2019년 6월 30일 20시,일요일,경상북도 포항시 남구 효자동,경상사고,0,0,1,0,차대차 - 측면충돌,안전거리미확보,건조,맑음,단일로 - 기타,승용,남,40세,상해없음,승합,남,59세,경상
2019063000100398,2019년 6월 30일 20시,일요일,경상북도 포항시 남구 오천읍,중상사고,0,1,0,0,차대사람 - 기타,안전운전불이행,건조,맑음,교차로 - 교차로안,승용,남,42세,상해없음,보행자,남,60세,중상
2019063000100437,2019년 6월 30일 22시,일요일,경상북도 구미시 선산읍,경상사고,0,0,1,0,차량단독 - 공작물충돌,안전운전불이행,건조,맑음,교차로 - 교차로부근,승용,남,37세,경상,,,,
2019070100100029,2019년 7월 1일 00시,월요일,경상북도 경산시 신천동,중상사고,0,1,0,0,차대차 - 추돌,안전운전불이행,건조,맑음,단일로 - 기타,승용,남,37세,상해없음,승용,남,52세,중상
2019070100100030,2019년 7월 1일 00시,월요일,경상북도 구미시 오태동,사망사고,1,0,0,0,차량단독 - 공작물충돌,안전운전불이행,건조,맑음,교차로 - 교차로안,승용,남,38세,사망,,,,
2019070100100041,2019년 7월 1일 01시,월요일,경상북도 구미시 공단동,경상사고,0,0,1,0,차대차 - 기타,안전운전불이행,건조,맑음,교차로 - 교차로부근,승용,여,42세,상해없음,승용,남,55세,경상
2019070100100055,2019년 7월 1일 03시,월요일,경상북도 구미시 원평동,중상사고,0,1,1,0,차대차 - 추돌,안전운전불이행,건조,맑음,단일로 - 기타,승용,남,59세,상해없음,화물,남,32세,경상
2019070100100086,2019년 7월 1일 06시,월요일,경상북도 경주시 동천동,중상사고,0,1,1,0,차대차 - 측면충돌,안전운전불이행,건조,맑음,교차로 - 교차로안,승용,여,37세,경상,승용,남,31세,중상
2019070100100087,2019년 7월 1일 06시,월요일,경상북도 영천시 완산동,경상사고,0,0,1,0,차대차 - 측면충돌,신호위반,건조,맑음,교차로 - 교차로횡단보도내,승용,남,39세,기타불명,자전거,남,75세,경상
2019070100100107,2019년 7월 1일 07시,월요일,경상북도 경주시 성건동,경상사고,0,0,1,0,차량단독 - 공작물충돌,안전운전불이행,건조,맑음,주차장 - 주차장,승용,남,56세,경상,,,,
2019070100100108,2019년 7월 1일 07시,월요일,경상북도 포항시 북구 흥해읍,중상사고,0,1,0,0,차대차 - 추돌,안전거리미확보,건조,맑음,단일로 - 기타,화물,남,57세,상해없음,승용,여,31세,중상
2019070100100147,2019년 7월 1일 08시,월요일,경상북도 경주시 황성동,중상사고,0,1,4,0,차대차 - 추돌,안전운전불이행,건조,맑음,단일로 - 기타,승용,여,55세,상해없음,승용,남,34세,경상
2019070100100148,2019년 7월 1일 08시,월요일,경상북도 칠곡군 약목면,경상사고,0,0,1,0,차대차 - 측면충돌,안전운전불이행,건조,맑음,교차로 - 교차로안,화물,남,48세,상해없음,승용,여,39세,경상
2019070100100149,2019년 7월 1일 08시,월요일,경상북도 경산시 백천동,중상사고,0,1,0,0,차대차 - 측면충돌,안전운전불이행,건조,맑음,교차로 - 교차로안,이륜,남,56세,중상,건설기계,남,48세,상해없음
2019070100100150,2019년 7월 1일 08시,월요일,경상북도 구미시 임은동,중상사고,0,1,1,0,차대차 - 측면충돌,신호위반,건조,맑음,단일로 - 기타,승용,여,41세,경상,승용,남,39세,중상
2019070100100151,2019년 7월 1일 08시,월요일,경상북도 구미시 비산동,경상사고,0,0,1,0,차대차 - 추돌,안전운전불이행,건조,맑음,교차로 - 교차로부근,승용,남,61세,상해없음,승용,남,27세,경상
2019070100100236,2019년 7월 1일 10시,월요일,경상북도 포항시 북구 두호동,경상사고,0,0,1,0,차대사람 - 기타,기타,건조,맑음,기타 - 기타,승용,남,76세,상해없음,보행자,여,33세,경상
2019070100100237,2019년 7월 1일 10시,월요일,경상북도 영덕군 강구면,경상사고,0,0,1,0,차대차 - 측면충돌,교차로운행방법위반,건조,맑음,교차로 - 교차로안,화물,여,44세,경상,화물,남,58세,상해없음
2019070100100266,2019년 7월 1일 11시,월요일,경상북도 구미시 비산동,경상사고,0,0,1,0,차대차 - 기타,신호위반,건조,맑음,단일로 - 기타,승용,남,40세,상해없음,승용,여,36세,경상
2019070100100329,2019년 7월 1일 13시,월요일,경상북도 의성군 안계면,중상사고,0,1,0,0,차대차 - 측면충돌,신호위반,건조,맑음,교차로 - 교차로안,화물,남,42세,상해없음,승합,남,34세,중상
2019070100100330,2019년 7월 1일 13시,월요일,경상북도 구미시 비산동,경상사고,0,0,1,1,차대차 - 기타,직진우회전진행방해,건조,맑음,교차로 - 교차로안,화물,남,60세,부상신고,승용,여,58세,경상
2019070100100355,2019년 7월 1일 14시,월요일,경상북도 경주시 현곡면,경상사고,0,0,2,0,차대차 - 추돌,안전운전불이행,건조,맑음,단일로 - 지하차도(도로)내,승용,남,22세,상해없음,승용,여,52세,경상
2019070100100356,2019년 7월 1일 14시,월요일,경상북도 포항시 북구 죽도동,경상사고,0,0,1,0,차대사람 - 기타,안전운전불이행,건조,맑음,교차로 - 교차로안,승용,남,40세,상해없음,보행자,남,46세,경상
2019070100100357,2019년 7월 1일 14시,월요일,경상북도 포항시 북구 양덕동,경상사고,0,0,1,0,차대사람 - 횡단중,안전운전불이행,건조,맑음,교차로 - 교차로횡단보도내,화물,남,43세,상해없음,보행자,여,60세,경상
2019070100100358,2019년 7월 1일 14시,월요일,경상북도 칠곡군 석적읍,부상신고사고,0,0,0,1,차대차 - 측면충돌,안전운전불이행,건조,맑음,단일로 - 기타,자전거,남,59세,부상신고,화물,남,39세,기타불명
2019070100100359,2019년 7월 1일 14시,월요일,경상북도 영천시 문외동,부상신고사고,0,0,0,6,차대차 - 측면충돌,안전운전불이행,건조,맑음,교차로 - 교차로안,화물,남,69세,상해없음,승용,남,67세,상해없음
2019070100100360,2019년 7월 1일 14시,월요일,경상북도 문경시 점촌동,경상사고,0,0,1,0,차량단독 - 전도전복 - 전도,안전운전불이행,건조,흐림,단일로 - 기타,자전거,여,65세,경상,,,,
2019070100100361,2019년 7월 1일 14시,월요일,경상북도 포항시 남구 구룡포읍,경상사고,0,0,4,0,차대차 - 측면충돌,교차로운행방법위반,건조,맑음,교차로 - 교차로안,화물,남,54세,경상,승용,남,41세,경상
2019070100100405,2019년 7월 1일 15시,월요일,경상북도 문경시 산북면,중상사고,0,1,0,0,차량단독 - 공작물충돌,안전운전불이행,건조,맑음,단일로 - 기타,승합,남,52세,상해없음,,,,
2019070100100406,2019년 7월 1일 15시,월요일,경상북도 영덕군 강구면,경상사고,0,0,1,0,차대차 - 측면충돌,안전운전불이행,건조,맑음,교차로 - 교차로안,승용,여,54세,상해없음,자전거,남,52세,경상
2019070100100407,2019년 7월 1일 15시,월요일,경상북도 구미시 사곡동,경상사고,0,0,1,0,차대차 - 기타,중앙선침범,건조,맑음,단일로 - 기타,승용,남,63세,상해없음,이륜,남,19세,경상
2019070100100449,2019년 7월 1일 16시,월요일,경상북도 경주시 황성동,경상사고,0,0,1,0,차대차 - 측면충돌,안전운전불이행,건조,맑음,교차로 - 교차로안,승용,여,47세,상해없음,개인형이동수단(PM),여,37세,경상
2019070100100450,2019년 7월 1일 16시,월요일,경상북도 칠곡군 동명면,부상신고사고,0,0,0,1,차대사람 - 횡단중,안전운전불이행,건조,맑음,교차로 - 교차로부근,화물,남,69세,상해없음,보행자,여,88세,부상신고
2019070100100491,2019년 7월 1일 17시,월요일,경상북도 경주시 외동읍,중상사고,0,1,0,0,차대차 - 측면충돌,안전운전불이행,건조,맑음,단일로 - 지하차도(도로)내,승용,남,23세,상해없음,승용,여,72세,중상
2019070100100492,2019년 7월 1일 17시,월요일,경상북도 영천시 임고면,사망사고,1,0,0,0,차대사람 - 횡단중,보행자보호의무위반,건조,맑음,교차로 - 교차로안,승용,여,67세,상해없음,보행자,남,72세,사망
2019070100100493,2019년 7월 1일 17시,월요일,경상북도 문경시 점촌동,중상사고,0,1,1,0,차대차 - 측면충돌,안전운전불이행,건조,맑음,교차로 - 교차로부근,승용,여,56세,경상,승용,남,48세,중상
2019070100100535,2019년 7월 1일 18시,월요일,경상북도 경산시 진량읍,경상사고,0,0,1,0,차대차 - 측면충돌,안전거리미확보,건조,맑음,교차로 - 교차로부근,승용,남,46세,상해없음,이륜,남,59세,경상
2019070100100536,2019년 7월 1일 18시,월요일,경상북도 영덕군 영덕읍,중상사고,0,1,0,0,차대사람 - 길가장자리구역통행중,안전운전불이행,건조,맑음,단일로 - 기타,승용,여,62세,상해없음,보행자,남,66세,중상
2019070100100589,2019년 7월 1일 19시,월요일,경상북도 구미시 공단동,중상사고,0,1,1,0,차량단독 - 기타,안전운전불이행,건조,맑음,교차로 - 교차로부근,승합,남,57세,상해없음,,,,
2019070100100620,2019년 7월 1일 20시,월요일,경상북도 경산시 중방동,중상사고,0,1,0,0,차대차 - 측면충돌,교차로운행방법위반,기타,맑음,단일로 - 기타,승용,여,40세,상해없음,자전거,여,44세,중상
2019070100100659,2019년 7월 1일 22시,월요일,경상북도 상주시 신봉동,경상사고,0,0,1,0,차대차 - 측면충돌,안전운전불이행,건조,맑음,단일로 - 기타,특수,남,58세,상해없음,자전거,여,20세,경상
2019070100100660,2019년 7월 1일 22시,월요일,경상북도 영주시 봉현면,부상신고사고,0,0,0,1,차량단독 - 기타,안전운전불이행,건조,맑음,단일로 - 기타,자전거,남,28세,부상신고,,,,
2019070200100108,2019년 7월 2일 07시,화요일,경상북도 안동시 정하동,경상사고,0,0,1,0,차량단독 - 전도전복 - 전복,안전운전불이행,건조,맑음,교차로 - 교차로부근,승용,남,68세,경상,,,,
2019070200100109,2019년 7월 2일 07시,화요일,경상북도 성주군 선남면,중상사고,0,2,0,0,차대차 - 측면충돌,신호위반,건조,맑음,교차로 - 교차로안,승용,남,25세,상해없음,승용,남,37세,중상
2019070200100146,2019년 7월 2일 08시,화요일,경상북도 예천군 호명면,경상사고,0,0,2,0,차대차 - 측면충돌,직진우회전진행방해,건조,맑음,교차로 - 교차로안,승용,여,43세,상해없음,승용,여,60세,경상