사고번호,사고일시,요일,시군구,사고내용,사망자수,중상자수,경상자수,부상신고자수,사고유형,법규위반,노면상태,기상상태,도로형태,가해운전자 차종,가해운전자 성별,가해운전자 연령,가해운전자 상해정도,피해운전자 차종,피해운전자 성별,피해운전자 연령,피해운전자 상해정도
2019070200100147,2019년 7월 2일 08시,화요일,경상북도 성주군 월항면,경상사고,0,0,1,0,차대차 - 측면충돌,신호위반,건조,맑음,교차로 - 교차로안,승용,여,44세,상해없음,이륜,남,50세,경상
2019070200100188,2019년 7월 2일 09시,화요일,경상북도 포항시 남구 송도동,경상사고,0,0,2,0,차대차 - 기타,안전운전불이행,건조,맑음,교차로 - 교차로안,승용,여,54세,경상,승용,남,68세,경상
2019070200100189,2019년 7월 2일 09시,화요일,경상북도 포항시 남구 해도동,경상사고,0,0,1,0,차대사람 - 횡단중,보행자보호의무위반,건조,맑음,교차로 - 교차로횡단보도내,승용,남,72세,상해없음,보행자,여,24세,경상
2019070200100220,2019년 7월 2일 10시,화요일,경상북도 경주시 안강읍,경상사고,0,0,1,0,차대차 - 측면충돌,안전운전불이행,건조,맑음,교차로 - 교차로안,승용,여,65세,상해없음,승용,여,57세,경상
2019070200100221,2019년 7월 2일 10시,화요일,경상북도 영덕군 강구면,경상사고,0,0,1,0,차대차 - 추돌,안전운전불이행,건조,맑음,단일로 - 기타,승용,여,48세,상해없음,승용,남,53세,경상
2019070200100244,2019년 7월 2일 11시,화요일,경상북도 영주시 가흥동,경상사고,0,0,1,0,차대차 - 기타,신호위반,건조,맑음,교차로 - 교차로안,화물,남,36세,상해없음,이륜,남,40세,경상
2019070200100245,2019년 7월 2일 11시,화요일,경상북도 포항시 남구 효자동,경상사고,0,0,2,0,차대차 - 추돌,안전운전불이행,건조,맑음,교차로 - 교차로부근,화물,남,66세,상해없음,승용,여,35세,경상
2019070200100274,2019년 7월 2일 12시,화요일,경상북도 김천시 부곡동,경상사고,0,0,1,0,차대차 - 측면충돌,신호위반,건조,맑음,교차로 - 교차로안,승용,남,69세,상해없음,승용,여,48세,경상
2019070200100275,2019년 7월 2일 12시,화요일,경상북도 성주군 금수면,경상사고,0,0,2,0,차대차 - 측면충돌,안전운전불이행,건조,맑음,단일로 - 기타,승용,남,60세,상해없음,승용,남,66세,경상
2019070200100304,2019년 7월 2일 13시,화요일,경상북도 경주시 성동동,중상사고,0,1,0,0,차대차 - 측면충돌,안전운전불이행,건조,맑음,교차로 - 교차로부근,화물,남,58세,상해없음,자전거,여,63세,중상
2019070200100305,2019년 7월 2일 13시,화요일,경상북도 포항시 북구 죽도동,부상신고사고,0,0,0,1,차대차 - 기타,안전운전불이행,건조,맑음,기타 - 기타,자전거,여,71세,부상신고,승용,남,54세,상해없음
2019070200100306,2019년 7월 2일 13시,화요일,경상북도 안동시 옥동,경상사고,0,0,1,0,차대차 - 측면충돌,직진우회전진행방해,건조,맑음,교차로 - 교차로안,승용,여,50세,상해없음,승용,남,71세,상해없음
2019070200100307,2019년 7월 2일 13시,화요일,경상북도 안동시 풍천면,중상사고,0,1,0,0,차량단독 - 기타,기타,건조,맑음,단일로 - 기타,승합,남,61세,상해없음,,,,
2019070200100308,2019년 7월 2일 13시,화요일,경상북도 구미시 원평동,중상사고,0,1,1,0,차대차 - 기타,안전운전불이행,건조,맑음,교차로 - 교차로안,승용,남,80세,상해없음,승용,남,29세,중상
2019070200100342,2019년 7월 2일 14시,화요일,경상북도 상주시 중동면,경상사고,0,0,1,0,차대차 - 측면충돌,안전운전불이행,건조,맑음,교차로 - 교차로안,화물,남,53세,상해없음,이륜,남,70세,경상
2019070200100343,2019년 7월 2일 14시,화요일,경상북도 성주군 초전면,경상사고,0,0,1,0,차대차 - 측면충돌,안전운전불이행,건조,맑음,교차로 - 교차로안,승용,여,43세,상해없음,이륜,여,60세,경상
2019070200100373,2019년 7월 2일 15시,화요일,경상북도 경주시 충효동,경상사고,0,0,1,0,차대차 - 측면충돌,안전운전불이행,건조,맑음,교차로 - 교차로안,승용,여,32세,상해없음,승용,여,54세,경상
2019070200100374,2019년 7월 2일 15시,화요일,경상북도 경주시 용강동,경상사고,0,0,2,0,차대차 - 측면충돌,안전운전불이행,건조,맑음,교차로 - 교차로안,승용,남,39세,경상,승용,남,52세,경상
2019070200100375,2019년 7월 2일 15시,화요일,경상북도 경산시 진량읍,중상사고,0,1,0,0,차대차 - 추돌,안전운전불이행,건조,맑음,단일로 - 기타,이륜,남,21세,중상,승용,남,58세,상해없음
2019070200100376,2019년 7월 2일 15시,화요일,경상북도 구미시 공단동,중상사고,0,1,2,0,차대차 - 기타,안전운전불이행,건조,맑음,단일로 - 기타,승용,여,62세,상해없음,승합,남,56세,상해없음
2019070200100448,2019년 7월 2일 17시,화요일,경상북도 경주시 외동읍,부상신고사고,0,0,0,1,차대차 - 측면충돌,교차로운행방법위반,건조,맑음,교차로 - 교차로안,승용,남,27세,상해없음,이륜,남,52세,부상신고
2019070200100449,2019년 7월 2일 17시,화요일,경상북도 영천시 문외동,중상사고,0,1,0,0,차대차 - 추돌,안전운전불이행,건조,맑음,단일로 - 교량,화물,남,33세,상해없음,농기계,남,65세,중상
2019070200100450,2019년 7월 2일 17시,화요일,경상북도 성주군 선남면,경상사고,0,0,1,0,차대차 - 측면충돌,안전운전불이행,건조,맑음,단일로 - 기타,이륜,남,50세,경상,승용,여,30세,상해없음
2019070200100451,2019년 7월 2일 17시,화요일,경상북도 구미시 임수동,경상사고,0,0,1,0,차대차 - 측면충돌,신호위반,건조,맑음,교차로 - 교차로부근,승용,남,35세,상해없음,화물,남,60세,경상
2019070200100495,2019년 7월 2일 18시,화요일,경상북도 경주시 충효동,중상사고,0,1,2,0,차대차 - 측면충돌,안전운전불이행,건조,맑음,교차로 - 교차로안,승용,여,36세,경상,승용,여,61세,중상
2019070200100496,2019년 7월 2일 18시,화요일,경상북도 포항시 북구 두호동,경상사고,0,0,1,0,차대차 - 후진중충돌,안전운전불이행,건조,맑음,단일로 - 기타,승용,남,68세,상해없음,승용,여,40세,경상
2019070200100497,2019년 7월 2일 18시,화요일,경상북도 영천시 완산동,경상사고,0,0,1,0,차대차 - 측면충돌,교차로운행방법위반,건조,맑음,교차로 - 교차로안,승용,여,57세,상해없음,승용,남,59세,경상
2019070200100498,2019년 7월 2일 18시,화요일,경상북도 군위군 부계면,중상사고,0,1,0,0,차대차 - 측면충돌,교차로운행방법위반,건조,맑음,교차로 - 교차로안,승용,남,63세,상해없음,화물,여,58세,중상
2019070200100499,2019년 7월 2일 18시,화요일,경상북도 청송군 주왕산면,경상사고,0,0,1,0,차대차 - 측면충돌,안전운전불이행,건조,맑음,단일로 - 기타,승용,남,63세,경상,건설기계,남,51세,상해없음
2019070200100500,2019년 7월 2일 18시,화요일,경상북도 구미시 형곡동,경상사고,0,0,1,0,차대사람 - 횡단중,보행자보호의무위반,건조,맑음,교차로 - 교차로부근,승용,여,56세,상해없음,보행자,남,7세,경상
2019070200100501,2019년 7월 2일 18시,화요일,경상북도 구미시 송정동,경상사고,0,0,1,0,차대사람 - 횡단중,보행자보호의무위반,건조,맑음,단일로 - 기타,승용,남,56세,상해없음,보행자,남,8세,경상
2019070200100502,2019년 7월 2일 18시,화요일,경상북도 포항시 남구 오천읍,중상사고,0,1,0,0,차대사람 - 기타,안전운전불이행,건조,맑음,교차로 - 교차로안,승용,남,32세,상해없음,보행자,여,69세,중상
2019070200100537,2019년 7월 2일 19시,화요일,경상북도 구미시 산동면,경상사고,0,0,1,0,차대차 - 측면충돌,안전운전불이행,건조,맑음,단일로 - 기타,화물,남,67세,상해없음,승용,남,27세,경상
2019070200100587,2019년 7월 2일 21시,화요일,경상북도 영주시 가흥동,경상사고,0,0,2,0,차대차 - 측면충돌,신호위반,건조,맑음,교차로 - 교차로안,승용,여,62세,경상,승용,여,38세,경상
2019070200100608,2019년 7월 2일 22시,화요일,경상북도 영주시 가흥동,경상사고,0,0,1,0,차대사람 - 차도통행중,안전운전불이행,건조,맑음,교차로 - 교차로안,승용,남,24세,상해없음,보행자,남,49세,경상
2019070200100617,2019년 7월 2일 23시,화요일,경상북도 포항시 남구 오천읍,경상사고,0,0,1,0,차대차 - 측면충돌,안전운전불이행,건조,맑음,교차로 - 교차로안,이륜,남,20세,상해없음,승용,남,61세,경상
2019070300100043,2019년 7월 3일 03시,수요일,경상북도 포항시 북구 죽도동,중상사고,0,3,1,0,차대차 - 기타,신호위반,건조,맑음,교차로 - 교차로안,승용,남,31세,기타불명,화물,남,66세,중상
2019070300100083,2019년 7월 3일 07시,수요일,경상북도 울진군 죽변면,경상사고,0,0,1,0,차대차 - 측면충돌,직진우회전진행방해,건조,맑음,교차로 - 교차로안,승용,남,28세,상해없음,자전거,남,27세,경상
2019070300100127,2019년 7월 3일 08시,수요일,경상북도 안동시 옥동,경상사고,0,0,2,0,차대차 - 추돌,안전거리미확보,건조,맑음,단일로 - 기타,화물,남,32세,상해없음,화물,남,65세,경상
2019070300100128,2019년 7월 3일 08시,수요일,경상북도 경산시 자인면,경상사고,0,0,1,0,차대차 - 측면충돌,안전운전불이행,건조,맑음,단일로 - 기타,승용,여,47세,상해없음,승용,여,52세,경상
2019070300100129,2019년 7월 3일 08시,수요일,경상북도 예천군 지보면,중상사고,0,1,2,0,차대차 - 후진중충돌,안전운전불이행,건조,맑음,단일로 - 기타,화물,남,67세,상해없음,화물,남,68세,상해없음
2019070300100130,2019년 7월 3일 08시,수요일,경상북도 성주군 대가면,중상사고,0,1,1,0,차대차 - 추돌,안전운전불이행,건조,맑음,단일로 - 기타,승용,남,58세,경상,승용,여,62세,중상
2019070300100163,2019년 7월 3일 09시,수요일,경상북도 포항시 남구 오천읍,중상사고,0,1,2,0,차대차 - 기타,차로위반,건조,맑음,단일로 - 기타,이륜,여,62세,중상,승합,남,52세,경상
2019070300100197,2019년 7월 3일 10시,수요일,경상북도 경주시 동천동,중상사고,0,1,0,0,차대차 - 측면충돌,신호위반,건조,맑음,교차로 - 교차로안,승용,남,54세,상해없음,원동기,남,81세,중상
2019070300100198,2019년 7월 3일 10시,수요일,경상북도 포항시 북구 흥해읍,중상사고,0,1,1,0,차대차 - 기타,안전운전불이행,건조,맑음,단일로 - 기타,화물,남,39세,상해없음,화물,남,44세,상해없음
2019070300100199,2019년 7월 3일 10시,수요일,경상북도 문경시 문경읍,중상사고,0,1,3,0,차대차 - 측면충돌,직진우회전진행방해,건조,맑음,교차로 - 교차로안,승용,여,65세,중상,승용,여,36세,경상
2019070300100225,2019년 7월 3일 11시,수요일,경상북도 영주시 영주동,경상사고,0,0,1,0,차대차 - 측면충돌,안전운전불이행,건조,맑음,단일로 - 기타,화물,남,76세,기타불명,승용,여,57세,경상
2019070300100226,2019년 7월 3일 11시,수요일,경상북도 칠곡군 왜관읍,경상사고,0,0,1,0,차대차 - 측면충돌,안전운전불이행,건조,맑음,교차로 - 교차로안,승합,남,28세,상해없음,승용,여,54세,경상
2019070300100227,2019년 7월 3일 11시,수요일,경상북도 문경시 불정동,중상사고,0,1,0,0,차대차 - 추돌,안전거리미확보,건조,맑음,단일로 - 터널,화물,남,24세,상해없음,승용,여,34세,중상
2019070300100252,2019년 7월 3일 12시,수요일,경상북도 경주시 현곡면,중상사고,0,2,1,0,차대차 - 추돌,안전운전불이행,건조,맑음,단일로 - 기타,건설기계,남,61세,상해없음,승용,남,72세,경상
2019070300100253,2019년 7월 3일 12시,수요일,경상북도 구미시 공단동,경상사고,0,0,1,0,차량단독 - 기타,안전거리미확보,건조,맑음,교차로 - 교차로안,승합,남,52세,상해없음,,,,
2019070300100282,2019년 7월 3일 13시,수요일,경상북도 경산시 압량면,경상사고,0,0,1,0,차대차 - 추돌,안전운전불이행,건조,맑음,단일로 - 기타,화물,남,29세,상해없음,화물,남,60세,경상
2019070300100323,2019년 7월 3일 14시,수요일,경상북도 상주시 낙양동,경상사고,0,0,1,0,차대차 - 추돌,안전운전불이행,건조,맑음,교차로 - 교차로안,승용,여,57세,상해없음,이륜,남,81세,경상
2019070300100357,2019년 7월 3일 15시,수요일,경상북도 안동시 태화동,경상사고,0,0,1,0,차대차 - 기타,교차로운행방법위반,건조,맑음,교차로 - 교차로안,승용,남,58세,상해없음,승용,남,66세,상해없음
2019070300100393,2019년 7월 3일 16시,수요일,경상북도 포항시 북구 항구동,중상사고,0,1,3,0,차대차 - 측면충돌,신호위반,건조,맑음,교차로 - 교차로안,승용,남,59세,상해없음,승용,여,47세,중상
2019070300100394,2019년 7월 3일 16시,수요일,경상북도 안동시 용상동,중상사고,0,1,0,0,차대차 - 측면충돌,직진우회전진행방해,건조,맑음,교차로 - 교차로안,승용,여,27세,상해없음,승용,남,36세,중상
2019070300100395,2019년 7월 3일 16시,수요일,경상북도 포항시 남구 해도동,중상사고,0,1,0,0,차대차 - 정면충돌,불법유턴,건조,맑음,교차로 - 교차로부근,승용,여,42세,상해없음,이륜,남,28세,중상
2019070300100441,2019년 7월 3일 17시,수요일,경상북도 경주시 황성동,중상사고,0,1,0,0,차대사람 - 차도통행중,안전운전불이행,건조,맑음,단일로 - 지하차도(도로)내,화물,남,66세,상해없음,보행자,남,57세,중상
2019070300100442,2019년 7월 3일 17시,수요일,경상북도 경주시 현곡면,경상사고,0,0,4,0,차대차 - 측면충돌,안전운전불이행,건조,맑음,단일로 - 기타,승용,남,65세,상해없음,승합,남,50세,경상
2019070300100443,2019년 7월 3일 17시,수요일,경상북도 포항시 북구 죽도동,부상신고사고,0,0,0,1,차대차 - 측면충돌,안전운전불이행,건조,맑음,교차로 - 교차로안,승용,여,45세,부상신고,승용,남,63세,상해없음
2019070300100444,2019년 7월 3일 17시,수요일,경상북도 칠곡군 왜관읍,중상사고,0,1,0,0,차대사람 - 차도통행중,안전운전불이행,건조,맑음,교차로 - 교차로부근,화물,남,60세,상해없음,보행자,여,90세 이상,중상
2019070300100445,2019년 7월 3일 17시,수요일,경상북도 칠곡군 지천면,경상사고,0,0,1,0,차대차 - 측면충돌,안전운전불이행,건조,맑음,단일로 - 기타,이륜,남,26세,경상,승용,남,44세,상해없음
2019070300100446,2019년 7월 3일 17시,수요일,경상북도 영천시 금호읍,경상사고,0,0,1,0,차대차 - 후진중충돌,안전운전불이행,건조,맑음,교차로 - 교차로부근,승용,남,58세,상해없음,승용,여,30세,경상
2019070300100447,2019년 7월 3일 17시,수요일,경상북도 구미시 형곡동,경상사고,0,0,2,0,차대차 - 기타,신호위반,건조,맑음,교차로 - 교차로안,화물,남,66세,경상,승용,남,21세,경상
2019070300100448,2019년 7월 3일 17시,수요일,경상북도 포항시 남구 해도동,경상사고,0,0,2,0,차대차 - 추돌,안전운전불이행,건조,맑음,단일로 - 기타,화물,남,67세,상해없음,승용,남,60세,경상
2019070300100449,2019년 7월 3일 17시,수요일,경상북도 포항시 남구 해도동,경상사고,0,0,2,0,차대차 - 측면충돌,교차로운행방법위반,건조,맑음,교차로 - 교차로안,승용,여,37세,경상,승용,여,59세,경상
2019070300100498,2019년 7월 3일 18시,수요일,경상북도 안동시 길안면,중상사고,0,1,0,0,차량단독 - 기타,기타,건조,맑음,단일로 - 기타,화물,여,56세,상해없음,,,,
2019070300100499,2019년 7월 3일 18시,수요일,경상북도 울진군 죽변면,중상사고,0,1,0,0,차대차 - 후진중충돌,불법유턴,건조,맑음,교차로 - 교차로안,승용,여,53세,상해없음,승용,남,25세,중상
2019070300100549,2019년 7월 3일 20시,수요일,경상북도 포항시 북구 두호동,경상사고,0,0,1,0,차대차 - 측면충돌,안전운전불이행,건조,맑음,교차로 - 교차로안,승용,남,48세,상해없음,이륜,남,19세,경상
2019070300100550,2019년 7월 3일 20시,수요일,경상북도 안동시 남문동,경상사고,0,0,1,0,차대차 - 측면충돌,안전운전불이행,건조,맑음,단일로 - 기타,승용,여,75세,상해없음,자전거,남,72세,경상
2019070300100551,2019년 7월 3일 20시,수요일,경상북도 상주시 낙양동,중상사고,0,1,0,0,차대차 - 정면충돌,안전운전불이행,건조,맑음,단일로 - 기타,자전거,남,72세,상해없음,개인형이동수단(PM),여,68세,중상
2019070300100552,2019년 7월 3일 20시,수요일,경상북도 포항시 남구 오천읍,경상사고,0,0,1,0,차대사람 - 횡단중,보행자보호의무위반,건조,맑음,교차로 - 교차로횡단보도내,화물,남,45세,상해없음,보행자,남,57세,경상
2019070300100578,2019년 7월 3일 21시,수요일,경상북도 포항시 북구 장성동,경상사고,0,0,4,0,차대차 - 기타,안전운전불이행,건조,맑음,단일로 - 기타,승용,남,28세,상해없음,승용,여,33세,경상
2019070300100579,2019년 7월 3일 21시,수요일,경상북도 칠곡군 왜관읍,사망사고,1,0,0,0,차대사람 - 횡단중,안전운전불이행,건조,맑음,단일로 - 기타,화물,여,70세,상해없음,보행자,남,46세,사망
2019070300100580,2019년 7월 3일 21시,수요일,경상북도 경산시 대동,중상사고,0,1,0,0,차대차 - 기타,안전거리미확보,건조,맑음,단일로 - 기타,승용,남,53세,상해없음,이륜,남,25세,중상
2019070300100581,2019년 7월 3일 21시,수요일,경상북도 영덕군 남정면,중상사고,0,1,0,0,차대차 - 추돌,안전운전불이행,건조,맑음,교차로 - 교차로부근,승용,남,35세,상해없음,승용,여,51세,중상
2019070300100600,2019년 7월 3일 22시,수요일,경상북도 포항시 북구 흥해읍,경상사고,0,0,3,0,차대차 - 측면충돌,신호위반,건조,맑음,교차로 - 교차로안,승용,남,57세,상해없음,승용,남,39세,경상
2019070300100601,2019년 7월 3일 22시,수요일,경상북도 안동시 풍천면,경상사고,0,0,1,0,차대차 - 추돌,안전거리미확보,건조,맑음,교차로 - 교차로부근,승용,여,38세,상해없음,화물,남,35세,경상
2019070300100602,2019년 7월 3일 22시,수요일,경상북도 청송군 청송읍,경상사고,0,0,1,0,차량단독 - 공작물충돌,안전운전불이행,건조,맑음,단일로 - 기타,승용,남,51세,경상,,,,
2019070400100076,2019년 7월 4일 06시,목요일,경상북도 경주시 외동읍,중상사고,0,1,1,0,차대차 - 정면충돌,중앙선침범,건조,맑음,단일로 - 기타,승용,남,51세,경상,화물,남,41세,중상
2019070400100077,2019년 7월 4일 06시,목요일,경상북도 문경시 흥덕동,경상사고,0,0,2,0,차대차 - 측면충돌,직진우회전진행방해,건조,맑음,교차로 - 교차로안,승용,남,31세,상해없음,화물,남,58세,경상
2019070400100098,2019년 7월 4일 07시,목요일,경상북도 경주시 동천동,중상사고,0,1,0,0,차대사람 - 길가장자리구역통행중,안전운전불이행,건조,맑음,교차로 - 교차로부근,승합,남,43세,상해없음,보행자,여,73세,중상
2019070400100099,2019년 7월 4일 07시,목요일,경상북도 안동시 명륜동,중상사고,0,1,1,0,차대차 - 정면충돌,중앙선침범,건조,맑음,단일로 - 기타,승용,남,60세,중상,승용,여,51세,경상
2019070400100100,2019년 7월 4일 07시,목요일,경상북도 성주군 벽진면,경상사고,0,0,2,0,차대차 - 측면충돌,안전운전불이행,건조,맑음,교차로 - 교차로안,승용,여,36세,경상,화물,남,61세,경상
2019070400100101,2019년 7월 4일 07시,목요일,경상북도 포항시 남구 송도동,중상사고,0,1,0,0,차대사람 - 기타,안전운전불이행,건조,맑음,단일로 - 기타,화물,남,67세,상해없음,보행자,남,44세,중상
2019070400100148,2019년 7월 4일 08시,목요일,경상북도 구미시 공단동,경상사고,0,0,1,0,차대차 - 측면충돌,안전운전불이행,건조,맑음,교차로 - 교차로안,승합,남,54세,상해없음,승용,여,30세,경상
2019070400100201,2019년 7월 4일 09시,목요일,경상북도 포항시 북구 흥해읍,중상사고,0,8,2,0,차대차 - 측면충돌,안전운전불이행,건조,맑음,단일로 - 기타,특수,남,54세,상해없음,승용,남,36세,중상
2019070400100202,2019년 7월 4일 09시,목요일,경상북도 칠곡군 지천면,경상사고,0,0,1,0,차대차 - 측면충돌,안전거리미확보,건조,맑음,단일로 - 기타,승용,남,26세,상해없음,승용,남,38세,경상
2019070400100203,2019년 7월 4일 09시,목요일,경상북도 문경시 흥덕동,중상사고,0,1,0,0,차대차 - 측면충돌,안전운전불이행,건조,맑음,교차로 - 교차로안,자전거,여,69세,중상,승용,남,74세,상해없음
2019070400100232,2019년 7월 4일 10시,목요일,경상북도 포항시 북구 죽도동,중상사고,0,1,0,0,차대차 - 측면충돌,신호위반,건조,맑음,교차로 - 교차로안,승용,남,75세,상해없음,승용,여,43세,중상
2019070400100233,2019년 7월 4일 10시,목요일,경상북도 칠곡군 왜관읍,경상사고,0,0,1,0,차대차 - 측면충돌,교차로운행방법위반,건조,맑음,교차로 - 교차로안,승용,여,51세,상해없음,승용,남,71세,경상
2019070400100234,2019년 7월 4일 10시,목요일,경상북도 성주군 성주읍,경상사고,0,0,1,0,차대차 - 측면충돌,신호위반,건조,맑음,교차로 - 교차로안,이륜,남,82세,경상,승용,여,46세,상해없음
2019070400100262,2019년 7월 4일 11시,목요일,경상북도 구미시 원평동,경상사고,0,0,1,0,차량단독 - 기타,안전운전불이행,건조,맑음,단일로 - 기타,승합,남,33세,상해없음,,,,
2019070400100287,2019년 7월 4일 12시,목요일,경상북도 경주시 양북면,중상사고,0,1,0,0,차대차 - 측면충돌,신호위반,건조,맑음,교차로 - 교차로안,승용,여,24세,상해없음,화물,남,58세,중상
2019070400100288,2019년 7월 4일 12시,목요일,경상북도 경산시 옥산동,중상사고,0,1,0,0,차대차 - 측면충돌,안전운전불이행,건조,맑음,교차로 - 교차로안,승용,남,66세,상해없음,승용,여,52세,중상
2019070400100289,2019년 7월 4일 12시,목요일,경상북도 구미시 해평면,중상사고,0,1,0,0,차대차 - 기타,안전운전불이행,건조,맑음,교차로 - 교차로안,승합,남,29세,상해없음,자전거,여,76세,중상
2019070400100331,2019년 7월 4일 13시,목요일,경상북도 영천시 화남면,경상사고,0,0,2,0,차대차 - 정면충돌,중앙선침범,건조,맑음,단일로 - 기타,화물,남,59세,상해없음,승용,남,71세,경상
2019070400100332,2019년 7월 4일 13시,목요일,경상북도 포항시 남구 청림동,경상사고,0,0,1,0,차대차 - 기타,신호위반,건조,맑음,교차로 - 교차로안,이륜,남,61세,경상,승용,남,60세,상해없음
2019070400100364,2019년 7월 4일 14시,목요일,경상북도 경주시 황성동,경상사고,0,0,1,0,차대차 - 정면충돌,안전운전불이행,건조,맑음,단일로 - 기타,이륜,남,16세,경상,화물,남,47세,상해없음
2019070400100365,2019년 7월 4일 14시,목요일,경상북도 상주시 사벌면,경상사고,0,0,2,0,차대차 - 측면충돌,안전운전불이행,건조,맑음,교차로 - 교차로안,승용,여,66세,경상,승용,남,30세,경상
2019070400100366,2019년 7월 4일 14시,목요일,경상북도 고령군 운수면,중상사고,0,5,1,0,차대차 - 측면충돌,교차로운행방법위반,건조,맑음,교차로 - 교차로안,승용,남,61세,경상,승용,여,65세,중상
2019070400100400,2019년 7월 4일 15시,목요일,경상북도 경주시 외동읍,경상사고,0,0,1,0,차대차 - 측면충돌,안전운전불이행,건조,맑음,단일로 - 기타,이륜,남,49세,경상,승용,여,51세,상해없음
2019070400100436,2019년 7월 4일 16시,목요일,경상북도 경산시 중산동,경상사고,0,0,1,0,차대사람 - 보도통행중,기타,건조,맑음,단일로 - 기타,이륜,남,16세,상해없음,보행자,여,49세,경상
2019070400100485,2019년 7월 4일 17시,목요일,경상북도 포항시 북구 흥해읍,경상사고,0,0,1,0,차대차 - 기타,신호위반,건조,맑음,교차로 - 교차로부근,승용,여,47세,상해없음,승용,남,64세,경상
2019070400100530,2019년 7월 4일 18시,목요일,경상북도 영천시 야사동,중상사고,0,1,0,1,차대차 - 측면충돌,안전운전불이행,건조,맑음,교차로 - 교차로부근,승용,남,54세,상해없음,이륜,남,22세,중상
2019070400100531,2019년 7월 4일 18시,목요일,경상북도 구미시 진평동,경상사고,0,0,2,0,차대차 - 추돌,안전운전불이행,건조,맑음,교차로 - 교차로안,승용,여,56세,상해없음,승용,여,36세,경상
2019070400100588,2019년 7월 4일 20시,목요일,경상북도 영양군 영양읍,중상사고,0,1,0,0,차대사람 - 차도통행중,안전운전불이행,건조,맑음,단일로 - 기타,승합,남,46세,상해없음,보행자,남,76세,중상
2019070400100611,2019년 7월 4일 21시,목요일,경상북도 김천시 개령면,중상사고,0,1,1,0,차량단독 - 기타,안전운전불이행,건조,맑음,단일로 - 기타,이륜,남,70세,경상,,,,
2019070400100634,2019년 7월 4일 22시,목요일,경상북도 경주시 서악동,중상사고,0,1,0,0,차대차 - 측면충돌,신호위반,건조,맑음,교차로 - 교차로안,승용,여,43세,상해없음,자전거,남,35세,중상
2019070400100635,2019년 7월 4일 22시,목요일,경상북도 안동시 옥동,경상사고,0,0,1,0,차대차 - 기타,차로위반,건조,맑음,단일로 - 기타,이륜,남,30세,경상,승용,남,40세,상해없음
2019070500100031,2019년 7월 5일 00시,금요일,경상북도 성주군 성주읍,경상사고,0,0,1,0,차량단독 - 전도전복 - 전도,안전운전불이행,건조,맑음,단일로 - 기타,이륜,남,49세,경상,,,,
2019070500100058,2019년 7월 5일 03시,금요일,경상북도 포항시 북구 여천동,경상사고,0,0,6,0,차대차 - 측면충돌,안전운전불이행,건조,맑음,교차로 - 교차로안,승용,여,61세,경상,승용,남,67세,경상
2019070500100108,2019년 7월 5일 07시,금요일,경상북도 문경시 공평동,중상사고,0,1,1,0,차대차 - 정면충돌,중앙선침범,건조,맑음,교차로 - 교차로부근,승용,여,56세,경상,승용,여,69세,중상
2019070500100109,2019년 7월 5일 07시,금요일,경상북도 영덕군 남정면,중상사고,0,1,1,0,차대차 - 측면충돌,직진우회전진행방해,건조,맑음,교차로 - 교차로안,화물,여,35세,경상,승용,남,58세,상해없음
2019070500100154,2019년 7월 5일 08시,금요일,경상북도 경주시 양남면,경상사고,0,0,1,0,차대차 - 기타,안전운전불이행,건조,맑음,단일로 - 기타,승용,남,46세,상해없음,승합,남,60세,상해없음
2019070500100155,2019년 7월 5일 08시,금요일,경상북도 포항시 북구 중앙동,경상사고,0,0,1,0,차대사람 - 기타,안전운전불이행,건조,맑음,교차로 - 교차로부근,승용,남,64세,상해없음,보행자,여,66세,경상
2019070500100156,2019년 7월 5일 08시,금요일,경상북도 영덕군 영덕읍,경상사고,0,0,1,0,차대차 - 측면충돌,안전운전불이행,건조,맑음,교차로 - 교차로안,승용,여,36세,상해없음,승용,여,37세,경상
2019070500100157,2019년 7월 5일 08시,금요일,경상북도 구미시 지산동,경상사고,0,0,1,0,차대차 - 기타,안전운전불이행,건조,맑음,단일로 - 고가도로위,승합,남,38세,상해없음,승합,남,51세,경상
2019070500100158,2019년 7월 5일 08시,금요일,경상북도 구미시 공단동,경상사고,0,0,1,0,차대차 - 측면충돌,차로위반,건조,맑음,단일로 - 기타,승합,남,26세,상해없음,승용,여,58세,경상
2019070500100159,2019년 7월 5일 08시,금요일,경상북도 포항시 남구 해도동,경상사고,0,0,1,0,차대사람 - 기타,안전운전불이행,건조,맑음,단일로 - 기타,승용,여,58세,상해없음,보행자,남,66세,경상
2019070500100160,2019년 7월 5일 08시,금요일,경상북도 구미시 옥성면,경상사고,0,0,1,0,차대차 - 추돌,안전운전불이행,건조,맑음,단일로 - 터널,화물,남,40세,상해없음,승용,남,45세,경상
2019070500100198,2019년 7월 5일 09시,금요일,경상북도 경주시 황성동,경상사고,0,0,1,0,차대차 - 측면충돌,안전운전불이행,건조,맑음,주차장 - 주차장,승용,여,45세,경상,화물,남,39세,상해없음
2019070500100199,2019년 7월 5일 09시,금요일,경상북도 영주시 영주동,중상사고,0,1,0,0,차대사람 - 기타,안전운전불이행,건조,맑음,교차로 - 교차로횡단보도내,화물,남,70세,상해없음,보행자,여,75세,중상
2019070500100200,2019년 7월 5일 09시,금요일,경상북도 영덕군 남정면,경상사고,0,0,3,0,차대차 - 추돌,안전운전불이행,건조,맑음,교차로 - 교차로부근,승용,여,40세,상해없음,승용,여,58세,경상