사고번호,사고일시,요일,시군구,사고내용,사망자수,중상자수,경상자수,부상신고자수,사고유형,법규위반,노면상태,기상상태,도로형태,가해운전자 차종,가해운전자 성별,가해운전자 연령,가해운전자 상해정도,피해운전자 차종,피해운전자 성별,피해운전자 연령,피해운전자 상해정도
2019072000100559,2019년 7월 20일 21시,토요일,경상북도 문경시 점촌동,경상사고,0,0,1,0,차대사람 - 횡단중,안전운전불이행,젖음/습기,비,단일로 - 기타,화물,여,59세,상해없음,보행자,남,59세,경상
2019072000100599,2019년 7월 20일 22시,토요일,경상북도 경주시 용강동,경상사고,0,0,4,0,차대차 - 추돌,안전운전불이행,젖음/습기,비,교차로 - 교차로부근,승용,남,57세,상해없음,승용,여,59세,경상
2019072000100600,2019년 7월 20일 22시,토요일,경상북도 포항시 북구 덕산동,경상사고,0,0,3,0,차대차 - 추돌,안전운전불이행,건조,맑음,단일로 - 기타,승용,여,20세,상해없음,승용,남,23세,경상
2019072000100601,2019년 7월 20일 22시,토요일,경상북도 영천시 금호읍,경상사고,0,0,4,0,차대차 - 추돌,안전운전불이행,젖음/습기,흐림,교차로 - 교차로부근,화물,남,68세,경상,승용,남,51세,경상
2019072000100602,2019년 7월 20일 22시,토요일,경상북도 문경시 불정동,중상사고,0,1,0,0,차량단독 - 기타,안전운전불이행,젖음/습기,비,단일로 - 기타,승용,남,32세,상해없음,,,,
2019072000100603,2019년 7월 20일 22시,토요일,경상북도 구미시 상모동,경상사고,0,0,2,0,차대차 - 추돌,안전운전불이행,젖음/습기,비,교차로 - 교차로부근,승용,남,47세,기타불명,승용,남,51세,경상
2019072000100638,2019년 7월 20일 23시,토요일,경상북도 구미시 도개면,중상사고,0,1,0,0,차량단독 - 도로외이탈 - 추락,안전운전불이행,건조,맑음,단일로 - 기타,승합,남,46세,중상,,,,
2019072100100029,2019년 7월 21일 00시,일요일,경상북도 구미시 봉곡동,중상사고,0,2,0,0,차대차 - 추돌,안전운전불이행,젖음/습기,비,단일로 - 기타,승용,남,42세,상해없음,승용,남,27세,중상
2019072100100097,2019년 7월 21일 04시,일요일,경상북도 포항시 남구 오천읍,부상신고사고,0,0,0,1,차대차 - 추돌,안전운전불이행,건조,흐림,교차로 - 교차로부근,승용,남,23세,부상신고,건설기계,남,57세,기타불명
2019072100100108,2019년 7월 21일 05시,일요일,경상북도 구미시 도량동,중상사고,0,1,0,0,차대차 - 추돌,안전운전불이행,젖음/습기,비,교차로 - 교차로부근,승용,남,26세,상해없음,승용,남,37세,중상
2019072100100109,2019년 7월 21일 05시,일요일,경상북도 구미시 공단동,경상사고,0,0,1,0,차대차 - 기타,교차로운행방법위반,젖음/습기,비,교차로 - 교차로안,승용,남,39세,상해없음,승용,남,63세,경상
2019072100100120,2019년 7월 21일 06시,일요일,경상북도 영천시 화산면,부상신고사고,0,0,0,1,차량단독 - 공작물충돌,안전운전불이행,건조,맑음,단일로 - 기타,승용,남,55세,부상신고,,,,
2019072100100131,2019년 7월 21일 07시,일요일,경상북도 구미시 고아읍,중상사고,0,1,0,0,차대차 - 측면충돌,신호위반,젖음/습기,비,교차로 - 교차로안,화물,남,63세,상해없음,승용,남,46세,중상
2019072100100155,2019년 7월 21일 09시,일요일,경상북도 포항시 북구 흥해읍,경상사고,0,0,2,0,차대차 - 기타,안전운전불이행,건조,맑음,단일로 - 기타,승용,남,54세,경상,승용,여,29세,경상
2019072100100173,2019년 7월 21일 10시,일요일,경상북도 안동시 법흥동,중상사고,0,1,0,0,차대차 - 측면충돌,안전운전불이행,건조,맑음,교차로 - 교차로안,승용,여,52세,상해없음,자전거,여,19세,중상
2019072100100192,2019년 7월 21일 11시,일요일,경상북도 경주시 안강읍,중상사고,0,4,1,0,차대차 - 측면충돌,중앙선침범,젖음/습기,비,단일로 - 지하차도(도로)내,화물,남,68세,상해없음,승용,여,36세,중상
2019072100100216,2019년 7월 21일 12시,일요일,경상북도 울진군 후포면,중상사고,0,1,0,0,차대차 - 측면충돌,안전거리미확보,건조,맑음,단일로 - 기타,승용,여,41세,상해없음,이륜,남,74세,중상
2019072100100241,2019년 7월 21일 13시,일요일,경상북도 안동시 신안동,경상사고,0,0,1,0,차대차 - 측면충돌,신호위반,건조,맑음,교차로 - 교차로안,자전거,남,77세,경상,화물,남,74세,상해없음
2019072100100291,2019년 7월 21일 15시,일요일,경상북도 김천시 평화동,중상사고,0,1,0,0,차대사람 - 횡단중,안전운전불이행,건조,맑음,단일로 - 기타,화물,남,46세,상해없음,보행자,여,65세,중상
2019072100100292,2019년 7월 21일 15시,일요일,경상북도 구미시 옥계동,부상신고사고,0,0,0,1,차대차 - 측면충돌,교차로운행방법위반,건조,맑음,교차로 - 교차로안,이륜,남,54세,부상신고,화물,남,40세,상해없음
2019072100100293,2019년 7월 21일 15시,일요일,경상북도 구미시 도량동,중상사고,0,1,0,0,차대사람 - 기타,안전운전불이행,건조,맑음,주차장 - 주차장,승용,남,59세,상해없음,보행자,여,81세,중상
2019072100100326,2019년 7월 21일 16시,일요일,경상북도 고령군 쌍림면,중상사고,0,1,0,0,차대차 - 기타,안전운전불이행,건조,맑음,단일로 - 기타,이륜,남,26세,중상,건설기계,남,54세,상해없음
2019072100100357,2019년 7월 21일 17시,일요일,경상북도 구미시 산동면,경상사고,0,0,1,0,차량단독 - 공작물충돌,안전운전불이행,건조,맑음,단일로 - 기타,승용,여,52세,경상,,,,
2019072100100404,2019년 7월 21일 19시,일요일,경상북도 포항시 북구 두호동,경상사고,0,0,1,0,차대차 - 기타,안전운전불이행,건조,맑음,단일로 - 기타,승용,남,51세,상해없음,승용,남,21세,경상
2019072100100405,2019년 7월 21일 19시,일요일,경상북도 상주시 신봉동,중상사고,0,1,0,0,차대차 - 측면충돌,안전운전불이행,건조,맑음,단일로 - 기타,승용,여,49세,중상,화물,남,59세,상해없음
2019072100100406,2019년 7월 21일 19시,일요일,경상북도 포항시 남구 대송면,중상사고,0,1,0,0,차량단독 - 공작물충돌,안전운전불이행,건조,맑음,단일로 - 기타,승용,남,51세,중상,,,,
2019072100100432,2019년 7월 21일 20시,일요일,경상북도 안동시 동부동,경상사고,0,0,1,0,차대사람 - 길가장자리구역통행중,안전운전불이행,건조,맑음,기타 - 기타,승용,남,30세,상해없음,보행자,남,50세,경상
2019072100100433,2019년 7월 21일 20시,일요일,경상북도 경산시 사동,경상사고,0,0,1,0,차대차 - 측면충돌,중앙선침범,건조,맑음,교차로 - 교차로부근,원동기,남,60세,경상,승용,여,57세,상해없음
2019072100100434,2019년 7월 21일 20시,일요일,경상북도 포항시 남구 상도동,경상사고,0,0,1,0,차대차 - 측면충돌,안전운전불이행,건조,맑음,교차로 - 교차로안,승용,여,25세,상해없음,승용,남,65세,경상
2019072100100481,2019년 7월 21일 22시,일요일,경상북도 경산시 옥산동,중상사고,0,1,0,0,차대사람 - 횡단중,과속,건조,맑음,교차로 - 교차로횡단보도내,승용,남,56세,상해없음,보행자,남,20세,중상
2019072200100042,2019년 7월 22일 00시,월요일,경상북도 구미시 임수동,경상사고,0,0,1,0,차대차 - 기타,안전운전불이행,건조,맑음,단일로 - 기타,승용,남,31세,상해없음,승용,남,47세,상해없음
2019072200100082,2019년 7월 22일 06시,월요일,경상북도 경산시 임당동,부상신고사고,0,0,0,1,차대차 - 측면충돌,안전운전불이행,건조,맑음,단일로 - 기타,이륜,남,32세,부상신고,승합,남,45세,상해없음
2019072200100083,2019년 7월 22일 06시,월요일,경상북도 포항시 남구 대송면,경상사고,0,0,1,0,차대차 - 기타,안전운전불이행,건조,맑음,교차로 - 교차로안,승용,남,57세,상해없음,승용,남,55세,경상
2019072200100098,2019년 7월 22일 07시,월요일,경상북도 포항시 북구 죽도동,경상사고,0,0,1,0,차대차 - 측면충돌,안전운전불이행,건조,맑음,단일로 - 기타,자전거,여,73세,경상,승용,남,75세,상해없음
2019072200100135,2019년 7월 22일 08시,월요일,경상북도 경주시 성건동,중상사고,0,1,0,0,차대차 - 측면충돌,안전운전불이행,건조,맑음,단일로 - 기타,승용,남,47세,상해없음,승용,여,33세,중상
2019072200100136,2019년 7월 22일 08시,월요일,경상북도 경주시 배반동,중상사고,0,1,0,0,차대차 - 측면충돌,신호위반,건조,맑음,교차로 - 교차로안,승합,남,38세,상해없음,화물,남,50세,중상
2019072200100137,2019년 7월 22일 08시,월요일,경상북도 포항시 북구 대흥동,경상사고,0,0,1,0,차대차 - 기타,안전운전불이행,건조,맑음,단일로 - 기타,승용,남,45세,상해없음,승용,여,47세,경상
2019072200100138,2019년 7월 22일 08시,월요일,경상북도 상주시 함창읍,경상사고,0,0,1,0,차대사람 - 기타,안전운전불이행,건조,맑음,단일로 - 기타,승합,남,53세,상해없음,보행자,여,82세,경상
2019072200100139,2019년 7월 22일 08시,월요일,경상북도 영천시 금호읍,중상사고,0,1,1,0,차대차 - 정면충돌,신호위반,건조,맑음,교차로 - 교차로안,승용,남,29세,경상,승용,여,44세,중상
2019072200100176,2019년 7월 22일 09시,월요일,경상북도 칠곡군 왜관읍,중상사고,0,1,0,0,차대차 - 측면충돌,안전운전불이행,건조,맑음,교차로 - 교차로부근,승합,남,55세,상해없음,이륜,남,84세,중상
2019072200100177,2019년 7월 22일 09시,월요일,경상북도 칠곡군 가산면,경상사고,0,0,1,0,차대차 - 측면충돌,안전운전불이행,건조,맑음,교차로 - 교차로안,승용,여,54세,상해없음,승용,남,23세,경상
2019072200100178,2019년 7월 22일 09시,월요일,경상북도 칠곡군 왜관읍,중상사고,0,1,1,0,차대차 - 측면충돌,직진우회전진행방해,건조,맑음,교차로 - 교차로안,승용,남,47세,중상,승합,남,50세,경상
2019072200100179,2019년 7월 22일 09시,월요일,경상북도 예천군 예천읍,중상사고,0,1,0,0,차대사람 - 차도통행중,안전운전불이행,건조,맑음,교차로 - 교차로안,승용,여,60세,상해없음,보행자,남,20세,중상
2019072200100210,2019년 7월 22일 10시,월요일,경상북도 안동시 수상동,경상사고,0,0,1,0,차대사람 - 횡단중,안전운전불이행,건조,맑음,기타 - 기타,승용,남,53세,상해없음,보행자,여,65세,경상
2019072200100211,2019년 7월 22일 10시,월요일,경상북도 상주시 개운동,경상사고,0,0,2,0,차대차 - 측면충돌,안전운전불이행,건조,맑음,교차로 - 교차로부근,승용,남,60세,상해없음,이륜,남,82세,경상
2019072200100212,2019년 7월 22일 10시,월요일,경상북도 영주시 가흥동,경상사고,0,0,1,0,차대차 - 추돌,안전운전불이행,건조,맑음,교차로 - 교차로부근,승용,남,79세,상해없음,자전거,남,12세,경상
2019072200100213,2019년 7월 22일 10시,월요일,경상북도 경산시 남천면,중상사고,0,1,0,0,차대차 - 측면충돌,중앙선침범,건조,맑음,단일로 - 기타,화물,남,42세,상해없음,승합,남,62세,상해없음
2019072200100214,2019년 7월 22일 10시,월요일,경상북도 포항시 남구 이동,경상사고,0,0,2,0,차대차 - 측면충돌,안전운전불이행,건조,맑음,단일로 - 기타,승용,남,31세,상해없음,승용,남,36세,상해없음
2019072200100249,2019년 7월 22일 11시,월요일,경상북도 경주시 동부동,경상사고,0,0,1,0,차대차 - 측면충돌,신호위반,건조,맑음,교차로 - 교차로안,이륜,여,37세,경상,승용,남,32세,상해없음
2019072200100250,2019년 7월 22일 11시,월요일,경상북도 구미시 원평동,경상사고,0,0,1,0,차대차 - 측면충돌,신호위반,건조,맑음,교차로 - 교차로안,승용,남,37세,상해없음,승용,여,46세,경상
2019072200100257,2019년 7월 22일 11시,월요일,경상북도 군위군 군위읍,부상신고사고,0,0,0,1,차대차 - 기타,안전거리미확보,건조,맑음,단일로 - 기타,화물,남,54세,상해없음,승용,남,48세,부상신고
2019072200100287,2019년 7월 22일 12시,월요일,경상북도 상주시 화개동,중상사고,0,1,0,0,차대차 - 측면충돌,차로위반,건조,맑음,교차로 - 교차로안,승용,남,67세,상해없음,승용,남,65세,상해없음
2019072200100288,2019년 7월 22일 12시,월요일,경상북도 포항시 남구 동해면,중상사고,0,1,1,0,차량단독 - 공작물충돌,안전운전불이행,건조,맑음,단일로 - 기타,승용,여,55세,중상,,,,
2019072200100339,2019년 7월 22일 13시,월요일,경상북도 의성군 안평면,중상사고,0,1,0,0,차대차 - 측면충돌,기타,건조,맑음,교차로 - 교차로안,화물,남,38세,상해없음,승용,여,50세,중상
2019072200100340,2019년 7월 22일 13시,월요일,경상북도 영천시 성내동,경상사고,0,0,2,0,차대차 - 측면충돌,안전운전불이행,건조,맑음,교차로 - 교차로부근,승용,여,60세,상해없음,특수,남,34세,상해없음
2019072200100376,2019년 7월 22일 14시,월요일,경상북도 상주시 무양동,중상사고,0,1,1,0,차대차 - 측면충돌,안전운전불이행,건조,맑음,교차로 - 교차로안,화물,남,43세,경상,승용,여,39세,상해없음
2019072200100377,2019년 7월 22일 14시,월요일,경상북도 구미시 선산읍,경상사고,0,0,1,1,차대차 - 측면충돌,안전운전불이행,건조,맑음,교차로 - 교차로안,승용,남,79세,부상신고,건설기계,남,39세,경상
2019072200100415,2019년 7월 22일 15시,월요일,경상북도 경산시 사정동,부상신고사고,0,0,0,1,차대차 - 측면충돌,안전운전불이행,건조,맑음,교차로 - 교차로부근,자전거,남,19세,부상신고,승용,남,64세,상해없음
2019072200100416,2019년 7월 22일 15시,월요일,경상북도 성주군 월항면,경상사고,0,0,1,0,차대차 - 측면충돌,신호위반,건조,맑음,교차로 - 교차로안,화물,남,65세,상해없음,화물,남,76세,경상
2019072200100457,2019년 7월 22일 16시,월요일,경상북도 경주시 성건동,경상사고,0,0,1,0,차대차 - 측면충돌,안전운전불이행,건조,맑음,단일로 - 기타,승용,여,79세,상해없음,승용,남,44세,경상
2019072200100458,2019년 7월 22일 16시,월요일,경상북도 영주시 풍기읍,중상사고,0,1,2,0,차대차 - 추돌,안전운전불이행,건조,맑음,단일로 - 기타,화물,남,47세,경상,화물,남,53세,중상
2019072200100459,2019년 7월 22일 16시,월요일,경상북도 청송군 청송읍,경상사고,0,0,1,0,차대차 - 측면충돌,교차로운행방법위반,건조,맑음,교차로 - 교차로안,화물,남,75세,상해없음,승용,남,82세,경상
2019072200100509,2019년 7월 22일 17시,월요일,경상북도 경주시 용강동,경상사고,0,0,1,0,차대차 - 측면충돌,안전운전불이행,건조,맑음,교차로 - 교차로안,승용,남,45세,상해없음,승합,여,63세,상해없음
2019072200100510,2019년 7월 22일 17시,월요일,경상북도 경주시 광명동,중상사고,0,1,0,0,차대차 - 측면충돌,안전운전불이행,건조,맑음,교차로 - 교차로안,이륜,여,66세,중상,승용,남,56세,상해없음
2019072200100511,2019년 7월 22일 17시,월요일,경상북도 안동시 옥동,중상사고,0,1,0,0,차대사람 - 횡단중,보행자보호의무위반,건조,맑음,교차로 - 교차로횡단보도내,승용,여,55세,상해없음,보행자,남,21세,중상
2019072200100512,2019년 7월 22일 17시,월요일,경상북도 구미시 고아읍,중상사고,0,1,0,0,차대사람 - 차도통행중,안전운전불이행,건조,맑음,단일로 - 기타,화물,남,47세,상해없음,보행자,여,78세,중상
2019072200100566,2019년 7월 22일 18시,월요일,경상북도 김천시 농소면,중상사고,0,1,1,0,차대차 - 기타,교차로운행방법위반,건조,맑음,교차로 - 교차로부근,승용,남,70세,상해없음,이륜,남,79세,중상
2019072200100567,2019년 7월 22일 18시,월요일,경상북도 경산시 압량면,경상사고,0,0,1,0,차대차 - 측면충돌,교차로운행방법위반,건조,맑음,교차로 - 교차로안,승용,남,30세,상해없음,이륜,남,60세,경상
2019072200100568,2019년 7월 22일 18시,월요일,경상북도 영덕군 영해면,경상사고,0,0,1,0,차대사람 - 기타,안전운전불이행,건조,맑음,단일로 - 기타,승용,남,19세,상해없음,보행자,남,44세,경상
2019072200100614,2019년 7월 22일 19시,월요일,경상북도 김천시 부곡동,경상사고,0,0,2,0,차대차 - 기타,차로위반,건조,맑음,교차로 - 교차로부근,승용,여,54세,상해없음,승용,남,35세,경상
2019072200100615,2019년 7월 22일 19시,월요일,경상북도 영천시 도동,사망사고,1,0,0,0,차대사람 - 횡단중,과속,건조,맑음,교차로 - 교차로안,승용,남,71세,상해없음,보행자,남,82세,사망
2019072200100616,2019년 7월 22일 19시,월요일,경상북도 성주군 성주읍,경상사고,0,0,4,0,차대차 - 추돌,안전운전불이행,건조,맑음,단일로 - 기타,승용,여,37세,경상,승용,여,46세,경상
2019072200100650,2019년 7월 22일 20시,월요일,경상북도 포항시 남구 송내동,중상사고,0,1,0,0,차량단독 - 기타,안전운전불이행,건조,맑음,단일로 - 기타,자전거,여,60세,중상,,,,
2019072200100681,2019년 7월 22일 21시,월요일,경상북도 경주시 충효동,경상사고,0,0,1,0,차대차 - 기타,안전운전불이행,건조,맑음,교차로 - 교차로안,승용,남,65세,상해없음,승용,남,34세,경상
2019072200100682,2019년 7월 22일 21시,월요일,경상북도 영천시 망정동,중상사고,0,1,2,0,차대차 - 추돌,안전운전불이행,건조,맑음,기타 - 기타,승합,남,57세,상해없음,승용,남,37세,경상
2019072200100733,2019년 7월 22일 23시,월요일,경상북도 경산시 압량면,경상사고,0,0,1,0,차대차 - 기타,안전운전불이행,건조,맑음,단일로 - 기타,기타불명,기타불명,미분류,기타불명,자전거,남,68세,경상
2019072300100030,2019년 7월 23일 00시,화요일,경상북도 구미시 공단동,경상사고,0,0,1,0,차대차 - 추돌,안전운전불이행,건조,맑음,교차로 - 교차로부근,승용,남,21세,상해없음,승용,남,24세,경상
2019072300100073,2019년 7월 23일 04시,화요일,경상북도 김천시 덕곡동,중상사고,0,1,0,0,차대차 - 측면충돌,신호위반,건조,맑음,교차로 - 교차로안,화물,남,50세,상해없음,이륜,여,68세,중상
2019072300100083,2019년 7월 23일 05시,화요일,경상북도 의성군 금성면,경상사고,0,0,1,0,차대차 - 측면충돌,안전운전불이행,건조,맑음,단일로 - 기타,승용,여,50세,상해없음,화물,남,59세,경상
2019072300100133,2019년 7월 23일 08시,화요일,경상북도 안동시 서후면,경상사고,0,0,1,0,차대차 - 추돌,안전거리미확보,건조,맑음,단일로 - 기타,승용,남,43세,상해없음,승용,여,55세,경상
2019072300100134,2019년 7월 23일 08시,화요일,경상북도 칠곡군 북삼읍,부상신고사고,0,0,0,1,차대차 - 추돌,안전거리미확보,건조,맑음,교차로 - 교차로안,화물,남,56세,부상신고,화물,남,45세,상해없음
2019072300100135,2019년 7월 23일 08시,화요일,경상북도 포항시 남구 청림동,경상사고,0,0,1,0,차대차 - 기타,신호위반,건조,맑음,교차로 - 교차로안,승용,남,64세,상해없음,이륜,남,39세,경상
2019072300100168,2019년 7월 23일 09시,화요일,경상북도 상주시 외서면,경상사고,0,0,1,0,차량단독 - 도로외이탈 - 추락,안전운전불이행,건조,맑음,단일로 - 기타,농기계,남,73세,경상,,,,
2019072300100169,2019년 7월 23일 09시,화요일,경상북도 의성군 점곡면,중상사고,0,2,0,0,차대차 - 정면충돌,중앙선침범,건조,맑음,단일로 - 기타,승용,여,64세,중상,화물,남,62세,중상
2019072300100170,2019년 7월 23일 09시,화요일,경상북도 구미시 옥계동,경상사고,0,0,1,0,차대차 - 기타,안전운전불이행,건조,맑음,교차로 - 교차로부근,승용,여,34세,상해없음,승용,여,37세,경상
2019072300100171,2019년 7월 23일 09시,화요일,경상북도 포항시 남구 연일읍,경상사고,0,0,2,0,차대차 - 정면충돌,직진우회전진행방해,건조,맑음,교차로 - 교차로안,승용,남,50세,경상,승용,여,54세,경상
2019072300100172,2019년 7월 23일 09시,화요일,경상북도 포항시 남구 대도동,중상사고,0,1,0,0,차대차 - 기타,안전운전불이행,건조,맑음,교차로 - 교차로안,승용,여,40세,상해없음,자전거,남,38세,중상
2019072300100203,2019년 7월 23일 10시,화요일,경상북도 경주시 안강읍,중상사고,0,2,1,0,차대차 - 측면충돌,안전운전불이행,건조,맑음,교차로 - 교차로안,승용,여,66세,경상,승용,남,22세,중상
2019072300100204,2019년 7월 23일 10시,화요일,경상북도 포항시 남구 연일읍,경상사고,0,0,1,1,차대차 - 기타,직진우회전진행방해,건조,맑음,교차로 - 교차로안,화물,여,48세,경상,화물,남,60세,부상신고
2019072300100270,2019년 7월 23일 12시,화요일,경상북도 영덕군 남정면,경상사고,0,0,2,0,차대차 - 측면충돌,안전운전불이행,건조,맑음,교차로 - 교차로부근,화물,남,57세,상해없음,승용,남,50세,경상
2019072300100271,2019년 7월 23일 12시,화요일,경상북도 청송군 진보면,경상사고,0,0,1,0,차대차 - 측면충돌,안전운전불이행,건조,맑음,단일로 - 기타,사륜오토바이(ATV),남,77세,경상,승용,남,66세,상해없음
2019072300100310,2019년 7월 23일 13시,화요일,경상북도 영주시 고현동,중상사고,0,1,0,0,차대차 - 추돌,안전운전불이행,건조,맑음,단일로 - 기타,화물,남,55세,상해없음,건설기계,남,42세,중상
2019072300100311,2019년 7월 23일 13시,화요일,경상북도 봉화군 상운면,중상사고,0,1,0,0,차대차 - 정면충돌,중앙선침범,건조,맑음,단일로 - 기타,이륜,남,26세,중상,건설기계,남,61세,상해없음
2019072300100351,2019년 7월 23일 14시,화요일,경상북도 경주시 석장동,경상사고,0,0,1,0,차대차 - 측면충돌,안전운전불이행,건조,맑음,주차장 - 주차장,화물,남,76세,상해없음,승용,남,62세,경상
2019072300100352,2019년 7월 23일 14시,화요일,경상북도 김천시 남면,경상사고,0,0,1,0,차대차 - 추돌,안전운전불이행,건조,맑음,단일로 - 기타,화물,남,80세,경상,화물,남,49세,상해없음
2019072300100353,2019년 7월 23일 14시,화요일,경상북도 성주군 성주읍,경상사고,0,0,1,0,차대차 - 정면충돌,안전운전불이행,건조,맑음,단일로 - 기타,승용,여,68세,상해없음,화물,남,29세,경상
2019072300100388,2019년 7월 23일 15시,화요일,경상북도 안동시 서후면,경상사고,0,0,2,0,차대차 - 측면충돌,안전운전불이행,건조,맑음,단일로 - 기타,승용,남,62세,상해없음,승용,여,63세,경상
2019072300100389,2019년 7월 23일 15시,화요일,경상북도 문경시 흥덕동,경상사고,0,0,1,0,차대차 - 측면충돌,차로위반,건조,맑음,단일로 - 기타,원동기,남,77세,경상,승용,여,73세,상해없음
2019072300100390,2019년 7월 23일 15시,화요일,경상북도 구미시 원평동,중상사고,0,1,0,0,차대차 - 추돌,안전거리미확보,건조,맑음,교차로 - 교차로부근,특수,남,59세,상해없음,승용,여,50세,중상
2019072300100427,2019년 7월 23일 16시,화요일,경상북도 경주시 석장동,중상사고,0,1,0,0,차대차 - 측면충돌,안전운전불이행,건조,맑음,단일로 - 기타,승용,여,41세,상해없음,이륜,남,43세,중상
2019072300100428,2019년 7월 23일 16시,화요일,경상북도 안동시 운안동,중상사고,0,1,0,0,차대사람 - 횡단중,안전운전불이행,건조,맑음,교차로 - 교차로안,승용,남,37세,상해없음,보행자,남,9세,중상
2019072300100429,2019년 7월 23일 16시,화요일,경상북도 의성군 봉양면,경상사고,0,0,3,0,차대차 - 측면충돌,중앙선침범,건조,맑음,단일로 - 기타,화물,남,63세,경상,승용,남,19세,경상
2019072300100430,2019년 7월 23일 16시,화요일,경상북도 의성군 단촌면,중상사고,0,1,0,0,차대차 - 측면충돌,직진우회전진행방해,건조,맑음,교차로 - 교차로안,승용,남,76세,상해없음,이륜,남,68세,중상
2019072300100431,2019년 7월 23일 16시,화요일,경상북도 영주시 휴천동,경상사고,0,0,2,0,차대차 - 정면충돌,안전운전불이행,건조,맑음,교차로 - 교차로안,승용,여,53세,상해없음,승용,여,43세,경상
2019072300100432,2019년 7월 23일 16시,화요일,경상북도 문경시 점촌동,경상사고,0,0,1,0,차대사람 - 횡단중,보행자보호의무위반,건조,맑음,교차로 - 교차로부근,승용,여,76세,상해없음,보행자,남,59세,경상
2019072300100534,2019년 7월 23일 18시,화요일,경상북도 안동시 송현동,경상사고,0,0,2,0,차대차 - 측면충돌,안전운전불이행,건조,맑음,단일로 - 기타,승용,여,52세,상해없음,승용,남,47세,경상
2019072300100535,2019년 7월 23일 18시,화요일,경상북도 문경시 모전동,경상사고,0,0,5,0,차대차 - 측면충돌,안전거리미확보,건조,맑음,교차로 - 교차로부근,승용,남,19세,경상,승합,남,46세,경상
2019072300100562,2019년 7월 23일 19시,화요일,경상북도 경산시 중방동,중상사고,0,1,0,0,차대차 - 측면충돌,교차로운행방법위반,건조,맑음,교차로 - 교차로안,승용,여,40세,상해없음,이륜,남,56세,중상
2019072300100604,2019년 7월 23일 20시,화요일,경상북도 안동시 용상동,중상사고,0,1,0,0,차대차 - 측면충돌,안전운전불이행,건조,맑음,교차로 - 교차로부근,승용,여,75세,상해없음,이륜,남,39세,중상
2019072300100605,2019년 7월 23일 20시,화요일,경상북도 안동시 옥동,경상사고,0,0,1,0,차대사람 - 횡단중,신호위반,건조,맑음,교차로 - 교차로부근,승용,남,24세,상해없음,보행자,여,38세,경상
2019072300100606,2019년 7월 23일 20시,화요일,경상북도 상주시 무양동,경상사고,0,0,1,0,차대차 - 추돌,안전운전불이행,건조,맑음,교차로 - 교차로부근,승용,남,50세,상해없음,승용,남,48세,경상
2019072300100636,2019년 7월 23일 21시,화요일,경상북도 포항시 북구 송라면,경상사고,0,0,1,0,차대차 - 측면충돌,안전운전불이행,건조,맑음,단일로 - 기타,화물,남,48세,상해없음,승용,남,31세,경상
2019072300100637,2019년 7월 23일 21시,화요일,경상북도 영주시 가흥동,중상사고,0,1,0,0,차대차 - 측면충돌,안전운전불이행,건조,맑음,교차로 - 교차로부근,승용,여,34세,상해없음,이륜,남,53세,중상
2019072300100638,2019년 7월 23일 21시,화요일,경상북도 영천시 망정동,경상사고,0,0,1,0,차대차 - 추돌,안전운전불이행,건조,맑음,교차로 - 교차로부근,승용,남,52세,상해없음,승용,여,28세,경상
2019072300100639,2019년 7월 23일 21시,화요일,경상북도 예천군 예천읍,경상사고,0,0,2,0,차대차 - 추돌,안전운전불이행,건조,맑음,단일로 - 기타,승용,남,50세,경상,승합,여,59세,경상
2019072300100672,2019년 7월 23일 23시,화요일,경상북도 포항시 남구 송도동,경상사고,0,0,2,4,차대차 - 기타,안전거리미확보,건조,맑음,교차로 - 교차로부근,승용,여,52세,경상,승용,남,19세,부상신고
2019072400100046,2019년 7월 24일 01시,수요일,경상북도 경산시 압량면,경상사고,0,0,1,0,차대차 - 측면충돌,안전운전불이행,건조,맑음,교차로 - 교차로안,승용,남,51세,상해없음,승용,남,50세,경상
2019072400100072,2019년 7월 24일 05시,수요일,경상북도 경주시 북군동,중상사고,0,2,0,0,차대차 - 추돌,안전운전불이행,건조,맑음,교차로 - 교차로부근,승용,남,35세,상해없음,승용,남,65세,중상
2019072400100080,2019년 7월 24일 06시,수요일,경상북도 안동시 이천동,경상사고,0,0,1,0,차대차 - 추돌,안전운전불이행,건조,맑음,단일로 - 기타,승용,남,46세,경상,화물,남,50세,상해없음
2019072400100081,2019년 7월 24일 06시,수요일,경상북도 포항시 남구 대도동,경상사고,0,0,1,0,차대차 - 기타,중앙선침범,건조,맑음,단일로 - 기타,승용,남,63세,상해없음,이륜,남,23세,경상
2019072400100096,2019년 7월 24일 07시,수요일,경상북도 경주시 현곡면,중상사고,0,1,0,0,차량단독 - 공작물충돌,안전운전불이행,건조,맑음,단일로 - 기타,화물,남,64세,중상,,,,
2019072400100128,2019년 7월 24일 08시,수요일,경상북도 포항시 북구 흥해읍,중상사고,0,1,0,0,차대차 - 정면충돌,중앙선침범,건조,맑음,단일로 - 기타,화물,여,50세,상해없음,승용,여,60세,중상
2019072400100129,2019년 7월 24일 08시,수요일,경상북도 상주시 청리면,사망사고,1,0,0,0,차량단독 - 전도전복 - 전도,안전운전불이행,건조,맑음,단일로 - 기타,농기계,남,83세,사망,,,,