사고번호,사고일시,요일,시군구,사고내용,사망자수,중상자수,경상자수,부상신고자수,사고유형,법규위반,노면상태,기상상태,도로형태,가해운전자 차종,가해운전자 성별,가해운전자 연령,가해운전자 상해정도,피해운전자 차종,피해운전자 성별,피해운전자 연령,피해운전자 상해정도
2019073000100537,2019년 7월 30일 18시,화요일,경상북도 구미시 선기동,경상사고,0,0,2,0,차대차 - 기타,안전운전불이행,건조,맑음,단일로 - 기타,승용,남,55세,상해없음,승용,여,42세,경상
2019073000100538,2019년 7월 30일 18시,화요일,경상북도 포항시 남구 인덕동,중상사고,0,1,0,0,차대차 - 기타,신호위반,건조,맑음,교차로 - 교차로횡단보도내,승용,여,30세,상해없음,자전거,남,54세,중상
2019073000100539,2019년 7월 30일 18시,화요일,경상북도 포항시 남구 상도동,경상사고,0,0,1,0,차대차 - 측면충돌,직진우회전진행방해,건조,맑음,교차로 - 교차로안,승용,여,55세,상해없음,자전거,여,61세,경상
2019073000100597,2019년 7월 30일 20시,화요일,경상북도 칠곡군 지천면,부상신고사고,0,0,0,1,차량단독 - 기타,안전운전불이행,건조,맑음,단일로 - 기타,승용,남,19세,부상신고,,,,
2019073000100598,2019년 7월 30일 20시,화요일,경상북도 영덕군 강구면,경상사고,0,0,1,0,차대사람 - 길가장자리구역통행중,안전운전불이행,건조,맑음,단일로 - 기타,승합,남,70세,상해없음,보행자,남,73세,경상
2019073000100631,2019년 7월 30일 21시,화요일,경상북도 상주시 만산동,경상사고,0,0,1,0,차량단독 - 전도전복 - 전도,안전운전불이행,건조,맑음,단일로 - 기타,자전거,여,55세,경상,,,,
2019073000100632,2019년 7월 30일 21시,화요일,경상북도 경산시 압량면,경상사고,0,0,1,0,차대사람 - 차도통행중,안전운전불이행,건조,맑음,단일로 - 기타,승용,남,38세,상해없음,보행자,남,40세,경상
2019073000100674,2019년 7월 30일 23시,화요일,경상북도 구미시 옥성면,중상사고,0,1,0,0,차량단독 - 기타,안전운전불이행,건조,맑음,단일로 - 기타,이륜,남,57세,중상,,,,
2019073100100079,2019년 7월 31일 06시,수요일,경상북도 청도군 풍각면,경상사고,0,0,1,0,차량단독 - 전도전복 - 전도,안전운전불이행,건조,맑음,단일로 - 지하차도(도로)내,이륜,여,63세,경상,,,,
2019073100100103,2019년 7월 31일 07시,수요일,경상북도 영주시 문수면,경상사고,0,0,1,0,차대차 - 기타,안전운전불이행,건조,맑음,교차로 - 교차로안,이륜,남,80세,경상,화물,남,86세,상해없음
2019073100100104,2019년 7월 31일 07시,수요일,경상북도 포항시 남구 상도동,경상사고,0,0,1,1,차대차 - 측면충돌,직진우회전진행방해,건조,맑음,교차로 - 교차로안,승용,남,69세,부상신고,이륜,남,59세,경상
2019073100100130,2019년 7월 31일 08시,수요일,경상북도 경주시 성건동,중상사고,0,1,0,0,차대사람 - 기타,안전운전불이행,건조,맑음,교차로 - 교차로부근,승용,남,61세,상해없음,보행자,남,30세,중상
2019073100100131,2019년 7월 31일 08시,수요일,경상북도 경산시 와촌면,중상사고,0,1,1,0,차대차 - 측면충돌,안전운전불이행,건조,맑음,단일로 - 기타,승용,남,56세,상해없음,승용,남,58세,중상
2019073100100163,2019년 7월 31일 09시,수요일,경상북도 경주시 황오동,중상사고,0,1,0,0,차대사람 - 횡단중,보행자보호의무위반,건조,맑음,교차로 - 교차로횡단보도내,승용,남,36세,상해없음,보행자,여,78세,중상
2019073100100164,2019년 7월 31일 09시,수요일,경상북도 경주시 성건동,경상사고,0,0,1,0,차대차 - 측면충돌,안전운전불이행,건조,맑음,교차로 - 교차로안,승용,남,80세,상해없음,승용,남,35세,경상
2019073100100165,2019년 7월 31일 09시,수요일,경상북도 포항시 북구 대신동,중상사고,0,1,0,0,차대차 - 측면충돌,직진우회전진행방해,건조,맑음,단일로 - 기타,승용,남,69세,상해없음,이륜,남,77세,중상
2019073100100166,2019년 7월 31일 09시,수요일,경상북도 구미시 선기동,경상사고,0,0,1,0,차대차 - 추돌,안전운전불이행,건조,맑음,교차로 - 교차로부근,승용,여,51세,상해없음,승용,여,60세,경상
2019073100100197,2019년 7월 31일 10시,수요일,경상북도 경주시 동천동,경상사고,0,0,2,0,차대차 - 측면충돌,안전운전불이행,건조,맑음,단일로 - 지하차도(도로)내,승용,남,29세,상해없음,승용,남,35세,경상
2019073100100198,2019년 7월 31일 10시,수요일,경상북도 성주군 성주읍,중상사고,0,1,0,0,차대차 - 측면충돌,안전운전불이행,건조,맑음,교차로 - 교차로안,승용,남,65세,상해없음,자전거,남,90세 이상,중상
2019073100100199,2019년 7월 31일 10시,수요일,경상북도 구미시 옥계동,경상사고,0,0,1,0,차대사람 - 기타,안전운전불이행,건조,맑음,주차장 - 주차장,승용,여,44세,상해없음,보행자,남,44세,경상
2019073100100239,2019년 7월 31일 11시,수요일,경상북도 경주시 황성동,경상사고,0,0,2,0,차대차 - 측면충돌,안전운전불이행,건조,맑음,교차로 - 교차로안,승용,남,50세,경상,승용,남,53세,경상
2019073100100240,2019년 7월 31일 11시,수요일,경상북도 안동시 서후면,중상사고,0,1,1,0,차대차 - 정면충돌,중앙선침범,건조,맑음,단일로 - 기타,승용,남,49세,중상,승용,남,57세,경상
2019073100100241,2019년 7월 31일 11시,수요일,경상북도 영천시 신령면,경상사고,0,0,2,0,차대차 - 측면충돌,안전운전불이행,건조,맑음,교차로 - 교차로안,승합,남,52세,상해없음,승용,남,56세,경상
2019073100100281,2019년 7월 31일 12시,수요일,경상북도 경산시 삼북동,경상사고,0,0,1,0,차대차 - 후진중충돌,안전운전불이행,건조,맑음,단일로 - 기타,승용,남,28세,상해없음,이륜,남,34세,경상
2019073100100282,2019년 7월 31일 12시,수요일,경상북도 봉화군 춘양면,중상사고,0,1,3,0,차대차 - 측면충돌,신호위반,건조,맑음,교차로 - 교차로안,승용,남,82세,경상,승용,여,75세,중상
2019073100100283,2019년 7월 31일 12시,수요일,경상북도 청도군 청도읍,경상사고,0,0,1,0,차대차 - 측면충돌,교차로운행방법위반,건조,맑음,교차로 - 교차로안,승용,남,71세,상해없음,이륜,남,17세,경상
2019073100100340,2019년 7월 31일 14시,수요일,경상북도 경주시 동부동,부상신고사고,0,0,0,1,차대차 - 측면충돌,안전운전불이행,건조,맑음,교차로 - 교차로안,이륜,남,73세,부상신고,승용,남,39세,상해없음
2019073100100341,2019년 7월 31일 14시,수요일,경상북도 영주시 휴천동,부상신고사고,0,0,0,1,차대차 - 추돌,안전운전불이행,건조,맑음,교차로 - 교차로안,이륜,남,74세,부상신고,승용,남,32세,상해없음
2019073100100342,2019년 7월 31일 14시,수요일,경상북도 성주군 수륜면,경상사고,0,0,1,0,차대사람 - 기타,안전운전불이행,건조,맑음,단일로 - 기타,기타불명,기타불명,미분류,기타불명,보행자,여,56세,경상
2019073100100371,2019년 7월 31일 15시,수요일,경상북도 상주시 냉림동,경상사고,0,0,1,0,차대차 - 추돌,안전운전불이행,건조,맑음,교차로 - 교차로안,승용,여,46세,상해없음,이륜,남,25세,경상
2019073100100372,2019년 7월 31일 15시,수요일,경상북도 상주시 외서면,중상사고,0,1,0,0,차대차 - 추돌,안전운전불이행,건조,맑음,단일로 - 기타,화물,남,29세,상해없음,건설기계,남,46세,중상
2019073100100373,2019년 7월 31일 15시,수요일,경상북도 영천시 금호읍,경상사고,0,0,3,0,차대차 - 추돌,안전운전불이행,건조,맑음,교차로 - 교차로부근,승용,남,50세,경상,특수,남,48세,경상
2019073100100374,2019년 7월 31일 15시,수요일,경상북도 예천군 호명면,중상사고,0,1,0,0,차대차 - 추돌,안전운전불이행,건조,맑음,단일로 - 기타,승용,여,50세,상해없음,이륜,남,30세,중상
2019073100100410,2019년 7월 31일 16시,수요일,경상북도 울진군 북면,중상사고,0,1,0,0,차대차 - 기타,안전운전불이행,건조,맑음,기타 - 기타,승용,남,54세,상해없음,자전거,여,58세,중상
2019073100100451,2019년 7월 31일 17시,수요일,경상북도 포항시 북구 신광면,중상사고,0,1,0,0,차대차 - 기타,중앙선침범,건조,맑음,단일로 - 기타,승용,남,47세,상해없음,화물,남,50세,중상
2019073100100452,2019년 7월 31일 17시,수요일,경상북도 포항시 북구 죽도동,경상사고,0,0,1,0,차대차 - 측면충돌,안전운전불이행,건조,맑음,교차로 - 교차로부근,승용,남,45세,상해없음,자전거,남,24세,경상
2019073100100453,2019년 7월 31일 17시,수요일,경상북도 의성군 의성읍,중상사고,0,1,0,0,차량단독 - 공작물충돌,안전운전불이행,건조,맑음,단일로 - 기타,화물,남,62세,상해없음,,,,
2019073100100496,2019년 7월 31일 18시,수요일,경상북도 포항시 북구 용흥동,경상사고,0,0,1,0,차대차 - 측면충돌,차로위반,건조,맑음,교차로 - 교차로부근,이륜,남,57세,경상,승용,여,47세,상해없음
2019073100100497,2019년 7월 31일 18시,수요일,경상북도 경산시 여천동,사망사고,1,0,1,0,차대차 - 측면충돌,신호위반,건조,맑음,교차로 - 교차로안,원동기,남,81세,사망,승용,남,45세,경상
2019073100100498,2019년 7월 31일 18시,수요일,경상북도 성주군 성주읍,경상사고,0,0,2,0,차대차 - 기타,안전운전불이행,건조,맑음,교차로 - 교차로안,승용,여,59세,경상,승용,남,48세,경상
2019073100100499,2019년 7월 31일 18시,수요일,경상북도 구미시 원평동,부상신고사고,0,0,0,1,차대차 - 기타,중앙선침범,건조,맑음,교차로 - 교차로부근,자전거,남,55세,부상신고,승용,여,35세,상해없음
2019073100100500,2019년 7월 31일 18시,수요일,경상북도 포항시 남구 해도동,경상사고,0,0,4,1,차대차 - 측면충돌,직진우회전진행방해,건조,맑음,교차로 - 교차로안,승용,남,63세,부상신고,승용,남,40세,경상
2019073100100542,2019년 7월 31일 19시,수요일,경상북도 경주시 서부동,중상사고,0,1,0,0,차대차 - 측면충돌,안전운전불이행,건조,맑음,교차로 - 교차로안,화물,남,77세,상해없음,이륜,남,36세,중상
2019073100100543,2019년 7월 31일 19시,수요일,경상북도 영천시 고경면,중상사고,0,1,0,0,차대차 - 기타,신호위반,건조,맑음,교차로 - 교차로안,이륜,남,38세,중상,승용,남,58세,상해없음
2019073100100574,2019년 7월 31일 20시,수요일,경상북도 포항시 북구 우현동,중상사고,0,1,0,0,차대사람 - 횡단중,보행자보호의무위반,건조,맑음,교차로 - 교차로횡단보도내,승용,남,47세,상해없음,보행자,여,54세,중상
2019073100100575,2019년 7월 31일 20시,수요일,경상북도 경산시 옥곡동,경상사고,0,0,1,0,차대차 - 추돌,안전운전불이행,건조,맑음,단일로 - 기타,승용,남,36세,상해없음,이륜,남,24세,경상
2019073100100615,2019년 7월 31일 21시,수요일,경상북도 경주시 사정동,경상사고,0,0,1,0,차대차 - 측면충돌,안전운전불이행,건조,맑음,교차로 - 교차로횡단보도내,승용,여,44세,상해없음,자전거,남,31세,경상
2019073100100616,2019년 7월 31일 21시,수요일,경상북도 봉화군 법전면,경상사고,0,0,2,0,차대차 - 측면충돌,안전운전불이행,건조,맑음,단일로 - 기타,승용,남,38세,상해없음,화물,남,67세,경상
2019080100100085,2019년 8월 1일 05시,목요일,경상북도 안동시 와룡면,중상사고,0,1,0,0,차대차 - 추돌,안전거리미확보,건조,맑음,단일로 - 기타,승용,남,74세,상해없음,농기계,남,78세,중상
2019080100100086,2019년 8월 1일 05시,목요일,경상북도 김천시 평화동,경상사고,0,0,1,0,차대사람 - 횡단중,보행자보호의무위반,건조,맑음,교차로 - 교차로횡단보도내,승용,남,49세,상해없음,보행자,여,71세,경상
2019080100100097,2019년 8월 1일 06시,목요일,경상북도 경산시 와촌면,중상사고,0,1,1,0,차대차 - 측면충돌,신호위반,건조,맑음,교차로 - 교차로안,승용,남,60세,경상,승용,여,44세,중상
2019080100100116,2019년 8월 1일 07시,목요일,경상북도 경주시 황성동,중상사고,0,1,0,0,차대차 - 측면충돌,신호위반,건조,맑음,교차로 - 교차로부근,승용,남,66세,상해없음,승합,남,51세,중상
2019080100100117,2019년 8월 1일 07시,목요일,경상북도 구미시 공단동,중상사고,0,1,0,0,차대차 - 측면충돌,안전운전불이행,건조,맑음,교차로 - 교차로안,승용,여,44세,상해없음,승용,남,25세,중상
2019080100100148,2019년 8월 1일 08시,목요일,경상북도 포항시 남구 오천읍,중상사고,0,3,4,3,차대차 - 측면충돌,신호위반,건조,맑음,교차로 - 교차로안,승용,여,36세,중상,승합,여,50세,중상
2019080100100173,2019년 8월 1일 09시,목요일,경상북도 경주시 인왕동,중상사고,0,1,4,0,차대차 - 추돌,안전운전불이행,건조,맑음,단일로 - 기타,승용,남,27세,상해없음,승용,남,44세,상해없음
2019080100100174,2019년 8월 1일 09시,목요일,경상북도 포항시 북구 기계면,중상사고,0,3,1,0,차대차 - 기타,중앙선침범,건조,맑음,단일로 - 기타,승용,남,34세,상해없음,화물,남,53세,중상
2019080100100175,2019년 8월 1일 09시,목요일,경상북도 안동시 태화동,중상사고,0,1,0,0,차대차 - 정면충돌,신호위반,건조,맑음,교차로 - 교차로안,승용,여,38세,상해없음,이륜,남,61세,중상
2019080100100176,2019년 8월 1일 09시,목요일,경상북도 칠곡군 석적읍,중상사고,0,1,2,0,차대차 - 측면충돌,안전운전불이행,건조,맑음,교차로 - 교차로안,승용,여,33세,경상,승용,남,32세,중상
2019080100100177,2019년 8월 1일 09시,목요일,경상북도 구미시 도량동,중상사고,0,2,1,0,차대차 - 측면충돌,직진우회전진행방해,건조,맑음,교차로 - 교차로안,승용,여,52세,상해없음,승용,남,28세,중상
2019080100100212,2019년 8월 1일 10시,목요일,경상북도 안동시 도산면,부상신고사고,0,0,0,1,차대차 - 기타,안전운전불이행,건조,맑음,교차로 - 교차로안,이륜,남,52세,부상신고,화물,남,67세,상해없음
2019080100100213,2019년 8월 1일 10시,목요일,경상북도 안동시 옥동,경상사고,0,0,2,0,차대차 - 기타,직진우회전진행방해,건조,맑음,교차로 - 교차로안,승용,여,48세,경상,승용,여,49세,경상
2019080100100214,2019년 8월 1일 10시,목요일,경상북도 경산시 사동,경상사고,0,0,2,0,차대차 - 측면충돌,안전운전불이행,건조,맑음,단일로 - 기타,승용,여,64세,기타불명,승용,여,33세,상해없음
2019080100100250,2019년 8월 1일 11시,목요일,경상북도 안동시 상아동,중상사고,0,1,1,0,차량단독 - 기타,안전운전불이행,건조,맑음,단일로 - 기타,승용,남,80세,경상,,,,
2019080100100251,2019년 8월 1일 11시,목요일,경상북도 예천군 지보면,경상사고,0,0,1,0,차대사람 - 기타,안전운전불이행,건조,맑음,단일로 - 기타,승용,남,46세,상해없음,보행자,남,54세,경상
2019080100100286,2019년 8월 1일 12시,목요일,경상북도 문경시 가은읍,중상사고,0,1,1,0,차대차 - 기타,안전운전불이행,건조,맑음,단일로 - 기타,화물,남,58세,경상,승용,여,51세,중상
2019080100100287,2019년 8월 1일 12시,목요일,경상북도 경산시 대동,경상사고,0,0,1,0,차대사람 - 기타,안전운전불이행,건조,맑음,단일로 - 기타,승용,여,45세,기타불명,보행자,여,21세,경상
2019080100100288,2019년 8월 1일 12시,목요일,경상북도 구미시 원평동,경상사고,0,0,3,0,차대차 - 기타,교차로운행방법위반,건조,맑음,교차로 - 교차로안,승용,남,57세,상해없음,승용,남,53세,경상
2019080100100329,2019년 8월 1일 13시,목요일,경상북도 포항시 북구 중앙동,경상사고,0,0,3,0,차대차 - 기타,안전운전불이행,건조,맑음,단일로 - 기타,화물,남,53세,경상,승용,여,60세,경상
2019080100100330,2019년 8월 1일 13시,목요일,경상북도 구미시 황상동,경상사고,0,0,1,0,차대차 - 기타,교차로운행방법위반,건조,맑음,교차로 - 교차로안,승용,남,71세,상해없음,승용,여,63세,경상
2019080100100331,2019년 8월 1일 13시,목요일,경상북도 포항시 남구 대도동,경상사고,0,0,1,0,차대차 - 기타,안전운전불이행,건조,맑음,교차로 - 교차로횡단보도내,기타불명,기타불명,미분류,기타불명,자전거,남,9세,경상
2019080100100366,2019년 8월 1일 14시,목요일,경상북도 경산시 옥산동,중상사고,0,1,0,0,차대차 - 측면충돌,직진우회전진행방해,건조,맑음,교차로 - 교차로안,승용,남,50세,상해없음,이륜,남,23세,중상
2019080100100367,2019년 8월 1일 14시,목요일,경상북도 포항시 남구 연일읍,경상사고,0,0,1,0,차량단독 - 기타,안전운전불이행,건조,맑음,단일로 - 기타,승용,여,53세,경상,,,,
2019080100100396,2019년 8월 1일 15시,목요일,경상북도 김천시 지례면,경상사고,0,0,1,0,차대차 - 측면충돌,안전운전불이행,건조,맑음,교차로 - 교차로안,화물,남,56세,상해없음,승합,남,61세,상해없음
2019080100100397,2019년 8월 1일 15시,목요일,경상북도 경산시 사동,경상사고,0,0,1,0,차대사람 - 횡단중,신호위반,건조,맑음,교차로 - 교차로횡단보도내,승합,남,45세,상해없음,보행자,여,72세,경상
2019080100100398,2019년 8월 1일 15시,목요일,경상북도 포항시 남구 청림동,경상사고,0,0,1,0,차대차 - 기타,안전운전불이행,건조,맑음,교차로 - 교차로부근,승용,여,56세,상해없음,승합,남,59세,상해없음
2019080100100448,2019년 8월 1일 16시,목요일,경상북도 경주시 외동읍,경상사고,0,0,1,0,차대차 - 측면충돌,안전운전불이행,건조,맑음,주차장 - 주차장,승합,남,52세,상해없음,승용,남,31세,경상
2019080100100449,2019년 8월 1일 16시,목요일,경상북도 포항시 북구 남빈동,경상사고,0,0,1,0,차대차 - 기타,신호위반,건조,맑음,교차로 - 교차로안,승용,여,71세,상해없음,이륜,남,21세,경상
2019080100100450,2019년 8월 1일 16시,목요일,경상북도 안동시 와룡면,중상사고,0,1,0,0,차대차 - 정면충돌,안전운전불이행,건조,맑음,단일로 - 기타,승용,여,72세,상해없음,이륜,여,56세,중상
2019080100100451,2019년 8월 1일 16시,목요일,경상북도 김천시 지례면,중상사고,0,1,0,0,차대사람 - 길가장자리구역통행중,안전운전불이행,건조,맑음,주차장 - 주차장,화물,남,52세,상해없음,보행자,여,6세,중상
2019080100100452,2019년 8월 1일 16시,목요일,경상북도 의성군 다인면,중상사고,0,1,0,0,차대차 - 측면충돌,안전운전불이행,건조,맑음,단일로 - 기타,승용,여,52세,상해없음,농기계,남,85세,중상
2019080100100475,2019년 8월 1일 17시,목요일,경상북도 포항시 북구 죽도동,경상사고,0,0,1,0,차대차 - 기타,안전운전불이행,건조,맑음,교차로 - 교차로부근,승용,남,59세,상해없음,승용,여,58세,상해없음
2019080100100476,2019년 8월 1일 17시,목요일,경상북도 문경시 흥덕동,경상사고,0,0,1,0,차대차 - 추돌,안전운전불이행,건조,맑음,교차로 - 교차로부근,원동기,남,76세,경상,화물,남,55세,상해없음
2019080100100477,2019년 8월 1일 17시,목요일,경상북도 구미시 구평동,경상사고,0,0,3,0,차대차 - 측면충돌,교차로운행방법위반,건조,맑음,교차로 - 교차로안,승용,여,49세,상해없음,승용,여,33세,경상
2019080100100527,2019년 8월 1일 18시,목요일,경상북도 영주시 가흥동,중상사고,0,1,0,0,차대차 - 측면충돌,신호위반,건조,맑음,교차로 - 교차로안,승용,여,58세,중상,승합,남,47세,상해없음
2019080100100528,2019년 8월 1일 18시,목요일,경상북도 영주시 휴천동,경상사고,0,0,2,0,차대차 - 측면충돌,안전운전불이행,건조,맑음,교차로 - 교차로안,승용,여,55세,경상,승용,여,33세,경상
2019080100100529,2019년 8월 1일 18시,목요일,경상북도 문경시 점촌동,중상사고,0,1,0,0,차대차 - 추돌,안전운전불이행,건조,맑음,단일로 - 기타,승용,남,59세,상해없음,화물,남,37세,중상
2019080100100530,2019년 8월 1일 18시,목요일,경상북도 포항시 남구 상도동,경상사고,0,0,1,0,차대사람 - 기타,안전운전불이행,건조,맑음,단일로 - 기타,자전거,남,13세,상해없음,보행자,여,66세,경상
2019080100100531,2019년 8월 1일 18시,목요일,경상북도 포항시 남구 호미곶면,경상사고,0,0,1,0,차대차 - 측면충돌,직진우회전진행방해,건조,맑음,교차로 - 교차로안,승용,남,19세,상해없음,승용,남,29세,경상
2019080100100565,2019년 8월 1일 19시,목요일,경상북도 경주시 노동동,경상사고,0,0,1,0,차대사람 - 횡단중,안전운전불이행,건조,맑음,교차로 - 교차로부근,승용,남,24세,상해없음,보행자,남,42세,경상
2019080100100566,2019년 8월 1일 19시,목요일,경상북도 고령군 성산면,경상사고,0,0,1,0,차대차 - 측면충돌,안전운전불이행,건조,맑음,단일로 - 기타,기타불명,기타불명,미분류,기타불명,이륜,남,76세,경상
2019080100100602,2019년 8월 1일 20시,목요일,경상북도 경산시 사동,경상사고,0,0,1,0,차대차 - 측면충돌,교차로운행방법위반,건조,맑음,교차로 - 교차로부근,승용,남,58세,상해없음,승용,남,27세,경상
2019080100100603,2019년 8월 1일 20시,목요일,경상북도 포항시 남구 연일읍,경상사고,0,0,2,0,차대차 - 측면충돌,직진우회전진행방해,건조,맑음,교차로 - 교차로안,승용,남,56세,경상,승용,남,37세,경상
2019080100100604,2019년 8월 1일 20시,목요일,경상북도 포항시 남구 상도동,중상사고,0,1,0,0,차대차 - 기타,안전운전불이행,건조,맑음,단일로 - 기타,승용,남,28세,상해없음,이륜,남,29세,중상
2019080100100636,2019년 8월 1일 21시,목요일,경상북도 안동시 용상동,경상사고,0,0,1,0,차대차 - 기타,안전운전불이행,건조,맑음,단일로 - 기타,승용,남,42세,상해없음,승용,남,48세,상해없음
2019080100100637,2019년 8월 1일 21시,목요일,경상북도 봉화군 봉화읍,경상사고,0,0,1,0,차대사람 - 차도통행중,안전운전불이행,건조,맑음,단일로 - 기타,이륜,남,56세,상해없음,보행자,남,46세,경상
2019080100100675,2019년 8월 1일 23시,목요일,경상북도 구미시 진평동,경상사고,0,0,1,0,차대차 - 기타,신호위반,건조,맑음,교차로 - 교차로안,이륜,남,23세,상해없음,승용,남,63세,경상
2019080200100051,2019년 8월 2일 01시,금요일,경상북도 경주시 외동읍,중상사고,0,1,0,0,차대사람 - 횡단중,안전운전불이행,건조,맑음,단일로 - 기타,승용,남,42세,상해없음,보행자,여,73세,중상
2019080200100122,2019년 8월 2일 08시,금요일,경상북도 봉화군 재산면,중상사고,0,1,0,0,차대차 - 추돌,안전운전불이행,건조,맑음,단일로 - 기타,화물,남,75세,상해없음,이륜,여,65세,중상
2019080200100123,2019년 8월 2일 08시,금요일,경상북도 구미시 공단동,경상사고,0,0,1,0,차대차 - 측면충돌,신호위반,건조,맑음,단일로 - 기타,승용,여,46세,상해없음,승용,여,59세,경상
2019080200100147,2019년 8월 2일 09시,금요일,경상북도 영천시 금호읍,경상사고,0,0,3,0,차대차 - 추돌,안전거리미확보,건조,맑음,단일로 - 기타,승용,남,78세,상해없음,승용,여,57세,경상
2019080200100148,2019년 8월 2일 09시,금요일,경상북도 군위군 효령면,경상사고,0,0,2,0,차대차 - 측면충돌,안전운전불이행,건조,맑음,단일로 - 기타,승용,여,52세,상해없음,화물,남,76세,경상
2019080200100179,2019년 8월 2일 10시,금요일,경상북도 상주시 남성동,경상사고,0,0,1,0,차대차 - 측면충돌,안전운전불이행,건조,맑음,교차로 - 교차로안,이륜,여,60세,경상,화물,남,31세,상해없음
2019080200100180,2019년 8월 2일 10시,금요일,경상북도 영덕군 병곡면,중상사고,0,1,2,0,차대차 - 추돌,안전운전불이행,건조,맑음,단일로 - 기타,승용,여,35세,상해없음,승용,남,23세,경상
2019080200100224,2019년 8월 2일 11시,금요일,경상북도 김천시 지례면,경상사고,0,0,4,0,차대차 - 측면충돌,안전운전불이행,건조,맑음,교차로 - 교차로부근,화물,여,51세,상해없음,승용,남,40세,경상
2019080200100225,2019년 8월 2일 11시,금요일,경상북도 상주시 함창읍,중상사고,0,1,0,0,차대차 - 측면충돌,교차로운행방법위반,건조,맑음,교차로 - 교차로안,이륜,여,71세,중상,화물,남,65세,상해없음
2019080200100226,2019년 8월 2일 11시,금요일,경상북도 영천시 서산동,경상사고,0,0,1,0,차대차 - 측면충돌,중앙선침범,건조,맑음,교차로 - 교차로부근,건설기계,남,48세,상해없음,화물,여,49세,경상
2019080200100227,2019년 8월 2일 11시,금요일,경상북도 구미시 원평동,경상사고,0,0,1,0,차대사람 - 기타,보행자보호의무위반,건조,맑음,교차로 - 교차로안,승용,여,56세,상해없음,보행자,남,57세,경상
2019080200100228,2019년 8월 2일 11시,금요일,경상북도 구미시 황상동,경상사고,0,0,1,0,차대차 - 추돌,안전운전불이행,건조,맑음,단일로 - 기타,승용,남,24세,상해없음,승용,여,31세,경상
2019080200100257,2019년 8월 2일 12시,금요일,경상북도 경주시 성건동,중상사고,0,1,0,0,차대사람 - 횡단중,안전운전불이행,건조,맑음,단일로 - 기타,승용,여,59세,상해없음,보행자,여,81세,중상
2019080200100258,2019년 8월 2일 12시,금요일,경상북도 경주시 동천동,중상사고,0,1,0,0,차대사람 - 차도통행중,안전운전불이행,건조,맑음,단일로 - 지하차도(도로)내,승용,남,31세,상해없음,보행자,여,73세,중상
2019080200100259,2019년 8월 2일 12시,금요일,경상북도 경주시 진현동,경상사고,0,0,1,0,차대차 - 측면충돌,신호위반,건조,맑음,교차로 - 교차로안,승용,남,71세,상해없음,승용,남,35세,상해없음
2019080200100260,2019년 8월 2일 12시,금요일,경상북도 칠곡군 북삼읍,부상신고사고,0,0,0,1,차대차 - 측면충돌,신호위반,건조,맑음,교차로 - 교차로횡단보도내,화물,남,58세,상해없음,자전거,남,13세,부상신고
2019080200100298,2019년 8월 2일 13시,금요일,경상북도 상주시 남성동,중상사고,0,1,0,0,차대차 - 측면충돌,안전운전불이행,건조,맑음,단일로 - 기타,이륜,남,52세,상해없음,자전거,여,69세,중상
2019080200100299,2019년 8월 2일 13시,금요일,경상북도 칠곡군 가산면,경상사고,0,0,2,0,차대차 - 기타,안전운전불이행,건조,맑음,단일로 - 기타,승용,남,65세,상해없음,승용,남,72세,경상
2019080200100300,2019년 8월 2일 13시,금요일,경상북도 영천시 도동,중상사고,0,1,2,0,차대차 - 측면충돌,안전운전불이행,건조,맑음,교차로 - 교차로안,승용,여,66세,경상,승용,남,58세,경상
2019080200100301,2019년 8월 2일 13시,금요일,경상북도 청도군 청도읍,경상사고,0,0,1,0,차대차 - 측면충돌,교차로운행방법위반,건조,맑음,교차로 - 교차로안,농기계,여,65세,경상,화물,남,48세,상해없음
2019080200100350,2019년 8월 2일 14시,금요일,경상북도 경주시 안강읍,중상사고,0,1,2,1,차대차 - 측면충돌,중앙선침범,건조,맑음,단일로 - 기타,승용,남,77세,부상신고,화물,남,63세,경상
2019080200100351,2019년 8월 2일 14시,금요일,경상북도 경산시 하양읍,경상사고,0,0,1,0,차대사람 - 기타,기타,건조,맑음,기타 - 기타,승합,남,70세,상해없음,보행자,여,58세,경상
2019080200100352,2019년 8월 2일 14시,금요일,경상북도 울진군 평해읍,경상사고,0,0,3,0,차대차 - 정면충돌,중앙선침범,건조,맑음,단일로 - 기타,승용,여,65세,상해없음,승용,남,38세,경상
2019080200100353,2019년 8월 2일 14시,금요일,경상북도 구미시 고아읍,경상사고,0,0,1,0,차대차 - 기타,안전운전불이행,건조,맑음,주차장 - 주차장,승용,여,62세,상해없음,승용,남,55세,경상
2019080200100385,2019년 8월 2일 15시,금요일,경상북도 경주시 안강읍,중상사고,0,3,0,0,차량단독 - 공작물충돌,안전운전불이행,건조,맑음,단일로 - 기타,승용,여,54세,중상,,,,
2019080200100386,2019년 8월 2일 15시,금요일,경상북도 구미시 형곡동,중상사고,0,1,0,0,차대사람 - 기타,안전운전불이행,건조,맑음,단일로 - 기타,승용,여,42세,상해없음,보행자,여,11세,중상
2019080200100421,2019년 8월 2일 16시,금요일,경상북도 안동시 옥야동,중상사고,0,1,0,0,차대사람 - 기타,안전운전불이행,건조,맑음,기타 - 기타,이륜,남,78세,상해없음,보행자,여,63세,중상
2019080200100422,2019년 8월 2일 16시,금요일,경상북도 의성군 안평면,경상사고,0,0,1,0,차대차 - 측면충돌,안전운전불이행,건조,맑음,교차로 - 교차로안,승용,여,32세,경상,특수,여,61세,상해없음