사고번호,사고일시,요일,시군구,사고내용,사망자수,중상자수,경상자수,부상신고자수,사고유형,법규위반,노면상태,기상상태,도로형태,가해운전자 차종,가해운전자 성별,가해운전자 연령,가해운전자 상해정도,피해운전자 차종,피해운전자 성별,피해운전자 연령,피해운전자 상해정도
2019080200100478,2019년 8월 2일 17시,금요일,경상북도 경주시 안강읍,경상사고,0,0,4,0,차대차 - 측면충돌,중앙선침범,건조,맑음,단일로 - 지하차도(도로)내,승합,남,71세,상해없음,승용,남,42세,경상
2019080200100479,2019년 8월 2일 17시,금요일,경상북도 상주시 이안면,경상사고,0,0,1,0,차대차 - 측면충돌,안전운전불이행,건조,맑음,단일로 - 기타,화물,남,49세,상해없음,화물,남,40세,경상
2019080200100480,2019년 8월 2일 17시,금요일,경상북도 포항시 남구 해도동,경상사고,0,0,1,0,차대차 - 기타,안전운전불이행,건조,맑음,교차로 - 교차로부근,승용,남,45세,상해없음,승용,남,62세,경상
2019080200100539,2019년 8월 2일 18시,금요일,경상북도 상주시 낙양동,중상사고,0,1,1,0,차대차 - 측면충돌,안전운전불이행,건조,맑음,교차로 - 교차로안,이륜,남,66세,중상,승용,여,25세,경상
2019080200100574,2019년 8월 2일 19시,금요일,경상북도 문경시 모전동,경상사고,0,0,2,0,차대차 - 추돌,안전운전불이행,기타,맑음,기타 - 기타,승용,남,23세,상해없음,승용,남,48세,경상
2019080200100575,2019년 8월 2일 19시,금요일,경상북도 청도군 금천면,중상사고,0,1,2,0,차량단독 - 도로외이탈 - 기타,안전운전불이행,건조,맑음,교차로 - 교차로부근,승용,남,26세,상해없음,,,,
2019080200100613,2019년 8월 2일 20시,금요일,경상북도 칠곡군 왜관읍,경상사고,0,0,1,1,차대차 - 측면충돌,직진우회전진행방해,건조,맑음,교차로 - 교차로안,승용,남,67세,부상신고,승용,남,40세,경상
2019080200100644,2019년 8월 2일 21시,금요일,경상북도 포항시 북구 항구동,경상사고,0,0,1,0,차대차 - 기타,안전운전불이행,건조,맑음,교차로 - 교차로부근,승용,남,46세,상해없음,이륜,남,32세,경상
2019080200100683,2019년 8월 2일 22시,금요일,경상북도 경주시 양북면,중상사고,0,1,0,1,차대차 - 측면충돌,중앙선침범,건조,맑음,단일로 - 기타,승용,남,63세,부상신고,승합,남,68세,중상
2019080200100684,2019년 8월 2일 22시,금요일,경상북도 포항시 남구 대도동,중상사고,0,2,1,0,차대차 - 측면충돌,신호위반,건조,맑음,교차로 - 교차로안,승용,남,42세,중상,승용,여,25세,중상
2019080200100685,2019년 8월 2일 22시,금요일,경상북도 포항시 남구 장흥동,경상사고,0,0,1,0,차대차 - 측면충돌,신호위반,건조,맑음,단일로 - 기타,승용,여,37세,상해없음,승용,남,26세,경상
2019080200100706,2019년 8월 2일 23시,금요일,경상북도 영주시 문정동,중상사고,0,1,1,0,차대차 - 추돌,안전운전불이행,건조,맑음,교차로 - 교차로부근,화물,남,65세,상해없음,승용,남,54세,경상
2019080200100707,2019년 8월 2일 23시,금요일,경상북도 청도군 청도읍,중상사고,0,2,1,0,차대차 - 추돌,안전운전불이행,건조,맑음,단일로 - 기타,화물,남,50세,중상,화물,남,62세,경상
2019080300100046,2019년 8월 3일 01시,토요일,경상북도 포항시 남구 오천읍,경상사고,0,0,1,0,차대차 - 추돌,안전운전불이행,건조,맑음,교차로 - 교차로부근,승용,남,22세,상해없음,승용,남,23세,경상
2019080300100063,2019년 8월 3일 03시,토요일,경상북도 김천시 감호동,경상사고,0,0,1,0,차대차 - 기타,안전운전불이행,건조,맑음,단일로 - 기타,승용,남,26세,경상,화물,남,49세,기타불명
2019080300100095,2019년 8월 3일 07시,토요일,경상북도 경주시 서면,경상사고,0,0,1,0,차대차 - 측면충돌,안전운전불이행,건조,맑음,교차로 - 교차로부근,승용,남,52세,상해없음,승용,여,40세,경상
2019080300100096,2019년 8월 3일 07시,토요일,경상북도 상주시 연원동,중상사고,0,1,0,0,차대차 - 측면충돌,안전운전불이행,건조,맑음,교차로 - 교차로안,승용,남,63세,상해없음,승용,남,40세,중상
2019080300100097,2019년 8월 3일 07시,토요일,경상북도 영천시 완산동,경상사고,0,0,1,0,차대차 - 측면충돌,교차로운행방법위반,건조,맑음,교차로 - 교차로안,화물,남,47세,상해없음,승용,여,46세,경상
2019080300100111,2019년 8월 3일 08시,토요일,경상북도 경주시 내남면,사망사고,1,0,0,0,차량단독 - 공작물충돌,안전운전불이행,건조,맑음,단일로 - 지하차도(도로)내,승용,여,61세,사망,,,,
2019080300100112,2019년 8월 3일 08시,토요일,경상북도 문경시 산양면,경상사고,0,0,1,0,차대차 - 추돌,안전운전불이행,기타,맑음,단일로 - 기타,승용,여,32세,상해없음,이륜,남,83세,경상
2019080300100113,2019년 8월 3일 08시,토요일,경상북도 포항시 남구 효자동,경상사고,0,0,3,0,차대차 - 추돌,안전운전불이행,건조,맑음,교차로 - 교차로부근,승용,남,70세,상해없음,승용,남,71세,경상
2019080300100136,2019년 8월 3일 09시,토요일,경상북도 의성군 안계면,경상사고,0,0,1,0,차대차 - 기타,안전운전불이행,건조,맑음,단일로 - 기타,화물,남,70세,상해없음,승용,여,61세,경상
2019080300100137,2019년 8월 3일 09시,토요일,경상북도 영주시 풍기읍,경상사고,0,0,1,0,차대차 - 측면충돌,안전운전불이행,건조,맑음,교차로 - 교차로안,화물,여,70세,상해없음,승용,남,72세,경상
2019080300100175,2019년 8월 3일 10시,토요일,경상북도 구미시 해평면,중상사고,0,2,0,0,차대차 - 기타,교차로운행방법위반,건조,맑음,교차로 - 교차로안,이륜,남,79세,중상,승용,남,58세,중상
2019080300100203,2019년 8월 3일 11시,토요일,경상북도 울진군 북면,중상사고,0,1,0,0,차대차 - 측면충돌,교차로운행방법위반,건조,맑음,교차로 - 교차로안,이륜,남,72세,중상,승용,여,24세,상해없음
2019080300100278,2019년 8월 3일 13시,토요일,경상북도 청도군 청도읍,중상사고,0,1,2,0,차대차 - 측면충돌,직진우회전진행방해,건조,맑음,교차로 - 교차로안,승용,여,41세,경상,화물,남,66세,경상
2019080300100304,2019년 8월 3일 14시,토요일,경상북도 경주시 배반동,중상사고,0,4,0,0,차대차 - 추돌,안전운전불이행,건조,맑음,단일로 - 기타,승용,남,68세,상해없음,승용,여,20세,중상
2019080300100305,2019년 8월 3일 14시,토요일,경상북도 상주시 신봉동,경상사고,0,0,1,0,차대차 - 측면충돌,신호위반,건조,맑음,교차로 - 교차로안,승용,남,26세,상해없음,승용,여,46세,경상
2019080300100306,2019년 8월 3일 14시,토요일,경상북도 영양군 석보면,중상사고,0,2,3,0,차대차 - 후진중충돌,안전운전불이행,건조,맑음,단일로 - 기타,화물,남,75세,상해없음,승용,남,40세,경상
2019080300100334,2019년 8월 3일 15시,토요일,경상북도 칠곡군 기산면,경상사고,0,0,1,0,차대차 - 측면충돌,안전운전불이행,건조,맑음,단일로 - 기타,승용,여,42세,경상,승용,남,78세,상해없음
2019080300100335,2019년 8월 3일 15시,토요일,경상북도 영덕군 영덕읍,중상사고,0,1,0,0,차대사람 - 길가장자리구역통행중,안전운전불이행,건조,맑음,단일로 - 기타,승용,여,26세,상해없음,보행자,여,79세,중상
2019080300100336,2019년 8월 3일 15시,토요일,경상북도 구미시 남통동,경상사고,0,0,1,0,차대차 - 측면충돌,안전운전불이행,건조,맑음,단일로 - 기타,승용,남,42세,상해없음,자전거,남,36세,경상
2019080300100370,2019년 8월 3일 16시,토요일,경상북도 영주시 가흥동,경상사고,0,0,3,0,차대차 - 측면충돌,교차로운행방법위반,건조,맑음,교차로 - 교차로안,승용,여,48세,경상,승용,남,68세,경상
2019080300100371,2019년 8월 3일 16시,토요일,경상북도 영양군 영양읍,중상사고,0,1,0,0,차대차 - 정면충돌,중앙선침범,건조,흐림,단일로 - 기타,승용,여,37세,상해없음,이륜,남,75세,중상
2019080300100372,2019년 8월 3일 16시,토요일,경상북도 칠곡군 지천면,중상사고,0,2,4,0,차대차 - 추돌,안전운전불이행,건조,맑음,단일로 - 기타,승용,남,53세,상해없음,승용,여,37세,경상
2019080300100399,2019년 8월 3일 17시,토요일,경상북도 경주시 현곡면,중상사고,0,1,0,0,차대차 - 측면충돌,안전운전불이행,건조,맑음,교차로 - 교차로안,승용,여,39세,상해없음,승용,남,36세,중상
2019080300100400,2019년 8월 3일 17시,토요일,경상북도 안동시 남선면,사망사고,1,0,0,0,차량단독 - 도로외이탈 - 추락,안전운전불이행,건조,맑음,교차로 - 교차로부근,이륜,여,60세,사망,,,,
2019080300100401,2019년 8월 3일 17시,토요일,경상북도 영주시 가흥동,부상신고사고,0,0,0,3,차대차 - 측면충돌,직진우회전진행방해,젖음/습기,비,교차로 - 교차로안,승용,여,45세,부상신고,승용,여,38세,부상신고
2019080300100402,2019년 8월 3일 17시,토요일,경상북도 울진군 울진읍,중상사고,0,2,0,0,차대차 - 추돌,안전운전불이행,건조,맑음,단일로 - 기타,승합,남,52세,상해없음,승용,남,43세,중상
2019080300100433,2019년 8월 3일 18시,토요일,경상북도 경주시 서면,경상사고,0,0,2,0,차대차 - 측면충돌,신호위반,건조,맑음,교차로 - 교차로안,승용,여,57세,경상,승용,남,65세,상해없음
2019080300100434,2019년 8월 3일 18시,토요일,경상북도 상주시 모서면,경상사고,0,0,1,0,차량단독 - 전도전복 - 전도,안전운전불이행,건조,맑음,단일로 - 기타,이륜,여,65세,경상,,,,
2019080300100435,2019년 8월 3일 18시,토요일,경상북도 포항시 남구 효자동,경상사고,0,0,1,0,차대사람 - 기타,안전운전불이행,건조,맑음,단일로 - 기타,승용,여,36세,상해없음,보행자,남,59세,경상
2019080300100436,2019년 8월 3일 18시,토요일,경상북도 구미시 옥성면,경상사고,0,0,4,0,차대차 - 추돌,안전운전불이행,건조,맑음,단일로 - 기타,승용,남,53세,상해없음,승용,남,30세,경상
2019080300100456,2019년 8월 3일 19시,토요일,경상북도 군위군 우보면,경상사고,0,0,1,0,차량단독 - 기타,안전운전불이행,침수,맑음,단일로 - 교량,승용,남,54세,경상,,,,
2019080300100486,2019년 8월 3일 20시,토요일,경상북도 군위군 우보면,경상사고,0,0,4,0,차량단독 - 기타,안전운전불이행,건조,맑음,단일로 - 교량,승용,남,58세,경상,,,,
2019080300100487,2019년 8월 3일 20시,토요일,경상북도 구미시 신평동,경상사고,0,0,5,0,차대차 - 기타,안전운전불이행,건조,맑음,단일로 - 기타,승용,남,58세,상해없음,승용,여,46세,경상
2019080300100510,2019년 8월 3일 21시,토요일,경상북도 포항시 북구 장성동,경상사고,0,0,2,0,차대차 - 추돌,안전거리미확보,건조,맑음,교차로 - 교차로안,승용,남,34세,상해없음,이륜,남,18세,경상
2019080300100511,2019년 8월 3일 21시,토요일,경상북도 상주시 만산동,경상사고,0,0,1,0,차량단독 - 공작물충돌,안전운전불이행,건조,맑음,단일로 - 기타,승용,남,72세,경상,,,,
2019080300100512,2019년 8월 3일 21시,토요일,경상북도 영덕군 영해면,중상사고,0,1,1,0,차대차 - 후진중충돌,안전운전불이행,건조,맑음,주차장 - 주차장,승용,여,42세,상해없음,승용,여,60세,상해없음
2019080300100513,2019년 8월 3일 21시,토요일,경상북도 영덕군 달산면,경상사고,0,0,2,0,차대사람 - 차도통행중,안전운전불이행,건조,맑음,단일로 - 기타,화물,남,54세,상해없음,보행자,여,34세,경상
2019080300100514,2019년 8월 3일 21시,토요일,경상북도 구미시 공단동,경상사고,0,0,4,0,차대차 - 기타,안전운전불이행,건조,맑음,단일로 - 기타,승용,남,60세,상해없음,승용,남,33세,경상
2019080300100541,2019년 8월 3일 22시,토요일,경상북도 상주시 화산동,경상사고,0,0,1,0,차대차 - 측면충돌,신호위반,건조,맑음,교차로 - 교차로안,승용,남,37세,상해없음,승용,남,56세,경상
2019080300100563,2019년 8월 3일 23시,토요일,경상북도 구미시 송정동,중상사고,0,1,0,0,차대사람 - 기타,안전운전불이행,건조,맑음,교차로 - 교차로부근,승용,남,29세,상해없음,보행자,남,21세,중상
2019080400100037,2019년 8월 4일 00시,일요일,경상북도 영천시 고경면,경상사고,0,0,3,0,차대차 - 측면충돌,안전운전불이행,건조,맑음,단일로 - 기타,승용,남,24세,상해없음,승용,여,43세,경상
2019080400100049,2019년 8월 4일 01시,일요일,경상북도 경주시 배반동,경상사고,0,0,1,0,차대차 - 측면충돌,안전운전불이행,건조,맑음,교차로 - 교차로부근,승용,남,45세,상해없음,승용,여,44세,경상
2019080400100096,2019년 8월 4일 05시,일요일,경상북도 포항시 북구 우현동,경상사고,0,0,2,0,차대차 - 정면충돌,신호위반,건조,맑음,교차로 - 교차로안,승용,남,32세,상해없음,승용,남,56세,경상
2019080400100097,2019년 8월 4일 05시,일요일,경상북도 영주시 상망동,중상사고,0,1,0,0,차대차 - 기타,교차로운행방법위반,건조,맑음,교차로 - 교차로안,화물,남,60세,상해없음,이륜,남,69세,중상
2019080400100098,2019년 8월 4일 05시,일요일,경상북도 예천군 예천읍,중상사고,0,1,0,0,차량단독 - 공작물충돌,안전운전불이행,건조,맑음,단일로 - 기타,승용,남,48세,중상,,,,
2019080400100102,2019년 8월 4일 06시,일요일,경상북도 구미시 구포동,중상사고,0,1,0,0,차량단독 - 기타,안전운전불이행,건조,맑음,단일로 - 기타,이륜,남,28세,중상,,,,
2019080400100103,2019년 8월 4일 06시,일요일,경상북도 포항시 남구 구룡포읍,경상사고,0,0,1,0,차대차 - 정면충돌,중앙선침범,건조,맑음,단일로 - 기타,승용,남,29세,상해없음,화물,남,70세,경상
2019080400100114,2019년 8월 4일 07시,일요일,경상북도 구미시 장천면,중상사고,0,1,0,0,차량단독 - 도로외이탈 - 추락,안전운전불이행,건조,맑음,단일로 - 기타,승용,남,32세,중상,,,,
2019080400100140,2019년 8월 4일 09시,일요일,경상북도 구미시 공단동,경상사고,0,0,1,0,차대차 - 측면충돌,신호위반,건조,맑음,단일로 - 교량,승용,남,21세,상해없음,승용,남,37세,경상
2019080400100159,2019년 8월 4일 10시,일요일,경상북도 포항시 북구 흥해읍,경상사고,0,0,1,0,차대차 - 측면충돌,차로위반,건조,맑음,단일로 - 기타,승용,남,58세,상해없음,승용,남,38세,경상
2019080400100160,2019년 8월 4일 10시,일요일,경상북도 포항시 북구 환호동,경상사고,0,0,1,0,차대차 - 측면충돌,안전운전불이행,건조,맑음,단일로 - 기타,승합,남,57세,상해없음,승용,남,59세,경상
2019080400100161,2019년 8월 4일 10시,일요일,경상북도 영천시 신령면,경상사고,0,0,4,0,차대차 - 측면충돌,직진우회전진행방해,건조,맑음,교차로 - 교차로안,화물,남,38세,경상,승용,남,32세,경상
2019080400100185,2019년 8월 4일 11시,일요일,경상북도 영천시 작산동,중상사고,0,1,0,0,차대차 - 측면충돌,차로위반,건조,맑음,단일로 - 기타,승용,남,66세,상해없음,승용,남,59세,중상
2019080400100186,2019년 8월 4일 11시,일요일,경상북도 성주군 선남면,경상사고,0,0,1,0,차대차 - 측면충돌,안전운전불이행,건조,맑음,단일로 - 기타,기타불명,기타불명,미분류,기타불명,이륜,남,32세,경상
2019080400100187,2019년 8월 4일 11시,일요일,경상북도 군위군 군위읍,경상사고,0,0,3,0,차대차 - 기타,안전운전불이행,건조,맑음,단일로 - 기타,승용,남,49세,상해없음,승용,남,33세,경상
2019080400100215,2019년 8월 4일 12시,일요일,경상북도 경주시 황남동,중상사고,0,1,0,0,차대사람 - 기타,안전운전불이행,건조,맑음,단일로 - 기타,승용,남,77세,상해없음,보행자,여,12세,중상
2019080400100216,2019년 8월 4일 12시,일요일,경상북도 상주시 서문동,경상사고,0,0,1,0,차대차 - 기타,교차로운행방법위반,건조,맑음,교차로 - 교차로안,승용,여,49세,상해없음,이륜,남,32세,경상
2019080400100217,2019년 8월 4일 12시,일요일,경상북도 영주시 상망동,경상사고,0,0,4,0,차대차 - 추돌,안전운전불이행,건조,맑음,단일로 - 기타,승용,남,54세,상해없음,승용,여,57세,경상
2019080400100251,2019년 8월 4일 13시,일요일,경상북도 영주시 풍기읍,경상사고,0,0,4,0,차대차 - 측면충돌,교차로운행방법위반,건조,맑음,교차로 - 교차로안,승용,남,55세,상해없음,승용,남,55세,상해없음
2019080400100252,2019년 8월 4일 13시,일요일,경상북도 봉화군 소천면,경상사고,0,0,1,0,차대사람 - 기타,안전운전불이행,건조,맑음,주차장 - 주차장,승용,여,35세,상해없음,보행자,여,45세,경상
2019080400100253,2019년 8월 4일 13시,일요일,경상북도 청도군 풍각면,중상사고,0,2,1,0,차량단독 - 공작물충돌,안전운전불이행,건조,맑음,단일로 - 지하차도(도로)내,승용,남,64세,경상,,,,
2019080400100279,2019년 8월 4일 14시,일요일,경상북도 포항시 북구 동빈2가,경상사고,0,0,2,0,차대차 - 기타,신호위반,건조,맑음,교차로 - 교차로안,승용,남,54세,상해없음,승용,남,50세,상해없음
2019080400100280,2019년 8월 4일 14시,일요일,경상북도 칠곡군 동명면,중상사고,0,1,0,0,차대차 - 측면충돌,안전운전불이행,건조,맑음,단일로 - 기타,이륜,남,82세,중상,승합,남,66세,상해없음
2019080400100281,2019년 8월 4일 14시,일요일,경상북도 칠곡군 가산면,경상사고,0,0,1,0,차대차 - 추돌,안전운전불이행,건조,맑음,기타 - 기타,승용,남,66세,상해없음,승용,여,28세,경상
2019080400100307,2019년 8월 4일 15시,일요일,경상북도 안동시 옥동,경상사고,0,0,1,0,차대차 - 추돌,안전거리미확보,건조,맑음,교차로 - 교차로부근,승용,남,38세,상해없음,승용,여,51세,경상
2019080400100308,2019년 8월 4일 15시,일요일,경상북도 김천시 평화동,경상사고,0,0,2,0,차대차 - 측면충돌,안전운전불이행,젖음/습기,맑음,단일로 - 기타,이륜,남,23세,경상,승용,여,20세,경상
2019080400100309,2019년 8월 4일 15시,일요일,경상북도 영주시 풍기읍,경상사고,0,0,1,0,차대차 - 측면충돌,안전운전불이행,건조,맑음,교차로 - 교차로안,승용,남,51세,경상,승용,여,63세,상해없음
2019080400100337,2019년 8월 4일 16시,일요일,경상북도 경주시 성건동,경상사고,0,0,1,0,차대차 - 측면충돌,안전운전불이행,건조,맑음,교차로 - 교차로안,승용,남,22세,상해없음,승용,남,51세,경상
2019080400100338,2019년 8월 4일 16시,일요일,경상북도 칠곡군 석적읍,중상사고,0,1,2,0,차대차 - 측면충돌,안전운전불이행,건조,맑음,단일로 - 기타,승용,남,28세,상해없음,승용,남,42세,중상
2019080400100339,2019년 8월 4일 16시,일요일,경상북도 군위군 부계면,경상사고,0,0,2,0,차대차 - 추돌,안전운전불이행,건조,맑음,단일로 - 기타,승용,여,24세,상해없음,승용,남,21세,경상
2019080400100371,2019년 8월 4일 17시,일요일,경상북도 칠곡군 왜관읍,경상사고,0,0,1,0,차대사람 - 기타,안전운전불이행,건조,맑음,주차장 - 주차장,승용,여,70세,상해없음,보행자,여,43세,경상
2019080400100372,2019년 8월 4일 17시,일요일,경상북도 칠곡군 가산면,중상사고,0,1,13,0,차대차 - 측면충돌,중앙선침범,건조,맑음,교차로 - 교차로부근,승용,남,74세,상해없음,승용,여,31세,경상
2019080400100373,2019년 8월 4일 17시,일요일,경상북도 경산시 사동,중상사고,0,1,0,0,차대차 - 측면충돌,직진우회전진행방해,건조,맑음,교차로 - 교차로안,승용,남,25세,상해없음,이륜,남,29세,중상
2019080400100374,2019년 8월 4일 17시,일요일,경상북도 구미시 임은동,중상사고,0,1,0,0,차대차 - 측면충돌,안전운전불이행,건조,맑음,교차로 - 교차로부근,승용,남,63세,상해없음,승용,남,38세,중상
2019080400100375,2019년 8월 4일 17시,일요일,경상북도 구미시 봉곡동,경상사고,0,0,3,0,차대차 - 추돌,안전거리미확보,건조,맑음,교차로 - 교차로부근,승용,남,34세,상해없음,승용,남,27세,경상
2019080400100440,2019년 8월 4일 19시,일요일,경상북도 경주시 구황동,경상사고,0,0,7,0,차대차 - 측면충돌,안전운전불이행,건조,맑음,단일로 - 지하차도(도로)내,승용,남,42세,상해없음,승용,남,52세,경상
2019080400100441,2019년 8월 4일 19시,일요일,경상북도 포항시 남구 상도동,경상사고,0,0,1,0,차대차 - 기타,안전운전불이행,건조,맑음,단일로 - 기타,승용,여,48세,경상,승용,여,29세,상해없음
2019080400100466,2019년 8월 4일 20시,일요일,경상북도 안동시 남선면,중상사고,0,1,0,0,차대차 - 측면충돌,안전운전불이행,건조,맑음,단일로 - 기타,농기계,남,80세,중상,승용,남,65세,상해없음
2019080400100487,2019년 8월 4일 21시,일요일,경상북도 포항시 북구 창포동,중상사고,0,1,0,0,차대차 - 추돌,교차로운행방법위반,건조,맑음,교차로 - 교차로안,승용,남,49세,상해없음,이륜,남,62세,중상
2019080400100488,2019년 8월 4일 21시,일요일,경상북도 포항시 남구 상도동,중상사고,0,1,0,0,차대차 - 측면충돌,안전운전불이행,건조,맑음,교차로 - 교차로안,원동기,남,52세,중상,승용,남,61세,상해없음
2019080400100505,2019년 8월 4일 22시,일요일,경상북도 포항시 남구 효자동,경상사고,0,0,2,0,차대차 - 추돌,안전운전불이행,건조,맑음,교차로 - 교차로부근,승용,남,55세,상해없음,승용,여,25세,경상
2019080500100026,2019년 8월 5일 00시,월요일,경상북도 경주시 황성동,경상사고,0,0,1,0,차대차 - 추돌,안전운전불이행,건조,맑음,단일로 - 기타,승용,남,29세,상해없음,화물,남,46세,경상
2019080500100027,2019년 8월 5일 00시,월요일,경상북도 안동시 정하동,경상사고,0,0,3,0,차대차 - 측면충돌,직진우회전진행방해,건조,맑음,교차로 - 교차로안,승용,남,27세,경상,승용,남,57세,경상
2019080500100089,2019년 8월 5일 07시,월요일,경상북도 의성군 단북면,중상사고,0,1,0,0,차대차 - 기타,교차로운행방법위반,건조,맑음,교차로 - 교차로안,화물,남,66세,상해없음,이륜,여,37세,중상
2019080500100090,2019년 8월 5일 07시,월요일,경상북도 경산시 중방동,중상사고,0,1,0,0,차대차 - 측면충돌,중앙선침범,건조,맑음,교차로 - 교차로안,자전거,여,73세,중상,승용,남,70세,상해없음
2019080500100123,2019년 8월 5일 08시,월요일,경상북도 의성군 의성읍,경상사고,0,0,2,0,차대차 - 측면충돌,신호위반,건조,맑음,교차로 - 교차로안,승용,남,39세,상해없음,승용,남,79세,경상
2019080500100124,2019년 8월 5일 08시,월요일,경상북도 영천시 북안면,중상사고,0,1,0,0,차대차 - 기타,안전운전불이행,젖음/습기,맑음,단일로 - 기타,건설기계,남,42세,중상,승용,남,45세,상해없음
2019080500100125,2019년 8월 5일 08시,월요일,경상북도 문경시 산북면,중상사고,0,1,0,0,차량단독 - 전도전복 - 전도,안전운전불이행,건조,맑음,교차로 - 교차로안,농기계,남,80세,중상,,,,
2019080500100157,2019년 8월 5일 09시,월요일,경상북도 문경시 흥덕동,경상사고,0,0,1,0,차대차 - 측면충돌,직진우회전진행방해,건조,맑음,교차로 - 교차로안,화물,남,51세,상해없음,승용,남,70세,상해없음
2019080500100158,2019년 8월 5일 09시,월요일,경상북도 봉화군 상운면,중상사고,0,1,0,0,차량단독 - 공작물충돌,안전운전불이행,건조,맑음,단일로 - 기타,화물,남,69세,중상,,,,
2019080500100159,2019년 8월 5일 09시,월요일,경상북도 성주군 벽진면,중상사고,0,1,0,0,차대차 - 측면충돌,안전운전불이행,건조,맑음,교차로 - 교차로안,승합,남,59세,상해없음,사륜오토바이(ATV),남,71세,중상
2019080500100194,2019년 8월 5일 10시,월요일,경상북도 상주시 남성동,경상사고,0,0,1,0,차대차 - 측면충돌,안전운전불이행,건조,맑음,교차로 - 교차로횡단보도내,승용,여,56세,상해없음,자전거,남,12세,경상
2019080500100195,2019년 8월 5일 10시,월요일,경상북도 군위군 부계면,경상사고,0,0,1,0,차대사람 - 기타,안전운전불이행,건조,맑음,기타 - 기타,승용,남,22세,기타불명,보행자,남,63세,경상
2019080500100236,2019년 8월 5일 11시,월요일,경상북도 경주시 성동동,경상사고,0,0,1,1,차대차 - 측면충돌,안전운전불이행,건조,맑음,교차로 - 교차로부근,화물,남,46세,부상신고,승용,여,57세,경상
2019080500100237,2019년 8월 5일 11시,월요일,경상북도 상주시 무양동,중상사고,0,1,1,0,차대차 - 측면충돌,교차로운행방법위반,건조,맑음,교차로 - 교차로안,화물,남,68세,경상,승용,남,60세,중상
2019080500100238,2019년 8월 5일 11시,월요일,경상북도 영천시 청통면,경상사고,0,0,1,0,차대차 - 추돌,안전거리미확보,건조,맑음,교차로 - 교차로안,승용,남,60세,상해없음,화물,남,76세,경상
2019080500100239,2019년 8월 5일 11시,월요일,경상북도 청도군 각남면,경상사고,0,0,1,0,차대차 - 측면충돌,신호위반,건조,맑음,교차로 - 교차로안,건설기계,남,48세,상해없음,승용,남,74세,경상
2019080500100240,2019년 8월 5일 11시,월요일,경상북도 구미시 고아읍,부상신고사고,0,0,0,1,차대차 - 측면충돌,안전운전불이행,건조,맑음,교차로 - 교차로안,이륜,남,55세,부상신고,특수,남,56세,상해없음
2019080500100287,2019년 8월 5일 12시,월요일,경상북도 상주시 남장동,경상사고,0,0,2,0,차대차 - 측면충돌,중앙선침범,건조,맑음,단일로 - 기타,승용,남,74세,상해없음,승합,남,52세,상해없음
2019080500100288,2019년 8월 5일 12시,월요일,경상북도 포항시 남구 동해면,중상사고,0,2,3,0,차대차 - 정면충돌,중앙선침범,건조,맑음,단일로 - 기타,승용,남,50세,경상,승용,남,70세,경상
2019080500100329,2019년 8월 5일 13시,월요일,경상북도 칠곡군 석적읍,부상신고사고,0,0,0,1,차대차 - 측면충돌,신호위반,건조,맑음,교차로 - 교차로안,이륜,남,56세,부상신고,승용,남,80세,상해없음
2019080500100364,2019년 8월 5일 14시,월요일,경상북도 포항시 북구 양덕동,중상사고,0,1,0,0,차대차 - 후진중충돌,안전운전불이행,건조,맑음,단일로 - 기타,화물,남,40세,상해없음,이륜,남,39세,중상
2019080500100365,2019년 8월 5일 14시,월요일,경상북도 포항시 북구 두호동,경상사고,0,0,3,0,차대차 - 측면충돌,교차로운행방법위반,건조,맑음,교차로 - 교차로안,승용,남,54세,상해없음,승용,남,19세,경상
2019080500100366,2019년 8월 5일 14시,월요일,경상북도 경산시 사동,경상사고,0,0,1,0,차대차 - 측면충돌,신호위반,건조,맑음,교차로 - 교차로안,승용,여,52세,상해없음,승용,남,34세,경상
2019080500100367,2019년 8월 5일 14시,월요일,경상북도 경산시 계양동,경상사고,0,0,1,0,차대차 - 측면충돌,중앙선침범,건조,맑음,단일로 - 기타,승합,남,57세,상해없음,승합,여,44세,경상
2019080500100368,2019년 8월 5일 14시,월요일,경상북도 포항시 남구 구룡포읍,중상사고,0,1,2,0,차대차 - 기타,안전운전불이행,건조,맑음,단일로 - 기타,승용,남,55세,경상,승용,남,54세,중상
2019080500100408,2019년 8월 5일 15시,월요일,경상북도 안동시 길안면,중상사고,0,3,1,0,차대차 - 추돌,안전운전불이행,건조,맑음,단일로 - 기타,승용,남,28세,상해없음,승용,남,57세,중상
2019080500100409,2019년 8월 5일 15시,월요일,경상북도 구미시 옥계동,중상사고,0,2,1,0,차대차 - 추돌,안전운전불이행,건조,맑음,교차로 - 교차로부근,건설기계,남,56세,상해없음,승용,여,30세,경상
2019080500100448,2019년 8월 5일 16시,월요일,경상북도 경산시 진량읍,중상사고,0,1,0,0,차대차 - 측면충돌,교차로운행방법위반,건조,맑음,교차로 - 교차로안,이륜,남,24세,중상,승용,남,65세,상해없음
2019080500100534,2019년 8월 5일 18시,월요일,경상북도 안동시 태화동,경상사고,0,0,1,0,차대사람 - 기타,안전운전불이행,건조,맑음,단일로 - 기타,승용,남,17세,상해없음,보행자,남,22세,경상
2019080500100571,2019년 8월 5일 19시,월요일,경상북도 칠곡군 석적읍,경상사고,0,0,2,0,차대차 - 측면충돌,안전운전불이행,건조,맑음,교차로 - 교차로부근,승용,남,47세,상해없음,승용,남,22세,경상
2019080500100572,2019년 8월 5일 19시,월요일,경상북도 문경시 동로면,중상사고,0,1,2,0,차대차 - 측면충돌,안전운전불이행,건조,맑음,교차로 - 교차로안,화물,남,64세,경상,화물,남,46세,상해없음