사고번호,사고일시,요일,시군구,사고내용,사망자수,중상자수,경상자수,부상신고자수,사고유형,법규위반,노면상태,기상상태,도로형태,가해운전자 차종,가해운전자 성별,가해운전자 연령,가해운전자 상해정도,피해운전자 차종,피해운전자 성별,피해운전자 연령,피해운전자 상해정도
2019081100100168,2019년 8월 11일 11시,일요일,경상북도 영주시 영주동,경상사고,0,0,1,0,차대차 - 측면충돌,안전운전불이행,건조,맑음,기타 - 기타,자전거,남,56세,경상,승용,여,49세,상해없음
2019081100100193,2019년 8월 11일 12시,일요일,경상북도 구미시 선산읍,중상사고,0,1,0,0,차대사람 - 기타,교차로운행방법위반,건조,맑음,교차로 - 교차로안,승용,여,62세,상해없음,보행자,여,61세,중상
2019081100100194,2019년 8월 11일 12시,일요일,경상북도 구미시 공단동,경상사고,0,0,1,0,차대차 - 측면충돌,안전운전불이행,건조,맑음,교차로 - 교차로안,이륜,남,17세,경상,승용,여,43세,상해없음
2019081100100221,2019년 8월 11일 13시,일요일,경상북도 경주시 시래동,경상사고,0,0,2,0,차대차 - 측면충돌,안전운전불이행,건조,맑음,교차로 - 교차로부근,승용,여,44세,상해없음,승용,남,36세,경상
2019081100100222,2019년 8월 11일 13시,일요일,경상북도 경주시 율동,경상사고,0,0,1,0,차대차 - 측면충돌,안전운전불이행,건조,맑음,단일로 - 지하차도(도로)내,승용,남,38세,상해없음,화물,남,60세,경상
2019081100100223,2019년 8월 11일 13시,일요일,경상북도 청도군 화양읍,경상사고,0,0,2,2,차대차 - 측면충돌,교차로운행방법위반,건조,맑음,교차로 - 교차로안,승용,여,70세,상해없음,승용,남,55세,경상
2019081100100224,2019년 8월 11일 13시,일요일,경상북도 성주군 선남면,경상사고,0,0,1,0,차대차 - 추돌,안전운전불이행,건조,맑음,단일로 - 기타,승용,남,28세,상해없음,승용,남,43세,상해없음
2019081100100260,2019년 8월 11일 14시,일요일,경상북도 경주시 율동,중상사고,0,1,1,0,차량단독 - 전도전복 - 전도,안전운전불이행,건조,맑음,단일로 - 기타,이륜,남,24세,경상,,,,
2019081100100261,2019년 8월 11일 14시,일요일,경상북도 청송군 청송읍,경상사고,0,0,3,0,차대차 - 추돌,안전거리미확보,건조,맑음,단일로 - 지하차도(도로)내,화물,남,29세,상해없음,승용,남,64세,상해없음
2019081100100262,2019년 8월 11일 14시,일요일,경상북도 영양군 입암면,경상사고,0,0,1,0,차대차 - 측면충돌,중앙선침범,건조,맑음,단일로 - 기타,승용,남,44세,기타불명,승용,여,52세,경상
2019081100100311,2019년 8월 11일 16시,일요일,경상북도 의성군 안계면,중상사고,0,2,0,0,차대차 - 기타,교차로운행방법위반,건조,맑음,교차로 - 교차로안,승용,남,59세,상해없음,승용,여,51세,중상
2019081100100339,2019년 8월 11일 17시,일요일,경상북도 경주시 외동읍,중상사고,0,1,0,0,차대사람 - 차도통행중,안전운전불이행,건조,맑음,주차장 - 주차장,승용,여,47세,상해없음,보행자,남,9세,중상
2019081100100340,2019년 8월 11일 17시,일요일,경상북도 포항시 남구 오천읍,경상사고,0,0,1,0,차대차 - 측면충돌,안전운전불이행,건조,맑음,교차로 - 교차로부근,이륜,남,32세,경상,승용,여,66세,상해없음
2019081100100373,2019년 8월 11일 18시,일요일,경상북도 청도군 운문면,경상사고,0,0,2,0,차대차 - 측면충돌,안전거리미확보,건조,맑음,단일로 - 기타,승용,여,28세,상해없음,승용,남,28세,경상
2019081100100398,2019년 8월 11일 19시,일요일,경상북도 경주시 건천읍,경상사고,0,0,2,0,차대차 - 측면충돌,교차로운행방법위반,건조,맑음,교차로 - 교차로부근,승합,남,71세,상해없음,승용,여,43세,상해없음
2019081100100428,2019년 8월 11일 20시,일요일,경상북도 경주시 안강읍,중상사고,0,1,0,0,차대사람 - 길가장자리구역통행중,안전운전불이행,건조,맑음,단일로 - 기타,승용,여,51세,상해없음,보행자,남,62세,중상
2019081100100429,2019년 8월 11일 20시,일요일,경상북도 포항시 북구 죽도동,경상사고,0,0,2,0,차대차 - 측면충돌,안전운전불이행,건조,맑음,단일로 - 기타,승용,여,35세,경상,이륜,남,32세,경상
2019081100100430,2019년 8월 11일 20시,일요일,경상북도 김천시 황금동,중상사고,0,1,0,0,차대사람 - 기타,안전운전불이행,건조,맑음,단일로 - 기타,승용,남,22세,상해없음,보행자,남,55세,중상
2019081100100431,2019년 8월 11일 20시,일요일,경상북도 칠곡군 북삼읍,중상사고,0,1,1,0,차대사람 - 횡단중,보행자보호의무위반,건조,맑음,교차로 - 교차로횡단보도내,승용,남,41세,상해없음,보행자,여,41세,경상
2019081100100432,2019년 8월 11일 20시,일요일,경상북도 울진군 후포면,중상사고,0,1,0,0,차대사람 - 기타,안전운전불이행,건조,맑음,기타 - 기타,승용,남,70세,기타불명,보행자,남,62세,중상
2019081100100433,2019년 8월 11일 20시,일요일,경상북도 영양군 입암면,경상사고,0,0,1,0,차대사람 - 기타,중앙선침범,건조,맑음,단일로 - 기타,승용,남,62세,상해없음,보행자,남,76세,경상
2019081100100468,2019년 8월 11일 21시,일요일,경상북도 안동시 옥동,중상사고,0,2,1,0,차대차 - 정면충돌,직진우회전진행방해,건조,맑음,교차로 - 교차로안,승용,남,42세,중상,승용,남,45세,경상
2019081100100469,2019년 8월 11일 21시,일요일,경상북도 구미시 송정동,중상사고,0,1,0,0,차대사람 - 기타,기타,건조,맑음,기타 - 기타,승용,남,46세,상해없음,보행자,남,48세,중상
2019081100100494,2019년 8월 11일 22시,일요일,경상북도 칠곡군 석적읍,경상사고,0,0,2,0,차대차 - 측면충돌,안전운전불이행,건조,맑음,교차로 - 교차로안,승용,여,50세,상해없음,승용,남,24세,경상
2019081200100060,2019년 8월 12일 03시,월요일,경상북도 구미시 옥계동,경상사고,0,0,1,0,차대차 - 후진중충돌,안전운전불이행,건조,맑음,단일로 - 기타,승용,남,56세,상해없음,승용,남,20세,경상
2019081200100075,2019년 8월 12일 05시,월요일,경상북도 영주시 부석면,사망사고,1,0,1,0,차대차 - 측면충돌,안전운전불이행,건조,맑음,단일로 - 기타,이륜,남,78세,사망,화물,남,73세,경상
2019081200100116,2019년 8월 12일 07시,월요일,경상북도 상주시 은척면,경상사고,0,0,1,0,차대차 - 측면충돌,안전운전불이행,건조,맑음,교차로 - 교차로안,승용,여,66세,상해없음,승용,남,73세,경상
2019081200100117,2019년 8월 12일 07시,월요일,경상북도 포항시 남구 대잠동,중상사고,0,1,0,0,차대차 - 측면충돌,안전운전불이행,건조,맑음,교차로 - 교차로부근,승용,남,69세,상해없음,이륜,남,50세,중상
2019081200100159,2019년 8월 12일 08시,월요일,경상북도 김천시 부곡동,경상사고,0,0,2,0,차대차 - 측면충돌,신호위반,건조,맑음,교차로 - 교차로안,승용,남,49세,상해없음,승용,여,45세,경상
2019081200100160,2019년 8월 12일 08시,월요일,경상북도 경산시 압량면,중상사고,0,1,2,0,차대차 - 추돌,안전거리미확보,건조,맑음,교차로 - 교차로부근,승용,여,38세,중상,승용,남,63세,경상
2019081200100198,2019년 8월 12일 09시,월요일,경상북도 김천시 신음동,중상사고,0,1,0,0,차대차 - 측면충돌,안전운전불이행,건조,맑음,단일로 - 기타,화물,남,49세,상해없음,이륜,남,62세,중상
2019081200100199,2019년 8월 12일 09시,월요일,경상북도 상주시 은척면,중상사고,0,1,0,0,차대차 - 정면충돌,안전운전불이행,건조,맑음,단일로 - 기타,이륜,여,77세,중상,특수,남,47세,상해없음
2019081200100200,2019년 8월 12일 09시,월요일,경상북도 경산시 진량읍,경상사고,0,0,1,0,차대차 - 측면충돌,신호위반,건조,맑음,교차로 - 교차로안,승용,남,60세,상해없음,화물,남,54세,경상
2019081200100225,2019년 8월 12일 10시,월요일,경상북도 경주시 서면,경상사고,0,0,1,0,차대차 - 측면충돌,안전운전불이행,건조,맑음,교차로 - 교차로안,원동기,남,68세,경상,승용,남,53세,상해없음
2019081200100226,2019년 8월 12일 10시,월요일,경상북도 경주시 황성동,경상사고,0,0,1,0,차대사람 - 기타,기타,건조,맑음,단일로 - 기타,화물,남,61세,상해없음,보행자,여,58세,경상
2019081200100227,2019년 8월 12일 10시,월요일,경상북도 포항시 남구 오천읍,경상사고,0,0,1,0,차대차 - 기타,신호위반,건조,맑음,교차로 - 교차로안,승용,여,61세,상해없음,승용,남,28세,경상
2019081200100273,2019년 8월 12일 11시,월요일,경상북도 울진군 근남면,사망사고,1,0,0,0,차대사람 - 횡단중,안전운전불이행,건조,맑음,단일로 - 기타,승용,남,40세,상해없음,보행자,남,75세,사망
2019081200100274,2019년 8월 12일 11시,월요일,경상북도 영덕군 지품면,부상신고사고,0,0,0,1,차량단독 - 공작물충돌,안전운전불이행,건조,맑음,단일로 - 기타,화물,남,48세,부상신고,,,,
2019081200100321,2019년 8월 12일 12시,월요일,경상북도 포항시 북구 장성동,경상사고,0,0,1,0,차대차 - 기타,안전운전불이행,건조,맑음,단일로 - 기타,승용,남,42세,상해없음,승용,여,53세,경상
2019081200100322,2019년 8월 12일 12시,월요일,경상북도 영천시 신령면,경상사고,0,0,1,0,차대차 - 측면충돌,교차로운행방법위반,건조,맑음,교차로 - 교차로안,승용,여,40세,상해없음,승용,여,57세,경상
2019081200100323,2019년 8월 12일 12시,월요일,경상북도 경산시 조영동,경상사고,0,0,3,0,차대차 - 측면충돌,안전운전불이행,건조,맑음,교차로 - 교차로부근,승용,여,51세,경상,화물,남,41세,경상
2019081200100406,2019년 8월 12일 14시,월요일,경상북도 경주시 동천동,중상사고,0,1,0,0,차대차 - 측면충돌,안전운전불이행,건조,맑음,교차로 - 교차로안,이륜,남,54세,중상,승용,여,47세,상해없음
2019081200100407,2019년 8월 12일 14시,월요일,경상북도 구미시 무을면,중상사고,0,1,0,0,차대차 - 기타,교차로운행방법위반,건조,맑음,교차로 - 교차로안,화물,남,59세,상해없음,이륜,남,63세,중상
2019081200100450,2019년 8월 12일 15시,월요일,경상북도 포항시 북구 죽도동,중상사고,0,1,0,0,차대차 - 측면충돌,안전운전불이행,건조,맑음,단일로 - 기타,자전거,남,22세,중상,승합,남,51세,상해없음
2019081200100451,2019년 8월 12일 15시,월요일,경상북도 영천시 과전동,경상사고,0,0,2,0,차대차 - 측면충돌,안전운전불이행,건조,맑음,교차로 - 교차로안,승용,남,50세,경상,승용,여,33세,경상
2019081200100452,2019년 8월 12일 15시,월요일,경상북도 영천시 봉동,경상사고,0,0,2,0,차대차 - 측면충돌,안전운전불이행,건조,맑음,주차장 - 주차장,승용,남,71세,경상,승용,남,38세,경상
2019081200100453,2019년 8월 12일 15시,월요일,경상북도 경산시 사정동,경상사고,0,0,2,0,차대차 - 측면충돌,신호위반,건조,맑음,교차로 - 교차로안,승용,여,20세,경상,승용,남,55세,경상
2019081200100454,2019년 8월 12일 15시,월요일,경상북도 경산시 대동,경상사고,0,0,2,0,차대차 - 추돌,안전운전불이행,건조,맑음,단일로 - 기타,승용,남,72세,상해없음,승용,남,57세,경상
2019081200100455,2019년 8월 12일 15시,월요일,경상북도 영덕군 남정면,경상사고,0,0,4,0,차대차 - 측면충돌,중앙선침범,건조,맑음,단일로 - 기타,화물,여,66세,상해없음,승용,남,48세,경상
2019081200100494,2019년 8월 12일 16시,월요일,경상북도 경주시 성건동,경상사고,0,0,1,0,차대차 - 측면충돌,안전운전불이행,건조,맑음,단일로 - 기타,승용,여,43세,상해없음,원동기,남,32세,경상
2019081200100495,2019년 8월 12일 16시,월요일,경상북도 안동시 와룡면,중상사고,0,1,0,0,차대사람 - 길가장자리구역통행중,안전운전불이행,건조,맑음,단일로 - 기타,화물,남,63세,상해없음,보행자,여,78세,중상
2019081200100496,2019년 8월 12일 16시,월요일,경상북도 영천시 화룡동,경상사고,0,0,2,0,차대차 - 측면충돌,안전운전불이행,건조,맑음,교차로 - 교차로안,승용,남,70세,경상,화물,남,39세,경상
2019081200100497,2019년 8월 12일 16시,월요일,경상북도 영천시 야사동,중상사고,0,1,0,0,차대사람 - 횡단중,안전운전불이행,건조,맑음,단일로 - 기타,승용,여,43세,상해없음,보행자,여,6세,중상
2019081200100498,2019년 8월 12일 16시,월요일,경상북도 영천시 자양면,중상사고,0,1,1,0,차량단독 - 공작물충돌,안전운전불이행,건조,맑음,단일로 - 기타,화물,남,74세,경상,,,,
2019081200100499,2019년 8월 12일 16시,월요일,경상북도 경산시 압량면,경상사고,0,0,1,0,차대차 - 기타,안전운전불이행,건조,맑음,교차로 - 교차로부근,이륜,남,32세,상해없음,승용,남,23세,경상
2019081200100538,2019년 8월 12일 17시,월요일,경상북도 경주시 시래동,중상사고,0,1,0,0,차대차 - 정면충돌,중앙선침범,건조,맑음,교차로 - 교차로부근,승용,남,18세,상해없음,승용,여,60세,중상
2019081200100539,2019년 8월 12일 17시,월요일,경상북도 안동시 정하동,중상사고,0,1,0,0,차대차 - 측면충돌,안전운전불이행,건조,맑음,교차로 - 교차로부근,자전거,남,71세,중상,화물,남,38세,상해없음
2019081200100540,2019년 8월 12일 17시,월요일,경상북도 안동시 송천동,중상사고,0,1,3,0,차대차 - 추돌,안전운전불이행,건조,맑음,단일로 - 기타,승용,남,46세,상해없음,승용,여,40세,경상
2019081200100541,2019년 8월 12일 17시,월요일,경상북도 구미시 금전동,경상사고,0,0,1,0,차대차 - 기타,중앙선침범,건조,맑음,교차로 - 교차로부근,승용,남,48세,상해없음,승용,여,45세,경상
2019081200100581,2019년 8월 12일 18시,월요일,경상북도 상주시 서문동,경상사고,0,0,1,0,차대사람 - 길가장자리구역통행중,안전운전불이행,건조,맑음,단일로 - 기타,승용,여,48세,상해없음,보행자,여,19세,경상
2019081200100582,2019년 8월 12일 18시,월요일,경상북도 경산시 중방동,중상사고,0,1,0,0,차대차 - 측면충돌,안전운전불이행,건조,맑음,교차로 - 교차로안,승용,남,56세,상해없음,이륜,남,70세,중상
2019081200100583,2019년 8월 12일 18시,월요일,경상북도 경산시 자인면,중상사고,0,1,0,0,차대차 - 추돌,안전거리미확보,건조,맑음,단일로 - 기타,승용,남,70세,상해없음,승용,남,66세,상해없음
2019081200100621,2019년 8월 12일 19시,월요일,경상북도 포항시 남구 인덕동,경상사고,0,0,1,0,차대차 - 측면충돌,안전운전불이행,건조,맑음,교차로 - 교차로부근,승용,남,59세,상해없음,이륜,남,24세,경상
2019081200100650,2019년 8월 12일 20시,월요일,경상북도 칠곡군 북삼읍,경상사고,0,0,1,0,차대차 - 측면충돌,교차로운행방법위반,건조,맑음,교차로 - 교차로안,승용,남,57세,상해없음,승용,여,42세,경상
2019081200100651,2019년 8월 12일 20시,월요일,경상북도 포항시 남구 대잠동,경상사고,0,0,1,0,차대차 - 측면충돌,안전거리미확보,건조,맑음,단일로 - 고가도로위,승용,남,68세,상해없음,승용,남,54세,경상
2019081200100683,2019년 8월 12일 21시,월요일,경상북도 포항시 북구 죽도동,경상사고,0,0,1,0,차대사람 - 횡단중,안전운전불이행,건조,맑음,교차로 - 교차로안,승용,여,32세,기타불명,보행자,남,61세,경상
2019081200100684,2019년 8월 12일 21시,월요일,경상북도 안동시 용상동,경상사고,0,0,1,0,차대사람 - 길가장자리구역통행중,안전운전불이행,건조,맑음,단일로 - 기타,승용,남,60세,상해없음,보행자,남,45세,경상
2019081200100685,2019년 8월 12일 21시,월요일,경상북도 포항시 남구 일월동,부상신고사고,0,0,0,1,차대사람 - 기타,안전운전불이행,건조,맑음,단일로 - 기타,승용,남,53세,상해없음,보행자,남,20세,부상신고
2019081200100697,2019년 8월 12일 22시,월요일,경상북도 예천군 예천읍,경상사고,0,0,1,0,차대차 - 정면충돌,중앙선침범,건조,맑음,단일로 - 기타,승용,여,36세,상해없음,승용,남,34세,경상
2019081200100723,2019년 8월 12일 23시,월요일,경상북도 안동시 태화동,중상사고,0,1,2,0,차대차 - 추돌,안전운전불이행,건조,맑음,단일로 - 기타,승용,남,30세,경상,승용,여,41세,중상
2019081200100724,2019년 8월 12일 23시,월요일,경상북도 포항시 남구 대도동,경상사고,0,0,4,0,차대차 - 측면충돌,안전운전불이행,건조,맑음,단일로 - 기타,승용,여,67세,상해없음,승용,남,23세,경상
2019081200100725,2019년 8월 12일 23시,월요일,경상북도 고령군 성산면,경상사고,0,0,1,0,차대차 - 기타,안전운전불이행,건조,맑음,단일로 - 기타,승용,남,21세,상해없음,승용,여,45세,경상
2019081300100045,2019년 8월 13일 01시,화요일,경상북도 김천시 지좌동,경상사고,0,0,1,0,차대차 - 추돌,안전운전불이행,건조,맑음,단일로 - 기타,화물,남,46세,상해없음,승용,남,24세,경상
2019081300100061,2019년 8월 13일 04시,화요일,경상북도 청도군 청도읍,중상사고,0,1,0,0,차대차 - 후진중충돌,안전운전불이행,건조,기타,단일로 - 기타,승용,남,37세,상해없음,이륜,남,60세,중상
2019081300100069,2019년 8월 13일 05시,화요일,경상북도 상주시 무양동,경상사고,0,0,1,0,차대사람 - 기타,안전운전불이행,건조,맑음,단일로 - 기타,승용,남,57세,상해없음,보행자,남,63세,경상
2019081300100070,2019년 8월 13일 05시,화요일,경상북도 영양군 일월면,경상사고,0,0,2,0,차대차 - 측면충돌,직진우회전진행방해,건조,맑음,교차로 - 교차로안,승용,여,50세,경상,화물,남,78세,경상
2019081300100079,2019년 8월 13일 06시,화요일,경상북도 포항시 남구 해도동,경상사고,0,0,1,0,차대차 - 측면충돌,신호위반,건조,맑음,교차로 - 교차로안,이륜,남,60세,경상,승합,남,46세,상해없음
2019081300100131,2019년 8월 13일 08시,화요일,경상북도 경주시 외동읍,경상사고,0,0,2,0,차대차 - 정면충돌,중앙선침범,건조,맑음,교차로 - 교차로부근,승용,여,61세,경상,화물,남,56세,경상
2019081300100132,2019년 8월 13일 08시,화요일,경상북도 영천시 금노동,중상사고,0,2,1,0,차대차 - 측면충돌,중앙선침범,건조,맑음,교차로 - 교차로부근,승용,여,25세,중상,화물,남,62세,경상
2019081300100133,2019년 8월 13일 08시,화요일,경상북도 영천시 교촌동,경상사고,0,0,3,0,차대차 - 측면충돌,교차로운행방법위반,건조,맑음,교차로 - 교차로안,승용,남,57세,경상,승용,여,58세,경상
2019081300100134,2019년 8월 13일 08시,화요일,경상북도 문경시 모전동,경상사고,0,0,1,0,차대차 - 측면충돌,안전운전불이행,건조,맑음,교차로 - 교차로안,승용,여,47세,상해없음,승용,여,41세,경상
2019081300100163,2019년 8월 13일 09시,화요일,경상북도 포항시 북구 창포동,중상사고,0,1,1,0,차대차 - 추돌,안전운전불이행,건조,맑음,단일로 - 기타,승용,남,34세,상해없음,승용,남,40세,중상
2019081300100164,2019년 8월 13일 09시,화요일,경상북도 경산시 진량읍,경상사고,0,0,1,0,차대차 - 측면충돌,안전운전불이행,건조,맑음,단일로 - 기타,화물,남,78세,상해없음,화물,남,25세,경상
2019081300100203,2019년 8월 13일 10시,화요일,경상북도 안동시 옥야동,경상사고,0,0,1,0,차대차 - 기타,안전운전불이행,건조,맑음,단일로 - 기타,승용,남,36세,상해없음,화물,여,47세,경상
2019081300100204,2019년 8월 13일 10시,화요일,경상북도 안동시 삼산동,경상사고,0,0,1,0,차대사람 - 기타,안전운전불이행,건조,맑음,교차로 - 교차로부근,화물,남,40세,상해없음,보행자,여,23세,경상
2019081300100205,2019년 8월 13일 10시,화요일,경상북도 상주시 냉림동,경상사고,0,0,1,0,차대차 - 측면충돌,안전운전불이행,건조,맑음,단일로 - 기타,자전거,남,72세,경상,승용,남,30세,상해없음
2019081300100206,2019년 8월 13일 10시,화요일,경상북도 칠곡군 북삼읍,중상사고,0,1,0,0,차대사람 - 횡단중,신호위반,건조,맑음,교차로 - 교차로안,승합,남,63세,상해없음,보행자,여,26세,중상
2019081300100207,2019년 8월 13일 10시,화요일,경상북도 영천시 금호읍,경상사고,0,0,2,0,차대차 - 측면충돌,교차로운행방법위반,건조,맑음,교차로 - 교차로안,승용,여,48세,경상,화물,남,34세,경상
2019081300100244,2019년 8월 13일 11시,화요일,경상북도 경주시 광명동,경상사고,0,0,1,0,차량단독 - 기타,안전운전불이행,건조,맑음,단일로 - 기타,기타불명,기타불명,미분류,기타불명,,,,
2019081300100245,2019년 8월 13일 11시,화요일,경상북도 상주시 외답동,경상사고,0,0,1,0,차대차 - 측면충돌,안전운전불이행,건조,맑음,단일로 - 기타,승용,여,66세,상해없음,승용,남,67세,경상
2019081300100246,2019년 8월 13일 11시,화요일,경상북도 문경시 흥덕동,경상사고,0,0,1,0,차량단독 - 기타,안전운전불이행,건조,맑음,단일로 - 기타,이륜,남,74세,경상,,,,
2019081300100247,2019년 8월 13일 11시,화요일,경상북도 울진군 기성면,중상사고,0,1,0,0,차대차 - 측면충돌,직진우회전진행방해,건조,맑음,교차로 - 교차로안,승용,남,32세,상해없음,승용,여,59세,중상
2019081300100285,2019년 8월 13일 12시,화요일,경상북도 상주시 화동면,경상사고,0,0,2,0,차대차 - 측면충돌,교차로운행방법위반,건조,맑음,교차로 - 교차로안,승용,남,80세,경상,승용,남,62세,경상
2019081300100327,2019년 8월 13일 13시,화요일,경상북도 칠곡군 왜관읍,부상신고사고,0,0,0,1,차량단독 - 공작물충돌,안전운전불이행,건조,맑음,단일로 - 기타,화물,남,60세,부상신고,,,,
2019081300100328,2019년 8월 13일 13시,화요일,경상북도 영천시 문외동,경상사고,0,0,1,0,차대차 - 측면충돌,안전운전불이행,건조,맑음,교차로 - 교차로부근,화물,남,68세,상해없음,화물,남,56세,경상
2019081300100329,2019년 8월 13일 13시,화요일,경상북도 포항시 남구 연일읍,경상사고,0,0,1,0,차대차 - 측면충돌,안전거리미확보,건조,맑음,교차로 - 교차로부근,화물,남,58세,상해없음,승용,여,36세,경상
2019081300100330,2019년 8월 13일 13시,화요일,경상북도 포항시 남구 지곡동,중상사고,0,1,0,0,차대사람 - 기타,신호위반,건조,맑음,교차로 - 교차로횡단보도내,승용,여,59세,상해없음,보행자,남,28세,중상
2019081300100356,2019년 8월 13일 14시,화요일,경상북도 상주시 외답동,경상사고,0,0,2,0,차대차 - 측면충돌,중앙선침범,건조,맑음,단일로 - 기타,화물,남,39세,경상,승용,여,26세,경상
2019081300100399,2019년 8월 13일 15시,화요일,경상북도 경주시 외동읍,경상사고,0,0,1,0,차대차 - 추돌,교차로운행방법위반,건조,맑음,교차로 - 교차로부근,건설기계,남,49세,상해없음,승용,남,62세,경상
2019081300100400,2019년 8월 13일 15시,화요일,경상북도 문경시 산양면,사망사고,1,0,0,0,차량단독 - 기타,안전운전불이행,기타,맑음,기타 - 기타,사륜오토바이(ATV),남,84세,사망,,,,
2019081300100438,2019년 8월 13일 16시,화요일,경상북도 경주시 외동읍,경상사고,0,0,1,0,차대차 - 측면충돌,안전운전불이행,건조,맑음,단일로 - 기타,화물,남,52세,상해없음,승용,남,45세,경상
2019081300100439,2019년 8월 13일 16시,화요일,경상북도 포항시 북구 청하면,경상사고,0,0,1,0,차대차 - 추돌,안전운전불이행,건조,맑음,단일로 - 기타,화물,남,44세,상해없음,승용,여,35세,경상
2019081300100440,2019년 8월 13일 16시,화요일,경상북도 상주시 서문동,중상사고,0,1,0,0,차대차 - 측면충돌,중앙선침범,건조,맑음,단일로 - 기타,이륜,남,28세,상해없음,자전거,여,66세,중상
2019081300100441,2019년 8월 13일 16시,화요일,경상북도 영주시 휴천동,중상사고,0,1,0,0,차대차 - 기타,중앙선침범,건조,맑음,단일로 - 기타,승용,남,67세,상해없음,자전거,남,82세,중상
2019081300100442,2019년 8월 13일 16시,화요일,경상북도 경산시 중방동,경상사고,0,0,2,0,차대차 - 정면충돌,안전운전불이행,건조,맑음,단일로 - 기타,승용,남,51세,경상,승용,여,54세,경상
2019081300100443,2019년 8월 13일 16시,화요일,경상북도 울진군 후포면,중상사고,0,1,0,0,차대차 - 측면충돌,신호위반,건조,맑음,교차로 - 교차로안,승용,여,39세,상해없음,승용,여,56세,중상
2019081300100444,2019년 8월 13일 16시,화요일,경상북도 구미시 송정동,경상사고,0,0,1,0,차대차 - 기타,안전거리미확보,건조,맑음,교차로 - 교차로부근,승용,남,70세,경상,승용,남,52세,상해없음
2019081300100445,2019년 8월 13일 16시,화요일,경상북도 포항시 남구 대잠동,경상사고,0,0,1,0,차대차 - 기타,교차로운행방법위반,건조,맑음,교차로 - 교차로안,승용,여,54세,상해없음,승용,여,31세,경상
2019081300100530,2019년 8월 13일 18시,화요일,경상북도 포항시 북구 흥해읍,경상사고,0,0,1,0,차대차 - 측면충돌,교차로운행방법위반,건조,맑음,교차로 - 교차로안,승용,여,33세,상해없음,승용,남,30세,경상
2019081300100531,2019년 8월 13일 18시,화요일,경상북도 경산시 사동,경상사고,0,0,2,0,차대차 - 추돌,안전운전불이행,건조,맑음,교차로 - 교차로부근,승용,남,50세,상해없음,승용,여,58세,경상
2019081300100532,2019년 8월 13일 18시,화요일,경상북도 구미시 선산읍,중상사고,0,1,0,0,차대차 - 측면충돌,직진우회전진행방해,건조,맑음,교차로 - 교차로안,화물,남,27세,상해없음,원동기,남,75세,중상
2019081300100578,2019년 8월 13일 19시,화요일,경상북도 안동시 풍산읍,사망사고,1,0,0,0,차대차 - 측면충돌,안전운전불이행,건조,맑음,단일로 - 기타,승용,남,46세,상해없음,이륜,남,71세,사망
2019081300100579,2019년 8월 13일 19시,화요일,경상북도 상주시 남성동,경상사고,0,0,1,0,차대차 - 측면충돌,직진우회전진행방해,건조,맑음,교차로 - 교차로안,승용,여,64세,상해없음,이륜,남,18세,경상
2019081300100580,2019년 8월 13일 19시,화요일,경상북도 구미시 공단동,중상사고,0,1,0,0,차대차 - 측면충돌,직진우회전진행방해,건조,맑음,교차로 - 교차로안,승용,남,29세,상해없음,이륜,남,53세,중상
2019081300100616,2019년 8월 13일 20시,화요일,경상북도 포항시 남구 오천읍,경상사고,0,0,2,0,차대차 - 측면충돌,안전운전불이행,건조,맑음,교차로 - 교차로안,승용,남,27세,상해없음,승용,남,24세,경상
2019081300100658,2019년 8월 13일 21시,화요일,경상북도 경주시 동천동,경상사고,0,0,3,0,차대차 - 추돌,안전운전불이행,건조,맑음,단일로 - 지하차도(도로)내,승용,남,56세,경상,승용,남,37세,경상
2019081300100659,2019년 8월 13일 21시,화요일,경상북도 칠곡군 동명면,사망사고,1,0,1,0,차대사람 - 횡단중,안전운전불이행,건조,맑음,단일로 - 기타,승용,남,62세,경상,보행자,남,54세,사망
2019081300100660,2019년 8월 13일 21시,화요일,경상북도 예천군 유천면,경상사고,0,0,2,0,차대사람 - 차도통행중,안전운전불이행,건조,맑음,교차로 - 교차로부근,승용,남,19세,상해없음,보행자,남,20세,경상
2019081300100690,2019년 8월 13일 22시,화요일,경상북도 경산시 하양읍,경상사고,0,0,2,0,차대차 - 추돌,안전운전불이행,건조,맑음,단일로 - 기타,승용,남,27세,상해없음,승용,남,22세,경상
2019081300100712,2019년 8월 13일 23시,화요일,경상북도 포항시 남구 대도동,경상사고,0,0,2,1,차대차 - 측면충돌,불법유턴,건조,맑음,단일로 - 기타,승용,남,64세,상해없음,승용,남,42세,부상신고
2019081400100060,2019년 8월 14일 02시,수요일,경상북도 영주시 봉현면,경상사고,0,0,1,1,차량단독 - 전도전복 - 전도,안전운전불이행,건조,맑음,교차로 - 교차로안,이륜,남,21세,경상,,,,
2019081400100123,2019년 8월 14일 07시,수요일,경상북도 의성군 단밀면,중상사고,0,1,0,0,차대차 - 측면충돌,직진우회전진행방해,건조,맑음,교차로 - 교차로안,승용,남,66세,상해없음,이륜,남,58세,중상
2019081400100163,2019년 8월 14일 08시,수요일,경상북도 경주시 안강읍,중상사고,0,1,0,0,차량단독 - 기타,안전운전불이행,건조,맑음,단일로 - 기타,이륜,여,72세,중상,,,,