사고번호,사고일시,요일,시군구,사고내용,사망자수,중상자수,경상자수,부상신고자수,사고유형,법규위반,노면상태,기상상태,도로형태,가해운전자 차종,가해운전자 성별,가해운전자 연령,가해운전자 상해정도,피해운전자 차종,피해운전자 성별,피해운전자 연령,피해운전자 상해정도
2019082300100228,2019년 8월 23일 10시,금요일,경상북도 포항시 남구 연일읍,경상사고,0,0,1,0,차대차 - 측면충돌,직진우회전진행방해,건조,맑음,교차로 - 교차로안,승용,남,76세,상해없음,승용,남,26세,경상
2019082300100256,2019년 8월 23일 11시,금요일,경상북도 경주시 서면,중상사고,0,1,1,0,차대차 - 측면충돌,안전운전불이행,건조,맑음,교차로 - 교차로안,화물,남,50세,상해없음,승용,여,49세,경상
2019082300100257,2019년 8월 23일 11시,금요일,경상북도 포항시 북구 항구동,경상사고,0,0,1,0,차대차 - 측면충돌,안전운전불이행,건조,맑음,교차로 - 교차로안,자전거,여,62세,경상,승용,남,60세,상해없음
2019082300100258,2019년 8월 23일 11시,금요일,경상북도 상주시 함창읍,경상사고,0,0,1,0,차대차 - 측면충돌,직진우회전진행방해,건조,맑음,교차로 - 교차로안,승용,남,63세,상해없음,화물,남,28세,경상
2019082300100290,2019년 8월 23일 12시,금요일,경상북도 구미시 고아읍,사망사고,1,0,0,0,차량단독 - 도로외이탈 - 추락,안전운전불이행,건조,맑음,단일로 - 기타,이륜,남,51세,사망,,,,
2019082300100323,2019년 8월 23일 13시,금요일,경상북도 문경시 문경읍,경상사고,0,0,4,0,차대차 - 추돌,안전운전불이행,건조,맑음,기타 - 기타,승용,남,47세,경상,승용,여,53세,경상
2019082300100324,2019년 8월 23일 13시,금요일,경상북도 영덕군 지품면,경상사고,0,0,1,0,차량단독 - 전도전복 - 전도,안전운전불이행,건조,맑음,단일로 - 기타,이륜,남,72세,경상,,,,
2019082300100388,2019년 8월 23일 15시,금요일,경상북도 경주시 건천읍,부상신고사고,0,0,0,1,차대차 - 측면충돌,중앙선침범,건조,맑음,단일로 - 기타,이륜,남,83세,부상신고,승용,여,58세,상해없음
2019082300100389,2019년 8월 23일 15시,금요일,경상북도 김천시 어모면,경상사고,0,0,2,0,차대차 - 측면충돌,안전운전불이행,건조,맑음,교차로 - 교차로안,화물,남,69세,상해없음,화물,남,51세,경상
2019082300100390,2019년 8월 23일 15시,금요일,경상북도 구미시 봉곡동,경상사고,0,0,1,0,차대사람 - 기타,안전운전불이행,건조,맑음,교차로 - 교차로부근,승용,남,60세,상해없음,보행자,여,45세,경상
2019082300100391,2019년 8월 23일 15시,금요일,경상북도 구미시 도개면,부상신고사고,0,0,0,2,차대차 - 기타,안전운전불이행,건조,맑음,교차로 - 교차로안,이륜,남,70세,부상신고,승용,여,43세,부상신고
2019082300100427,2019년 8월 23일 16시,금요일,경상북도 경주시 성건동,경상사고,0,0,1,0,차대차 - 측면충돌,안전운전불이행,건조,맑음,교차로 - 교차로부근,승용,남,63세,상해없음,승용,남,28세,경상
2019082300100428,2019년 8월 23일 16시,금요일,경상북도 상주시 서문동,경상사고,0,0,1,0,차대차 - 추돌,안전운전불이행,건조,맑음,단일로 - 기타,화물,남,43세,상해없음,이륜,남,23세,경상
2019082300100429,2019년 8월 23일 16시,금요일,경상북도 칠곡군 석적읍,경상사고,0,0,1,0,차대사람 - 횡단중,보행자보호의무위반,건조,맑음,교차로 - 교차로부근,승합,남,59세,상해없음,보행자,여,6세,경상
2019082300100485,2019년 8월 23일 17시,금요일,경상북도 포항시 북구 장성동,경상사고,0,0,1,0,차대차 - 측면충돌,중앙선침범,건조,맑음,단일로 - 기타,승용,남,26세,상해없음,이륜,남,35세,경상
2019082300100486,2019년 8월 23일 17시,금요일,경상북도 영주시 하망동,부상신고사고,0,0,0,1,차대차 - 기타,교차로운행방법위반,건조,맑음,교차로 - 교차로부근,화물,남,57세,상해없음,사륜오토바이(ATV),남,86세,부상신고
2019082300100487,2019년 8월 23일 17시,금요일,경상북도 성주군 성주읍,경상사고,0,0,2,0,차대차 - 기타,안전운전불이행,건조,맑음,교차로 - 교차로안,이륜,남,60세,경상,이륜,남,31세,경상
2019082300100488,2019년 8월 23일 17시,금요일,경상북도 고령군 다산면,경상사고,0,0,1,0,차대차 - 추돌,안전운전불이행,건조,맑음,교차로 - 교차로안,승용,남,65세,상해없음,승용,남,56세,경상
2019082300100489,2019년 8월 23일 17시,금요일,경상북도 구미시 원평동,중상사고,0,1,0,0,차대차 - 측면충돌,직진우회전진행방해,건조,맑음,교차로 - 교차로안,승용,여,45세,상해없음,이륜,남,82세,중상
2019082300100490,2019년 8월 23일 17시,금요일,경상북도 칠곡군 가산면,중상사고,0,1,2,0,차대차 - 추돌,안전운전불이행,건조,맑음,단일로 - 기타,승합,남,50세,상해없음,승용,남,51세,경상
2019082300100548,2019년 8월 23일 18시,금요일,경상북도 문경시 문경읍,경상사고,0,0,2,0,차대차 - 측면충돌,직진우회전진행방해,건조,맑음,교차로 - 교차로안,승용,여,58세,경상,화물,남,66세,경상
2019082300100549,2019년 8월 23일 18시,금요일,경상북도 경산시 삼북동,경상사고,0,0,1,0,차대차 - 정면충돌,신호위반,건조,맑음,교차로 - 교차로횡단보도내,승용,남,31세,상해없음,자전거,남,11세,경상
2019082300100584,2019년 8월 23일 19시,금요일,경상북도 김천시 평화동,경상사고,0,0,1,0,차대차 - 측면충돌,안전운전불이행,건조,맑음,단일로 - 기타,승용,남,57세,상해없음,승용,여,28세,기타불명
2019082300100585,2019년 8월 23일 19시,금요일,경상북도 청도군 청도읍,중상사고,0,1,0,0,차대사람 - 횡단중,보행자보호의무위반,건조,기타,교차로 - 교차로부근,승용,여,39세,상해없음,보행자,여,58세,중상
2019082300100625,2019년 8월 23일 20시,금요일,경상북도 칠곡군 왜관읍,경상사고,0,0,2,0,차대차 - 기타,교차로운행방법위반,건조,맑음,교차로 - 교차로안,이륜,남,74세,경상,승용,여,38세,경상
2019082300100626,2019년 8월 23일 20시,금요일,경상북도 문경시 산북면,경상사고,0,0,3,0,차대차 - 측면충돌,안전운전불이행,건조,맑음,교차로 - 교차로안,승용,여,32세,경상,승용,남,61세,경상
2019082300100653,2019년 8월 23일 21시,금요일,경상북도 경주시 동천동,경상사고,0,0,2,0,차대차 - 측면충돌,안전운전불이행,건조,맑음,교차로 - 교차로안,승용,남,61세,상해없음,승용,남,48세,상해없음
2019082300100654,2019년 8월 23일 21시,금요일,경상북도 칠곡군 북삼읍,부상신고사고,0,0,0,1,차량단독 - 기타,안전운전불이행,건조,맑음,교차로 - 교차로안,이륜,남,21세,부상신고,,,,
2019082300100655,2019년 8월 23일 21시,금요일,경상북도 구미시 송정동,중상사고,0,1,1,0,차대차 - 기타,안전운전불이행,건조,맑음,교차로 - 교차로부근,승용,남,44세,상해없음,승용,남,52세,경상
2019082300100689,2019년 8월 23일 22시,금요일,경상북도 구미시 원평동,경상사고,0,0,1,0,차대차 - 측면충돌,안전거리미확보,건조,맑음,교차로 - 교차로안,승용,남,24세,상해없음,원동기,남,20세,경상
2019082300100690,2019년 8월 23일 22시,금요일,경상북도 포항시 남구 호동,중상사고,0,1,0,0,차대차 - 추돌,안전운전불이행,건조,맑음,단일로 - 기타,이륜,남,24세,중상,승용,여,38세,상해없음
2019082400100041,2019년 8월 24일 00시,토요일,경상북도 경산시 중방동,부상신고사고,0,0,0,1,차대사람 - 기타,안전운전불이행,건조,맑음,단일로 - 기타,기타불명,기타불명,미분류,기타불명,보행자,남,47세,부상신고
2019082400100056,2019년 8월 24일 01시,토요일,경상북도 칠곡군 약목면,중상사고,0,1,0,0,차량단독 - 전도전복 - 전도,안전운전불이행,건조,맑음,교차로 - 교차로안,이륜,남,15세,중상,,,,
2019082400100057,2019년 8월 24일 01시,토요일,경상북도 구미시 인의동,부상신고사고,0,0,0,1,차량단독 - 도로외이탈 - 추락,안전운전불이행,건조,맑음,기타 - 기타,승용,남,32세,부상신고,,,,
2019082400100103,2019년 8월 24일 04시,토요일,경상북도 경주시 서악동,경상사고,0,0,3,0,차대차 - 측면충돌,안전운전불이행,건조,맑음,교차로 - 교차로부근,승용,남,69세,상해없음,승용,남,60세,경상
2019082400100123,2019년 8월 24일 06시,토요일,경상북도 경주시 황오동,중상사고,0,1,0,0,차대차 - 추돌,중앙선침범,건조,맑음,교차로 - 교차로부근,승용,여,71세,상해없음,승용,여,52세,중상
2019082400100145,2019년 8월 24일 07시,토요일,경상북도 영천시 북안면,부상신고사고,0,0,0,1,차대차 - 기타,안전운전불이행,건조,맑음,단일로 - 기타,승용,남,26세,기타불명,화물,남,39세,부상신고
2019082400100180,2019년 8월 24일 09시,토요일,경상북도 영주시 부석면,중상사고,0,1,4,0,차대차 - 측면충돌,안전운전불이행,건조,맑음,교차로 - 교차로안,화물,남,81세,경상,승용,남,57세,경상
2019082400100181,2019년 8월 24일 09시,토요일,경상북도 칠곡군 왜관읍,경상사고,0,0,1,0,차대차 - 측면충돌,교차로운행방법위반,건조,맑음,교차로 - 교차로안,승용,남,62세,상해없음,자전거,남,43세,경상
2019082400100211,2019년 8월 24일 10시,토요일,경상북도 김천시 구성면,경상사고,0,0,1,0,차량단독 - 전도전복 - 전도,안전운전불이행,건조,맑음,단일로 - 기타,농기계,남,72세,경상,,,,
2019082400100212,2019년 8월 24일 10시,토요일,경상북도 청도군 풍각면,경상사고,0,0,1,0,차량단독 - 도로외이탈 - 추락,안전운전불이행,건조,맑음,기타 - 기타,농기계,남,53세,경상,,,,
2019082400100213,2019년 8월 24일 10시,토요일,경상북도 포항시 남구 연일읍,경상사고,0,0,1,0,차대차 - 측면충돌,안전운전불이행,건조,맑음,교차로 - 교차로부근,화물,남,42세,상해없음,승용,남,77세,상해없음
2019082400100214,2019년 8월 24일 10시,토요일,경상북도 영천시 신령면,중상사고,0,1,0,0,차대차 - 기타,안전운전불이행,건조,맑음,단일로 - 기타,승합,남,60세,상해없음,승용,여,31세,중상
2019082400100246,2019년 8월 24일 11시,토요일,경상북도 경주시 구황동,경상사고,0,0,2,0,차대차 - 측면충돌,안전운전불이행,건조,맑음,단일로 - 지하차도(도로)내,승용,남,64세,상해없음,화물,남,50세,경상
2019082400100247,2019년 8월 24일 11시,토요일,경상북도 포항시 북구 기계면,경상사고,0,0,2,0,차대차 - 정면충돌,직진우회전진행방해,건조,맑음,교차로 - 교차로안,승용,여,53세,경상,화물,남,32세,경상
2019082400100248,2019년 8월 24일 11시,토요일,경상북도 구미시 도량동,중상사고,0,1,0,0,차대차 - 추돌,안전운전불이행,건조,맑음,교차로 - 교차로부근,화물,남,59세,상해없음,승용,남,29세,중상
2019082400100289,2019년 8월 24일 12시,토요일,경상북도 구미시 구포동,경상사고,0,0,1,0,차대차 - 정면충돌,신호위반,건조,맑음,교차로 - 교차로안,승용,남,74세,상해없음,승용,남,31세,경상
2019082400100319,2019년 8월 24일 13시,토요일,경상북도 경주시 용강동,경상사고,0,0,1,0,차대차 - 측면충돌,안전운전불이행,건조,맑음,단일로 - 지하차도(도로)내,자전거,여,81세,경상,승용,여,39세,상해없음
2019082400100359,2019년 8월 24일 14시,토요일,경상북도 안동시 태화동,경상사고,0,0,4,0,차대차 - 정면충돌,안전운전불이행,건조,맑음,교차로 - 교차로안,승용,여,45세,경상,화물,남,50세,경상
2019082400100360,2019년 8월 24일 14시,토요일,경상북도 포항시 남구 상도동,경상사고,0,0,2,0,차대차 - 기타,안전운전불이행,건조,맑음,단일로 - 기타,승용,남,73세,상해없음,승용,여,40세,경상
2019082400100381,2019년 8월 24일 15시,토요일,경상북도 포항시 북구 흥해읍,중상사고,0,1,0,0,차대차 - 기타,중앙선침범,건조,맑음,교차로 - 교차로부근,승용,남,50세,상해없음,화물,남,48세,상해없음
2019082400100382,2019년 8월 24일 15시,토요일,경상북도 영천시 청통면,경상사고,0,0,1,0,차량단독 - 공작물충돌,안전운전불이행,건조,맑음,단일로 - 기타,승용,남,57세,경상,,,,
2019082400100383,2019년 8월 24일 15시,토요일,경상북도 영덕군 영덕읍,경상사고,0,0,1,0,차대차 - 후진중충돌,안전운전불이행,건조,맑음,단일로 - 기타,승용,남,29세,상해없음,이륜,남,74세,경상
2019082400100418,2019년 8월 24일 16시,토요일,경상북도 상주시 냉림동,경상사고,0,0,1,0,차대사람 - 횡단중,안전운전불이행,건조,맑음,단일로 - 기타,화물,남,62세,상해없음,보행자,여,6세,경상
2019082400100419,2019년 8월 24일 16시,토요일,경상북도 경산시 와촌면,중상사고,0,1,0,0,차대차 - 기타,안전운전불이행,건조,맑음,단일로 - 기타,승용,여,56세,상해없음,승용,남,63세,중상
2019082400100463,2019년 8월 24일 17시,토요일,경상북도 경주시 노서동,경상사고,0,0,1,0,차대차 - 추돌,안전운전불이행,건조,맑음,교차로 - 교차로안,승용,남,24세,상해없음,승용,남,50세,경상
2019082400100464,2019년 8월 24일 17시,토요일,경상북도 예천군 개포면,중상사고,0,1,1,0,차대사람 - 차도통행중,안전운전불이행,건조,맑음,교차로 - 교차로안,승용,남,36세,상해없음,보행자,여,70세,중상
2019082400100494,2019년 8월 24일 18시,토요일,경상북도 칠곡군 동명면,중상사고,0,1,0,0,차대차 - 측면충돌,차로위반,건조,맑음,단일로 - 기타,승용,남,56세,상해없음,승용,남,60세,중상
2019082400100495,2019년 8월 24일 18시,토요일,경상북도 성주군 초전면,경상사고,0,0,1,0,차대차 - 측면충돌,신호위반,건조,맑음,교차로 - 교차로안,승용,남,51세,상해없음,자전거,남,68세,경상
2019082400100527,2019년 8월 24일 19시,토요일,경상북도 포항시 북구 장성동,중상사고,0,1,0,0,차대사람 - 기타,안전운전불이행,건조,맑음,단일로 - 기타,승용,남,19세,상해없음,보행자,남,62세,중상
2019082400100528,2019년 8월 24일 19시,토요일,경상북도 칠곡군 왜관읍,경상사고,0,0,1,1,차대차 - 측면충돌,신호위반,건조,맑음,교차로 - 교차로안,이륜,남,16세,경상,승용,남,48세,부상신고
2019082400100529,2019년 8월 24일 19시,토요일,경상북도 영천시 망정동,경상사고,0,0,1,0,차대차 - 기타,안전운전불이행,건조,맑음,교차로 - 교차로부근,승용,남,39세,상해없음,승용,여,58세,경상
2019082400100530,2019년 8월 24일 19시,토요일,경상북도 경산시 대평동,경상사고,0,0,1,0,차대차 - 기타,교차로운행방법위반,건조,맑음,교차로 - 교차로안,이륜,남,52세,기타불명,이륜,남,55세,경상
2019082400100531,2019년 8월 24일 19시,토요일,경상북도 성주군 성주읍,경상사고,0,0,1,0,차대차 - 정면충돌,기타,건조,맑음,교차로 - 교차로안,이륜,남,27세,경상,승용,여,39세,상해없음
2019082400100562,2019년 8월 24일 20시,토요일,경상북도 봉화군 물야면,경상사고,0,0,1,0,차량단독 - 공작물충돌,안전운전불이행,건조,맑음,단일로 - 기타,승용,남,61세,경상,,,,
2019082400100599,2019년 8월 24일 21시,토요일,경상북도 경주시 동천동,중상사고,0,1,0,0,차대차 - 측면충돌,직진우회전진행방해,건조,맑음,교차로 - 교차로안,승용,남,55세,상해없음,이륜,남,17세,중상
2019082400100600,2019년 8월 24일 21시,토요일,경상북도 구미시 원평동,경상사고,0,0,1,0,차대차 - 기타,안전운전불이행,건조,맑음,단일로 - 기타,승용,남,23세,상해없음,이륜,남,59세,경상
2019082400100631,2019년 8월 24일 22시,토요일,경상북도 영주시 가흥동,경상사고,0,0,2,1,차대차 - 측면충돌,안전운전불이행,건조,맑음,교차로 - 교차로안,승용,남,65세,상해없음,승용,남,23세,부상신고
2019082500100019,2019년 8월 25일 00시,일요일,경상북도 경산시 진량읍,중상사고,0,1,0,0,차량단독 - 전도전복 - 전도,안전운전불이행,,비,단일로 - 기타,이륜,남,90세 이상,중상,,,35세,
2019082500100020,2019년 8월 25일 00시,일요일,경상북도 구미시 고아읍,중상사고,0,1,0,0,차대사람 - 횡단중,보행자보호의무위반,건조,맑음,교차로 - 교차로안,승용,남,55세,상해없음,보행자,남,38세,중상
2019082500100034,2019년 8월 25일 01시,일요일,경상북도 경주시 성건동,경상사고,0,0,1,0,차대사람 - 횡단중,안전운전불이행,건조,맑음,교차로 - 교차로부근,승용,여,66세,상해없음,보행자,남,26세,경상
2019082500100035,2019년 8월 25일 01시,일요일,경상북도 봉화군 석포면,경상사고,0,0,1,0,차량단독 - 공작물충돌,안전운전불이행,건조,맑음,단일로 - 기타,승용,남,51세,경상,,,,
2019082500100046,2019년 8월 25일 02시,일요일,경상북도 안동시 정하동,경상사고,0,0,1,0,차량단독 - 공작물충돌,기타,건조,맑음,단일로 - 기타,이륜,남,17세,경상,,,,
2019082500100047,2019년 8월 25일 02시,일요일,경상북도 울진군 후포면,중상사고,0,2,0,0,차대차 - 기타,불법유턴,건조,맑음,단일로 - 기타,승용,남,47세,상해없음,이륜,남,18세,중상
2019082500100067,2019년 8월 25일 04시,일요일,경상북도 포항시 남구 오천읍,중상사고,0,1,0,0,차대차 - 기타,중앙선침범,건조,맑음,단일로 - 기타,자전거,남,82세,중상,승용,남,52세,상해없음
2019082500100080,2019년 8월 25일 05시,일요일,경상북도 청도군 금천면,경상사고,0,0,1,0,차대차 - 측면충돌,기타,건조,흐림,교차로 - 교차로부근,승용,남,77세,상해없음,승용,남,62세,경상
2019082500100088,2019년 8월 25일 06시,일요일,경상북도 경산시 서상동,경상사고,0,0,1,0,차대차 - 측면충돌,신호위반,건조,맑음,교차로 - 교차로안,승용,남,58세,기타불명,화물,남,43세,경상
2019082500100095,2019년 8월 25일 07시,일요일,경상북도 안동시 예안면,경상사고,0,0,3,0,차대차 - 측면충돌,직진우회전진행방해,건조,맑음,교차로 - 교차로안,화물,남,70세,상해없음,승용,남,58세,경상
2019082500100096,2019년 8월 25일 07시,일요일,경상북도 포항시 남구 해도동,경상사고,0,0,2,0,차대차 - 추돌,안전운전불이행,건조,맑음,교차로 - 교차로부근,승용,남,58세,상해없음,승용,남,40세,경상
2019082500100123,2019년 8월 25일 09시,일요일,경상북도 상주시 낙동면,경상사고,0,0,3,0,차대차 - 측면충돌,안전운전불이행,건조,맑음,교차로 - 교차로안,승용,남,27세,경상,승용,남,51세,경상
2019082500100145,2019년 8월 25일 10시,일요일,경상북도 구미시 고아읍,중상사고,0,1,0,0,차량단독 - 기타,안전운전불이행,건조,맑음,단일로 - 기타,자전거,남,44세,중상,,,,
2019082500100146,2019년 8월 25일 10시,일요일,경상북도 포항시 남구 오천읍,경상사고,0,0,1,0,차대차 - 기타,중앙선침범,건조,맑음,교차로 - 교차로부근,자전거,남,14세,경상,승용,여,67세,상해없음
2019082500100170,2019년 8월 25일 11시,일요일,경상북도 김천시 대덕면,중상사고,0,1,0,0,차대차 - 측면충돌,안전운전불이행,건조,맑음,기타 - 기타,화물,남,59세,상해없음,이륜,남,34세,중상
2019082500100204,2019년 8월 25일 12시,일요일,경상북도 칠곡군 약목면,경상사고,0,0,1,0,차량단독 - 기타,안전운전불이행,건조,맑음,단일로 - 기타,이륜,남,48세,경상,,,,
2019082500100205,2019년 8월 25일 12시,일요일,경상북도 구미시 신평동,부상신고사고,0,0,0,1,차대차 - 기타,안전운전불이행,건조,맑음,단일로 - 기타,기타불명,기타불명,미분류,기타불명,이륜,남,81세,부상신고
2019082500100235,2019년 8월 25일 13시,일요일,경상북도 상주시 모동면,중상사고,0,2,0,0,차량단독 - 공작물충돌,안전운전불이행,건조,맑음,단일로 - 기타,화물,남,66세,중상,,,,
2019082500100270,2019년 8월 25일 14시,일요일,경상북도 구미시 신평동,경상사고,0,0,4,0,차대차 - 기타,안전거리미확보,건조,맑음,단일로 - 기타,승용,여,55세,상해없음,승용,남,39세,상해없음
2019082500100303,2019년 8월 25일 15시,일요일,경상북도 안동시 당북동,경상사고,0,0,1,0,차대차 - 기타,안전운전불이행,건조,맑음,단일로 - 기타,승용,여,56세,상해없음,자전거,남,74세,경상
2019082500100304,2019년 8월 25일 15시,일요일,경상북도 울진군 북면,중상사고,0,1,0,0,차대차 - 측면충돌,안전운전불이행,건조,맑음,단일로 - 기타,화물,남,58세,상해없음,이륜,여,35세,중상
2019082500100305,2019년 8월 25일 15시,일요일,경상북도 포항시 남구 오천읍,중상사고,0,1,0,0,차대사람 - 횡단중,안전운전불이행,건조,맑음,교차로 - 교차로부근,승용,여,44세,상해없음,보행자,여,83세,중상
2019082500100343,2019년 8월 25일 16시,일요일,경상북도 경주시 내남면,중상사고,0,1,0,0,차대차 - 측면충돌,안전운전불이행,건조,맑음,교차로 - 교차로안,승용,여,22세,상해없음,승용,여,35세,중상
2019082500100344,2019년 8월 25일 16시,일요일,경상북도 안동시 임하면,경상사고,0,0,1,0,차대차 - 기타,안전운전불이행,건조,맑음,단일로 - 기타,화물,남,67세,상해없음,승용,남,41세,경상
2019082500100345,2019년 8월 25일 16시,일요일,경상북도 성주군 수륜면,경상사고,0,0,1,0,차량단독 - 전도전복 - 전도,안전운전불이행,기타,맑음,단일로 - 기타,이륜,남,41세,경상,,,,
2019082500100346,2019년 8월 25일 16시,일요일,경상북도 구미시 송정동,경상사고,0,0,1,0,차대차 - 측면충돌,교차로운행방법위반,건조,맑음,교차로 - 교차로안,승용,남,58세,상해없음,원동기,남,30세,경상
2019082500100367,2019년 8월 25일 17시,일요일,경상북도 경주시 인왕동,경상사고,0,0,1,0,차대차 - 측면충돌,안전운전불이행,건조,맑음,단일로 - 기타,승용,남,40세,상해없음,이륜,남,82세,경상
2019082500100368,2019년 8월 25일 17시,일요일,경상북도 경주시 외동읍,경상사고,0,0,1,0,차대차 - 측면충돌,안전운전불이행,건조,맑음,단일로 - 지하차도(도로)내,승용,남,70세,상해없음,승용,남,64세,경상
2019082500100402,2019년 8월 25일 18시,일요일,경상북도 포항시 북구 두호동,중상사고,0,1,0,0,차대차 - 측면충돌,안전운전불이행,건조,맑음,교차로 - 교차로안,승용,남,60세,상해없음,화물,남,47세,중상
2019082500100403,2019년 8월 25일 18시,일요일,경상북도 안동시 와룡면,경상사고,0,0,1,0,차대차 - 측면충돌,기타,건조,맑음,단일로 - 기타,승합,남,53세,상해없음,자전거,남,39세,경상
2019082500100404,2019년 8월 25일 18시,일요일,경상북도 영덕군 영해면,경상사고,0,0,2,0,차대차 - 측면충돌,직진우회전진행방해,건조,맑음,교차로 - 교차로안,승용,남,26세,상해없음,화물,남,67세,경상
2019082500100440,2019년 8월 25일 19시,일요일,경상북도 포항시 북구 죽도동,중상사고,0,1,0,0,차대차 - 측면충돌,신호위반,건조,맑음,교차로 - 교차로안,승용,남,57세,상해없음,이륜,남,30세,중상
2019082500100441,2019년 8월 25일 19시,일요일,경상북도 구미시 원평동,중상사고,0,1,0,0,차대차 - 기타,신호위반,건조,맑음,교차로 - 교차로안,기타불명,남,30세,중상,승용,여,38세,상해없음
2019082500100475,2019년 8월 25일 20시,일요일,경상북도 경주시 외동읍,경상사고,0,0,1,0,차대차 - 측면충돌,차로위반,건조,맑음,단일로 - 기타,승용,남,63세,상해없음,승용,남,35세,상해없음
2019082500100476,2019년 8월 25일 20시,일요일,경상북도 경산시 중방동,경상사고,0,0,1,0,차대차 - 추돌,안전거리미확보,건조,맑음,교차로 - 교차로부근,승용,남,35세,상해없음,승용,여,52세,경상
2019082500100477,2019년 8월 25일 20시,일요일,경상북도 영덕군 영해면,중상사고,0,1,0,0,차대사람 - 길가장자리구역통행중,안전운전불이행,건조,맑음,단일로 - 기타,승용,여,47세,상해없음,보행자,남,7세,중상
2019082500100533,2019년 8월 25일 23시,일요일,경상북도 김천시 평화동,경상사고,0,0,1,0,차대차 - 측면충돌,안전운전불이행,건조,맑음,단일로 - 기타,승용,남,24세,경상,화물,남,31세,상해없음
2019082600100043,2019년 8월 26일 01시,월요일,경상북도 안동시 옥동,경상사고,0,0,1,0,차대차 - 기타,안전운전불이행,건조,맑음,단일로 - 기타,승용,여,25세,상해없음,승용,여,26세,경상
2019082600100044,2019년 8월 26일 01시,월요일,경상북도 포항시 남구 상도동,경상사고,0,0,2,0,차대차 - 측면충돌,기타,건조,맑음,교차로 - 교차로부근,승용,남,72세,상해없음,이륜,남,51세,경상
2019082600100063,2019년 8월 26일 04시,월요일,경상북도 경주시 건천읍,경상사고,0,0,1,0,차대차 - 측면충돌,안전운전불이행,건조,맑음,교차로 - 교차로안,승용,여,64세,경상,화물,남,60세,상해없음
2019082600100074,2019년 8월 26일 05시,월요일,경상북도 경주시 황남동,중상사고,0,1,0,0,차대사람 - 횡단중,보행자보호의무위반,건조,맑음,교차로 - 교차로횡단보도내,승용,남,37세,상해없음,보행자,여,70세,중상
2019082600100092,2019년 8월 26일 06시,월요일,경상북도 안동시 풍산읍,경상사고,0,0,1,0,차대사람 - 기타,안전운전불이행,건조,맑음,단일로 - 기타,승용,남,65세,상해없음,보행자,여,23세,경상
2019082600100093,2019년 8월 26일 06시,월요일,경상북도 의성군 의성읍,경상사고,0,0,1,0,차량단독 - 공작물충돌,안전운전불이행,건조,맑음,단일로 - 기타,승용,여,61세,경상,,,,
2019082600100094,2019년 8월 26일 06시,월요일,경상북도 울진군 울진읍,중상사고,0,1,0,0,차대차 - 측면충돌,직진우회전진행방해,건조,맑음,교차로 - 교차로안,승용,남,42세,상해없음,이륜,남,55세,중상
2019082600100160,2019년 8월 26일 08시,월요일,경상북도 상주시 남성동,경상사고,0,0,1,0,차대차 - 기타,기타,건조,맑음,단일로 - 기타,승용,여,44세,상해없음,자전거,남,59세,경상
2019082600100161,2019년 8월 26일 08시,월요일,경상북도 포항시 남구 해도동,경상사고,0,0,1,0,차대차 - 측면충돌,중앙선침범,건조,맑음,단일로 - 기타,자전거,남,64세,경상,승용,남,54세,상해없음
2019082600100199,2019년 8월 26일 09시,월요일,경상북도 경주시 충효동,경상사고,0,0,1,0,차대차 - 측면충돌,안전운전불이행,건조,맑음,단일로 - 기타,승용,남,78세,상해없음,승용,여,59세,경상
2019082600100200,2019년 8월 26일 09시,월요일,경상북도 칠곡군 북삼읍,경상사고,0,0,1,0,차대차 - 추돌,안전운전불이행,건조,맑음,단일로 - 기타,이륜,남,77세,경상,승용,여,54세,상해없음
2019082600100201,2019년 8월 26일 09시,월요일,경상북도 경산시 계양동,중상사고,0,1,0,0,차대차 - 측면충돌,중앙선침범,건조,맑음,교차로 - 교차로안,자전거,여,46세,중상,승합,남,57세,상해없음
2019082600100202,2019년 8월 26일 09시,월요일,경상북도 구미시 공단동,경상사고,0,0,2,0,차대차 - 추돌,안전운전불이행,건조,맑음,교차로 - 교차로부근,승용,남,32세,상해없음,승용,여,28세,경상
2019082600100203,2019년 8월 26일 09시,월요일,경상북도 구미시 오태동,중상사고,0,1,0,0,차대차 - 정면충돌,안전운전불이행,건조,맑음,교차로 - 교차로안,승용,남,50세,상해없음,화물,남,40세,중상
2019082600100243,2019년 8월 26일 10시,월요일,경상북도 포항시 북구 두호동,경상사고,0,0,1,0,차대사람 - 기타,안전운전불이행,건조,맑음,단일로 - 기타,승용,남,78세,상해없음,보행자,여,44세,경상
2019082600100244,2019년 8월 26일 10시,월요일,경상북도 경산시 하양읍,중상사고,0,1,0,0,차대차 - 추돌,안전거리미확보,건조,맑음,단일로 - 기타,이륜,남,51세,중상,승합,남,39세,상해없음
2019082600100283,2019년 8월 26일 11시,월요일,경상북도 경주시 천군동,경상사고,0,0,1,0,차대차 - 추돌,안전운전불이행,건조,맑음,단일로 - 기타,화물,남,32세,상해없음,화물,남,32세,경상
2019082600100284,2019년 8월 26일 11시,월요일,경상북도 김천시 성내동,중상사고,0,1,0,0,차대사람 - 횡단중,중앙선침범,건조,맑음,교차로 - 교차로부근,승용,여,50세,상해없음,보행자,여,69세,중상
2019082600100285,2019년 8월 26일 11시,월요일,경상북도 경산시 대정동,경상사고,0,0,1,0,차대사람 - 기타,안전운전불이행,건조,맑음,단일로 - 기타,승합,남,49세,상해없음,보행자,여,39세,경상