사고번호,사고일시,요일,시군구,사고내용,사망자수,중상자수,경상자수,부상신고자수,사고유형,법규위반,노면상태,기상상태,도로형태,가해운전자 차종,가해운전자 성별,가해운전자 연령,가해운전자 상해정도,피해운전자 차종,피해운전자 성별,피해운전자 연령,피해운전자 상해정도
2019082600100286,2019년 8월 26일 11시,월요일,경상북도 울릉군 북면,경상사고,0,0,2,0,차대차 - 후진중충돌,안전운전불이행,건조,맑음,단일로 - 기타,화물,남,52세,상해없음,승용,여,50세,경상
2019082600100287,2019년 8월 26일 11시,월요일,경상북도 구미시 송정동,경상사고,0,0,1,0,차대차 - 기타,안전운전불이행,건조,맑음,교차로 - 교차로안,승용,여,39세,상해없음,승용,여,29세,경상
2019082600100323,2019년 8월 26일 12시,월요일,경상북도 의성군 금성면,중상사고,0,1,1,0,차량단독 - 도로외이탈 - 추락,안전운전불이행,건조,맑음,단일로 - 기타,기타불명,남,82세,경상,,,,
2019082600100354,2019년 8월 26일 13시,월요일,경상북도 영천시 금호읍,중상사고,0,1,0,0,차대사람 - 횡단중,보행자보호의무위반,건조,맑음,교차로 - 교차로횡단보도내,화물,남,62세,상해없음,보행자,여,84세,중상
2019082600100355,2019년 8월 26일 13시,월요일,경상북도 구미시 원평동,중상사고,0,1,1,0,차대차 - 기타,안전운전불이행,건조,맑음,교차로 - 교차로안,승용,여,18세,상해없음,이륜,남,82세,중상
2019082600100389,2019년 8월 26일 14시,월요일,경상북도 경주시 성건동,경상사고,0,0,1,0,차대차 - 추돌,안전운전불이행,건조,맑음,단일로 - 기타,승용,남,81세,상해없음,자전거,여,61세,경상
2019082600100390,2019년 8월 26일 14시,월요일,경상북도 칠곡군 왜관읍,중상사고,0,1,0,0,차대차 - 추돌,안전운전불이행,건조,맑음,단일로 - 기타,화물,남,51세,중상,화물,남,55세,기타불명
2019082600100391,2019년 8월 26일 14시,월요일,경상북도 봉화군 소천면,중상사고,0,1,1,0,차대차 - 측면충돌,안전운전불이행,건조,맑음,교차로 - 교차로안,승용,남,26세,경상,화물,남,57세,중상
2019082600100432,2019년 8월 26일 15시,월요일,경상북도 안동시 옥동,경상사고,0,0,1,0,차대차 - 측면충돌,안전운전불이행,건조,맑음,교차로 - 교차로부근,승용,여,59세,상해없음,승용,남,46세,경상
2019082600100433,2019년 8월 26일 15시,월요일,경상북도 김천시 구성면,중상사고,0,2,0,0,차대차 - 추돌,안전운전불이행,건조,맑음,단일로 - 기타,승용,남,36세,상해없음,화물,남,60세,중상
2019082600100481,2019년 8월 26일 16시,월요일,경상북도 영주시 휴천동,중상사고,0,1,0,0,차대차 - 측면충돌,안전운전불이행,건조,맑음,교차로 - 교차로안,승용,남,67세,상해없음,자전거,남,13세,중상
2019082600100482,2019년 8월 26일 16시,월요일,경상북도 경산시 자인면,경상사고,0,0,1,0,차대사람 - 기타,안전운전불이행,건조,맑음,단일로 - 기타,승용,여,45세,상해없음,보행자,여,16세,경상
2019082600100483,2019년 8월 26일 16시,월요일,경상북도 구미시 남통동,중상사고,0,1,0,0,차대사람 - 기타,보행자보호의무위반,건조,맑음,단일로 - 기타,승용,남,31세,상해없음,보행자,여,7세,중상
2019082600100484,2019년 8월 26일 16시,월요일,경상북도 포항시 남구 대도동,경상사고,0,0,1,0,차대차 - 기타,중앙선침범,건조,맑음,단일로 - 기타,승용,여,57세,상해없음,승용,남,36세,경상
2019082600100523,2019년 8월 26일 17시,월요일,경상북도 포항시 북구 장성동,경상사고,0,0,1,0,차대사람 - 횡단중,보행자보호의무위반,건조,맑음,교차로 - 교차로부근,승용,여,53세,상해없음,보행자,남,48세,경상
2019082600100524,2019년 8월 26일 17시,월요일,경상북도 안동시 송현동,중상사고,0,1,0,0,차대차 - 측면충돌,안전운전불이행,건조,맑음,교차로 - 교차로안,승용,남,39세,상해없음,승용,여,54세,중상
2019082600100525,2019년 8월 26일 17시,월요일,경상북도 안동시 일직면,중상사고,0,1,0,0,차대차 - 측면충돌,안전운전불이행,건조,맑음,단일로 - 기타,승용,여,53세,기타불명,자전거,남,63세,중상
2019082600100526,2019년 8월 26일 17시,월요일,경상북도 상주시 화서면,중상사고,0,1,0,0,차대차 - 측면충돌,안전운전불이행,건조,맑음,단일로 - 기타,이륜,남,45세,중상,특수,남,55세,상해없음
2019082600100565,2019년 8월 26일 18시,월요일,경상북도 경주시 노서동,경상사고,0,0,2,0,차대차 - 추돌,안전운전불이행,건조,맑음,단일로 - 기타,승용,남,37세,상해없음,승용,여,49세,경상
2019082600100566,2019년 8월 26일 18시,월요일,경상북도 칠곡군 왜관읍,중상사고,0,1,0,0,차대차 - 측면충돌,기타,건조,맑음,주차장 - 주차장,승용,남,41세,상해없음,자전거,여,41세,중상
2019082600100567,2019년 8월 26일 18시,월요일,경상북도 구미시 인의동,경상사고,0,0,1,0,차대차 - 기타,안전운전불이행,건조,맑음,단일로 - 기타,승용,여,57세,상해없음,승용,남,69세,경상
2019082600100605,2019년 8월 26일 19시,월요일,경상북도 구미시 비산동,경상사고,0,0,1,0,차대차 - 기타,안전운전불이행,건조,맑음,단일로 - 기타,자전거,남,51세,경상,승용,남,52세,상해없음
2019082600100639,2019년 8월 26일 20시,월요일,경상북도 경주시 동천동,경상사고,0,0,1,0,차대차 - 측면충돌,안전운전불이행,건조,맑음,단일로 - 기타,승용,남,51세,상해없음,승용,남,28세,경상
2019082600100640,2019년 8월 26일 20시,월요일,경상북도 포항시 북구 양덕동,중상사고,0,1,0,0,차대차 - 기타,중앙선침범,건조,맑음,단일로 - 기타,승용,남,62세,상해없음,이륜,남,62세,중상
2019082600100641,2019년 8월 26일 20시,월요일,경상북도 포항시 남구 인덕동,경상사고,0,0,2,0,차대차 - 측면충돌,안전운전불이행,건조,맑음,교차로 - 교차로안,승용,남,60세,상해없음,승용,여,29세,경상
2019082600100663,2019년 8월 26일 21시,월요일,경상북도 안동시 용상동,중상사고,0,1,0,0,차대차 - 측면충돌,안전운전불이행,건조,맑음,단일로 - 기타,승용,남,72세,상해없음,이륜,남,21세,중상
2019082600100664,2019년 8월 26일 21시,월요일,경상북도 구미시 공단동,경상사고,0,0,1,0,차대차 - 기타,교차로운행방법위반,건조,맑음,교차로 - 교차로부근,승용,남,30세,상해없음,승용,남,62세,경상
2019082600100690,2019년 8월 26일 22시,월요일,경상북도 포항시 북구 흥해읍,경상사고,0,0,2,0,차대차 - 측면충돌,차로위반,건조,맑음,단일로 - 기타,승용,여,53세,상해없음,승용,남,62세,경상
2019082700100036,2019년 8월 27일 00시,화요일,경상북도 칠곡군 석적읍,부상신고사고,0,0,0,1,차량단독 - 공작물충돌,안전운전불이행,건조,맑음,단일로 - 기타,승용,남,34세,부상신고,,,,
2019082700100037,2019년 8월 27일 00시,화요일,경상북도 경산시 평산동,경상사고,0,0,1,0,차대차 - 추돌,신호위반,건조,맑음,교차로 - 교차로안,화물,남,35세,기타불명,승용,남,41세,경상
2019082700100038,2019년 8월 27일 00시,화요일,경상북도 구미시 진평동,경상사고,0,0,1,0,차대차 - 기타,안전운전불이행,건조,맑음,교차로 - 교차로안,승용,남,40세,상해없음,이륜,남,25세,경상
2019082700100099,2019년 8월 27일 06시,화요일,경상북도 경산시 압량면,경상사고,0,0,2,0,차대차 - 추돌,안전거리미확보,건조,맑음,교차로 - 교차로안,승용,여,37세,상해없음,화물,남,48세,경상
2019082700100100,2019년 8월 27일 06시,화요일,경상북도 구미시 고아읍,중상사고,0,1,0,0,차대차 - 기타,교차로운행방법위반,건조,맑음,교차로 - 교차로안,승용,남,40세,기타불명,승용,남,37세,중상
2019082700100128,2019년 8월 27일 07시,화요일,경상북도 영주시 문수면,부상신고사고,0,0,0,1,차량단독 - 공작물충돌,안전운전불이행,젖음/습기,비,단일로 - 기타,승용,남,40세,부상신고,,,,
2019082700100129,2019년 8월 27일 07시,화요일,경상북도 영덕군 남정면,경상사고,0,0,1,0,차량단독 - 공작물충돌,안전운전불이행,젖음/습기,비,교차로 - 교차로부근,화물,남,50세,경상,,,,
2019082700100166,2019년 8월 27일 08시,화요일,경상북도 영주시 휴천동,경상사고,0,0,1,0,차대사람 - 기타,안전운전불이행,젖음/습기,비,기타 - 기타,화물,여,67세,상해없음,보행자,여,28세,경상
2019082700100167,2019년 8월 27일 08시,화요일,경상북도 영주시 휴천동,경상사고,0,0,1,0,차대차 - 추돌,안전운전불이행,젖음/습기,비,교차로 - 교차로안,승용,여,47세,상해없음,승용,여,47세,경상
2019082700100168,2019년 8월 27일 08시,화요일,경상북도 경산시 하양읍,중상사고,0,2,0,0,차대차 - 측면충돌,신호위반,젖음/습기,비,단일로 - 지하차도(도로)내,승용,남,67세,기타불명,승용,남,42세,중상
2019082700100169,2019년 8월 27일 08시,화요일,경상북도 봉화군 봉화읍,중상사고,0,1,0,0,차량단독 - 기타,안전운전불이행,젖음/습기,비,단일로 - 기타,승용,여,59세,중상,,,,
2019082700100209,2019년 8월 27일 09시,화요일,경상북도 안동시 옥동,중상사고,0,1,2,0,차대차 - 추돌,안전운전불이행,젖음/습기,비,단일로 - 기타,승용,남,33세,상해없음,승용,남,58세,경상
2019082700100210,2019년 8월 27일 09시,화요일,경상북도 구미시 장천면,경상사고,0,0,1,0,차대차 - 기타,안전운전불이행,건조,흐림,교차로 - 교차로안,건설기계,남,60세,상해없음,승용,남,73세,경상
2019082700100241,2019년 8월 27일 10시,화요일,경상북도 안동시 운흥동,경상사고,0,0,1,1,차대차 - 추돌,안전거리미확보,젖음/습기,비,교차로 - 교차로부근,화물,남,76세,상해없음,승용,여,45세,부상신고
2019082700100269,2019년 8월 27일 11시,화요일,경상북도 경주시 성동동,경상사고,0,0,1,0,차대차 - 기타,교차로운행방법위반,젖음/습기,비,교차로 - 교차로안,승용,남,25세,상해없음,이륜,남,50세,경상
2019082700100270,2019년 8월 27일 11시,화요일,경상북도 안동시 당북동,경상사고,0,0,2,0,차대차 - 측면충돌,안전운전불이행,젖음/습기,비,교차로 - 교차로안,이륜,남,26세,경상,승용,여,39세,경상
2019082700100299,2019년 8월 27일 12시,화요일,경상북도 구미시 옥계동,경상사고,0,0,1,0,차대사람 - 횡단중,보행자보호의무위반,건조,맑음,교차로 - 교차로횡단보도내,승용,여,59세,상해없음,보행자,남,43세,경상
2019082700100300,2019년 8월 27일 12시,화요일,경상북도 구미시 봉곡동,부상신고사고,0,0,0,1,차량단독 - 기타,안전운전불이행,젖음/습기,비,단일로 - 기타,승용,남,57세,부상신고,,,,
2019082700100319,2019년 8월 27일 13시,화요일,경상북도 영주시 영주동,경상사고,0,0,1,0,차대차 - 기타,안전운전불이행,건조,맑음,교차로 - 교차로안,이륜,남,78세,경상,승용,남,36세,상해없음
2019082700100320,2019년 8월 27일 13시,화요일,경상북도 영천시 조교동,경상사고,0,0,3,0,차대차 - 추돌,안전운전불이행,젖음/습기,비,교차로 - 교차로부근,화물,남,41세,상해없음,승용,여,50세,경상
2019082700100321,2019년 8월 27일 13시,화요일,경상북도 문경시 공평동,경상사고,0,0,1,0,차량단독 - 기타,안전운전불이행,젖음/습기,비,단일로 - 기타,승용,남,24세,경상,,,,
2019082700100322,2019년 8월 27일 13시,화요일,경상북도 영덕군 영해면,중상사고,0,1,1,0,차대차 - 기타,교차로운행방법위반,건조,맑음,교차로 - 교차로안,승용,남,33세,상해없음,화물,남,37세,중상
2019082700100323,2019년 8월 27일 13시,화요일,경상북도 성주군 초전면,중상사고,0,1,0,0,차대차 - 측면충돌,안전운전불이행,젖음/습기,비,교차로 - 교차로부근,승용,남,79세,상해없음,농기계,남,67세,중상
2019082700100324,2019년 8월 27일 13시,화요일,경상북도 군위군 의흥면,사망사고,1,1,0,0,차대차 - 측면충돌,안전운전불이행,젖음/습기,비,교차로 - 교차로안,승용,남,74세,사망,승용,남,49세,상해없음
2019082700100325,2019년 8월 27일 13시,화요일,경상북도 청송군 청송읍,중상사고,0,1,0,0,차대차 - 측면충돌,안전운전불이행,젖음/습기,비,단일로 - 지하차도(도로)내,승합,남,56세,상해없음,화물,남,54세,상해없음
2019082700100362,2019년 8월 27일 14시,화요일,경상북도 포항시 남구 송도동,경상사고,0,0,3,0,차대차 - 측면충돌,교차로운행방법위반,젖음/습기,비,교차로 - 교차로안,특수,남,58세,상해없음,승용,여,54세,경상
2019082700100404,2019년 8월 27일 15시,화요일,경상북도 포항시 북구 득량동,경상사고,0,0,1,0,차대차 - 기타,안전운전불이행,젖음/습기,비,교차로 - 교차로부근,승용,남,31세,상해없음,승용,여,40세,경상
2019082700100405,2019년 8월 27일 15시,화요일,경상북도 포항시 북구 신흥동,경상사고,0,0,2,0,차대차 - 추돌,안전운전불이행,건조,맑음,단일로 - 기타,승용,남,42세,상해없음,승용,여,27세,경상
2019082700100406,2019년 8월 27일 15시,화요일,경상북도 안동시 용상동,중상사고,0,1,0,1,차대차 - 측면충돌,직진우회전진행방해,건조,맑음,교차로 - 교차로안,승용,남,75세,중상,승용,남,54세,부상신고
2019082700100407,2019년 8월 27일 15시,화요일,경상북도 김천시 평화동,경상사고,0,0,1,0,차대차 - 측면충돌,교차로운행방법위반,건조,맑음,교차로 - 교차로부근,승용,남,61세,상해없음,자전거,남,83세,경상
2019082700100408,2019년 8월 27일 15시,화요일,경상북도 구미시 공단동,경상사고,0,0,1,0,차대차 - 측면충돌,안전거리미확보,건조,맑음,교차로 - 교차로부근,승용,여,32세,상해없음,승용,남,41세,경상
2019082700100434,2019년 8월 27일 16시,화요일,경상북도 포항시 북구 용흥동,경상사고,0,0,1,0,차대차 - 측면충돌,교차로운행방법위반,건조,맑음,교차로 - 교차로안,승용,여,39세,상해없음,승용,남,41세,경상
2019082700100435,2019년 8월 27일 16시,화요일,경상북도 구미시 송정동,경상사고,0,0,1,0,차대차 - 후진중충돌,안전운전불이행,건조,맑음,교차로 - 교차로부근,화물,남,52세,기타불명,이륜,남,27세,경상
2019082700100481,2019년 8월 27일 17시,화요일,경상북도 구미시 공단동,중상사고,0,1,1,0,차대차 - 측면충돌,신호위반,건조,맑음,단일로 - 기타,이륜,남,53세,중상,승용,여,41세,경상
2019082700100519,2019년 8월 27일 18시,화요일,경상북도 안동시 송현동,중상사고,0,1,0,0,차대차 - 측면충돌,안전운전불이행,건조,맑음,교차로 - 교차로안,승용,여,32세,상해없음,승용,여,43세,중상
2019082700100520,2019년 8월 27일 18시,화요일,경상북도 경산시 중방동,경상사고,0,0,1,0,차대사람 - 횡단중,보행자보호의무위반,건조,맑음,교차로 - 교차로횡단보도내,승용,여,57세,상해없음,보행자,여,60세,경상
2019082700100521,2019년 8월 27일 18시,화요일,경상북도 구미시 고아읍,경상사고,0,0,1,0,차대사람 - 기타,안전운전불이행,건조,맑음,단일로 - 기타,승용,남,64세,상해없음,보행자,남,53세,경상
2019082700100557,2019년 8월 27일 19시,화요일,경상북도 안동시 태화동,경상사고,0,0,1,0,차대차 - 후진중충돌,안전운전불이행,건조,맑음,단일로 - 기타,승용,남,61세,상해없음,승용,여,38세,경상
2019082700100558,2019년 8월 27일 19시,화요일,경상북도 영천시 금호읍,중상사고,0,1,1,0,차대차 - 측면충돌,기타,건조,맑음,교차로 - 교차로안,승용,남,50세,상해없음,화물,남,52세,경상
2019082700100599,2019년 8월 27일 20시,화요일,경상북도 포항시 북구 용흥동,중상사고,0,1,0,0,차대차 - 기타,신호위반,젖음/습기,비,교차로 - 교차로안,원동기,여,39세,중상,승합,남,42세,상해없음
2019082700100600,2019년 8월 27일 20시,화요일,경상북도 포항시 남구 오천읍,중상사고,0,1,0,0,차대사람 - 기타,중앙선침범,젖음/습기,비,단일로 - 기타,화물,남,25세,상해없음,보행자,여,51세,중상
2019082700100601,2019년 8월 27일 20시,화요일,경상북도 상주시 내서면,경상사고,0,0,1,0,차대차 - 추돌,안전운전불이행,건조,맑음,단일로 - 기타,기타불명,기타불명,미분류,기타불명,승용,남,49세,상해없음
2019082700100630,2019년 8월 27일 21시,화요일,경상북도 경주시 강동면,경상사고,0,0,3,1,차대차 - 측면충돌,안전운전불이행,젖음/습기,비,단일로 - 기타,승용,여,54세,부상신고,승용,남,37세,경상
2019082700100631,2019년 8월 27일 21시,화요일,경상북도 칠곡군 석적읍,부상신고사고,0,0,0,1,차대차 - 추돌,안전운전불이행,젖음/습기,흐림,교차로 - 교차로안,승합,남,56세,부상신고,승용,여,53세,기타불명
2019082700100666,2019년 8월 27일 23시,화요일,경상북도 안동시 일직면,경상사고,0,0,1,0,차대차 - 추돌,안전운전불이행,젖음/습기,안개,단일로 - 기타,승용,남,48세,상해없음,화물,남,51세,경상
2019082800100033,2019년 8월 28일 00시,수요일,경상북도 칠곡군 석적읍,중상사고,0,1,1,0,차대차 - 추돌,안전운전불이행,건조,흐림,단일로 - 기타,승용,남,64세,중상,승용,남,56세,경상
2019082800100146,2019년 8월 28일 08시,수요일,경상북도 경주시 외동읍,중상사고,0,1,0,0,차대차 - 정면충돌,안전운전불이행,건조,맑음,교차로 - 교차로부근,승용,여,31세,상해없음,승용,여,51세,중상
2019082800100147,2019년 8월 28일 08시,수요일,경상북도 예천군 예천읍,중상사고,0,1,0,0,차대차 - 측면충돌,안전운전불이행,건조,맑음,단일로 - 교량,이륜,남,85세,중상,승용,남,47세,상해없음
2019082800100148,2019년 8월 28일 08시,수요일,경상북도 성주군 초전면,경상사고,0,0,1,0,차대사람 - 차도통행중,안전운전불이행,젖음/습기,비,교차로 - 교차로안,화물,남,59세,상해없음,보행자,여,71세,경상
2019082800100185,2019년 8월 28일 09시,수요일,경상북도 봉화군 봉화읍,경상사고,0,0,2,0,차대차 - 정면충돌,중앙선침범,건조,맑음,단일로 - 기타,승용,여,62세,상해없음,승용,남,27세,경상
2019082800100214,2019년 8월 28일 10시,수요일,경상북도 포항시 북구 용흥동,중상사고,0,1,0,0,차대사람 - 횡단중,안전운전불이행,젖음/습기,비,단일로 - 기타,승용,남,77세,기타불명,보행자,여,67세,중상
2019082800100215,2019년 8월 28일 10시,수요일,경상북도 경산시 진량읍,경상사고,0,0,2,0,차대차 - 추돌,안전운전불이행,젖음/습기,비,교차로 - 교차로부근,화물,남,70세,상해없음,화물,남,62세,경상
2019082800100216,2019년 8월 28일 10시,수요일,경상북도 경산시 옥산동,중상사고,0,1,0,0,차대차 - 측면충돌,안전운전불이행,젖음/습기,비,교차로 - 교차로부근,승용,남,47세,중상,승용,여,56세,기타불명
2019082800100217,2019년 8월 28일 10시,수요일,경상북도 구미시 공단동,중상사고,0,1,0,0,차대차 - 추돌,안전거리미확보,건조,맑음,교차로 - 교차로부근,승용,여,35세,상해없음,승용,여,30세,중상
2019082800100218,2019년 8월 28일 10시,수요일,경상북도 구미시 광평동,경상사고,0,0,1,0,차대차 - 기타,안전운전불이행,건조,맑음,교차로 - 교차로안,승용,남,70세,상해없음,승용,남,56세,경상
2019082800100219,2019년 8월 28일 10시,수요일,경상북도 구미시 진평동,경상사고,0,0,3,0,차대차 - 기타,안전운전불이행,건조,맑음,단일로 - 기타,화물,남,46세,경상,승용,남,27세,경상
2019082800100247,2019년 8월 28일 11시,수요일,경상북도 포항시 북구 용흥동,경상사고,0,0,1,0,차대차 - 추돌,직진우회전진행방해,젖음/습기,흐림,교차로 - 교차로부근,승용,남,67세,상해없음,이륜,남,20세,경상
2019082800100248,2019년 8월 28일 11시,수요일,경상북도 안동시 임하면,경상사고,0,0,2,0,차대차 - 정면충돌,안전운전불이행,건조,맑음,교차로 - 교차로안,승용,남,63세,경상,승용,남,75세,경상
2019082800100274,2019년 8월 28일 12시,수요일,경상북도 안동시 서후면,경상사고,0,0,3,0,차대차 - 측면충돌,신호위반,건조,맑음,교차로 - 교차로안,화물,남,65세,상해없음,승용,남,35세,경상
2019082800100275,2019년 8월 28일 12시,수요일,경상북도 영덕군 강구면,중상사고,0,1,0,0,차대사람 - 기타,안전운전불이행,건조,맑음,단일로 - 기타,화물,남,38세,상해없음,보행자,여,78세,중상
2019082800100276,2019년 8월 28일 12시,수요일,경상북도 구미시 형곡동,경상사고,0,0,1,0,차대차 - 추돌,안전운전불이행,건조,맑음,교차로 - 교차로부근,화물,남,54세,상해없음,승용,남,52세,경상
2019082800100305,2019년 8월 28일 13시,수요일,경상북도 상주시 낙양동,중상사고,0,1,0,0,차량단독 - 기타,안전운전불이행,건조,맑음,교차로 - 교차로부근,승합,남,54세,상해없음,,,,
2019082800100306,2019년 8월 28일 13시,수요일,경상북도 문경시 산북면,중상사고,0,1,1,0,차대차 - 측면충돌,안전운전불이행,건조,맑음,교차로 - 교차로안,화물,남,74세,중상,승용,남,72세,경상
2019082800100339,2019년 8월 28일 14시,수요일,경상북도 포항시 북구 두호동,경상사고,0,0,1,0,차대사람 - 차도통행중,불법유턴,건조,맑음,단일로 - 기타,승용,남,60세,상해없음,보행자,여,37세,경상
2019082800100340,2019년 8월 28일 14시,수요일,경상북도 문경시 마성면,사망사고,1,1,0,0,차대차 - 측면충돌,과속,건조,맑음,교차로 - 교차로안,승용,여,33세,중상,승용,여,61세,사망
2019082800100341,2019년 8월 28일 14시,수요일,경상북도 성주군 용암면,중상사고,0,1,0,0,차대차 - 측면충돌,신호위반,건조,맑음,교차로 - 교차로안,화물,남,57세,상해없음,승용,남,71세,중상
2019082800100375,2019년 8월 28일 15시,수요일,경상북도 경산시 정평동,경상사고,0,0,1,0,차대차 - 측면충돌,중앙선침범,건조,맑음,단일로 - 기타,자전거,여,45세,경상,승합,남,69세,상해없음
2019082800100376,2019년 8월 28일 15시,수요일,경상북도 포항시 남구 구룡포읍,경상사고,0,0,1,0,차대차 - 기타,안전운전불이행,젖음/습기,비,교차로 - 교차로부근,화물,남,44세,상해없음,화물,남,47세,경상
2019082800100377,2019년 8월 28일 15시,수요일,경상북도 포항시 남구 연일읍,경상사고,0,0,2,0,차대차 - 측면충돌,안전운전불이행,건조,맑음,단일로 - 기타,화물,남,56세,상해없음,승용,여,38세,경상
2019082800100412,2019년 8월 28일 16시,수요일,경상북도 칠곡군 약목면,중상사고,0,1,1,0,차대차 - 추돌,안전운전불이행,건조,맑음,교차로 - 교차로안,화물,남,47세,상해없음,승용,여,58세,중상
2019082800100413,2019년 8월 28일 16시,수요일,경상북도 영덕군 영덕읍,경상사고,0,0,1,0,차량단독 - 기타,안전운전불이행,건조,맑음,단일로 - 기타,승합,남,32세,상해없음,,,,
2019082800100449,2019년 8월 28일 17시,수요일,경상북도 경주시 안강읍,경상사고,0,0,1,0,차대차 - 기타,안전운전불이행,건조,맑음,교차로 - 교차로안,승용,여,44세,상해없음,승용,남,52세,경상
2019082800100494,2019년 8월 28일 18시,수요일,경상북도 영주시 휴천동,경상사고,0,0,1,0,차대사람 - 횡단중,보행자보호의무위반,건조,맑음,교차로 - 교차로횡단보도내,승용,여,49세,상해없음,보행자,여,18세,경상
2019082800100495,2019년 8월 28일 18시,수요일,경상북도 경산시 하양읍,경상사고,0,0,1,0,차대차 - 후진중충돌,안전운전불이행,건조,맑음,단일로 - 기타,화물,기타불명,미분류,기타불명,승용,남,22세,경상
2019082800100496,2019년 8월 28일 18시,수요일,경상북도 고령군 다산면,경상사고,0,0,1,0,차대차 - 측면충돌,신호위반,건조,맑음,교차로 - 교차로안,승용,남,72세,상해없음,승용,남,42세,경상
2019082800100547,2019년 8월 28일 19시,수요일,경상북도 상주시 남성동,경상사고,0,0,1,0,차대사람 - 횡단중,보행자보호의무위반,건조,맑음,교차로 - 교차로안,승용,여,48세,상해없음,보행자,남,24세,경상
2019082800100548,2019년 8월 28일 19시,수요일,경상북도 영천시 야사동,경상사고,0,0,1,0,차대차 - 측면충돌,안전운전불이행,건조,맑음,단일로 - 기타,승용,남,47세,상해없음,특수,남,24세,경상
2019082800100549,2019년 8월 28일 19시,수요일,경상북도 경산시 압량면,중상사고,0,1,3,0,차대차 - 측면충돌,교차로운행방법위반,건조,맑음,교차로 - 교차로안,승용,남,23세,중상,승용,남,41세,경상
2019082800100550,2019년 8월 28일 19시,수요일,경상북도 구미시 공단동,경상사고,0,0,1,0,차대차 - 기타,안전운전불이행,건조,흐림,교차로 - 교차로부근,승용,남,63세,상해없음,승용,남,52세,경상
2019082800100551,2019년 8월 28일 19시,수요일,경상북도 구미시 원평동,중상사고,0,1,0,0,차대사람 - 차도통행중,안전운전불이행,건조,맑음,단일로 - 기타,승용,남,43세,상해없음,보행자,남,54세,중상
2019082800100597,2019년 8월 28일 21시,수요일,경상북도 구미시 원평동,경상사고,0,0,1,0,차대차 - 기타,안전운전불이행,건조,맑음,단일로 - 기타,승용,남,60세,상해없음,자전거,남,58세,경상
2019082800100598,2019년 8월 28일 21시,수요일,경상북도 구미시 구평동,경상사고,0,0,1,0,차대사람 - 기타,안전운전불이행,건조,맑음,주차장 - 주차장,승용,여,39세,상해없음,보행자,여,50세,경상
2019082800100622,2019년 8월 28일 22시,수요일,경상북도 구미시 도량동,경상사고,0,0,2,0,차대차 - 기타,안전운전불이행,건조,맑음,교차로 - 교차로안,이륜,남,28세,경상,승합,여,62세,경상
2019082800100647,2019년 8월 28일 23시,수요일,경상북도 영주시 가흥동,경상사고,0,0,1,0,차대차 - 추돌,안전운전불이행,건조,맑음,단일로 - 기타,승용,남,48세,상해없음,승용,여,51세,경상
2019082800100648,2019년 8월 28일 23시,수요일,경상북도 칠곡군 왜관읍,사망사고,1,0,0,0,차대사람 - 횡단중,안전운전불이행,건조,맑음,교차로 - 교차로부근,승용,남,23세,상해없음,보행자,남,23세,사망
2019082800100649,2019년 8월 28일 23시,수요일,경상북도 구미시 임은동,경상사고,0,0,1,0,차대차 - 기타,안전운전불이행,건조,맑음,단일로 - 기타,승용,남,50세,기타불명,승용,남,25세,경상
2019082900100059,2019년 8월 29일 04시,목요일,경상북도 상주시 낙양동,경상사고,0,0,1,0,차량단독 - 공작물충돌,안전운전불이행,건조,맑음,단일로 - 기타,이륜,남,19세,경상,,,,
2019082900100060,2019년 8월 29일 04시,목요일,경상북도 구미시 고아읍,경상사고,0,0,1,0,차량단독 - 공작물충돌,안전운전불이행,건조,맑음,단일로 - 기타,화물,남,50세,경상,,,,
2019082900100077,2019년 8월 29일 06시,목요일,경상북도 칠곡군 약목면,중상사고,0,2,1,0,차대차 - 측면충돌,중앙선침범,건조,맑음,교차로 - 교차로부근,승용,남,48세,중상,승합,남,58세,중상
2019082900100078,2019년 8월 29일 06시,목요일,경상북도 구미시 공단동,중상사고,0,1,0,0,차대차 - 기타,신호위반,건조,맑음,교차로 - 교차로안,승용,남,62세,상해없음,이륜,남,33세,중상
2019082900100120,2019년 8월 29일 08시,목요일,경상북도 김천시 양천동,경상사고,0,0,4,0,차대차 - 추돌,안전운전불이행,건조,맑음,교차로 - 교차로안,승용,남,66세,경상,승용,여,50세,경상
2019082900100121,2019년 8월 29일 08시,목요일,경상북도 칠곡군 동명면,경상사고,0,0,1,0,차대차 - 측면충돌,안전운전불이행,건조,맑음,단일로 - 기타,건설기계,남,59세,상해없음,승용,여,42세,경상
2019082900100122,2019년 8월 29일 08시,목요일,경상북도 영덕군 강구면,경상사고,0,0,2,0,차대차 - 추돌,안전운전불이행,건조,흐림,교차로 - 교차로부근,승용,여,50세,상해없음,승용,여,47세,경상
2019082900100160,2019년 8월 29일 09시,목요일,경상북도 구미시 남통동,경상사고,0,0,1,0,차대사람 - 기타,안전운전불이행,건조,맑음,교차로 - 교차로안,승용,남,56세,상해없음,보행자,여,61세,경상
2019082900100244,2019년 8월 29일 12시,목요일,경상북도 경주시 건천읍,경상사고,0,0,1,0,차대사람 - 횡단중,안전운전불이행,건조,맑음,주차장 - 주차장,승용,남,39세,상해없음,보행자,여,79세,경상