사고번호,사고일시,요일,시군구,사고내용,사망자수,중상자수,경상자수,부상신고자수,사고유형,법규위반,노면상태,기상상태,도로형태,가해운전자 차종,가해운전자 성별,가해운전자 연령,가해운전자 상해정도,피해운전자 차종,피해운전자 성별,피해운전자 연령,피해운전자 상해정도
2019082900100245,2019년 8월 29일 12시,목요일,경상북도 포항시 남구 효자동,경상사고,0,0,1,0,차대차 - 후진중충돌,안전운전불이행,건조,맑음,교차로 - 교차로부근,승용,남,50세,상해없음,이륜,남,21세,경상
2019082900100281,2019년 8월 29일 13시,목요일,경상북도 경주시 성건동,경상사고,0,0,1,0,차대차 - 측면충돌,안전운전불이행,건조,맑음,교차로 - 교차로안,승합,남,54세,상해없음,승용,여,47세,경상
2019082900100282,2019년 8월 29일 13시,목요일,경상북도 포항시 남구 대잠동,경상사고,0,0,1,0,차대차 - 기타,안전운전불이행,건조,맑음,단일로 - 기타,승용,여,46세,상해없음,자전거,여,38세,경상
2019082900100305,2019년 8월 29일 14시,목요일,경상북도 포항시 남구 대잠동,중상사고,0,1,0,0,차대차 - 측면충돌,안전운전불이행,건조,맑음,단일로 - 기타,승용,남,66세,상해없음,이륜,남,63세,중상
2019082900100338,2019년 8월 29일 15시,목요일,경상북도 영천시 임고면,중상사고,0,1,0,0,차대차 - 측면충돌,안전운전불이행,건조,흐림,단일로 - 기타,화물,남,62세,상해없음,농기계,남,75세,중상
2019082900100339,2019년 8월 29일 15시,목요일,경상북도 울진군 평해읍,경상사고,0,0,2,0,차대차 - 추돌,안전운전불이행,건조,흐림,교차로 - 교차로횡단보도내,승합,남,65세,상해없음,승용,남,30세,경상
2019082900100340,2019년 8월 29일 15시,목요일,경상북도 영양군 일월면,경상사고,0,0,1,0,차량단독 - 도로외이탈 - 추락,안전운전불이행,건조,흐림,단일로 - 기타,승용,여,23세,경상,,,,
2019082900100382,2019년 8월 29일 16시,목요일,경상북도 안동시 옥동,중상사고,0,1,0,0,차대차 - 측면충돌,안전운전불이행,건조,맑음,교차로 - 교차로안,승용,남,41세,상해없음,승용,여,61세,중상
2019082900100383,2019년 8월 29일 16시,목요일,경상북도 칠곡군 왜관읍,중상사고,0,1,0,0,차대차 - 측면충돌,차로위반,건조,맑음,단일로 - 기타,화물,남,53세,상해없음,승용,남,61세,중상
2019082900100384,2019년 8월 29일 16시,목요일,경상북도 문경시 점촌동,경상사고,0,0,2,0,차대차 - 측면충돌,신호위반,젖음/습기,비,교차로 - 교차로안,화물,남,61세,상해없음,승용,여,39세,경상
2019082900100385,2019년 8월 29일 16시,목요일,경상북도 성주군 성주읍,경상사고,0,0,1,0,차대차 - 측면충돌,안전운전불이행,건조,맑음,교차로 - 교차로안,승용,여,55세,상해없음,이륜,남,69세,경상
2019082900100422,2019년 8월 29일 17시,목요일,경상북도 경산시 진량읍,경상사고,0,0,1,0,차대차 - 측면충돌,안전운전불이행,건조,맑음,단일로 - 기타,승용,남,75세,기타불명,승용,남,61세,경상
2019082900100423,2019년 8월 29일 17시,목요일,경상북도 청도군 청도읍,중상사고,0,1,0,0,차대차 - 측면충돌,안전운전불이행,건조,맑음,교차로 - 교차로안,승용,남,76세,상해없음,원동기,남,62세,중상
2019082900100424,2019년 8월 29일 17시,목요일,경상북도 구미시 지산동,중상사고,0,1,0,0,차대차 - 추돌,안전운전불이행,건조,맑음,단일로 - 기타,승용,남,52세,상해없음,이륜,남,71세,중상
2019082900100425,2019년 8월 29일 17시,목요일,경상북도 포항시 남구 해도동,경상사고,0,0,1,0,차대차 - 기타,안전운전불이행,건조,맑음,단일로 - 기타,자전거,남,71세,경상,화물,남,59세,상해없음
2019082900100475,2019년 8월 29일 18시,목요일,경상북도 포항시 북구 죽도동,경상사고,0,0,1,0,차대차 - 측면충돌,안전운전불이행,건조,맑음,단일로 - 기타,자전거,남,60세,경상,승용,여,29세,상해없음
2019082900100476,2019년 8월 29일 18시,목요일,경상북도 안동시 풍천면,경상사고,0,0,2,0,차대차 - 추돌,안전거리미확보,젖음/습기,흐림,단일로 - 기타,승용,여,48세,경상,승용,남,47세,경상
2019082900100477,2019년 8월 29일 18시,목요일,경상북도 영주시 풍기읍,경상사고,0,0,1,0,차대차 - 기타,안전운전불이행,건조,맑음,교차로 - 교차로안,승용,여,67세,상해없음,자전거,남,14세,경상
2019082900100478,2019년 8월 29일 18시,목요일,경상북도 경산시 중방동,경상사고,0,0,2,0,차대차 - 측면충돌,신호위반,건조,맑음,교차로 - 교차로안,승용,여,53세,상해없음,승용,남,26세,경상
2019082900100535,2019년 8월 29일 19시,목요일,경상북도 포항시 북구 용흥동,중상사고,0,1,0,0,차대차 - 기타,신호위반,건조,맑음,교차로 - 교차로안,승용,남,66세,상해없음,이륜,남,35세,중상
2019082900100536,2019년 8월 29일 19시,목요일,경상북도 영천시 야사동,경상사고,0,0,1,0,차대차 - 측면충돌,신호위반,건조,맑음,교차로 - 교차로안,승용,남,43세,상해없음,자전거,남,43세,경상
2019082900100537,2019년 8월 29일 19시,목요일,경상북도 예천군 예천읍,경상사고,0,0,1,0,차대차 - 측면충돌,안전운전불이행,건조,맑음,교차로 - 교차로안,승용,여,41세,상해없음,승용,여,62세,경상
2019082900100538,2019년 8월 29일 19시,목요일,경상북도 포항시 남구 송도동,중상사고,0,1,0,0,차대사람 - 기타,안전운전불이행,건조,맑음,단일로 - 기타,승용,남,29세,상해없음,보행자,남,63세,중상
2019082900100586,2019년 8월 29일 20시,목요일,경상북도 김천시 율곡동,경상사고,0,0,4,0,차대차 - 추돌,안전운전불이행,건조,기타,교차로 - 교차로부근,승용,남,42세,상해없음,승합,남,31세,경상
2019082900100587,2019년 8월 29일 20시,목요일,경상북도 상주시 남성동,중상사고,0,1,0,0,차대차 - 측면충돌,교차로운행방법위반,건조,맑음,교차로 - 교차로부근,승합,여,48세,상해없음,승용,여,48세,중상
2019082900100620,2019년 8월 29일 21시,목요일,경상북도 포항시 북구 죽도동,중상사고,0,1,0,0,차대사람 - 횡단중,보행자보호의무위반,건조,맑음,단일로 - 기타,승용,남,68세,상해없음,보행자,여,53세,중상
2019082900100621,2019년 8월 29일 21시,목요일,경상북도 칠곡군 지천면,경상사고,0,0,1,0,차대사람 - 길가장자리구역통행중,안전운전불이행,건조,흐림,단일로 - 기타,기타불명,기타불명,미분류,기타불명,보행자,남,28세,경상
2019082900100658,2019년 8월 29일 22시,목요일,경상북도 문경시 모전동,경상사고,0,0,1,0,차대사람 - 횡단중,안전운전불이행,건조,맑음,단일로 - 기타,승용,여,57세,상해없음,보행자,남,40세,경상
2019082900100659,2019년 8월 29일 22시,목요일,경상북도 구미시 송정동,경상사고,0,0,1,0,차대차 - 기타,안전운전불이행,건조,맑음,단일로 - 기타,이륜,남,22세,경상,승용,남,37세,상해없음
2019083000100034,2019년 8월 30일 00시,금요일,경상북도 구미시 산동면,경상사고,0,0,1,0,차대차 - 후진중충돌,안전운전불이행,건조,맑음,교차로 - 교차로부근,승용,여,35세,상해없음,승용,남,32세,경상
2019083000100035,2019년 8월 30일 00시,금요일,경상북도 구미시 황상동,경상사고,0,0,1,0,차대사람 - 기타,안전운전불이행,건조,맑음,교차로 - 교차로안,승합,남,69세,상해없음,보행자,여,58세,경상
2019083000100056,2019년 8월 30일 02시,금요일,경상북도 포항시 남구 연일읍,경상사고,0,0,1,0,차대사람 - 기타,안전운전불이행,건조,맑음,단일로 - 기타,승용,남,59세,상해없음,보행자,여,36세,경상
2019083000100066,2019년 8월 30일 04시,금요일,경상북도 경주시 외동읍,경상사고,0,0,2,1,차대차 - 추돌,안전거리미확보,건조,맑음,단일로 - 기타,승합,남,59세,부상신고,승용,남,21세,경상
2019083000100113,2019년 8월 30일 07시,금요일,경상북도 칠곡군 석적읍,경상사고,0,0,1,0,차대차 - 측면충돌,안전운전불이행,건조,맑음,기타 - 기타,승용,남,43세,상해없음,승용,여,38세,경상
2019083000100150,2019년 8월 30일 08시,금요일,경상북도 포항시 북구 장성동,경상사고,0,0,2,0,차대차 - 측면충돌,안전운전불이행,건조,맑음,교차로 - 교차로안,승용,남,40세,경상,승용,남,62세,경상
2019083000100151,2019년 8월 30일 08시,금요일,경상북도 칠곡군 왜관읍,경상사고,0,0,1,0,차대차 - 측면충돌,직진우회전진행방해,건조,맑음,교차로 - 교차로안,승용,남,50세,상해없음,승용,여,48세,경상
2019083000100152,2019년 8월 30일 08시,금요일,경상북도 울릉군 울릉읍,경상사고,0,0,1,0,차대차 - 측면충돌,교차로운행방법위반,건조,맑음,교차로 - 교차로안,화물,남,29세,상해없음,이륜,여,35세,경상
2019083000100190,2019년 8월 30일 09시,금요일,경상북도 문경시 호계면,경상사고,0,0,2,0,차대차 - 측면충돌,안전운전불이행,건조,맑음,교차로 - 교차로안,승용,여,55세,상해없음,승용,여,39세,경상
2019083000100191,2019년 8월 30일 09시,금요일,경상북도 포항시 남구 대도동,경상사고,0,0,1,0,차대차 - 측면충돌,중앙선침범,건조,맑음,교차로 - 교차로부근,승합,남,79세,상해없음,승용,남,65세,경상
2019083000100227,2019년 8월 30일 10시,금요일,경상북도 경주시 외동읍,중상사고,0,1,0,0,차대차 - 측면충돌,안전운전불이행,건조,맑음,단일로 - 기타,승용,남,65세,상해없음,승용,여,49세,중상
2019083000100228,2019년 8월 30일 10시,금요일,경상북도 김천시 교동,경상사고,0,0,2,0,차대차 - 추돌,안전운전불이행,건조,맑음,단일로 - 기타,승용,남,23세,상해없음,승용,남,49세,상해없음
2019083000100271,2019년 8월 30일 11시,금요일,경상북도 경산시 진량읍,중상사고,0,1,0,0,차대차 - 측면충돌,중앙선침범,건조,맑음,단일로 - 기타,승용,여,52세,기타불명,승용,남,50세,중상
2019083000100301,2019년 8월 30일 12시,금요일,경상북도 안동시 옥동,경상사고,0,0,1,0,차대차 - 기타,안전운전불이행,건조,맑음,단일로 - 기타,승용,여,27세,상해없음,승용,남,34세,경상
2019083000100302,2019년 8월 30일 12시,금요일,경상북도 상주시 중동면,사망사고,1,0,0,0,차량단독 - 공작물충돌,안전운전불이행,건조,맑음,단일로 - 기타,이륜,남,82세,사망,,,,
2019083000100335,2019년 8월 30일 13시,금요일,경상북도 포항시 북구 흥해읍,경상사고,0,0,2,0,차대차 - 측면충돌,직진우회전진행방해,건조,맑음,교차로 - 교차로안,특수,남,68세,상해없음,승용,여,44세,경상
2019083000100336,2019년 8월 30일 13시,금요일,경상북도 경산시 남천면,중상사고,0,1,0,0,차대차 - 측면충돌,교차로운행방법위반,건조,맑음,교차로 - 교차로안,승용,남,80세,상해없음,자전거,여,67세,중상
2019083000100337,2019년 8월 30일 13시,금요일,경상북도 구미시 송정동,부상신고사고,0,0,0,1,차대차 - 기타,안전운전불이행,건조,맑음,단일로 - 기타,이륜,남,28세,부상신고,승용,남,59세,상해없음
2019083000100386,2019년 8월 30일 14시,금요일,경상북도 포항시 북구 두호동,경상사고,0,0,1,0,차대차 - 후진중충돌,불법유턴,건조,맑음,단일로 - 기타,승용,여,48세,상해없음,이륜,남,23세,경상
2019083000100387,2019년 8월 30일 14시,금요일,경상북도 김천시 부곡동,중상사고,0,1,0,0,차대차 - 측면충돌,신호위반,건조,맑음,교차로 - 교차로안,승용,여,63세,상해없음,이륜,여,67세,중상
2019083000100388,2019년 8월 30일 14시,금요일,경상북도 칠곡군 약목면,부상신고사고,0,0,0,1,차대차 - 측면충돌,안전운전불이행,건조,맑음,교차로 - 교차로안,이륜,여,59세,부상신고,화물,남,37세,상해없음
2019083000100389,2019년 8월 30일 14시,금요일,경상북도 문경시 문경읍,사망사고,1,0,0,0,차대사람 - 횡단중,안전운전불이행,건조,맑음,단일로 - 기타,승용,남,59세,상해없음,보행자,남,40세,사망
2019083000100436,2019년 8월 30일 15시,금요일,경상북도 포항시 북구 양덕동,경상사고,0,0,1,0,차대차 - 측면충돌,안전운전불이행,건조,맑음,교차로 - 교차로안,개인형이동수단(PM),여,22세,경상,승합,남,49세,상해없음
2019083000100437,2019년 8월 30일 15시,금요일,경상북도 김천시 양천동,경상사고,0,0,1,0,차량단독 - 전도전복 - 전도,안전운전불이행,건조,맑음,교차로 - 교차로안,이륜,남,86세,경상,,,,
2019083000100483,2019년 8월 30일 16시,금요일,경상북도 경산시 중방동,경상사고,0,0,1,0,차대차 - 측면충돌,신호위반,건조,맑음,교차로 - 교차로안,이륜,남,51세,경상,승용,남,43세,상해없음
2019083000100484,2019년 8월 30일 16시,금요일,경상북도 구미시 임수동,중상사고,0,1,0,0,차대차 - 기타,신호위반,건조,흐림,교차로 - 교차로안,화물,남,49세,상해없음,승용,남,58세,중상
2019083000100540,2019년 8월 30일 17시,금요일,경상북도 포항시 북구 대신동,중상사고,0,1,0,0,차량단독 - 기타,안전운전불이행,건조,맑음,교차로 - 교차로부근,승합,남,57세,기타불명,,,,
2019083000100541,2019년 8월 30일 17시,금요일,경상북도 김천시 남면,중상사고,0,1,0,0,차대사람 - 차도통행중,안전운전불이행,건조,맑음,단일로 - 기타,승용,남,64세,상해없음,보행자,남,3세,중상
2019083000100542,2019년 8월 30일 17시,금요일,경상북도 칠곡군 북삼읍,중상사고,0,2,1,0,차대차 - 측면충돌,직진우회전진행방해,건조,맑음,교차로 - 교차로안,이륜,남,72세,중상,승용,여,38세,경상
2019083000100543,2019년 8월 30일 17시,금요일,경상북도 경산시 진량읍,경상사고,0,0,1,0,차대차 - 측면충돌,차로위반,건조,맑음,단일로 - 기타,승용,여,41세,상해없음,승용,남,58세,경상
2019083000100544,2019년 8월 30일 17시,금요일,경상북도 구미시 해평면,경상사고,0,0,1,0,차대사람 - 횡단중,교차로운행방법위반,건조,맑음,교차로 - 교차로안,승용,여,47세,상해없음,보행자,남,73세,경상
2019083000100597,2019년 8월 30일 18시,금요일,경상북도 경주시 건천읍,경상사고,0,0,1,0,차대사람 - 횡단중,안전운전불이행,건조,맑음,단일로 - 기타,승용,남,32세,상해없음,보행자,남,10세,경상
2019083000100598,2019년 8월 30일 18시,금요일,경상북도 포항시 북구 장성동,경상사고,0,0,1,0,차대차 - 기타,차로위반,건조,맑음,단일로 - 기타,승용,여,63세,상해없음,이륜,남,38세,경상
2019083000100599,2019년 8월 30일 18시,금요일,경상북도 포항시 북구 장성동,경상사고,0,0,1,0,차대차 - 추돌,안전운전불이행,건조,맑음,교차로 - 교차로부근,이륜,남,20세,기타불명,승용,여,40세,경상
2019083000100600,2019년 8월 30일 18시,금요일,경상북도 안동시 옥동,부상신고사고,0,0,0,1,차대차 - 측면충돌,신호위반,건조,맑음,교차로 - 교차로부근,승용,남,67세,상해없음,승용,여,61세,부상신고
2019083000100601,2019년 8월 30일 18시,금요일,경상북도 경산시 진량읍,경상사고,0,0,1,0,차대차 - 측면충돌,중앙선침범,건조,맑음,단일로 - 기타,화물,남,27세,상해없음,화물,남,51세,경상
2019083000100602,2019년 8월 30일 18시,금요일,경상북도 구미시 도량동,경상사고,0,0,1,0,차대차 - 기타,교차로운행방법위반,건조,맑음,교차로 - 교차로안,승용,남,54세,상해없음,자전거,남,78세,경상
2019083000100603,2019년 8월 30일 18시,금요일,경상북도 포항시 남구 대도동,중상사고,0,1,0,0,차대사람 - 길가장자리구역통행중,안전운전불이행,건조,맑음,단일로 - 기타,승용,여,26세,상해없음,보행자,여,26세,중상
2019083000100673,2019년 8월 30일 19시,금요일,경상북도 경주시 용강동,중상사고,0,1,0,0,차대사람 - 차도통행중,안전운전불이행,건조,맑음,단일로 - 기타,승용,남,60세,상해없음,보행자,여,12세,중상
2019083000100674,2019년 8월 30일 19시,금요일,경상북도 청송군 진보면,경상사고,0,0,2,0,차대차 - 추돌,안전운전불이행,건조,맑음,단일로 - 기타,화물,남,48세,상해없음,승용,남,81세,경상
2019083000100675,2019년 8월 30일 19시,금요일,경상북도 포항시 남구 오천읍,중상사고,0,2,0,2,차대차 - 측면충돌,교차로운행방법위반,건조,맑음,교차로 - 교차로안,승용,남,66세,부상신고,승용,남,32세,중상
2019083000100712,2019년 8월 30일 20시,금요일,경상북도 구미시 시미동,중상사고,0,1,0,0,차대차 - 기타,안전거리미확보,건조,맑음,단일로 - 기타,승용,남,37세,상해없음,이륜,남,16세,중상
2019083000100782,2019년 8월 30일 22시,금요일,경상북도 구미시 사곡동,경상사고,0,0,1,0,차대차 - 기타,안전운전불이행,건조,맑음,교차로 - 교차로안,승용,남,65세,상해없음,이륜,남,28세,경상
2019083000100815,2019년 8월 30일 23시,금요일,경상북도 포항시 북구 두호동,중상사고,0,1,0,0,차대차 - 측면충돌,안전운전불이행,건조,맑음,단일로 - 기타,승용,남,71세,상해없음,이륜,남,29세,중상
2019083100100038,2019년 8월 31일 00시,토요일,경상북도 영천시 고경면,경상사고,0,0,1,0,차량단독 - 공작물충돌,안전운전불이행,건조,맑음,단일로 - 기타,승용,남,52세,경상,,,,
2019083100100039,2019년 8월 31일 00시,토요일,경상북도 구미시 도량동,중상사고,0,1,0,0,차대사람 - 기타,안전운전불이행,건조,맑음,단일로 - 기타,승용,남,23세,상해없음,보행자,남,59세,중상
2019083100100066,2019년 8월 31일 01시,토요일,경상북도 영주시 가흥동,경상사고,0,0,1,0,차대차 - 측면충돌,안전운전불이행,건조,맑음,교차로 - 교차로안,승용,남,26세,경상,승용,여,44세,상해없음
2019083100100100,2019년 8월 31일 03시,토요일,경상북도 포항시 북구 기계면,경상사고,0,0,3,0,차대차 - 측면충돌,직진우회전진행방해,건조,맑음,교차로 - 교차로안,화물,남,64세,상해없음,승용,여,50세,경상
2019083100100101,2019년 8월 31일 03시,토요일,경상북도 칠곡군 북삼읍,부상신고사고,0,0,0,2,차대차 - 기타,교차로운행방법위반,건조,맑음,교차로 - 교차로안,승용,여,46세,상해없음,이륜,남,35세,부상신고
2019083100100110,2019년 8월 31일 04시,토요일,경상북도 포항시 남구 해도동,경상사고,0,0,1,0,차대사람 - 기타,안전운전불이행,건조,맑음,교차로 - 교차로안,승용,남,71세,상해없음,보행자,남,57세,경상
2019083100100124,2019년 8월 31일 05시,토요일,경상북도 포항시 북구 장성동,경상사고,0,0,1,0,차대차 - 기타,안전운전불이행,건조,맑음,교차로 - 교차로부근,화물,남,62세,상해없음,화물,남,49세,경상
2019083100100146,2019년 8월 31일 06시,토요일,경상북도 경주시 황성동,중상사고,0,1,0,0,차대차 - 측면충돌,신호위반,건조,맑음,교차로 - 교차로안,승용,남,46세,상해없음,승용,남,60세,중상
2019083100100147,2019년 8월 31일 06시,토요일,경상북도 포항시 북구 용흥동,중상사고,0,2,0,0,차대차 - 추돌,안전운전불이행,건조,맑음,단일로 - 기타,이륜,남,17세,중상,이륜,남,16세,중상
2019083100100148,2019년 8월 31일 06시,토요일,경상북도 상주시 부원동,중상사고,0,1,0,0,차대차 - 측면충돌,안전운전불이행,건조,맑음,교차로 - 교차로안,승용,남,62세,상해없음,이륜,남,64세,중상
2019083100100173,2019년 8월 31일 07시,토요일,경상북도 경주시 양북면,중상사고,0,1,1,1,차대차 - 측면충돌,안전운전불이행,건조,맑음,단일로 - 기타,화물,남,66세,경상,승합,남,48세,상해없음
2019083100100174,2019년 8월 31일 07시,토요일,경상북도 예천군 예천읍,경상사고,0,0,2,0,차대차 - 추돌,안전운전불이행,건조,맑음,교차로 - 교차로부근,화물,남,47세,상해없음,승용,남,48세,경상
2019083100100194,2019년 8월 31일 08시,토요일,경상북도 김천시 조마면,경상사고,0,0,2,0,차대차 - 추돌,중앙선침범,건조,맑음,단일로 - 기타,승용,남,80세,상해없음,승용,남,47세,경상
2019083100100195,2019년 8월 31일 08시,토요일,경상북도 포항시 남구 오천읍,경상사고,0,0,1,0,차대사람 - 횡단중,안전운전불이행,건조,맑음,교차로 - 교차로안,승용,남,59세,상해없음,보행자,남,8세,경상
2019083100100228,2019년 8월 31일 09시,토요일,경상북도 포항시 북구 두호동,경상사고,0,0,1,0,차대차 - 측면충돌,차로위반,건조,맑음,교차로 - 교차로부근,승용,남,51세,기타불명,승용,여,40세,경상
2019083100100229,2019년 8월 31일 09시,토요일,경상북도 경산시 옥산동,경상사고,0,0,1,0,차대차 - 측면충돌,안전운전불이행,건조,맑음,단일로 - 기타,승용,남,63세,상해없음,승용,여,48세,경상
2019083100100230,2019년 8월 31일 09시,토요일,경상북도 영양군 청기면,중상사고,0,1,0,0,차대차 - 측면충돌,기타,건조,맑음,교차로 - 교차로안,화물,남,68세,상해없음,농기계,남,64세,중상
2019083100100231,2019년 8월 31일 09시,토요일,경상북도 구미시 형곡동,경상사고,0,0,1,1,차대차 - 측면충돌,신호위반,건조,맑음,교차로 - 교차로안,승용,여,44세,부상신고,승용,남,48세,경상
2019083100100272,2019년 8월 31일 10시,토요일,경상북도 안동시 남선면,경상사고,0,0,2,0,차대차 - 기타,직진우회전진행방해,건조,맑음,교차로 - 교차로안,화물,남,42세,경상,승용,남,65세,경상
2019083100100273,2019년 8월 31일 10시,토요일,경상북도 영천시 망정동,경상사고,0,0,1,0,차대차 - 기타,직진우회전진행방해,건조,맑음,교차로 - 교차로안,승용,남,48세,기타불명,자전거,여,49세,경상
2019083100100274,2019년 8월 31일 10시,토요일,경상북도 영천시 북안면,중상사고,0,2,0,0,차대차 - 측면충돌,중앙선침범,건조,맑음,단일로 - 기타,승용,여,57세,기타불명,화물,남,26세,중상
2019083100100307,2019년 8월 31일 11시,토요일,경상북도 경주시 외동읍,부상신고사고,0,0,0,1,차대차 - 추돌,안전운전불이행,건조,맑음,교차로 - 교차로부근,화물,남,47세,부상신고,승용,남,70세,상해없음
2019083100100337,2019년 8월 31일 12시,토요일,경상북도 경주시 용강동,중상사고,0,1,0,0,차대차 - 측면충돌,안전운전불이행,건조,맑음,주차장 - 주차장,승용,남,29세,상해없음,자전거,남,38세,중상
2019083100100338,2019년 8월 31일 12시,토요일,경상북도 영주시 가흥동,부상신고사고,0,0,0,1,차대차 - 측면충돌,직진우회전진행방해,건조,맑음,교차로 - 교차로안,화물,여,58세,부상신고,승용,남,59세,상해없음
2019083100100339,2019년 8월 31일 12시,토요일,경상북도 포항시 남구 이동,중상사고,0,1,0,0,차대차 - 기타,신호위반,건조,맑음,교차로 - 교차로안,화물,남,65세,상해없음,이륜,남,56세,중상
2019083100100390,2019년 8월 31일 13시,토요일,경상북도 고령군 대가야읍,경상사고,0,0,5,0,차대차 - 측면충돌,교차로운행방법위반,건조,맑음,교차로 - 교차로안,승용,여,56세,경상,승용,여,42세,경상
2019083100100507,2019년 8월 31일 16시,토요일,경상북도 칠곡군 북삼읍,경상사고,0,0,1,0,차대차 - 기타,안전운전불이행,건조,맑음,단일로 - 기타,화물,남,44세,상해없음,승용,남,45세,경상
2019083100100508,2019년 8월 31일 16시,토요일,경상북도 문경시 흥덕동,경상사고,0,0,1,0,차대차 - 측면충돌,안전운전불이행,건조,맑음,단일로 - 기타,자전거,남,85세,경상,승용,남,67세,상해없음
2019083100100509,2019년 8월 31일 16시,토요일,경상북도 경산시 정평동,경상사고,0,0,1,0,차대차 - 기타,안전운전불이행,건조,맑음,교차로 - 교차로안,승용,남,61세,경상,승용,남,78세,상해없음
2019083100100550,2019년 8월 31일 17시,토요일,경상북도 경주시 안강읍,경상사고,0,0,1,0,차대차 - 측면충돌,안전운전불이행,건조,맑음,단일로 - 지하차도(도로)내,승용,남,64세,상해없음,자전거,남,77세,경상
2019083100100551,2019년 8월 31일 17시,토요일,경상북도 경산시 사동,경상사고,0,0,1,0,차대차 - 측면충돌,차로위반,건조,맑음,단일로 - 기타,이륜,남,24세,경상,승용,남,38세,상해없음
2019083100100552,2019년 8월 31일 17시,토요일,경상북도 울진군 후포면,경상사고,0,0,1,0,차대차 - 추돌,안전운전불이행,건조,맑음,교차로 - 교차로부근,승용,남,80세,상해없음,화물,남,53세,경상
2019083100100553,2019년 8월 31일 17시,토요일,경상북도 고령군 다산면,경상사고,0,0,2,0,차대차 - 측면충돌,교차로운행방법위반,건조,맑음,교차로 - 교차로안,승용,남,53세,상해없음,승용,남,58세,경상
2019083100100554,2019년 8월 31일 17시,토요일,경상북도 포항시 남구 연일읍,경상사고,0,0,1,0,차대차 - 기타,안전운전불이행,건조,맑음,단일로 - 기타,승용,여,70세,상해없음,승용,여,44세,경상
2019083100100590,2019년 8월 31일 18시,토요일,경상북도 경산시 하양읍,경상사고,0,0,1,0,차대사람 - 기타,기타,건조,맑음,단일로 - 기타,승용,남,63세,상해없음,보행자,여,21세,경상
2019083100100591,2019년 8월 31일 18시,토요일,경상북도 예천군 예천읍,중상사고,0,1,0,0,차대차 - 측면충돌,안전운전불이행,건조,맑음,교차로 - 교차로안,승용,남,23세,상해없음,이륜,남,79세,중상
2019083100100638,2019년 8월 31일 19시,토요일,경상북도 영주시 풍기읍,중상사고,0,1,0,0,차대차 - 기타,안전운전불이행,건조,맑음,단일로 - 기타,화물,남,62세,상해없음,이륜,남,37세,중상
2019083100100639,2019년 8월 31일 19시,토요일,경상북도 영천시 금호읍,경상사고,0,0,1,0,차대사람 - 기타,안전운전불이행,건조,맑음,교차로 - 교차로안,승용,남,62세,상해없음,보행자,남,25세,경상
2019083100100681,2019년 8월 31일 20시,토요일,경상북도 경산시 옥산동,경상사고,0,0,1,0,차대사람 - 보도통행중,안전운전불이행,건조,맑음,단일로 - 기타,자전거,남,80세,경상,보행자,남,48세,상해없음
2019083100100723,2019년 8월 31일 22시,토요일,경상북도 경주시 사정동,경상사고,0,0,1,0,차대차 - 측면충돌,안전운전불이행,건조,맑음,교차로 - 교차로부근,승용,여,38세,상해없음,승용,여,35세,경상
2019083100100724,2019년 8월 31일 22시,토요일,경상북도 구미시 옥계동,중상사고,0,1,1,0,차대차 - 기타,안전운전불이행,건조,맑음,교차로 - 교차로안,이륜,남,23세,중상,승용,여,50세,경상
2019083100100745,2019년 8월 31일 23시,토요일,경상북도 김천시 성내동,중상사고,0,2,0,0,차대차 - 측면충돌,교차로운행방법위반,건조,맑음,교차로 - 교차로안,이륜,남,48세,중상,이륜,남,19세,중상
2019090100100023,2019년 9월 1일 00시,일요일,경상북도 경주시 성동동,중상사고,0,1,0,0,차대차 - 측면충돌,안전운전불이행,건조,맑음,교차로 - 교차로부근,승용,남,51세,상해없음,승용,남,37세,중상
2019090100100043,2019년 9월 1일 01시,일요일,경상북도 안동시 대석동,경상사고,0,0,2,0,차대차 - 기타,안전운전불이행,건조,맑음,교차로 - 교차로안,승용,남,53세,상해없음,승용,남,62세,경상
2019090100100059,2019년 9월 1일 02시,일요일,경상북도 영덕군 강구면,중상사고,0,2,0,0,차대차 - 측면충돌,안전운전불이행,건조,맑음,단일로 - 기타,승용,남,56세,상해없음,승용,여,36세,상해없음
2019090100100060,2019년 9월 1일 02시,일요일,경상북도 구미시 봉곡동,경상사고,0,0,1,0,차대차 - 추돌,안전운전불이행,건조,맑음,단일로 - 기타,이륜,남,15세,경상,승용,남,63세,상해없음
2019090100100094,2019년 9월 1일 05시,일요일,경상북도 경산시 하양읍,중상사고,0,1,1,0,차대차 - 측면충돌,신호위반,건조,흐림,교차로 - 교차로안,건설기계,남,59세,상해없음,승용,남,60세,경상
2019090100100102,2019년 9월 1일 07시,일요일,경상북도 구미시 장천면,중상사고,0,2,0,0,차대차 - 기타,과속,건조,맑음,교차로 - 교차로안,승용,남,42세,중상,승용,남,51세,중상
2019090100100117,2019년 9월 1일 08시,일요일,경상북도 구미시 선산읍,경상사고,0,0,2,0,차대차 - 기타,안전운전불이행,건조,맑음,교차로 - 교차로안,승용,여,65세,경상,화물,남,53세,경상
2019090100100137,2019년 9월 1일 09시,일요일,경상북도 고령군 개진면,경상사고,0,0,1,0,차대차 - 측면충돌,교차로운행방법위반,건조,흐림,교차로 - 교차로안,화물,남,63세,상해없음,승용,여,59세,경상