사고번호,사고일시,요일,시군구,사고내용,사망자수,중상자수,경상자수,부상신고자수,사고유형,법규위반,노면상태,기상상태,도로형태,가해운전자 차종,가해운전자 성별,가해운전자 연령,가해운전자 상해정도,피해운전자 차종,피해운전자 성별,피해운전자 연령,피해운전자 상해정도
2019090100100158,2019년 9월 1일 10시,일요일,경상북도 청도군 금천면,경상사고,0,0,1,0,차대차 - 측면충돌,안전운전불이행,건조,맑음,단일로 - 기타,이륜,남,72세,경상,승용,남,59세,상해없음
2019090100100159,2019년 9월 1일 10시,일요일,경상북도 구미시 인의동,경상사고,0,0,2,0,차대차 - 기타,교차로운행방법위반,건조,맑음,교차로 - 교차로안,이륜,남,50세,경상,이륜,남,24세,경상
2019090100100182,2019년 9월 1일 11시,일요일,경상북도 상주시 함창읍,경상사고,0,0,4,0,차대차 - 측면충돌,교차로운행방법위반,건조,맑음,교차로 - 교차로안,승용,남,55세,상해없음,승용,여,40세,경상
2019090100100202,2019년 9월 1일 12시,일요일,경상북도 김천시 봉산면,중상사고,0,1,0,0,차대차 - 측면충돌,안전운전불이행,건조,맑음,교차로 - 교차로안,승용,남,46세,상해없음,승용,남,58세,중상
2019090100100203,2019년 9월 1일 12시,일요일,경상북도 영덕군 병곡면,부상신고사고,0,0,0,1,차량단독 - 전도전복 - 전도,안전운전불이행,건조,맑음,단일로 - 기타,자전거,남,58세,부상신고,,,,
2019090100100227,2019년 9월 1일 13시,일요일,경상북도 상주시 인봉동,중상사고,0,1,0,0,차대차 - 측면충돌,교차로운행방법위반,건조,맑음,교차로 - 교차로안,승용,남,53세,상해없음,이륜,남,23세,중상
2019090100100228,2019년 9월 1일 13시,일요일,경상북도 영천시 금호읍,경상사고,0,0,2,0,차대차 - 기타,안전운전불이행,건조,맑음,교차로 - 교차로안,화물,남,74세,경상,승용,남,51세,경상
2019090100100229,2019년 9월 1일 13시,일요일,경상북도 청도군 청도읍,중상사고,0,2,0,0,차대차 - 측면충돌,직진우회전진행방해,건조,맑음,교차로 - 교차로안,승용,남,35세,상해없음,이륜,남,57세,중상
2019090100100292,2019년 9월 1일 15시,일요일,경상북도 경산시 하양읍,경상사고,0,0,2,0,차대차 - 측면충돌,교차로운행방법위반,건조,맑음,교차로 - 교차로안,승용,남,34세,경상,승합,남,56세,상해없음
2019090100100293,2019년 9월 1일 15시,일요일,경상북도 경산시 대평동,경상사고,0,0,1,0,차대차 - 측면충돌,신호위반,건조,맑음,교차로 - 교차로안,건설기계,남,56세,상해없음,승용,남,62세,경상
2019090100100294,2019년 9월 1일 15시,일요일,경상북도 봉화군 봉화읍,중상사고,0,1,0,0,차대차 - 측면충돌,중앙선침범,건조,맑음,교차로 - 교차로부근,승용,남,27세,상해없음,승용,남,50세,중상
2019090100100295,2019년 9월 1일 15시,일요일,경상북도 고령군 쌍림면,중상사고,0,1,0,0,차대차 - 측면충돌,교차로운행방법위반,젖음/습기,비,교차로 - 교차로안,승용,남,52세,상해없음,원동기,남,47세,중상
2019090100100296,2019년 9월 1일 15시,일요일,경상북도 군위군 효령면,경상사고,0,0,1,0,차대차 - 측면충돌,직진우회전진행방해,건조,맑음,교차로 - 교차로안,승용,남,25세,상해없음,승용,남,57세,경상
2019090100100329,2019년 9월 1일 16시,일요일,경상북도 포항시 북구 죽도동,경상사고,0,0,2,0,차대차 - 정면충돌,직진우회전진행방해,젖음/습기,비,교차로 - 교차로안,승용,남,62세,상해없음,승용,남,21세,상해없음
2019090100100330,2019년 9월 1일 16시,일요일,경상북도 안동시 용상동,경상사고,0,0,2,0,차대차 - 측면충돌,안전운전불이행,건조,맑음,단일로 - 기타,승용,남,72세,상해없음,승용,여,62세,경상
2019090100100331,2019년 9월 1일 16시,일요일,경상북도 경산시 계양동,중상사고,0,1,1,0,차대차 - 추돌,안전운전불이행,젖음/습기,비,교차로 - 교차로안,화물,남,76세,상해없음,승용,남,76세,경상
2019090100100355,2019년 9월 1일 17시,일요일,경상북도 경주시 동천동,경상사고,0,0,1,0,차대차 - 기타,안전운전불이행,젖음/습기,비,교차로 - 교차로안,승용,남,59세,상해없음,이륜,남,54세,경상
2019090100100356,2019년 9월 1일 17시,일요일,경상북도 경산시 계양동,부상신고사고,0,0,0,1,차대차 - 기타,안전운전불이행,건조,맑음,단일로 - 기타,승용,여,49세,기타불명,이륜,남,36세,부상신고
2019090100100357,2019년 9월 1일 17시,일요일,경상북도 예천군 호명면,경상사고,0,0,1,0,차대차 - 측면충돌,교차로운행방법위반,건조,맑음,교차로 - 교차로안,이륜,남,45세,경상,승용,여,57세,상해없음
2019090100100358,2019년 9월 1일 17시,일요일,경상북도 고령군 덕곡면,경상사고,0,0,1,0,차대차 - 측면충돌,중앙선침범,건조,맑음,단일로 - 기타,승용,남,41세,상해없음,승용,여,67세,경상
2019090100100359,2019년 9월 1일 17시,일요일,경상북도 포항시 남구 이동,경상사고,0,0,1,1,차대차 - 기타,직진우회전진행방해,젖음/습기,흐림,교차로 - 교차로안,이륜,남,25세,부상신고,승용,남,57세,경상
2019090100100390,2019년 9월 1일 18시,일요일,경상북도 포항시 남구 상도동,경상사고,0,0,2,0,차대차 - 추돌,안전운전불이행,건조,맑음,교차로 - 교차로부근,승용,남,48세,상해없음,승용,남,71세,경상
2019090100100427,2019년 9월 1일 19시,일요일,경상북도 포항시 북구 청하면,경상사고,0,0,1,0,차대차 - 추돌,안전거리미확보,건조,맑음,단일로 - 기타,승용,남,50세,상해없음,승용,여,46세,경상
2019090100100428,2019년 9월 1일 19시,일요일,경상북도 포항시 북구 송라면,경상사고,0,0,3,0,차대차 - 추돌,안전거리미확보,건조,맑음,교차로 - 교차로부근,승합,남,53세,상해없음,화물,남,41세,경상
2019090100100429,2019년 9월 1일 19시,일요일,경상북도 안동시 이천동,경상사고,0,0,1,0,차대차 - 측면충돌,안전운전불이행,건조,맑음,교차로 - 교차로안,승용,남,50세,상해없음,이륜,남,38세,경상
2019090100100430,2019년 9월 1일 19시,일요일,경상북도 의성군 점곡면,경상사고,0,0,2,0,차대차 - 추돌,안전거리미확보,건조,맑음,교차로 - 교차로부근,승용,남,30세,상해없음,화물,남,64세,경상
2019090100100431,2019년 9월 1일 19시,일요일,경상북도 칠곡군 약목면,경상사고,0,0,1,0,차대사람 - 횡단중,안전운전불이행,건조,맑음,단일로 - 기타,승용,여,48세,상해없음,보행자,남,50세,경상
2019090100100464,2019년 9월 1일 20시,일요일,경상북도 포항시 북구 죽도동,경상사고,0,0,1,0,차대차 - 기타,안전운전불이행,건조,맑음,교차로 - 교차로부근,승용,여,64세,경상,승용,남,37세,상해없음
2019090100100465,2019년 9월 1일 20시,일요일,경상북도 안동시 운흥동,중상사고,0,1,0,0,차대사람 - 횡단중,안전운전불이행,건조,맑음,단일로 - 기타,승용,남,58세,상해없음,보행자,남,82세,중상
2019090100100466,2019년 9월 1일 20시,일요일,경상북도 영주시 순흥면,부상신고사고,0,0,0,1,차량단독 - 기타,안전운전불이행,건조,맑음,단일로 - 기타,이륜,남,68세,부상신고,,,,
2019090100100467,2019년 9월 1일 20시,일요일,경상북도 칠곡군 석적읍,경상사고,0,0,1,0,차대사람 - 횡단중,안전운전불이행,건조,맑음,교차로 - 교차로횡단보도내,승용,남,33세,상해없음,보행자,여,70세,경상
2019090100100468,2019년 9월 1일 20시,일요일,경상북도 칠곡군 기산면,경상사고,0,0,3,0,차대차 - 추돌,안전거리미확보,건조,맑음,교차로 - 교차로부근,승용,남,53세,상해없음,승용,남,60세,상해없음
2019090100100469,2019년 9월 1일 20시,일요일,경상북도 구미시 형곡동,중상사고,0,1,0,0,차대차 - 기타,안전거리미확보,건조,맑음,교차로 - 교차로부근,승용,여,46세,상해없음,이륜,남,53세,중상
2019090100100470,2019년 9월 1일 20시,일요일,경상북도 구미시 원평동,경상사고,0,0,2,0,차대사람 - 기타,신호위반,건조,맑음,단일로 - 기타,승용,남,24세,상해없음,보행자,남,30세,경상
2019090100100487,2019년 9월 1일 21시,일요일,경상북도 구미시 옥계동,경상사고,0,0,1,0,차대사람 - 기타,안전운전불이행,건조,맑음,단일로 - 기타,승용,남,43세,상해없음,보행자,남,17세,경상
2019090200100076,2019년 9월 2일 06시,월요일,경상북도 구미시 비산동,경상사고,0,0,1,0,차대차 - 기타,안전운전불이행,젖음/습기,흐림,교차로 - 교차로안,화물,남,55세,상해없음,이륜,남,27세,경상
2019090200100100,2019년 9월 2일 07시,월요일,경상북도 포항시 남구 대도동,경상사고,0,0,1,0,차대사람 - 기타,안전운전불이행,건조,맑음,단일로 - 기타,화물,남,49세,상해없음,보행자,남,20세,경상
2019090200100148,2019년 9월 2일 08시,월요일,경상북도 영천시 고경면,경상사고,0,0,2,0,차대차 - 기타,안전운전불이행,젖음/습기,비,단일로 - 기타,승용,남,62세,상해없음,화물,남,68세,경상
2019090200100149,2019년 9월 2일 08시,월요일,경상북도 영천시 금노동,경상사고,0,0,1,0,차대차 - 측면충돌,중앙선침범,건조,맑음,교차로 - 교차로부근,승용,남,79세,상해없음,승용,남,29세,경상
2019090200100150,2019년 9월 2일 08시,월요일,경상북도 경산시 중방동,경상사고,0,0,1,0,차대차 - 측면충돌,신호위반,건조,맑음,교차로 - 교차로안,화물,남,70세,상해없음,승용,여,29세,경상
2019090200100269,2019년 9월 2일 11시,월요일,경상북도 경주시 천북면,중상사고,0,2,0,1,차대차 - 추돌,안전운전불이행,젖음/습기,비,교차로 - 교차로부근,화물,남,76세,부상신고,승용,남,70세,중상
2019090200100270,2019년 9월 2일 11시,월요일,경상북도 문경시 흥덕동,경상사고,0,0,1,0,차대차 - 측면충돌,안전운전불이행,젖음/습기,비,교차로 - 교차로부근,승용,남,61세,상해없음,이륜,남,86세,상해없음
2019090200100271,2019년 9월 2일 11시,월요일,경상북도 청송군 진보면,중상사고,0,1,1,0,차대차 - 측면충돌,안전운전불이행,건조,맑음,교차로 - 교차로안,승용,여,56세,중상,화물,남,55세,경상
2019090200100272,2019년 9월 2일 11시,월요일,경상북도 구미시 산동면,경상사고,0,0,1,0,차대차 - 기타,안전운전불이행,건조,맑음,단일로 - 기타,이륜,남,29세,경상,승용,남,57세,상해없음
2019090200100312,2019년 9월 2일 12시,월요일,경상북도 포항시 남구 대잠동,경상사고,0,0,4,0,차대차 - 기타,불법유턴,건조,맑음,교차로 - 교차로안,승용,남,63세,상해없음,승용,남,23세,경상
2019090200100349,2019년 9월 2일 13시,월요일,경상북도 상주시 모동면,경상사고,0,0,1,0,차량단독 - 전도전복 - 전도,안전운전불이행,건조,맑음,단일로 - 기타,이륜,남,84세,경상,,,,
2019090200100350,2019년 9월 2일 13시,월요일,경상북도 구미시 봉곡동,경상사고,0,0,3,0,차대차 - 기타,안전운전불이행,건조,맑음,단일로 - 기타,화물,남,57세,상해없음,승용,남,41세,경상
2019090200100388,2019년 9월 2일 14시,월요일,경상북도 안동시 평화동,중상사고,0,1,0,0,차대사람 - 횡단중,안전운전불이행,적설,맑음,단일로 - 기타,화물,남,60세,상해없음,보행자,남,79세,중상
2019090200100389,2019년 9월 2일 14시,월요일,경상북도 의성군 점곡면,중상사고,0,1,0,0,차대차 - 측면충돌,직진우회전진행방해,건조,맑음,교차로 - 교차로안,승용,남,73세,상해없음,승용,남,80세,중상
2019090200100420,2019년 9월 2일 15시,월요일,경상북도 구미시 인의동,경상사고,0,0,1,0,차대차 - 기타,중앙선침범,젖음/습기,비,단일로 - 기타,승용,남,47세,상해없음,승용,남,30세,경상
2019090200100456,2019년 9월 2일 16시,월요일,경상북도 안동시 송현동,경상사고,0,0,1,0,차대차 - 측면충돌,안전운전불이행,건조,맑음,단일로 - 기타,승용,여,70세,상해없음,이륜,남,22세,경상
2019090200100457,2019년 9월 2일 16시,월요일,경상북도 포항시 남구 송도동,경상사고,0,0,1,0,차대차 - 기타,안전운전불이행,건조,맑음,단일로 - 교량,승용,남,59세,상해없음,화물,남,45세,경상
2019090200100492,2019년 9월 2일 17시,월요일,경상북도 안동시 옥야동,경상사고,0,0,4,0,차대차 - 추돌,안전거리미확보,젖음/습기,비,단일로 - 기타,건설기계,남,64세,상해없음,승용,남,64세,경상
2019090200100493,2019년 9월 2일 17시,월요일,경상북도 구미시 원평동,경상사고,0,0,1,0,차대차 - 기타,중앙선침범,젖음/습기,비,교차로 - 교차로부근,화물,남,39세,상해없음,승합,남,64세,경상
2019090200100494,2019년 9월 2일 17시,월요일,경상북도 문경시 유곡동,중상사고,0,1,0,1,차대사람 - 기타,안전운전불이행,건조,흐림,단일로 - 기타,승용,여,26세,상해없음,보행자,남,27세,중상
2019090200100538,2019년 9월 2일 18시,월요일,경상북도 김천시 지좌동,경상사고,0,0,1,0,차대차 - 추돌,안전운전불이행,젖음/습기,비,교차로 - 교차로부근,승용,여,49세,상해없음,승용,여,40세,경상
2019090200100539,2019년 9월 2일 18시,월요일,경상북도 구미시 고아읍,경상사고,0,0,1,0,차대차 - 추돌,안전거리미확보,건조,맑음,교차로 - 교차로부근,승용,남,39세,상해없음,승용,여,35세,경상
2019090200100540,2019년 9월 2일 18시,월요일,경상북도 포항시 남구 오천읍,경상사고,0,0,1,0,차대차 - 기타,직진우회전진행방해,건조,맑음,교차로 - 교차로안,승용,남,27세,상해없음,이륜,남,20세,경상
2019090200100594,2019년 9월 2일 19시,월요일,경상북도 포항시 북구 용흥동,경상사고,0,0,1,0,차대차 - 기타,안전운전불이행,건조,맑음,단일로 - 기타,승용,남,70세,상해없음,승용,여,51세,경상
2019090200100595,2019년 9월 2일 19시,월요일,경상북도 안동시 송현동,중상사고,0,1,0,0,차대사람 - 기타,안전운전불이행,젖음/습기,비,단일로 - 기타,승용,여,29세,상해없음,보행자,남,48세,중상
2019090200100596,2019년 9월 2일 19시,월요일,경상북도 안동시 옥동,중상사고,0,1,0,0,차대차 - 기타,교차로운행방법위반,젖음/습기,비,교차로 - 교차로안,승용,남,59세,상해없음,이륜,남,18세,중상
2019090200100597,2019년 9월 2일 19시,월요일,경상북도 영천시 대전동,경상사고,0,0,2,0,차대차 - 추돌,안전운전불이행,젖음/습기,비,단일로 - 기타,승합,남,38세,경상,승용,남,52세,경상
2019090200100598,2019년 9월 2일 19시,월요일,경상북도 경산시 정평동,경상사고,0,0,1,0,차대차 - 측면충돌,안전운전불이행,건조,맑음,교차로 - 교차로부근,승용,남,35세,상해없음,화물,남,48세,경상
2019090200100657,2019년 9월 2일 20시,월요일,경상북도 경주시 강동면,경상사고,0,0,1,1,차대차 - 기타,기타,건조,흐림,단일로 - 교량,특수,남,57세,상해없음,승용,여,60세,상해없음
2019090200100658,2019년 9월 2일 20시,월요일,경상북도 구미시 진평동,경상사고,0,0,1,0,차대차 - 기타,안전운전불이행,건조,맑음,단일로 - 기타,승용,남,52세,상해없음,승합,남,56세,상해없음
2019090200100685,2019년 9월 2일 21시,월요일,경상북도 경산시 사동,부상신고사고,0,0,0,1,차대차 - 기타,안전운전불이행,젖음/습기,비,교차로 - 교차로안,이륜,남,34세,부상신고,승용,남,61세,상해없음
2019090200100686,2019년 9월 2일 21시,월요일,경상북도 구미시 진평동,중상사고,0,1,0,0,차대사람 - 횡단중,신호위반,젖음/습기,비,교차로 - 교차로횡단보도내,승용,남,65세,상해없음,보행자,여,44세,중상
2019090300100028,2019년 9월 3일 00시,화요일,경상북도 포항시 북구 장성동,경상사고,0,0,1,0,차대차 - 추돌,안전운전불이행,젖음/습기,비,교차로 - 교차로부근,승용,남,49세,상해없음,승용,남,37세,경상
2019090300100029,2019년 9월 3일 00시,화요일,경상북도 안동시 금곡동,중상사고,0,1,0,0,차량단독 - 기타,안전운전불이행,젖음/습기,비,단일로 - 기타,이륜,남,54세,중상,,,,
2019090300100030,2019년 9월 3일 00시,화요일,경상북도 경산시 옥산동,중상사고,0,1,0,0,차대사람 - 횡단중,안전운전불이행,젖음/습기,흐림,교차로 - 교차로안,승합,남,42세,상해없음,보행자,남,53세,중상
2019090300100031,2019년 9월 3일 00시,화요일,경상북도 성주군 월항면,경상사고,0,0,1,0,차대차 - 기타,안전운전불이행,젖음/습기,비,단일로 - 기타,승용,남,25세,상해없음,화물,남,23세,경상
2019090300100032,2019년 9월 3일 00시,화요일,경상북도 구미시 진평동,경상사고,0,0,1,0,차대차 - 기타,안전운전불이행,젖음/습기,비,교차로 - 교차로부근,승용,남,26세,상해없음,승용,남,29세,경상
2019090300100033,2019년 9월 3일 00시,화요일,경상북도 구미시 장천면,부상신고사고,0,0,0,1,차량단독 - 기타,안전운전불이행,젖음/습기,흐림,단일로 - 기타,승용,여,35세,부상신고,,,,
2019090300100041,2019년 9월 3일 01시,화요일,경상북도 경산시 진량읍,중상사고,0,1,0,0,차대사람 - 횡단중,신호위반,젖음/습기,비,교차로 - 교차로안,화물,남,44세,상해없음,보행자,여,87세,중상
2019090300100088,2019년 9월 3일 06시,화요일,경상북도 문경시 영순면,경상사고,0,0,1,0,차대차 - 기타,안전운전불이행,젖음/습기,흐림,단일로 - 기타,화물,남,59세,상해없음,이륜,남,71세,경상
2019090300100109,2019년 9월 3일 07시,화요일,경상북도 구미시 황상동,경상사고,0,0,1,0,차대사람 - 기타,안전운전불이행,건조,흐림,주차장 - 주차장,승용,남,44세,상해없음,보행자,남,28세,경상
2019090300100149,2019년 9월 3일 08시,화요일,경상북도 포항시 남구 대도동,경상사고,0,0,1,0,차대차 - 측면충돌,신호위반,젖음/습기,비,교차로 - 교차로안,승용,여,54세,상해없음,화물,여,55세,경상
2019090300100177,2019년 9월 3일 09시,화요일,경상북도 김천시 감문면,중상사고,0,1,0,0,차대차 - 측면충돌,기타,건조,맑음,교차로 - 교차로안,승합,남,77세,상해없음,이륜,여,77세,중상
2019090300100178,2019년 9월 3일 09시,화요일,경상북도 군위군 군위읍,중상사고,0,1,0,0,차대차 - 추돌,안전운전불이행,젖음/습기,비,단일로 - 기타,승용,남,29세,상해없음,사륜오토바이(ATV),남,83세,중상
2019090300100179,2019년 9월 3일 09시,화요일,경상북도 구미시 공단동,경상사고,0,0,1,0,차대차 - 측면충돌,신호위반,건조,맑음,교차로 - 교차로안,승용,남,38세,상해없음,화물,남,52세,경상
2019090300100180,2019년 9월 3일 09시,화요일,경상북도 포항시 남구 오천읍,중상사고,0,1,0,1,차대차 - 측면충돌,안전운전불이행,젖음/습기,비,교차로 - 교차로부근,승용,남,70세,부상신고,승용,여,46세,중상
2019090300100181,2019년 9월 3일 09시,화요일,경상북도 포항시 남구 대송면,경상사고,0,0,3,0,차대차 - 기타,교차로운행방법위반,젖음/습기,비,교차로 - 교차로안,승용,남,55세,경상,화물,여,32세,경상
2019090300100182,2019년 9월 3일 09시,화요일,경상북도 포항시 남구 오천읍,경상사고,0,0,1,4,차대차 - 측면충돌,직진우회전진행방해,젖음/습기,비,교차로 - 교차로안,승용,여,30세,경상,승합,여,38세,부상신고
2019090300100207,2019년 9월 3일 10시,화요일,경상북도 경주시 동천동,중상사고,0,1,0,0,차대차 - 측면충돌,안전운전불이행,젖음/습기,비,교차로 - 교차로안,승용,남,69세,상해없음,승합,남,23세,중상
2019090300100208,2019년 9월 3일 10시,화요일,경상북도 경주시 안강읍,중상사고,0,1,0,0,차대차 - 기타,안전운전불이행,건조,흐림,단일로 - 기타,화물,남,27세,상해없음,승용,남,53세,중상
2019090300100209,2019년 9월 3일 10시,화요일,경상북도 포항시 남구 해도동,경상사고,0,0,1,0,차대차 - 기타,직진우회전진행방해,건조,맑음,단일로 - 기타,승용,남,44세,상해없음,승용,여,53세,경상
2019090300100242,2019년 9월 3일 11시,화요일,경상북도 포항시 북구 학산동,경상사고,0,0,1,0,차대차 - 기타,안전운전불이행,젖음/습기,비,교차로 - 교차로안,승용,여,61세,상해없음,승용,남,68세,경상
2019090300100278,2019년 9월 3일 12시,화요일,경상북도 안동시 수상동,중상사고,0,1,1,0,차대차 - 추돌,안전거리미확보,젖음/습기,비,단일로 - 기타,승용,남,69세,상해없음,승용,여,51세,중상
2019090300100279,2019년 9월 3일 12시,화요일,경상북도 구미시 형곡동,경상사고,0,0,2,0,차대차 - 측면충돌,안전운전불이행,젖음/습기,흐림,교차로 - 교차로안,승용,여,48세,경상,승용,여,53세,경상
2019090300100280,2019년 9월 3일 12시,화요일,경상북도 포항시 남구 상도동,경상사고,0,0,1,0,차대차 - 기타,기타,젖음/습기,비,단일로 - 기타,화물,남,50세,상해없음,이륜,남,22세,경상
2019090300100347,2019년 9월 3일 14시,화요일,경상북도 경주시 감포읍,중상사고,0,1,0,0,차대사람 - 차도통행중,안전운전불이행,건조,맑음,단일로 - 지하차도(도로)내,화물,남,59세,상해없음,보행자,남,80세,중상
2019090300100348,2019년 9월 3일 14시,화요일,경상북도 안동시 와룡면,사망사고,1,0,0,0,차대사람 - 기타,안전운전불이행,젖음/습기,비,단일로 - 기타,화물,남,64세,상해없음,보행자,여,76세,사망
2019090300100349,2019년 9월 3일 14시,화요일,경상북도 경산시 중방동,경상사고,0,0,1,0,차대차 - 추돌,안전거리미확보,건조,맑음,단일로 - 지하차도(도로)내,승용,여,70세,상해없음,승합,남,53세,상해없음
2019090300100384,2019년 9월 3일 15시,화요일,경상북도 경주시 강동면,중상사고,0,1,0,0,차대차 - 측면충돌,안전운전불이행,젖음/습기,맑음,단일로 - 지하차도(도로)내,화물,남,27세,상해없음,이륜,남,80세,중상
2019090300100385,2019년 9월 3일 15시,화요일,경상북도 경산시 남천면,중상사고,0,1,1,0,차대차 - 추돌,안전운전불이행,건조,맑음,단일로 - 터널,화물,남,44세,상해없음,승용,여,56세,경상
2019090300100386,2019년 9월 3일 15시,화요일,경상북도 성주군 성주읍,경상사고,0,0,1,0,차대차 - 기타,안전운전불이행,건조,흐림,교차로 - 교차로부근,화물,남,55세,상해없음,승용,여,63세,경상
2019090300100387,2019년 9월 3일 15시,화요일,경상북도 포항시 남구 이동,경상사고,0,0,3,1,차대차 - 측면충돌,안전운전불이행,건조,흐림,교차로 - 교차로안,특수,남,57세,상해없음,승용,남,58세,경상
2019090300100388,2019년 9월 3일 15시,화요일,경상북도 포항시 남구 대도동,중상사고,0,1,2,0,차대차 - 측면충돌,직진우회전진행방해,건조,맑음,교차로 - 교차로안,승용,여,54세,상해없음,승용,남,32세,경상
2019090300100433,2019년 9월 3일 16시,화요일,경상북도 안동시 태화동,경상사고,0,0,1,2,차대차 - 측면충돌,안전거리미확보,젖음/습기,비,교차로 - 교차로안,승용,여,42세,상해없음,승용,남,57세,경상
2019090300100434,2019년 9월 3일 16시,화요일,경상북도 영주시 가흥동,중상사고,0,1,0,0,차대사람 - 횡단중,보행자보호의무위반,젖음/습기,비,단일로 - 기타,이륜,남,39세,상해없음,보행자,여,60세,중상
2019090300100435,2019년 9월 3일 16시,화요일,경상북도 구미시 오태동,중상사고,0,1,2,1,차대차 - 추돌,안전운전불이행,건조,흐림,단일로 - 기타,승용,여,47세,부상신고,승용,남,37세,중상
2019090300100436,2019년 9월 3일 16시,화요일,경상북도 포항시 남구 해도동,경상사고,0,0,2,0,차대차 - 측면충돌,안전운전불이행,건조,맑음,단일로 - 기타,승용,남,63세,상해없음,승용,남,68세,경상
2019090300100481,2019년 9월 3일 17시,화요일,경상북도 경주시 동천동,중상사고,0,1,0,0,차대사람 - 횡단중,보행자보호의무위반,건조,맑음,교차로 - 교차로횡단보도내,승용,남,50세,상해없음,보행자,남,44세,중상
2019090300100482,2019년 9월 3일 17시,화요일,경상북도 의성군 의성읍,중상사고,0,1,0,0,차대차 - 기타,안전운전불이행,건조,맑음,단일로 - 기타,자전거,남,80세,중상,승용,여,41세,상해없음
2019090300100483,2019년 9월 3일 17시,화요일,경상북도 영천시 금노동,경상사고,0,0,4,0,차대차 - 추돌,안전거리미확보,젖음/습기,비,단일로 - 기타,화물,남,71세,상해없음,승용,여,47세,경상
2019090300100484,2019년 9월 3일 17시,화요일,경상북도 예천군 예천읍,경상사고,0,0,1,0,차대차 - 측면충돌,안전운전불이행,젖음/습기,흐림,교차로 - 교차로안,승용,여,56세,상해없음,승용,여,32세,경상
2019090300100485,2019년 9월 3일 17시,화요일,경상북도 포항시 남구 대도동,중상사고,0,2,0,0,차대차 - 측면충돌,안전운전불이행,건조,맑음,교차로 - 교차로부근,화물,남,40세,상해없음,승용,남,44세,중상
2019090300100533,2019년 9월 3일 18시,화요일,경상북도 경산시 중방동,경상사고,0,0,1,0,차대사람 - 기타,안전운전불이행,젖음/습기,비,단일로 - 기타,승용,여,65세,기타불명,보행자,남,68세,경상
2019090300100594,2019년 9월 3일 19시,화요일,경상북도 포항시 북구 흥해읍,중상사고,0,2,1,0,차대차 - 측면충돌,안전운전불이행,건조,맑음,단일로 - 기타,승용,여,60세,상해없음,화물,남,57세,경상
2019090300100595,2019년 9월 3일 19시,화요일,경상북도 포항시 북구 양덕동,경상사고,0,0,1,1,차대차 - 측면충돌,신호위반,건조,맑음,교차로 - 교차로안,승용,여,44세,부상신고,승용,남,55세,경상
2019090300100596,2019년 9월 3일 19시,화요일,경상북도 경산시 옥산동,경상사고,0,0,1,0,차대차 - 측면충돌,안전운전불이행,젖음/습기,비,단일로 - 기타,승용,여,64세,상해없음,승용,남,36세,경상
2019090300100651,2019년 9월 3일 20시,화요일,경상북도 청도군 청도읍,경상사고,0,0,1,0,차량단독 - 공작물충돌,안전운전불이행,건조,흐림,단일로 - 기타,화물,남,62세,경상,,,,
2019090300100680,2019년 9월 3일 21시,화요일,경상북도 포항시 북구 장성동,경상사고,0,0,3,0,차대차 - 측면충돌,교차로운행방법위반,건조,맑음,교차로 - 교차로안,승용,남,38세,기타불명,승용,남,48세,상해없음
2019090300100681,2019년 9월 3일 21시,화요일,경상북도 경산시 계양동,경상사고,0,0,1,0,차대차 - 측면충돌,교차로운행방법위반,건조,맑음,교차로 - 교차로안,승용,남,49세,상해없음,화물,여,60세,경상
2019090300100717,2019년 9월 3일 23시,화요일,경상북도 경산시 사동,중상사고,0,1,1,0,차대차 - 추돌,안전거리미확보,젖음/습기,비,단일로 - 기타,승용,여,54세,상해없음,승용,남,66세,경상
2019090400100025,2019년 9월 4일 00시,수요일,경상북도 청도군 청도읍,경상사고,0,0,1,0,차대차 - 추돌,안전운전불이행,젖음/습기,비,단일로 - 기타,승용,남,34세,상해없음,화물,남,36세,경상
2019090400100039,2019년 9월 4일 01시,수요일,경상북도 구미시 원평동,중상사고,0,1,1,0,차대차 - 기타,안전운전불이행,건조,맑음,단일로 - 기타,승용,남,40세,상해없음,승용,남,45세,경상
2019090400100055,2019년 9월 4일 04시,수요일,경상북도 포항시 남구 해도동,경상사고,0,0,1,0,차대사람 - 기타,안전운전불이행,건조,맑음,단일로 - 기타,승용,남,58세,상해없음,보행자,여,58세,경상
2019090400100056,2019년 9월 4일 04시,수요일,경상북도 문경시 마성면,사망사고,1,0,0,0,차대차 - 추돌,안전운전불이행,젖음/습기,비,단일로 - 기타,화물,남,40세,사망,화물,남,44세,상해없음
2019090400100074,2019년 9월 4일 06시,수요일,경상북도 경산시 조영동,경상사고,0,0,2,0,차대차 - 측면충돌,안전운전불이행,젖음/습기,비,단일로 - 기타,승용,남,25세,상해없음,승용,남,66세,경상
2019090400100096,2019년 9월 4일 07시,수요일,경상북도 경주시 양남면,중상사고,0,1,1,0,차대차 - 측면충돌,안전운전불이행,젖음/습기,흐림,교차로 - 교차로안,승용,남,49세,상해없음,원동기,남,60세,경상
2019090400100097,2019년 9월 4일 07시,수요일,경상북도 경주시 내남면,중상사고,0,1,0,0,차대차 - 측면충돌,중앙선침범,젖음/습기,흐림,단일로 - 지하차도(도로)내,화물,남,55세,상해없음,승용,여,24세,중상
2019090400100098,2019년 9월 4일 07시,수요일,경상북도 구미시 형곡동,중상사고,0,1,1,0,차대차 - 정면충돌,중앙선침범,젖음/습기,비,교차로 - 교차로부근,승용,남,27세,기타불명,승용,남,66세,중상
2019090400100099,2019년 9월 4일 07시,수요일,경상북도 구미시 공단동,경상사고,0,0,1,0,차대차 - 추돌,안전거리미확보,젖음/습기,비,단일로 - 기타,승용,남,50세,상해없음,승용,남,49세,경상