사고번호,사고일시,요일,시군구,사고내용,사망자수,중상자수,경상자수,부상신고자수,사고유형,법규위반,노면상태,기상상태,도로형태,가해운전자 차종,가해운전자 성별,가해운전자 연령,가해운전자 상해정도,피해운전자 차종,피해운전자 성별,피해운전자 연령,피해운전자 상해정도
2019090400100138,2019년 9월 4일 08시,수요일,경상북도 포항시 북구 죽도동,경상사고,0,0,1,0,차대차 - 기타,안전운전불이행,건조,맑음,교차로 - 교차로안,승용,여,46세,상해없음,승용,남,48세,경상
2019090400100139,2019년 9월 4일 08시,수요일,경상북도 구미시 임은동,경상사고,0,0,2,0,차대차 - 추돌,안전운전불이행,젖음/습기,비,단일로 - 기타,승용,남,64세,상해없음,승용,남,58세,상해없음
2019090400100140,2019년 9월 4일 08시,수요일,경상북도 포항시 남구 인덕동,경상사고,0,0,3,0,차대차 - 측면충돌,교차로운행방법위반,건조,흐림,교차로 - 교차로안,승용,여,63세,경상,승용,여,27세,경상
2019090400100174,2019년 9월 4일 09시,수요일,경상북도 포항시 북구 흥해읍,경상사고,0,0,1,0,차대차 - 추돌,안전거리미확보,건조,맑음,단일로 - 기타,화물,남,56세,상해없음,승용,여,50세,경상
2019090400100175,2019년 9월 4일 09시,수요일,경상북도 안동시 서후면,중상사고,0,1,0,0,차량단독 - 전도전복 - 전복,안전운전불이행,젖음/습기,비,단일로 - 기타,승용,남,62세,중상,,,,
2019090400100176,2019년 9월 4일 09시,수요일,경상북도 영천시 오미동,경상사고,0,0,1,0,차대차 - 측면충돌,직진우회전진행방해,건조,맑음,교차로 - 교차로안,화물,남,72세,상해없음,승용,남,59세,상해없음
2019090400100249,2019년 9월 4일 11시,수요일,경상북도 포항시 북구 우현동,중상사고,0,1,0,0,차대차 - 측면충돌,직진우회전진행방해,건조,맑음,교차로 - 교차로안,화물,남,76세,상해없음,화물,남,68세,중상
2019090400100250,2019년 9월 4일 11시,수요일,경상북도 포항시 북구 청하면,경상사고,0,0,4,0,차대차 - 추돌,안전거리미확보,건조,맑음,단일로 - 기타,승용,남,34세,경상,승용,남,33세,경상
2019090400100285,2019년 9월 4일 12시,수요일,경상북도 성주군 초전면,경상사고,0,0,2,0,차대차 - 측면충돌,신호위반,건조,맑음,교차로 - 교차로안,특수,남,27세,경상,화물,남,66세,경상
2019090400100286,2019년 9월 4일 12시,수요일,경상북도 구미시 도량동,경상사고,0,0,2,0,차대차 - 기타,기타,건조,맑음,교차로 - 교차로안,승용,남,28세,상해없음,승합,남,50세,경상
2019090400100311,2019년 9월 4일 13시,수요일,경상북도 김천시 농소면,중상사고,0,1,2,0,차대차 - 정면충돌,중앙선침범,건조,맑음,단일로 - 기타,화물,남,74세,경상,화물,남,68세,경상
2019090400100312,2019년 9월 4일 13시,수요일,경상북도 김천시 지좌동,경상사고,0,0,1,0,차대차 - 측면충돌,안전운전불이행,건조,흐림,단일로 - 기타,승용,남,23세,상해없음,승용,여,62세,경상
2019090400100364,2019년 9월 4일 15시,수요일,경상북도 경산시 대평동,중상사고,0,1,0,0,차량단독 - 기타,안전운전불이행,건조,맑음,단일로 - 기타,승합,남,62세,상해없음,,,,
2019090400100365,2019년 9월 4일 15시,수요일,경상북도 청도군 화양읍,경상사고,0,0,1,0,차량단독 - 전도전복 - 전도,안전운전불이행,건조,맑음,단일로 - 기타,이륜,남,81세,경상,,,,
2019090400100400,2019년 9월 4일 16시,수요일,경상북도 영천시 망정동,중상사고,0,1,1,0,차대차 - 추돌,안전운전불이행,건조,맑음,단일로 - 기타,원동기,남,16세,중상,승용,남,48세,경상
2019090400100441,2019년 9월 4일 17시,수요일,경상북도 경주시 외동읍,경상사고,0,0,1,0,차대차 - 정면충돌,안전운전불이행,건조,맑음,단일로 - 지하차도(도로)내,이륜,남,47세,경상,승용,남,57세,상해없음
2019090400100442,2019년 9월 4일 17시,수요일,경상북도 영천시 창구동,경상사고,0,0,2,0,차량단독 - 기타,안전운전불이행,건조,맑음,단일로 - 기타,승용,남,41세,상해없음,,,,
2019090400100443,2019년 9월 4일 17시,수요일,경상북도 구미시 옥계동,경상사고,0,0,1,0,차대차 - 측면충돌,안전운전불이행,젖음/습기,흐림,단일로 - 기타,승합,여,53세,상해없음,승용,남,62세,상해없음
2019090400100444,2019년 9월 4일 17시,수요일,경상북도 구미시 송정동,경상사고,0,0,2,0,차대차 - 기타,교차로운행방법위반,건조,맑음,단일로 - 기타,승용,남,57세,상해없음,승용,남,24세,경상
2019090400100496,2019년 9월 4일 18시,수요일,경상북도 김천시 모암동,중상사고,0,2,0,0,차대차 - 측면충돌,교차로운행방법위반,건조,맑음,교차로 - 교차로안,승용,남,64세,상해없음,승용,여,31세,중상
2019090400100497,2019년 9월 4일 18시,수요일,경상북도 울진군 후포면,중상사고,0,1,0,0,차대차 - 측면충돌,신호위반,건조,맑음,교차로 - 교차로안,승용,남,64세,상해없음,승용,여,53세,중상
2019090400100538,2019년 9월 4일 19시,수요일,경상북도 김천시 삼락동,경상사고,0,0,1,0,차대사람 - 보도통행중,안전운전불이행,건조,맑음,단일로 - 기타,화물,여,46세,기타불명,보행자,남,28세,경상
2019090400100539,2019년 9월 4일 19시,수요일,경상북도 경산시 옥곡동,중상사고,0,1,0,0,차대사람 - 보도통행중,보행자보호의무위반,건조,맑음,교차로 - 교차로횡단보도내,승용,여,52세,기타불명,보행자,여,75세,중상
2019090400100540,2019년 9월 4일 19시,수요일,경상북도 성주군 성주읍,경상사고,0,0,1,0,차대차 - 측면충돌,안전운전불이행,건조,맑음,교차로 - 교차로안,승용,여,66세,상해없음,자전거,남,58세,경상
2019090400100591,2019년 9월 4일 20시,수요일,경상북도 안동시 남문동,경상사고,0,0,2,0,차대사람 - 횡단중,보행자보호의무위반,건조,맑음,교차로 - 교차로안,승용,여,37세,상해없음,보행자,남,33세,경상
2019090400100592,2019년 9월 4일 20시,수요일,경상북도 경산시 옥산동,경상사고,0,0,1,0,차대차 - 측면충돌,불법유턴,건조,맑음,단일로 - 기타,승용,여,43세,상해없음,승용,여,41세,경상
2019090400100593,2019년 9월 4일 20시,수요일,경상북도 청송군 청송읍,경상사고,0,0,1,0,차대차 - 측면충돌,중앙선침범,건조,흐림,단일로 - 지하차도(도로)내,승용,남,69세,상해없음,승용,여,47세,경상
2019090400100594,2019년 9월 4일 20시,수요일,경상북도 포항시 남구 오천읍,중상사고,0,1,2,2,차대차 - 측면충돌,안전운전불이행,건조,맑음,단일로 - 기타,승용,남,24세,중상,승용,남,26세,경상
2019090400100625,2019년 9월 4일 21시,수요일,경상북도 경산시 옥산동,경상사고,0,0,1,0,차대사람 - 차도통행중,안전운전불이행,건조,맑음,단일로 - 기타,이륜,남,19세,상해없음,보행자,남,46세,경상
2019090400100658,2019년 9월 4일 22시,수요일,경상북도 포항시 북구 장성동,경상사고,0,0,1,0,차대차 - 측면충돌,직진우회전진행방해,건조,맑음,교차로 - 교차로안,이륜,남,16세,상해없음,승용,남,57세,상해없음
2019090400100659,2019년 9월 4일 22시,수요일,경상북도 예천군 호명면,중상사고,0,1,1,0,차대차 - 추돌,안전운전불이행,건조,흐림,단일로 - 기타,승용,여,36세,상해없음,승용,남,59세,중상
2019090400100660,2019년 9월 4일 22시,수요일,경상북도 울진군 죽변면,경상사고,0,0,1,0,차대차 - 기타,안전운전불이행,건조,맑음,단일로 - 기타,승용,남,59세,경상,승용,남,59세,상해없음
2019090500100051,2019년 9월 5일 01시,목요일,경상북도 구미시 봉곡동,경상사고,0,0,1,0,차대차 - 추돌,안전운전불이행,건조,맑음,교차로 - 교차로부근,승용,여,65세,상해없음,승용,남,36세,경상
2019090500100066,2019년 9월 5일 03시,목요일,경상북도 경주시 건천읍,중상사고,0,1,0,0,차량단독 - 공작물충돌,안전운전불이행,건조,맑음,교차로 - 교차로부근,특수,남,53세,중상,,,,
2019090500100067,2019년 9월 5일 03시,목요일,경상북도 경주시 노서동,중상사고,0,1,0,0,차대차 - 측면충돌,안전운전불이행,건조,맑음,교차로 - 교차로부근,승용,남,21세,상해없음,승용,남,49세,중상
2019090500100073,2019년 9월 5일 04시,목요일,경상북도 영천시 청통면,중상사고,0,1,0,0,차량단독 - 공작물충돌,안전운전불이행,건조,흐림,단일로 - 기타,화물,남,44세,중상,,,,
2019090500100084,2019년 9월 5일 05시,목요일,경상북도 경주시 성동동,경상사고,0,0,1,0,차대차 - 측면충돌,신호위반,건조,맑음,교차로 - 교차로횡단보도내,이륜,남,19세,상해없음,자전거,남,70세,경상
2019090500100105,2019년 9월 5일 06시,목요일,경상북도 포항시 북구 장성동,경상사고,0,0,1,0,차대차 - 기타,안전운전불이행,건조,맑음,단일로 - 기타,화물,남,34세,기타불명,화물,여,61세,경상
2019090500100121,2019년 9월 5일 07시,목요일,경상북도 안동시 명륜동,중상사고,0,1,0,0,차대차 - 측면충돌,중앙선침범,건조,맑음,교차로 - 교차로안,승용,여,56세,상해없음,이륜,남,70세,중상
2019090500100170,2019년 9월 5일 08시,목요일,경상북도 안동시 안막동,중상사고,0,1,0,0,차대차 - 측면충돌,안전운전불이행,건조,맑음,교차로 - 교차로안,승용,남,71세,상해없음,자전거,남,78세,중상
2019090500100171,2019년 9월 5일 08시,목요일,경상북도 영천시 채신동,경상사고,0,0,2,0,차대차 - 측면충돌,안전운전불이행,건조,맑음,교차로 - 교차로안,승용,남,59세,경상,승용,남,48세,경상
2019090500100172,2019년 9월 5일 08시,목요일,경상북도 구미시 진평동,경상사고,0,0,1,0,차대차 - 기타,안전운전불이행,건조,맑음,교차로 - 교차로부근,승용,여,29세,상해없음,이륜,남,50세,경상
2019090500100213,2019년 9월 5일 09시,목요일,경상북도 김천시 모암동,중상사고,0,1,0,0,차대사람 - 횡단중,신호위반,건조,흐림,단일로 - 기타,승용,남,69세,상해없음,보행자,여,60세,중상
2019090500100214,2019년 9월 5일 09시,목요일,경상북도 의성군 의성읍,경상사고,0,0,1,0,차대차 - 측면충돌,안전운전불이행,건조,맑음,교차로 - 교차로안,이륜,남,79세,경상,화물,남,80세,상해없음
2019090500100215,2019년 9월 5일 09시,목요일,경상북도 영주시 풍기읍,중상사고,0,1,0,0,차대차 - 측면충돌,안전운전불이행,건조,흐림,교차로 - 교차로안,화물,남,70세,상해없음,승용,남,68세,상해없음
2019090500100246,2019년 9월 5일 10시,목요일,경상북도 경주시 동부동,경상사고,0,0,1,0,차대차 - 측면충돌,안전운전불이행,건조,맑음,단일로 - 기타,승용,여,49세,상해없음,자전거,남,86세,경상
2019090500100299,2019년 9월 5일 12시,목요일,경상북도 안동시 안막동,경상사고,0,0,1,0,차량단독 - 기타,안전운전불이행,젖음/습기,흐림,단일로 - 기타,승용,남,49세,경상,,,,
2019090500100300,2019년 9월 5일 12시,목요일,경상북도 울진군 죽변면,사망사고,1,0,0,0,차대사람 - 기타,안전운전불이행,건조,맑음,교차로 - 교차로부근,화물,남,41세,상해없음,보행자,남,56세,사망
2019090500100329,2019년 9월 5일 13시,목요일,경상북도 의성군 의성읍,경상사고,0,0,1,0,차대사람 - 횡단중,중앙선침범,건조,맑음,교차로 - 교차로부근,승용,남,43세,상해없음,보행자,남,83세,경상
2019090500100368,2019년 9월 5일 14시,목요일,경상북도 영천시 화남면,중상사고,0,3,0,0,차대차 - 추돌,안전거리미확보,건조,맑음,단일로 - 기타,화물,남,56세,상해없음,승용,여,55세,중상
2019090500100409,2019년 9월 5일 15시,목요일,경상북도 포항시 북구 양덕동,경상사고,0,0,1,0,차대차 - 기타,신호위반,건조,맑음,교차로 - 교차로부근,승용,여,35세,상해없음,화물,남,51세,경상
2019090500100410,2019년 9월 5일 15시,목요일,경상북도 김천시 부곡동,경상사고,0,0,1,0,차대차 - 측면충돌,교차로운행방법위반,젖음/습기,비,교차로 - 교차로안,승용,남,69세,상해없음,승용,여,49세,경상
2019090500100411,2019년 9월 5일 15시,목요일,경상북도 상주시 남성동,경상사고,0,0,1,0,차대차 - 측면충돌,안전운전불이행,건조,맑음,교차로 - 교차로안,승용,여,38세,상해없음,자전거,남,8세,경상
2019090500100412,2019년 9월 5일 15시,목요일,경상북도 포항시 남구 이동,경상사고,0,0,2,1,차대차 - 측면충돌,교차로운행방법위반,건조,맑음,교차로 - 교차로안,승용,남,58세,상해없음,승용,여,36세,경상
2019090500100450,2019년 9월 5일 16시,목요일,경상북도 안동시 태화동,경상사고,0,0,1,0,차대사람 - 횡단중,보행자보호의무위반,젖음/습기,비,교차로 - 교차로횡단보도내,승합,남,40세,상해없음,보행자,여,12세,경상
2019090500100451,2019년 9월 5일 16시,목요일,경상북도 상주시 청리면,경상사고,0,0,1,0,차량단독 - 기타,안전운전불이행,건조,맑음,단일로 - 기타,이륜,남,58세,경상,,,,
2019090500100452,2019년 9월 5일 16시,목요일,경상북도 의성군 금성면,경상사고,0,0,1,0,차대차 - 기타,중앙선침범,젖음/습기,비,기타 - 기타,승용,여,56세,경상,승합,남,67세,상해없음
2019090500100490,2019년 9월 5일 17시,목요일,경상북도 경주시 용강동,경상사고,0,0,2,0,차대차 - 측면충돌,안전운전불이행,건조,맑음,교차로 - 교차로안,승용,남,64세,상해없음,승용,여,28세,경상
2019090500100491,2019년 9월 5일 17시,목요일,경상북도 울릉군 울릉읍,경상사고,0,0,1,0,차대사람 - 기타,안전운전불이행,건조,맑음,단일로 - 기타,승용,남,68세,상해없음,보행자,여,59세,경상
2019090500100541,2019년 9월 5일 18시,목요일,경상북도 포항시 북구 장성동,경상사고,0,0,1,0,차대차 - 측면충돌,교차로운행방법위반,건조,맑음,교차로 - 교차로안,승용,여,36세,기타불명,승용,남,65세,경상
2019090500100542,2019년 9월 5일 18시,목요일,경상북도 구미시 신평동,경상사고,0,0,1,0,차대차 - 기타,안전거리미확보,건조,맑음,교차로 - 교차로안,화물,남,53세,상해없음,승용,남,34세,경상
2019090500100586,2019년 9월 5일 19시,목요일,경상북도 영주시 영주동,중상사고,0,1,0,0,차대사람 - 횡단중,보행자보호의무위반,젖음/습기,비,교차로 - 교차로안,승용,여,68세,상해없음,보행자,남,68세,중상
2019090500100624,2019년 9월 5일 20시,목요일,경상북도 포항시 북구 흥해읍,경상사고,0,0,1,0,차대차 - 기타,신호위반,건조,맑음,교차로 - 교차로안,이륜,남,25세,상해없음,승용,여,26세,경상
2019090500100625,2019년 9월 5일 20시,목요일,경상북도 상주시 남성동,경상사고,0,0,1,0,차대차 - 후진중충돌,안전운전불이행,젖음/습기,비,교차로 - 교차로안,승용,여,57세,상해없음,승용,남,27세,경상
2019090500100626,2019년 9월 5일 20시,목요일,경상북도 영주시 휴천동,경상사고,0,0,1,0,차대차 - 측면충돌,교차로운행방법위반,젖음/습기,비,교차로 - 교차로안,승용,남,22세,상해없음,승용,여,59세,경상
2019090500100627,2019년 9월 5일 20시,목요일,경상북도 경산시 압량면,경상사고,0,0,1,0,차대차 - 측면충돌,안전운전불이행,건조,맑음,단일로 - 기타,승용,남,27세,상해없음,이륜,남,26세,경상
2019090500100628,2019년 9월 5일 20시,목요일,경상북도 구미시 공단동,중상사고,0,1,3,0,차대차 - 기타,안전운전불이행,건조,맑음,단일로 - 기타,승용,남,24세,상해없음,승용,여,33세,경상
2019090500100655,2019년 9월 5일 21시,목요일,경상북도 안동시 법상동,경상사고,0,0,4,0,차대차 - 기타,안전운전불이행,건조,맑음,단일로 - 기타,화물,남,33세,상해없음,승용,여,44세,상해없음
2019090500100656,2019년 9월 5일 21시,목요일,경상북도 포항시 남구 지곡동,경상사고,0,0,1,0,차대사람 - 차도통행중,안전운전불이행,건조,맑음,단일로 - 기타,승용,여,27세,상해없음,보행자,남,57세,경상
2019090500100682,2019년 9월 5일 22시,목요일,경상북도 성주군 성주읍,경상사고,0,0,1,0,차대차 - 기타,안전운전불이행,건조,맑음,교차로 - 교차로부근,화물,여,47세,상해없음,자전거,여,66세,경상
2019090500100709,2019년 9월 5일 23시,목요일,경상북도 안동시 태화동,경상사고,0,0,1,0,차량단독 - 도로외이탈 - 추락,안전운전불이행,젖음/습기,비,교차로 - 교차로부근,화물,남,38세,경상,,,,
2019090500100710,2019년 9월 5일 23시,목요일,경상북도 경산시 압량면,경상사고,0,0,1,0,차대차 - 측면충돌,교차로운행방법위반,건조,맑음,교차로 - 교차로안,승용,남,28세,상해없음,승용,남,27세,상해없음
2019090500100711,2019년 9월 5일 23시,목요일,경상북도 구미시 공단동,경상사고,0,0,2,0,차대차 - 기타,안전운전불이행,건조,맑음,교차로 - 교차로안,승용,남,29세,상해없음,승용,여,44세,경상
2019090600100041,2019년 9월 6일 01시,금요일,경상북도 경산시 계양동,중상사고,0,1,1,0,차량단독 - 공작물충돌,안전운전불이행,건조,맑음,교차로 - 교차로부근,이륜,남,36세,경상,,,,
2019090600100051,2019년 9월 6일 02시,금요일,경상북도 성주군 성주읍,경상사고,0,0,1,0,차대차 - 기타,안전운전불이행,건조,맑음,단일로 - 기타,화물,남,49세,경상,화물,남,48세,상해없음
2019090600100070,2019년 9월 6일 05시,금요일,경상북도 경산시 중방동,부상신고사고,0,0,0,1,차대사람 - 횡단중,안전운전불이행,건조,흐림,교차로 - 교차로횡단보도내,기타불명,기타불명,미분류,기타불명,보행자,남,70세,부상신고
2019090600100093,2019년 9월 6일 07시,금요일,경상북도 포항시 북구 죽도동,경상사고,0,0,3,0,차대차 - 측면충돌,안전거리미확보,건조,맑음,단일로 - 기타,건설기계,남,51세,상해없음,승용,남,57세,기타불명
2019090600100121,2019년 9월 6일 08시,금요일,경상북도 경주시 양남면,경상사고,0,0,2,0,차대차 - 측면충돌,중앙선침범,건조,맑음,단일로 - 기타,승용,남,45세,상해없음,승용,남,53세,경상
2019090600100122,2019년 9월 6일 08시,금요일,경상북도 영천시 금호읍,경상사고,0,0,1,0,차대사람 - 횡단중,안전운전불이행,건조,맑음,단일로 - 기타,이륜,남,44세,상해없음,보행자,여,80세,경상
2019090600100123,2019년 9월 6일 08시,금요일,경상북도 경산시 자인면,사망사고,1,0,0,0,차대사람 - 횡단중,안전운전불이행,건조,맑음,단일로 - 기타,승합,남,22세,상해없음,보행자,남,61세,사망
2019090600100150,2019년 9월 6일 09시,금요일,경상북도 안동시 안막동,경상사고,0,0,1,0,차대차 - 추돌,안전운전불이행,건조,맑음,교차로 - 교차로부근,승용,남,79세,상해없음,승용,여,61세,경상
2019090600100151,2019년 9월 6일 09시,금요일,경상북도 영천시 화남면,경상사고,0,0,1,0,차량단독 - 공작물충돌,안전운전불이행,건조,맑음,단일로 - 기타,승용,남,29세,경상,,,,
2019090600100152,2019년 9월 6일 09시,금요일,경상북도 경산시 자인면,사망사고,1,0,0,0,차량단독 - 전도전복 - 전도,안전운전불이행,젖음/습기,흐림,단일로 - 기타,이륜,남,84세,사망,,,,
2019090600100178,2019년 9월 6일 10시,금요일,경상북도 상주시 서성동,경상사고,0,0,1,0,차대사람 - 기타,안전운전불이행,건조,맑음,단일로 - 기타,승용,여,38세,상해없음,보행자,남,60세,경상
2019090600100179,2019년 9월 6일 10시,금요일,경상북도 영천시 완산동,중상사고,0,1,0,0,차대사람 - 횡단중,보행자보호의무위반,건조,맑음,교차로 - 교차로횡단보도내,승용,남,68세,상해없음,보행자,남,85세,중상
2019090600100180,2019년 9월 6일 10시,금요일,경상북도 문경시 마성면,경상사고,0,0,1,0,차대차 - 측면충돌,신호위반,건조,맑음,교차로 - 교차로안,화물,남,44세,상해없음,승용,여,31세,경상
2019090600100181,2019년 9월 6일 10시,금요일,경상북도 경산시 압량면,중상사고,0,1,0,0,차대차 - 정면충돌,교차로운행방법위반,건조,맑음,교차로 - 교차로안,화물,남,64세,상해없음,원동기,남,42세,중상
2019090600100182,2019년 9월 6일 10시,금요일,경상북도 울진군 평해읍,경상사고,0,0,1,0,차대차 - 측면충돌,직진우회전진행방해,건조,맑음,교차로 - 교차로안,화물,남,33세,상해없음,승용,여,56세,경상
2019090600100269,2019년 9월 6일 13시,금요일,경상북도 김천시 봉산면,중상사고,0,1,0,0,차대차 - 측면충돌,교차로운행방법위반,건조,맑음,교차로 - 교차로안,화물,남,66세,상해없음,이륜,여,66세,중상
2019090600100270,2019년 9월 6일 13시,금요일,경상북도 상주시 남성동,경상사고,0,0,1,0,차대차 - 측면충돌,중앙선침범,건조,맑음,단일로 - 기타,이륜,여,67세,경상,승용,여,58세,상해없음
2019090600100271,2019년 9월 6일 13시,금요일,경상북도 상주시 중덕동,경상사고,0,0,1,0,차량단독 - 공작물충돌,안전운전불이행,건조,맑음,단일로 - 기타,승용,여,30세,상해없음,,,,
2019090600100272,2019년 9월 6일 13시,금요일,경상북도 의성군 의성읍,경상사고,0,0,1,0,차대차 - 측면충돌,중앙선침범,건조,맑음,교차로 - 교차로안,승용,남,55세,상해없음,승용,남,29세,경상
2019090600100273,2019년 9월 6일 13시,금요일,경상북도 군위군 의흥면,중상사고,0,4,0,0,차대차 - 정면충돌,중앙선침범,건조,맑음,단일로 - 기타,승용,남,63세,중상,승용,남,53세,중상
2019090600100274,2019년 9월 6일 13시,금요일,경상북도 구미시 원평동,경상사고,0,0,1,0,차대차 - 추돌,안전운전불이행,건조,맑음,교차로 - 교차로부근,승합,남,53세,기타불명,화물,남,38세,경상
2019090600100310,2019년 9월 6일 14시,금요일,경상북도 상주시 중덕동,중상사고,0,1,0,0,차대차 - 측면충돌,안전운전불이행,건조,맑음,교차로 - 교차로안,승용,남,62세,상해없음,이륜,남,69세,중상
2019090600100311,2019년 9월 6일 14시,금요일,경상북도 경산시 진량읍,경상사고,0,0,1,0,차대차 - 측면충돌,안전운전불이행,건조,맑음,단일로 - 기타,승용,남,52세,상해없음,승용,여,41세,경상
2019090600100346,2019년 9월 6일 15시,금요일,경상북도 문경시 점촌동,경상사고,0,0,1,0,차대차 - 추돌,안전운전불이행,건조,맑음,교차로 - 교차로안,화물,남,72세,상해없음,승용,남,62세,경상
2019090600100347,2019년 9월 6일 15시,금요일,경상북도 군위군 군위읍,중상사고,0,1,0,0,차대차 - 후진중충돌,안전운전불이행,건조,맑음,단일로 - 기타,화물,남,62세,상해없음,이륜,남,68세,상해없음
2019090600100348,2019년 9월 6일 15시,금요일,경상북도 구미시 오태동,경상사고,0,0,1,0,차대사람 - 기타,기타,건조,맑음,기타 - 기타,특수,남,50세,상해없음,보행자,남,37세,경상
2019090600100349,2019년 9월 6일 15시,금요일,경상북도 안동시 일직면,경상사고,0,0,1,0,차대차 - 기타,안전운전불이행,건조,맑음,단일로 - 기타,승용,남,57세,상해없음,승용,여,59세,경상
2019090600100399,2019년 9월 6일 16시,금요일,경상북도 포항시 북구 항구동,중상사고,0,1,0,0,차대차 - 기타,안전운전불이행,건조,맑음,단일로 - 기타,이륜,남,20세,상해없음,승합,남,59세,상해없음
2019090600100400,2019년 9월 6일 16시,금요일,경상북도 포항시 북구 흥해읍,경상사고,0,0,1,0,차대사람 - 횡단중,안전운전불이행,건조,맑음,단일로 - 기타,승용,여,57세,상해없음,보행자,남,9세,경상
2019090600100401,2019년 9월 6일 16시,금요일,경상북도 영천시 조교동,중상사고,0,1,0,0,차대차 - 측면충돌,안전운전불이행,건조,맑음,교차로 - 교차로안,화물,남,56세,상해없음,승용,여,56세,중상
2019090600100402,2019년 9월 6일 16시,금요일,경상북도 문경시 호계면,경상사고,0,0,1,0,차대차 - 측면충돌,기타,건조,맑음,교차로 - 교차로안,승용,여,57세,경상,승용,여,25세,상해없음
2019090600100403,2019년 9월 6일 16시,금요일,경상북도 경산시 와촌면,경상사고,0,0,2,0,차대차 - 추돌,안전운전불이행,건조,맑음,교차로 - 교차로부근,화물,남,64세,상해없음,화물,남,32세,경상
2019090600100450,2019년 9월 6일 17시,금요일,경상북도 김천시 신음동,부상신고사고,0,0,0,1,차대사람 - 보도통행중,안전운전불이행,건조,맑음,교차로 - 교차로부근,기타불명,기타불명,미분류,기타불명,보행자,남,39세,부상신고
2019090600100451,2019년 9월 6일 17시,금요일,경상북도 칠곡군 석적읍,경상사고,0,0,1,0,차대차 - 측면충돌,안전운전불이행,건조,맑음,단일로 - 기타,승용,남,62세,상해없음,자전거,남,21세,경상
2019090600100452,2019년 9월 6일 17시,금요일,경상북도 칠곡군 석적읍,경상사고,0,0,2,0,차대차 - 측면충돌,안전운전불이행,건조,맑음,교차로 - 교차로안,승용,남,65세,경상,승용,남,33세,경상
2019090600100501,2019년 9월 6일 18시,금요일,경상북도 구미시 옥계동,경상사고,0,0,1,0,차대차 - 측면충돌,안전운전불이행,건조,흐림,교차로 - 교차로안,승용,여,66세,상해없음,승용,남,43세,경상
2019090600100551,2019년 9월 6일 19시,금요일,경상북도 경주시 황오동,중상사고,0,1,0,0,차대차 - 측면충돌,안전운전불이행,건조,맑음,교차로 - 교차로안,승용,남,19세,상해없음,자전거,여,73세,중상
2019090600100552,2019년 9월 6일 19시,금요일,경상북도 포항시 북구 죽도동,중상사고,0,1,0,0,차대사람 - 기타,안전운전불이행,건조,맑음,교차로 - 교차로안,승용,남,47세,상해없음,보행자,여,52세,중상
2019090600100553,2019년 9월 6일 19시,금요일,경상북도 상주시 함창읍,경상사고,0,0,1,0,차량단독 - 전도전복 - 전도,안전운전불이행,건조,흐림,교차로 - 교차로횡단보도내,자전거,남,70세,경상,,,,
2019090600100554,2019년 9월 6일 19시,금요일,경상북도 구미시 지산동,경상사고,0,0,2,0,차대차 - 기타,안전운전불이행,건조,흐림,교차로 - 교차로안,승용,여,46세,상해없음,승용,남,27세,경상
2019090600100645,2019년 9월 6일 21시,금요일,경상북도 고령군 대가야읍,중상사고,0,1,0,1,차대사람 - 차도통행중,안전운전불이행,건조,맑음,교차로 - 교차로안,원동기,남,69세,부상신고,보행자,여,78세,중상
2019090600100646,2019년 9월 6일 21시,금요일,경상북도 구미시 산동면,중상사고,0,1,0,0,차대차 - 기타,차로위반,건조,맑음,교차로 - 교차로부근,승용,남,53세,상해없음,원동기,남,22세,중상
2019090600100685,2019년 9월 6일 22시,금요일,경상북도 청도군 매전면,사망사고,1,0,0,0,차량단독 - 기타,안전운전불이행,건조,흐림,단일로 - 기타,개인형이동수단(PM),남,31세,사망,,,,
2019090600100686,2019년 9월 6일 22시,금요일,경상북도 구미시 해평면,경상사고,0,0,1,0,차대차 - 기타,안전운전불이행,건조,맑음,단일로 - 기타,승용,남,47세,상해없음,승용,여,62세,경상
2019090700100064,2019년 9월 7일 01시,토요일,경상북도 구미시 구포동,경상사고,0,0,2,0,차대차 - 측면충돌,안전운전불이행,건조,흐림,교차로 - 교차로안,승용,여,60세,경상,승용,여,38세,경상
2019090700100065,2019년 9월 7일 01시,토요일,경상북도 구미시 해평면,사망사고,1,0,0,0,차대사람 - 기타,중앙선침범,건조,맑음,단일로 - 기타,화물,남,48세,상해없음,보행자,여,74세,사망
2019090700100117,2019년 9월 7일 05시,토요일,경상북도 영천시 북안면,중상사고,0,2,2,0,차량단독 - 공작물충돌,안전운전불이행,건조,맑음,기타 - 기타,승용,남,78세,중상,,,,
2019090700100137,2019년 9월 7일 07시,토요일,경상북도 구미시 황상동,경상사고,0,0,1,0,차대차 - 추돌,안전운전불이행,건조,맑음,교차로 - 교차로부근,승용,여,62세,상해없음,승용,남,29세,경상
2019090700100150,2019년 9월 7일 08시,토요일,경상북도 경주시 성건동,경상사고,0,0,1,0,차대사람 - 차도통행중,안전운전불이행,젖음/습기,비,단일로 - 기타,화물,남,46세,상해없음,보행자,여,68세,경상
2019090700100151,2019년 9월 7일 08시,토요일,경상북도 경산시 조영동,경상사고,0,0,1,0,차대차 - 측면충돌,안전운전불이행,건조,맑음,교차로 - 교차로안,승용,여,29세,상해없음,승용,남,60세,경상
2019090700100175,2019년 9월 7일 09시,토요일,경상북도 김천시 응명동,경상사고,0,0,1,0,차대차 - 기타,안전운전불이행,젖음/습기,비,단일로 - 기타,화물,여,65세,경상,승용,남,34세,기타불명