사고번호,사고일시,요일,시군구,사고내용,사망자수,중상자수,경상자수,부상신고자수,사고유형,법규위반,노면상태,기상상태,도로형태,가해운전자 차종,가해운전자 성별,가해운전자 연령,가해운전자 상해정도,피해운전자 차종,피해운전자 성별,피해운전자 연령,피해운전자 상해정도
2019090700100176,2019년 9월 7일 09시,토요일,경상북도 칠곡군 왜관읍,경상사고,0,0,1,0,차대차 - 추돌,안전운전불이행,젖음/습기,비,교차로 - 교차로부근,화물,남,41세,상해없음,승용,남,50세,경상
2019090700100177,2019년 9월 7일 09시,토요일,경상북도 구미시 인의동,경상사고,0,0,1,0,차대차 - 기타,중앙선침범,젖음/습기,비,교차로 - 교차로부근,승용,남,27세,상해없음,승용,여,46세,경상
2019090700100197,2019년 9월 7일 10시,토요일,경상북도 안동시 예안면,경상사고,0,0,1,0,차대차 - 기타,중앙선침범,건조,맑음,단일로 - 기타,화물,남,53세,상해없음,화물,남,58세,상해없음
2019090700100198,2019년 9월 7일 10시,토요일,경상북도 칠곡군 가산면,부상신고사고,0,0,0,1,차량단독 - 공작물충돌,안전운전불이행,젖음/습기,비,단일로 - 기타,승용,여,56세,부상신고,,,,
2019090700100199,2019년 9월 7일 10시,토요일,경상북도 영천시 화북면,경상사고,0,0,7,1,차량단독 - 공작물충돌,안전운전불이행,젖음/습기,비,단일로 - 기타,승합,남,57세,상해없음,,,,
2019090700100215,2019년 9월 7일 11시,토요일,경상북도 경주시 양북면,경상사고,0,0,1,0,차대차 - 기타,안전운전불이행,젖음/습기,비,단일로 - 기타,화물,남,63세,경상,특수,남,56세,상해없음
2019090700100232,2019년 9월 7일 11시,토요일,경상북도 영양군 수비면,중상사고,0,1,0,0,차량단독 - 기타,기타,젖음/습기,비,단일로 - 기타,화물,남,52세,상해없음,,,,
2019090700100233,2019년 9월 7일 11시,토요일,경상북도 구미시 도량동,경상사고,0,0,1,0,차대차 - 기타,안전운전불이행,건조,맑음,교차로 - 교차로안,승용,여,27세,상해없음,원동기,남,13세,경상
2019090700100266,2019년 9월 7일 12시,토요일,경상북도 안동시 수상동,경상사고,0,0,1,0,차대사람 - 기타,기타,건조,흐림,단일로 - 기타,승용,여,64세,기타불명,보행자,남,57세,경상
2019090700100267,2019년 9월 7일 12시,토요일,경상북도 청도군 청도읍,경상사고,0,0,4,0,차대차 - 측면충돌,안전운전불이행,젖음/습기,비,단일로 - 지하차도(도로)내,승용,남,44세,경상,승용,남,39세,경상
2019090700100342,2019년 9월 7일 16시,토요일,경상북도 영양군 입암면,중상사고,0,1,0,0,차대사람 - 길가장자리구역통행중,안전운전불이행,건조,맑음,교차로 - 교차로부근,승용,남,49세,상해없음,보행자,여,77세,중상
2019090700100396,2019년 9월 7일 18시,토요일,경상북도 청도군 이서면,경상사고,0,0,2,0,차대차 - 측면충돌,교차로운행방법위반,건조,맑음,교차로 - 교차로안,이륜,남,47세,경상,승합,남,66세,경상
2019090700100422,2019년 9월 7일 19시,토요일,경상북도 경주시 용강동,중상사고,0,1,0,0,차량단독 - 기타,안전운전불이행,건조,맑음,교차로 - 교차로부근,승합,남,51세,상해없음,,,,
2019090700100423,2019년 9월 7일 19시,토요일,경상북도 안동시 용상동,경상사고,0,0,1,0,차대사람 - 기타,신호위반,건조,맑음,교차로 - 교차로안,승용,여,35세,상해없음,보행자,여,19세,경상
2019090700100424,2019년 9월 7일 19시,토요일,경상북도 상주시 무양동,경상사고,0,0,2,0,차대차 - 측면충돌,안전운전불이행,건조,맑음,교차로 - 교차로안,이륜,남,39세,경상,승용,남,36세,경상
2019090700100425,2019년 9월 7일 19시,토요일,경상북도 구미시 인의동,경상사고,0,0,4,0,차대차 - 기타,신호위반,건조,맑음,교차로 - 교차로부근,승용,남,52세,상해없음,승용,남,36세,경상
2019090700100451,2019년 9월 7일 20시,토요일,경상북도 포항시 북구 청하면,경상사고,0,0,3,0,차대차 - 측면충돌,안전운전불이행,건조,맑음,단일로 - 기타,승용,남,60세,경상,승용,남,36세,경상
2019090700100471,2019년 9월 7일 21시,토요일,경상북도 경주시 도지동,중상사고,0,1,1,0,차대차 - 측면충돌,안전운전불이행,건조,맑음,교차로 - 교차로안,승용,남,58세,경상,승용,남,42세,중상
2019090700100494,2019년 9월 7일 22시,토요일,경상북도 포항시 북구 여남동,중상사고,0,1,1,0,차량단독 - 공작물충돌,안전운전불이행,건조,맑음,단일로 - 기타,승용,남,47세,상해없음,,,,
2019090700100495,2019년 9월 7일 22시,토요일,경상북도 포항시 남구 연일읍,경상사고,0,0,1,0,차대차 - 측면충돌,기타,건조,맑음,단일로 - 기타,승용,여,45세,상해없음,이륜,남,39세,경상
2019090700100510,2019년 9월 7일 23시,토요일,경상북도 경주시 외동읍,경상사고,0,0,1,0,차량단독 - 공작물충돌,안전운전불이행,건조,맑음,단일로 - 기타,승용,남,47세,경상,,,,
2019090800100025,2019년 9월 8일 00시,일요일,경상북도 안동시 옥야동,경상사고,0,0,1,0,차대사람 - 기타,안전운전불이행,건조,맑음,단일로 - 기타,승용,남,74세,상해없음,보행자,남,42세,경상
2019090800100039,2019년 9월 8일 01시,일요일,경상북도 포항시 북구 흥해읍,중상사고,0,1,1,0,차대차 - 정면충돌,중앙선침범,건조,흐림,단일로 - 기타,승용,남,44세,경상,승용,남,53세,중상
2019090800100072,2019년 9월 8일 05시,일요일,경상북도 경주시 안강읍,중상사고,0,1,0,0,차량단독 - 공작물충돌,안전운전불이행,건조,맑음,단일로 - 기타,승용,남,38세,중상,,,,
2019090800100073,2019년 9월 8일 05시,일요일,경상북도 울진군 울진읍,중상사고,0,2,1,0,차량단독 - 공작물충돌,안전운전불이행,건조,맑음,교차로 - 교차로부근,승용,남,23세,경상,,,,
2019090800100090,2019년 9월 8일 07시,일요일,경상북도 상주시 냉림동,경상사고,0,0,1,0,차량단독 - 공작물충돌,안전운전불이행,건조,맑음,단일로 - 교량,승용,여,27세,경상,,,,
2019090800100091,2019년 9월 8일 07시,일요일,경상북도 영천시 화남면,중상사고,0,1,2,0,차대차 - 측면충돌,기타,건조,맑음,교차로 - 교차로안,승용,남,64세,경상,승용,여,68세,중상
2019090800100100,2019년 9월 8일 08시,일요일,경상북도 구미시 남통동,경상사고,0,0,1,0,차대차 - 기타,안전운전불이행,건조,맑음,단일로 - 기타,승용,여,55세,상해없음,자전거,남,46세,경상
2019090800100114,2019년 9월 8일 09시,일요일,경상북도 경주시 외동읍,경상사고,0,0,3,0,차대차 - 추돌,안전운전불이행,건조,맑음,교차로 - 교차로부근,승용,남,61세,상해없음,승용,남,71세,경상
2019090800100133,2019년 9월 8일 10시,일요일,경상북도 안동시 풍산읍,중상사고,0,1,0,0,차대차 - 측면충돌,안전운전불이행,건조,맑음,단일로 - 기타,승용,남,71세,상해없음,자전거,남,68세,중상
2019090800100134,2019년 9월 8일 10시,일요일,경상북도 영덕군 강구면,경상사고,0,0,2,0,차대차 - 측면충돌,안전운전불이행,건조,맑음,단일로 - 기타,특수,남,48세,상해없음,승용,남,58세,경상
2019090800100163,2019년 9월 8일 11시,일요일,경상북도 영천시 고경면,경상사고,0,0,1,0,차대사람 - 기타,안전운전불이행,건조,맑음,단일로 - 기타,승합,남,55세,상해없음,보행자,여,40세,경상
2019090800100191,2019년 9월 8일 12시,일요일,경상북도 포항시 북구 용흥동,경상사고,0,0,1,0,차대차 - 측면충돌,교차로운행방법위반,건조,맑음,교차로 - 교차로안,승용,남,37세,상해없음,승용,남,52세,상해없음
2019090800100192,2019년 9월 8일 12시,일요일,경상북도 청송군 청송읍,중상사고,0,1,0,0,차대차 - 추돌,안전운전불이행,건조,맑음,단일로 - 지하차도(도로)내,이륜,남,82세,중상,화물,남,69세,기타불명
2019090800100193,2019년 9월 8일 12시,일요일,경상북도 포항시 남구 오천읍,중상사고,0,1,0,0,차대차 - 측면충돌,안전운전불이행,건조,맑음,단일로 - 기타,승용,남,39세,상해없음,이륜,남,37세,중상
2019090800100223,2019년 9월 8일 13시,일요일,경상북도 김천시 아포읍,중상사고,0,2,2,0,차대사람 - 기타,안전운전불이행,건조,맑음,교차로 - 교차로부근,승용,여,46세,상해없음,보행자,남,6세,경상
2019090800100224,2019년 9월 8일 13시,일요일,경상북도 포항시 남구 효자동,중상사고,0,3,1,0,차대차 - 기타,중앙선침범,건조,맑음,단일로 - 기타,승용,여,66세,상해없음,승용,남,49세,중상
2019090800100284,2019년 9월 8일 15시,일요일,경상북도 경주시 안강읍,부상신고사고,0,0,0,1,차대차 - 측면충돌,안전운전불이행,건조,맑음,교차로 - 교차로부근,이륜,남,65세,부상신고,승용,남,24세,상해없음
2019090800100285,2019년 9월 8일 15시,일요일,경상북도 안동시 옥동,경상사고,0,0,1,0,차대차 - 측면충돌,안전운전불이행,건조,맑음,교차로 - 교차로부근,승용,남,43세,상해없음,이륜,남,37세,경상
2019090800100286,2019년 9월 8일 15시,일요일,경상북도 김천시 율곡동,경상사고,0,0,1,0,차량단독 - 공작물충돌,안전운전불이행,건조,맑음,교차로 - 교차로안,이륜,남,19세,경상,,,,
2019090800100287,2019년 9월 8일 15시,일요일,경상북도 군위군 군위읍,중상사고,0,1,0,0,차대차 - 후진중충돌,안전운전불이행,건조,맑음,단일로 - 기타,승용,남,67세,상해없음,승용,남,28세,중상
2019090800100288,2019년 9월 8일 15시,일요일,경상북도 구미시 황상동,경상사고,0,0,2,0,차대차 - 기타,교차로운행방법위반,건조,맑음,교차로 - 교차로안,승용,여,30세,경상,승용,여,33세,경상
2019090800100325,2019년 9월 8일 16시,일요일,경상북도 의성군 구천면,중상사고,0,1,0,0,차대차 - 측면충돌,안전운전불이행,건조,맑음,기타 - 기타,이륜,남,78세,중상,승용,남,65세,상해없음
2019090800100361,2019년 9월 8일 17시,일요일,경상북도 포항시 남구 연일읍,사망사고,1,0,1,0,차대사람 - 기타,안전운전불이행,건조,맑음,단일로 - 기타,승용,남,53세,상해없음,보행자,여,78세,사망
2019090800100397,2019년 9월 8일 18시,일요일,경상북도 청송군 진보면,중상사고,0,1,0,0,차대사람 - 횡단중,보행자보호의무위반,건조,맑음,단일로 - 기타,화물,남,36세,상해없음,보행자,여,81세,중상
2019090800100421,2019년 9월 8일 19시,일요일,경상북도 경주시 황성동,중상사고,0,2,0,0,차량단독 - 공작물충돌,과속,건조,맑음,교차로 - 교차로부근,승용,남,18세,중상,,,,
2019090800100422,2019년 9월 8일 19시,일요일,경상북도 포항시 북구 용흥동,경상사고,0,0,1,0,차대차 - 측면충돌,안전운전불이행,건조,맑음,단일로 - 기타,승용,남,42세,상해없음,이륜,남,51세,경상
2019090800100423,2019년 9월 8일 19시,일요일,경상북도 영주시 풍기읍,중상사고,0,1,0,0,차대사람 - 기타,안전운전불이행,건조,맑음,교차로 - 교차로안,승용,여,61세,상해없음,보행자,여,80세,중상
2019090800100424,2019년 9월 8일 19시,일요일,경상북도 영양군 수비면,중상사고,0,1,0,0,차대사람 - 차도통행중,안전운전불이행,건조,맑음,단일로 - 기타,승용,남,30세,상해없음,보행자,남,56세,중상
2019090800100460,2019년 9월 8일 20시,일요일,경상북도 경산시 사동,경상사고,0,0,3,0,차대차 - 추돌,안전운전불이행,건조,맑음,단일로 - 기타,이륜,남,33세,경상,승용,남,31세,경상
2019090800100509,2019년 9월 8일 22시,일요일,경상북도 구미시 원평동,경상사고,0,0,3,0,차대차 - 추돌,안전운전불이행,건조,맑음,교차로 - 교차로부근,승용,남,55세,상해없음,승용,남,58세,경상
2019090900100045,2019년 9월 9일 03시,월요일,경상북도 영덕군 강구면,중상사고,0,1,0,0,차대차 - 측면충돌,안전운전불이행,건조,맑음,교차로 - 교차로안,승용,남,72세,상해없음,화물,남,72세,중상
2019090900100084,2019년 9월 9일 06시,월요일,경상북도 봉화군 법전면,경상사고,0,0,1,0,차량단독 - 도로외이탈 - 추락,안전운전불이행,젖음/습기,비,단일로 - 기타,승용,남,51세,경상,,,,
2019090900100147,2019년 9월 9일 08시,월요일,경상북도 영천시 금호읍,경상사고,0,0,1,0,차대차 - 측면충돌,차로위반,건조,맑음,단일로 - 기타,화물,남,40세,상해없음,승용,여,45세,경상
2019090900100148,2019년 9월 9일 08시,월요일,경상북도 봉화군 봉화읍,경상사고,0,0,1,0,차대차 - 측면충돌,교차로운행방법위반,젖음/습기,흐림,교차로 - 교차로안,승용,남,22세,상해없음,승용,남,35세,경상
2019090900100149,2019년 9월 9일 08시,월요일,경상북도 포항시 남구 동촌동,경상사고,0,0,1,2,차대차 - 추돌,안전거리미확보,건조,맑음,단일로 - 기타,승용,남,54세,상해없음,승용,여,43세,부상신고
2019090900100150,2019년 9월 9일 08시,월요일,경상북도 포항시 남구 청림동,경상사고,0,0,1,0,차대차 - 기타,안전운전불이행,건조,맑음,교차로 - 교차로안,자전거,남,11세,경상,승용,남,52세,기타불명
2019090900100151,2019년 9월 9일 08시,월요일,경상북도 포항시 남구 동해면,경상사고,0,0,2,0,차대차 - 기타,안전운전불이행,건조,맑음,기타 - 기타,화물,남,65세,경상,승용,남,57세,경상
2019090900100199,2019년 9월 9일 09시,월요일,경상북도 포항시 북구 상원동,중상사고,0,1,0,0,차대사람 - 차도통행중,안전운전불이행,건조,맑음,단일로 - 기타,승용,여,39세,상해없음,보행자,여,88세,중상
2019090900100200,2019년 9월 9일 09시,월요일,경상북도 영덕군 병곡면,부상신고사고,0,0,0,1,차대차 - 추돌,안전운전불이행,건조,맑음,단일로 - 기타,특수,남,60세,부상신고,화물,남,66세,상해없음
2019090900100285,2019년 9월 9일 11시,월요일,경상북도 김천시 대항면,경상사고,0,0,1,0,차대차 - 측면충돌,안전운전불이행,건조,맑음,교차로 - 교차로안,자전거,여,64세,경상,승용,여,50세,기타불명
2019090900100286,2019년 9월 9일 11시,월요일,경상북도 경산시 하양읍,경상사고,0,0,1,0,차대차 - 추돌,기타,건조,맑음,단일로 - 기타,승용,여,61세,상해없음,승용,남,39세,경상
2019090900100287,2019년 9월 9일 11시,월요일,경상북도 구미시 선산읍,경상사고,0,0,2,0,차대차 - 측면충돌,신호위반,젖음/습기,흐림,교차로 - 교차로안,승용,남,62세,경상,화물,남,68세,경상
2019090900100336,2019년 9월 9일 12시,월요일,경상북도 안동시 옥동,경상사고,0,0,1,1,차대차 - 추돌,안전거리미확보,건조,맑음,단일로 - 기타,승용,남,59세,상해없음,승용,여,33세,부상신고
2019090900100337,2019년 9월 9일 12시,월요일,경상북도 영덕군 영덕읍,경상사고,0,0,1,0,차대차 - 추돌,중앙선침범,건조,맑음,단일로 - 기타,자전거,여,39세,경상,승용,여,39세,상해없음
2019090900100338,2019년 9월 9일 12시,월요일,경상북도 울진군 근남면,중상사고,0,2,2,0,차대차 - 측면충돌,안전운전불이행,건조,맑음,단일로 - 기타,승용,여,60세,경상,승합,남,61세,경상
2019090900100339,2019년 9월 9일 12시,월요일,경상북도 울릉군 울릉읍,부상신고사고,0,0,0,1,차대차 - 측면충돌,안전운전불이행,건조,맑음,교차로 - 교차로안,이륜,남,51세,부상신고,승용,남,51세,상해없음
2019090900100371,2019년 9월 9일 13시,월요일,경상북도 경주시 노동동,경상사고,0,0,1,0,차대차 - 측면충돌,안전운전불이행,건조,맑음,교차로 - 교차로안,이륜,남,56세,경상,승용,여,46세,상해없음
2019090900100372,2019년 9월 9일 13시,월요일,경상북도 봉화군 물야면,부상신고사고,0,0,0,1,차대차 - 측면충돌,안전운전불이행,젖음/습기,흐림,단일로 - 기타,이륜,남,81세,부상신고,화물,남,59세,상해없음
2019090900100373,2019년 9월 9일 13시,월요일,경상북도 포항시 남구 이동,경상사고,0,0,2,0,차대차 - 측면충돌,안전운전불이행,건조,맑음,단일로 - 기타,승용,여,50세,경상,승용,여,48세,경상
2019090900100401,2019년 9월 9일 14시,월요일,경상북도 상주시 남성동,경상사고,0,0,1,0,차대차 - 측면충돌,신호위반,건조,맑음,교차로 - 교차로안,승용,남,82세,상해없음,승용,여,61세,경상
2019090900100402,2019년 9월 9일 14시,월요일,경상북도 의성군 사곡면,중상사고,0,1,0,0,차대사람 - 기타,안전거리미확보,건조,맑음,단일로 - 기타,승용,남,71세,상해없음,보행자,여,85세,중상
2019090900100403,2019년 9월 9일 14시,월요일,경상북도 포항시 남구 상도동,경상사고,0,0,2,0,차대차 - 측면충돌,직진우회전진행방해,건조,맑음,교차로 - 교차로안,승용,여,38세,경상,승용,남,63세,경상
2019090900100441,2019년 9월 9일 15시,월요일,경상북도 상주시 낙동면,중상사고,0,1,0,0,차대차 - 측면충돌,신호위반,건조,맑음,교차로 - 교차로안,화물,남,63세,상해없음,화물,남,74세,중상
2019090900100491,2019년 9월 9일 16시,월요일,경상북도 경주시 외동읍,경상사고,0,0,1,0,차대차 - 추돌,안전운전불이행,건조,맑음,단일로 - 기타,승용,남,68세,상해없음,승용,남,41세,경상
2019090900100492,2019년 9월 9일 16시,월요일,경상북도 포항시 북구 덕산동,중상사고,0,1,0,0,차대사람 - 기타,중앙선침범,건조,맑음,교차로 - 교차로부근,화물,남,52세,상해없음,보행자,남,38세,중상
2019090900100493,2019년 9월 9일 16시,월요일,경상북도 영천시 야사동,경상사고,0,0,4,0,차대차 - 기타,안전운전불이행,건조,맑음,교차로 - 교차로부근,화물,남,25세,경상,승용,여,38세,경상
2019090900100494,2019년 9월 9일 16시,월요일,경상북도 구미시 도량동,중상사고,0,1,0,0,차대차 - 기타,안전운전불이행,건조,맑음,단일로 - 기타,승용,남,56세,기타불명,승용,여,60세,중상
2019090900100528,2019년 9월 9일 17시,월요일,경상북도 포항시 북구 대흥동,경상사고,0,0,1,0,차대차 - 추돌,안전운전불이행,건조,맑음,단일로 - 기타,승용,여,39세,상해없음,승용,여,48세,경상
2019090900100529,2019년 9월 9일 17시,월요일,경상북도 경산시 하양읍,경상사고,0,0,1,0,차대차 - 추돌,안전거리미확보,건조,맑음,단일로 - 기타,승용,여,27세,상해없음,화물,남,71세,경상
2019090900100579,2019년 9월 9일 18시,월요일,경상북도 경주시 용강동,경상사고,0,0,1,0,차대차 - 추돌,안전운전불이행,건조,맑음,단일로 - 지하차도(도로)내,승용,남,37세,상해없음,승용,여,37세,경상
2019090900100580,2019년 9월 9일 18시,월요일,경상북도 포항시 북구 남빈동,경상사고,0,0,1,0,차대차 - 측면충돌,신호위반,건조,맑음,교차로 - 교차로안,승용,여,58세,상해없음,이륜,남,45세,경상
2019090900100581,2019년 9월 9일 18시,월요일,경상북도 김천시 조마면,경상사고,0,0,1,0,차량단독 - 공작물충돌,안전운전불이행,건조,기타,단일로 - 기타,승용,남,30세,경상,,,,
2019090900100645,2019년 9월 9일 19시,월요일,경상북도 김천시 성내동,중상사고,0,1,0,0,차대차 - 측면충돌,안전운전불이행,젖음/습기,비,단일로 - 기타,승용,남,63세,상해없음,승합,남,47세,중상
2019090900100694,2019년 9월 9일 20시,월요일,경상북도 포항시 북구 학잠동,중상사고,0,1,0,0,차대사람 - 횡단중,보행자보호의무위반,건조,맑음,단일로 - 기타,승용,남,72세,상해없음,보행자,남,56세,중상
2019090900100751,2019년 9월 9일 22시,월요일,경상북도 문경시 점촌동,경상사고,0,0,3,1,차대차 - 측면충돌,교차로운행방법위반,젖음/습기,비,교차로 - 교차로안,승용,남,56세,경상,승용,남,55세,경상
2019090900100752,2019년 9월 9일 22시,월요일,경상북도 구미시 산동면,부상신고사고,0,0,0,1,차량단독 - 기타,안전운전불이행,건조,맑음,단일로 - 기타,화물,남,56세,부상신고,,,,
2019090900100774,2019년 9월 9일 23시,월요일,경상북도 구미시 옥계동,경상사고,0,0,1,0,차대차 - 추돌,안전운전불이행,젖음/습기,비,단일로 - 기타,승용,남,46세,상해없음,승용,남,35세,경상
2019091000100035,2019년 9월 10일 00시,화요일,경상북도 의성군 의성읍,중상사고,0,1,0,0,차대차 - 측면충돌,직진우회전진행방해,건조,맑음,교차로 - 교차로부근,승용,남,54세,상해없음,자전거,여,76세,중상
2019091000100068,2019년 9월 10일 03시,화요일,경상북도 포항시 남구 해도동,경상사고,0,0,1,0,차대차 - 기타,신호위반,건조,맑음,교차로 - 교차로안,승용,남,22세,상해없음,승용,남,50세,경상
2019091000100107,2019년 9월 10일 06시,화요일,경상북도 김천시 평화동,경상사고,0,0,1,0,차대차 - 추돌,안전운전불이행,건조,흐림,교차로 - 교차로부근,승용,남,49세,상해없음,승용,여,56세,경상
2019091000100141,2019년 9월 10일 07시,화요일,경상북도 칠곡군 석적읍,경상사고,0,0,1,0,차대차 - 정면충돌,중앙선침범,건조,맑음,단일로 - 기타,승용,남,22세,상해없음,화물,남,53세,경상
2019091000100142,2019년 9월 10일 07시,화요일,경상북도 구미시 장천면,중상사고,0,1,0,0,차대차 - 기타,안전운전불이행,건조,맑음,단일로 - 기타,화물,남,82세,상해없음,승용,남,83세,상해없음
2019091000100176,2019년 9월 10일 08시,화요일,경상북도 경주시 동천동,중상사고,0,1,1,0,차대차 - 측면충돌,안전운전불이행,건조,맑음,교차로 - 교차로부근,승용,여,49세,상해없음,이륜,남,17세,중상
2019091000100177,2019년 9월 10일 08시,화요일,경상북도 영천시 도동,경상사고,0,0,3,0,차대차 - 측면충돌,안전운전불이행,건조,맑음,교차로 - 교차로안,승용,여,30세,경상,승용,여,46세,경상
2019091000100178,2019년 9월 10일 08시,화요일,경상북도 구미시 옥계동,경상사고,0,0,3,0,차대차 - 기타,교차로운행방법위반,건조,맑음,교차로 - 교차로안,승용,여,40세,경상,화물,여,60세,경상
2019091000100235,2019년 9월 10일 09시,화요일,경상북도 포항시 북구 죽도동,경상사고,0,0,1,0,차대사람 - 길가장자리구역통행중,안전운전불이행,건조,맑음,단일로 - 기타,승용,여,60세,상해없음,보행자,여,68세,경상
2019091000100236,2019년 9월 10일 09시,화요일,경상북도 경산시 남천면,경상사고,0,0,1,0,차대차 - 기타,중앙선침범,건조,맑음,단일로 - 기타,승용,남,58세,기타불명,승합,남,36세,상해없음
2019091000100284,2019년 9월 10일 10시,화요일,경상북도 안동시 풍산읍,중상사고,0,2,0,0,차대차 - 측면충돌,교차로운행방법위반,건조,맑음,교차로 - 교차로안,승용,남,58세,상해없음,승용,남,42세,중상
2019091000100326,2019년 9월 10일 11시,화요일,경상북도 포항시 북구 죽장면,경상사고,0,0,1,0,차대차 - 측면충돌,중앙선침범,건조,맑음,단일로 - 기타,승합,남,57세,상해없음,이륜,남,80세,경상
2019091000100327,2019년 9월 10일 11시,화요일,경상북도 상주시 남성동,중상사고,0,1,0,0,차대사람 - 길가장자리구역통행중,안전운전불이행,건조,맑음,단일로 - 기타,승용,여,33세,상해없음,보행자,남,72세,중상
2019091000100328,2019년 9월 10일 11시,화요일,경상북도 영주시 하망동,중상사고,0,1,0,0,차대사람 - 기타,안전운전불이행,건조,맑음,단일로 - 기타,승용,남,57세,상해없음,보행자,여,79세,중상
2019091000100329,2019년 9월 10일 11시,화요일,경상북도 포항시 남구 장흥동,경상사고,0,0,1,1,차대차 - 기타,교차로운행방법위반,건조,맑음,교차로 - 교차로안,화물,남,56세,부상신고,승용,여,58세,경상
2019091000100358,2019년 9월 10일 12시,화요일,경상북도 포항시 남구 오천읍,경상사고,0,0,1,0,차대사람 - 길가장자리구역통행중,안전운전불이행,건조,맑음,단일로 - 기타,승용,여,36세,상해없음,보행자,여,39세,경상
2019091000100399,2019년 9월 10일 13시,화요일,경상북도 경주시 건천읍,경상사고,0,0,1,2,차대차 - 측면충돌,안전운전불이행,건조,맑음,교차로 - 교차로부근,승용,여,67세,부상신고,화물,남,34세,경상
2019091000100400,2019년 9월 10일 13시,화요일,경상북도 김천시 황금동,경상사고,0,0,1,0,차대사람 - 차도통행중,안전운전불이행,건조,맑음,단일로 - 기타,이륜,남,55세,상해없음,보행자,여,57세,경상
2019091000100401,2019년 9월 10일 13시,화요일,경상북도 상주시 성동동,경상사고,0,0,1,0,차대차 - 측면충돌,안전운전불이행,건조,맑음,교차로 - 교차로안,이륜,남,79세,경상,승용,여,47세,상해없음
2019091000100402,2019년 9월 10일 13시,화요일,경상북도 경산시 중산동,경상사고,0,0,1,0,차대사람 - 기타,안전운전불이행,건조,맑음,단일로 - 기타,승용,여,58세,상해없음,보행자,남,43세,경상
2019091000100403,2019년 9월 10일 13시,화요일,경상북도 구미시 진평동,경상사고,0,0,1,0,차대차 - 기타,안전운전불이행,건조,맑음,단일로 - 기타,승용,남,60세,상해없음,승용,여,41세,경상
2019091000100404,2019년 9월 10일 13시,화요일,경상북도 포항시 남구 오천읍,경상사고,0,0,2,0,차대차 - 측면충돌,직진우회전진행방해,건조,맑음,교차로 - 교차로안,승용,남,42세,경상,이륜,남,24세,경상
2019091000100442,2019년 9월 10일 14시,화요일,경상북도 영천시 신령면,중상사고,0,1,1,0,차대차 - 기타,안전운전불이행,건조,맑음,단일로 - 기타,화물,남,60세,상해없음,화물,남,63세,경상
2019091000100443,2019년 9월 10일 14시,화요일,경상북도 예천군 예천읍,중상사고,0,1,0,0,차대차 - 측면충돌,안전운전불이행,건조,맑음,단일로 - 기타,승용,남,77세,상해없음,이륜,남,80세,중상
2019091000100483,2019년 9월 10일 15시,화요일,경상북도 경산시 압량면,중상사고,0,1,0,0,차대차 - 측면충돌,교차로운행방법위반,건조,맑음,교차로 - 교차로안,이륜,남,21세,중상,승용,남,32세,상해없음
2019091000100484,2019년 9월 10일 15시,화요일,경상북도 포항시 남구 오천읍,경상사고,0,0,1,0,차대차 - 측면충돌,안전운전불이행,건조,맑음,교차로 - 교차로부근,승용,여,55세,상해없음,승용,여,30세,경상
2019091000100485,2019년 9월 10일 15시,화요일,경상북도 문경시 불정동,경상사고,0,0,2,0,차대차 - 추돌,안전운전불이행,건조,맑음,단일로 - 기타,승용,여,33세,상해없음,승용,남,36세,경상
2019091000100524,2019년 9월 10일 16시,화요일,경상북도 안동시 풍산읍,중상사고,0,2,0,0,차대차 - 측면충돌,직진우회전진행방해,건조,맑음,교차로 - 교차로안,승용,남,77세,상해없음,이륜,남,72세,중상
2019091000100525,2019년 9월 10일 16시,화요일,경상북도 김천시 지좌동,경상사고,0,0,1,0,차대차 - 측면충돌,직진우회전진행방해,건조,맑음,교차로 - 교차로안,화물,남,63세,경상,승용,남,63세,상해없음
2019091000100574,2019년 9월 10일 17시,화요일,경상북도 경주시 충효동,경상사고,0,0,2,0,차대차 - 측면충돌,안전운전불이행,건조,맑음,교차로 - 교차로안,승용,여,38세,경상,승용,남,50세,경상
2019091000100575,2019년 9월 10일 17시,화요일,경상북도 김천시 신음동,중상사고,0,2,1,0,차대차 - 기타,안전운전불이행,건조,맑음,교차로 - 교차로부근,화물,남,73세,상해없음,승용,여,28세,경상
2019091000100614,2019년 9월 10일 18시,화요일,경상북도 영주시 조암동,경상사고,0,0,1,0,차대사람 - 기타,안전운전불이행,건조,맑음,단일로 - 기타,승용,남,60세,상해없음,보행자,여,59세,경상
2019091000100668,2019년 9월 10일 19시,화요일,경상북도 경주시 인왕동,부상신고사고,0,0,0,1,차대차 - 측면충돌,중앙선침범,건조,맑음,단일로 - 기타,이륜,남,78세,부상신고,승용,남,39세,상해없음
2019091000100669,2019년 9월 10일 19시,화요일,경상북도 경주시 내남면,중상사고,0,1,0,0,차대차 - 측면충돌,안전거리미확보,건조,맑음,교차로 - 교차로부근,승용,남,60세,상해없음,승용,여,37세,중상
2019091000100670,2019년 9월 10일 19시,화요일,경상북도 포항시 북구 흥해읍,경상사고,0,0,1,0,차대차 - 추돌,신호위반,건조,맑음,교차로 - 교차로안,승용,남,67세,상해없음,승용,남,26세,경상
2019091000100671,2019년 9월 10일 19시,화요일,경상북도 김천시 성내동,중상사고,0,1,0,0,차대사람 - 기타,보행자보호의무위반,건조,맑음,교차로 - 교차로안,화물,남,51세,상해없음,보행자,여,77세,중상
2019091000100672,2019년 9월 10일 19시,화요일,경상북도 문경시 마성면,경상사고,0,0,1,0,차대차 - 추돌,안전운전불이행,건조,맑음,교차로 - 교차로부근,승용,남,43세,상해없음,이륜,남,24세,경상