사고번호,사고일시,요일,시군구,사고내용,사망자수,중상자수,경상자수,부상신고자수,사고유형,법규위반,노면상태,기상상태,도로형태,가해운전자 차종,가해운전자 성별,가해운전자 연령,가해운전자 상해정도,피해운전자 차종,피해운전자 성별,피해운전자 연령,피해운전자 상해정도
2019091000100719,2019년 9월 10일 20시,화요일,경상북도 안동시 옥동,경상사고,0,0,1,0,차대사람 - 길가장자리구역통행중,안전운전불이행,건조,맑음,교차로 - 교차로부근,승용,남,48세,상해없음,보행자,남,26세,경상
2019091000100720,2019년 9월 10일 20시,화요일,경상북도 성주군 성주읍,경상사고,0,0,2,0,차대차 - 측면충돌,중앙선침범,건조,맑음,교차로 - 교차로안,이륜,남,48세,경상,승용,남,40세,경상
2019091000100721,2019년 9월 10일 20시,화요일,경상북도 구미시 공단동,경상사고,0,0,1,0,차대차 - 기타,안전운전불이행,건조,맑음,단일로 - 기타,이륜,남,24세,상해없음,승용,남,36세,경상
2019091000100722,2019년 9월 10일 20시,화요일,경상북도 포항시 남구 오천읍,중상사고,0,1,0,0,차대차 - 기타,신호위반,건조,맑음,교차로 - 교차로안,승용,남,47세,상해없음,이륜,남,43세,중상
2019091000100770,2019년 9월 10일 21시,화요일,경상북도 포항시 남구 오천읍,경상사고,0,0,2,0,차대차 - 정면충돌,중앙선침범,건조,맑음,교차로 - 교차로부근,승용,남,41세,경상,승용,여,41세,경상
2019091000100771,2019년 9월 10일 21시,화요일,경상북도 포항시 남구 상도동,경상사고,0,0,2,0,차대차 - 기타,교차로운행방법위반,건조,맑음,교차로 - 교차로안,승용,여,63세,상해없음,승용,여,35세,경상
2019091000100817,2019년 9월 10일 22시,화요일,경상북도 구미시 인의동,경상사고,0,0,1,0,차대사람 - 기타,중앙선침범,건조,맑음,교차로 - 교차로부근,승용,남,33세,상해없음,보행자,여,47세,경상
2019091000100818,2019년 9월 10일 22시,화요일,경상북도 구미시 공단동,경상사고,0,0,1,0,차대차 - 추돌,안전운전불이행,건조,맑음,단일로 - 기타,승용,남,34세,상해없음,승용,남,65세,경상
2019091100100078,2019년 9월 11일 02시,수요일,경상북도 영양군 영양읍,부상신고사고,0,0,0,1,차량단독 - 전도전복 - 전도,안전운전불이행,건조,맑음,단일로 - 기타,이륜,남,55세,부상신고,,,,
2019091100100112,2019년 9월 11일 05시,수요일,경상북도 경산시 평산동,경상사고,0,0,1,0,차대차 - 측면충돌,안전운전불이행,건조,맑음,교차로 - 교차로안,승용,여,55세,상해없음,화물,남,24세,경상
2019091100100143,2019년 9월 11일 07시,수요일,경상북도 상주시 무양동,중상사고,0,1,3,0,차대차 - 측면충돌,안전운전불이행,건조,맑음,교차로 - 교차로안,승용,여,54세,상해없음,승용,여,52세,중상
2019091100100144,2019년 9월 11일 07시,수요일,경상북도 문경시 산양면,경상사고,0,0,2,0,차대차 - 측면충돌,안전운전불이행,건조,맑음,교차로 - 교차로부근,승합,남,46세,경상,화물,남,44세,경상
2019091100100179,2019년 9월 11일 08시,수요일,경상북도 경산시 진량읍,경상사고,0,0,1,0,차대차 - 측면충돌,교차로운행방법위반,건조,맑음,교차로 - 교차로안,화물,남,33세,상해없음,승용,남,26세,경상
2019091100100180,2019년 9월 11일 08시,수요일,경상북도 구미시 선기동,경상사고,0,0,1,0,차대사람 - 횡단중,안전운전불이행,건조,맑음,단일로 - 기타,승용,남,54세,상해없음,보행자,여,50세,경상
2019091100100224,2019년 9월 11일 09시,수요일,경상북도 경주시 성동동,경상사고,0,0,1,0,차대차 - 기타,안전운전불이행,건조,맑음,교차로 - 교차로안,승용,여,29세,상해없음,승용,남,41세,상해없음
2019091100100225,2019년 9월 11일 09시,수요일,경상북도 포항시 남구 해도동,경상사고,0,0,1,0,차대차 - 측면충돌,직진우회전진행방해,건조,맑음,교차로 - 교차로안,승용,남,26세,상해없음,자전거,남,46세,경상
2019091100100255,2019년 9월 11일 10시,수요일,경상북도 포항시 북구 죽도동,경상사고,0,0,1,0,차대차 - 기타,안전운전불이행,건조,맑음,단일로 - 기타,승용,남,47세,상해없음,승용,남,48세,경상
2019091100100256,2019년 9월 11일 10시,수요일,경상북도 의성군 금성면,중상사고,0,1,0,0,차대차 - 측면충돌,안전운전불이행,건조,맑음,단일로 - 기타,이륜,남,69세,중상,승용,남,81세,상해없음
2019091100100257,2019년 9월 11일 10시,수요일,경상북도 영덕군 영덕읍,중상사고,0,1,0,0,차대사람 - 기타,안전운전불이행,건조,맑음,단일로 - 기타,승용,남,64세,상해없음,보행자,여,59세,중상
2019091100100308,2019년 9월 11일 11시,수요일,경상북도 상주시 청리면,중상사고,0,1,0,0,차대사람 - 기타,안전운전불이행,건조,맑음,단일로 - 기타,화물,남,55세,상해없음,보행자,여,85세,중상
2019091100100309,2019년 9월 11일 11시,수요일,경상북도 칠곡군 왜관읍,경상사고,0,0,1,0,차대사람 - 횡단중,보행자보호의무위반,건조,맑음,교차로 - 교차로횡단보도내,승용,여,52세,상해없음,보행자,여,22세,경상
2019091100100310,2019년 9월 11일 11시,수요일,경상북도 경산시 옥산동,경상사고,0,0,2,0,차대차 - 기타,안전운전불이행,건조,맑음,단일로 - 기타,승용,남,77세,상해없음,승합,남,36세,상해없음
2019091100100353,2019년 9월 11일 12시,수요일,경상북도 경주시 충효동,경상사고,0,0,2,0,차대차 - 측면충돌,안전운전불이행,건조,맑음,단일로 - 기타,화물,남,49세,상해없음,승용,남,48세,경상
2019091100100354,2019년 9월 11일 12시,수요일,경상북도 영주시 영주동,경상사고,0,0,1,0,차대차 - 측면충돌,안전운전불이행,건조,맑음,교차로 - 교차로안,승용,여,34세,상해없음,이륜,남,69세,경상
2019091100100355,2019년 9월 11일 12시,수요일,경상북도 영천시 야사동,경상사고,0,0,1,0,차대차 - 기타,안전운전불이행,건조,맑음,기타 - 기타,승용,여,34세,상해없음,승용,남,59세,상해없음
2019091100100356,2019년 9월 11일 12시,수요일,경상북도 구미시 원평동,경상사고,0,0,1,0,차대차 - 기타,안전운전불이행,건조,맑음,단일로 - 기타,승용,남,21세,상해없음,이륜,남,24세,경상
2019091100100382,2019년 9월 11일 13시,수요일,경상북도 포항시 북구 두호동,경상사고,0,0,1,0,차대사람 - 횡단중,안전운전불이행,건조,맑음,교차로 - 교차로부근,승용,여,42세,상해없음,보행자,여,51세,경상
2019091100100383,2019년 9월 11일 13시,수요일,경상북도 봉화군 봉화읍,경상사고,0,0,1,0,차대사람 - 기타,안전운전불이행,건조,흐림,단일로 - 기타,화물,여,66세,상해없음,보행자,남,84세,경상
2019091100100431,2019년 9월 11일 14시,수요일,경상북도 영천시 완산동,경상사고,0,0,2,0,차대차 - 기타,기타,건조,맑음,단일로 - 기타,승용,남,46세,상해없음,화물,남,56세,경상
2019091100100432,2019년 9월 11일 14시,수요일,경상북도 경산시 삼남동,경상사고,0,0,1,0,차대차 - 측면충돌,교차로운행방법위반,기타,맑음,교차로 - 교차로안,이륜,여,55세,기타불명,화물,남,53세,경상
2019091100100433,2019년 9월 11일 14시,수요일,경상북도 구미시 구포동,중상사고,0,1,2,0,차대차 - 기타,안전운전불이행,건조,맑음,교차로 - 교차로부근,승용,남,40세,상해없음,승용,남,40세,경상
2019091100100434,2019년 9월 11일 14시,수요일,경상북도 구미시 신동,중상사고,0,1,0,0,차대차 - 기타,안전운전불이행,건조,맑음,단일로 - 기타,승용,여,51세,기타불명,이륜,남,64세,중상
2019091100100435,2019년 9월 11일 14시,수요일,경상북도 포항시 남구 오천읍,경상사고,0,0,1,0,차대차 - 기타,안전운전불이행,건조,맑음,단일로 - 기타,자전거,남,70세,경상,승용,여,44세,상해없음
2019091100100492,2019년 9월 11일 15시,수요일,경상북도 경주시 용강동,경상사고,0,0,1,0,차대차 - 기타,안전운전불이행,건조,맑음,단일로 - 기타,승용,남,61세,상해없음,승용,남,24세,경상
2019091100100493,2019년 9월 11일 15시,수요일,경상북도 상주시 화서면,경상사고,0,0,1,0,차대차 - 기타,안전운전불이행,건조,맑음,단일로 - 기타,승합,남,61세,상해없음,화물,남,50세,경상
2019091100100494,2019년 9월 11일 15시,수요일,경상북도 상주시 남성동,경상사고,0,0,1,0,차대차 - 측면충돌,교차로운행방법위반,건조,맑음,교차로 - 교차로안,승용,남,55세,상해없음,이륜,남,22세,경상
2019091100100495,2019년 9월 11일 15시,수요일,경상북도 상주시 가장동,경상사고,0,0,1,0,차대차 - 측면충돌,교차로운행방법위반,젖음/습기,비,교차로 - 교차로안,자전거,남,22세,경상,승용,남,61세,상해없음
2019091100100496,2019년 9월 11일 15시,수요일,경상북도 구미시 도개면,경상사고,0,0,2,0,차대차 - 기타,안전운전불이행,건조,맑음,교차로 - 교차로안,승용,여,67세,경상,승용,여,63세,경상
2019091100100548,2019년 9월 11일 16시,수요일,경상북도 포항시 북구 용흥동,경상사고,0,0,1,0,차대사람 - 횡단중,안전운전불이행,건조,맑음,교차로 - 교차로안,화물,남,51세,상해없음,보행자,여,66세,경상
2019091100100549,2019년 9월 11일 16시,수요일,경상북도 안동시 용상동,경상사고,0,0,2,0,차대차 - 추돌,안전거리미확보,건조,맑음,단일로 - 기타,승용,남,57세,상해없음,승용,여,42세,경상
2019091100100602,2019년 9월 11일 17시,수요일,경상북도 포항시 북구 죽도동,경상사고,0,0,1,0,차대차 - 측면충돌,안전운전불이행,건조,흐림,단일로 - 기타,승용,여,29세,상해없음,승합,남,52세,경상
2019091100100603,2019년 9월 11일 17시,수요일,경상북도 안동시 옥야동,경상사고,0,0,1,0,차대사람 - 기타,안전운전불이행,건조,맑음,기타 - 기타,승합,남,39세,상해없음,보행자,남,59세,경상
2019091100100604,2019년 9월 11일 17시,수요일,경상북도 김천시 백옥동,경상사고,0,0,1,0,차대차 - 측면충돌,안전운전불이행,건조,맑음,교차로 - 교차로안,화물,남,36세,상해없음,승용,남,58세,경상
2019091100100605,2019년 9월 11일 17시,수요일,경상북도 구미시 공단동,경상사고,0,0,2,0,차대차 - 추돌,안전운전불이행,건조,맑음,단일로 - 기타,화물,남,56세,상해없음,승용,여,37세,경상
2019091100100606,2019년 9월 11일 17시,수요일,경상북도 포항시 남구 대도동,경상사고,0,0,1,0,차대차 - 측면충돌,직진우회전진행방해,건조,맑음,교차로 - 교차로안,이륜,여,53세,경상,승용,여,58세,상해없음
2019091100100667,2019년 9월 11일 18시,수요일,경상북도 안동시 송현동,경상사고,0,0,2,0,차대차 - 측면충돌,안전운전불이행,건조,맑음,교차로 - 교차로안,승용,여,22세,상해없음,승용,여,59세,상해없음
2019091100100668,2019년 9월 11일 18시,수요일,경상북도 김천시 성내동,부상신고사고,0,0,0,1,차대사람 - 횡단중,안전운전불이행,건조,맑음,교차로 - 교차로횡단보도내,승용,남,40세,상해없음,보행자,남,13세,부상신고
2019091100100669,2019년 9월 11일 18시,수요일,경상북도 구미시 옥계동,경상사고,0,0,1,1,차대차 - 기타,안전운전불이행,건조,맑음,교차로 - 교차로안,승용,여,32세,부상신고,승용,여,66세,경상
2019091100100670,2019년 9월 11일 18시,수요일,경상북도 칠곡군 동명면,경상사고,0,0,1,0,차대차 - 추돌,안전거리미확보,건조,맑음,단일로 - 기타,화물,남,29세,상해없음,승용,여,34세,경상
2019091100100731,2019년 9월 11일 19시,수요일,경상북도 포항시 북구 우현동,경상사고,0,0,1,0,차대차 - 측면충돌,안전운전불이행,건조,맑음,교차로 - 교차로안,승용,여,56세,상해없음,승용,여,42세,경상
2019091100100732,2019년 9월 11일 19시,수요일,경상북도 안동시 정하동,경상사고,0,0,2,0,차대차 - 측면충돌,교차로운행방법위반,건조,맑음,교차로 - 교차로안,승용,남,59세,상해없음,승용,여,49세,경상
2019091100100733,2019년 9월 11일 19시,수요일,경상북도 영덕군 영해면,경상사고,0,0,1,0,차대차 - 측면충돌,직진우회전진행방해,건조,맑음,교차로 - 교차로안,승용,여,28세,상해없음,승용,남,64세,경상
2019091100100734,2019년 9월 11일 19시,수요일,경상북도 청송군 현서면,중상사고,0,1,0,0,차대사람 - 길가장자리구역통행중,안전운전불이행,건조,맑음,단일로 - 지하차도(도로)내,화물,남,69세,상해없음,보행자,여,38세,중상
2019091100100767,2019년 9월 11일 20시,수요일,경상북도 경주시 안강읍,경상사고,0,0,2,0,차대차 - 측면충돌,신호위반,건조,맑음,교차로 - 교차로안,승용,여,39세,경상,승용,남,31세,경상
2019091100100768,2019년 9월 11일 20시,수요일,경상북도 안동시 옥동,경상사고,0,0,3,0,차대차 - 측면충돌,신호위반,젖음/습기,비,교차로 - 교차로안,이륜,남,23세,경상,승용,여,44세,경상
2019091100100769,2019년 9월 11일 20시,수요일,경상북도 안동시 풍산읍,중상사고,0,1,1,0,차대차 - 추돌,과속,건조,맑음,단일로 - 기타,승용,남,31세,상해없음,화물,남,48세,경상
2019091100100770,2019년 9월 11일 20시,수요일,경상북도 김천시 성내동,경상사고,0,0,2,0,차대차 - 추돌,안전거리미확보,건조,맑음,교차로 - 교차로안,승용,남,58세,상해없음,승용,남,68세,경상
2019091100100771,2019년 9월 11일 20시,수요일,경상북도 영주시 문수면,사망사고,1,0,0,0,차대사람 - 차도통행중,과속,건조,맑음,단일로 - 기타,승용,남,32세,상해없음,보행자,남,73세,사망
2019091100100798,2019년 9월 11일 21시,수요일,경상북도 안동시 옥동,경상사고,0,0,1,0,차대차 - 기타,안전운전불이행,건조,맑음,단일로 - 기타,이륜,남,21세,상해없음,이륜,남,24세,경상
2019091100100799,2019년 9월 11일 21시,수요일,경상북도 영천시 망정동,경상사고,0,0,1,0,차대차 - 측면충돌,안전운전불이행,건조,맑음,교차로 - 교차로부근,승합,남,53세,상해없음,승용,남,44세,경상
2019091100100800,2019년 9월 11일 21시,수요일,경상북도 경산시 하양읍,중상사고,0,1,0,0,차대차 - 추돌,안전운전불이행,건조,맑음,단일로 - 기타,승용,여,40세,상해없음,승용,여,33세,중상
2019091100100827,2019년 9월 11일 22시,수요일,경상북도 경주시 성동동,경상사고,0,0,1,0,차대차 - 측면충돌,안전운전불이행,건조,맑음,교차로 - 교차로부근,승용,남,29세,상해없음,이륜,남,37세,경상
2019091200100025,2019년 9월 12일 00시,목요일,경상북도 경주시 동천동,경상사고,0,0,1,0,차대차 - 정면충돌,신호위반,건조,맑음,교차로 - 교차로안,승용,남,39세,상해없음,승용,남,72세,경상
2019091200100043,2019년 9월 12일 01시,목요일,경상북도 영덕군 남정면,사망사고,1,0,0,0,차대사람 - 보도통행중,안전운전불이행,젖음/습기,비,교차로 - 교차로부근,승용,남,63세,상해없음,보행자,여,87세,사망
2019091200100055,2019년 9월 12일 02시,목요일,경상북도 문경시 모전동,중상사고,0,1,0,0,차대차 - 측면충돌,안전운전불이행,건조,맑음,교차로 - 교차로안,승용,남,22세,상해없음,승용,남,45세,중상
2019091200100066,2019년 9월 12일 03시,목요일,경상북도 구미시 원평동,중상사고,0,1,0,0,차량단독 - 공작물충돌,안전운전불이행,건조,맑음,단일로 - 기타,이륜,남,27세,중상,,,,
2019091200100119,2019년 9월 12일 07시,목요일,경상북도 구미시 장천면,경상사고,0,0,1,0,차대차 - 측면충돌,신호위반,건조,흐림,교차로 - 교차로안,승용,남,58세,상해없음,승용,남,42세,경상
2019091200100120,2019년 9월 12일 07시,목요일,경상북도 구미시 송정동,경상사고,0,0,1,0,차대차 - 기타,불법유턴,건조,흐림,교차로 - 교차로횡단보도내,자전거,남,63세,경상,화물,남,60세,상해없음
2019091200100121,2019년 9월 12일 07시,목요일,경상북도 구미시 형곡동,중상사고,0,1,0,0,차대차 - 후진중충돌,안전운전불이행,건조,맑음,교차로 - 교차로부근,승용,여,27세,상해없음,승용,여,39세,상해없음
2019091200100138,2019년 9월 12일 08시,목요일,경상북도 상주시 화동면,중상사고,0,2,0,0,차량단독 - 공작물충돌,안전운전불이행,건조,맑음,단일로 - 기타,승용,여,47세,상해없음,,,,
2019091200100139,2019년 9월 12일 08시,목요일,경상북도 구미시 선산읍,중상사고,0,1,2,0,차대차 - 측면충돌,교차로운행방법위반,건조,맑음,교차로 - 교차로안,승용,남,59세,상해없음,승용,남,59세,경상
2019091200100154,2019년 9월 12일 09시,목요일,경상북도 성주군 대가면,경상사고,0,0,1,0,차량단독 - 공작물충돌,안전거리미확보,젖음/습기,비,단일로 - 기타,화물,남,59세,경상,,,,
2019091200100174,2019년 9월 12일 10시,목요일,경상북도 경주시 서면,경상사고,0,0,2,0,차대차 - 측면충돌,안전운전불이행,건조,맑음,교차로 - 교차로안,화물,남,55세,상해없음,승용,여,39세,경상
2019091200100175,2019년 9월 12일 10시,목요일,경상북도 영주시 가흥동,경상사고,0,0,2,1,차대차 - 기타,안전운전불이행,건조,맑음,단일로 - 기타,승용,남,32세,부상신고,승용,남,74세,경상
2019091200100176,2019년 9월 12일 10시,목요일,경상북도 문경시 문경읍,경상사고,0,0,2,0,차대차 - 추돌,안전운전불이행,젖음/습기,비,단일로 - 기타,승용,남,30세,상해없음,승용,남,40세,경상
2019091200100194,2019년 9월 12일 11시,목요일,경상북도 경산시 자인면,경상사고,0,0,1,0,차대차 - 기타,안전운전불이행,건조,맑음,단일로 - 기타,승용,남,76세,상해없음,승용,남,57세,경상
2019091200100195,2019년 9월 12일 11시,목요일,경상북도 구미시 원평동,부상신고사고,0,0,0,1,차대차 - 기타,안전운전불이행,건조,흐림,교차로 - 교차로안,자전거,남,10세,부상신고,승용,남,58세,상해없음
2019091200100221,2019년 9월 12일 12시,목요일,경상북도 경주시 용강동,경상사고,0,0,1,0,차대차 - 측면충돌,신호위반,건조,맑음,교차로 - 교차로안,승용,여,42세,상해없음,승용,남,56세,경상
2019091200100222,2019년 9월 12일 12시,목요일,경상북도 상주시 남성동,경상사고,0,0,1,0,차대사람 - 횡단중,보행자보호의무위반,건조,맑음,교차로 - 교차로안,승용,남,76세,기타불명,보행자,여,58세,경상
2019091200100223,2019년 9월 12일 12시,목요일,경상북도 영천시 언하동,경상사고,0,0,2,0,차대차 - 측면충돌,직진우회전진행방해,젖음/습기,흐림,교차로 - 교차로안,승용,여,34세,경상,화물,남,41세,경상
2019091200100224,2019년 9월 12일 12시,목요일,경상북도 영천시 성내동,경상사고,0,0,1,0,차대사람 - 횡단중,안전운전불이행,젖음/습기,비,단일로 - 기타,승용,여,51세,상해없음,보행자,여,55세,경상
2019091200100225,2019년 9월 12일 12시,목요일,경상북도 구미시 봉곡동,중상사고,0,1,0,0,차대사람 - 횡단중,안전운전불이행,건조,맑음,단일로 - 기타,승용,여,52세,상해없음,보행자,남,49세,중상
2019091200100226,2019년 9월 12일 12시,목요일,경상북도 포항시 남구 해도동,경상사고,0,0,1,0,차대차 - 기타,안전운전불이행,건조,맑음,단일로 - 기타,자전거,남,88세,경상,이륜,남,23세,상해없음
2019091200100227,2019년 9월 12일 12시,목요일,경상북도 칠곡군 가산면,경상사고,0,0,1,0,차대차 - 추돌,안전운전불이행,젖음/습기,비,단일로 - 기타,승용,남,41세,상해없음,승용,남,26세,경상
2019091200100260,2019년 9월 12일 13시,목요일,경상북도 경주시 성동동,경상사고,0,0,1,0,차대차 - 측면충돌,안전운전불이행,건조,맑음,단일로 - 지하차도(도로)내,승용,남,59세,상해없음,승용,남,33세,경상
2019091200100261,2019년 9월 12일 13시,목요일,경상북도 칠곡군 왜관읍,부상신고사고,0,0,0,2,차대차 - 기타,안전운전불이행,건조,맑음,단일로 - 기타,승용,여,42세,상해없음,승용,남,48세,기타불명
2019091200100262,2019년 9월 12일 13시,목요일,경상북도 경산시 백천동,경상사고,0,0,1,0,차대차 - 측면충돌,안전운전불이행,건조,맑음,단일로 - 기타,승용,남,66세,상해없음,승용,남,40세,경상
2019091200100263,2019년 9월 12일 13시,목요일,경상북도 포항시 남구 오천읍,경상사고,0,0,1,0,차대사람 - 횡단중,보행자보호의무위반,건조,흐림,단일로 - 기타,승용,남,37세,상해없음,보행자,여,31세,경상
2019091200100293,2019년 9월 12일 14시,목요일,경상북도 영주시 상망동,경상사고,0,0,1,0,차대차 - 추돌,안전운전불이행,건조,맑음,교차로 - 교차로부근,화물,남,55세,상해없음,승용,남,60세,경상
2019091200100294,2019년 9월 12일 14시,목요일,경상북도 구미시 인의동,경상사고,0,0,1,0,차대차 - 추돌,안전운전불이행,건조,맑음,단일로 - 기타,승용,여,57세,상해없음,승용,남,51세,경상
2019091200100295,2019년 9월 12일 14시,목요일,경상북도 구미시 산동면,경상사고,0,0,5,0,차대차 - 측면충돌,교차로운행방법위반,젖음/습기,비,교차로 - 교차로안,승용,남,38세,상해없음,승용,남,65세,경상
2019091200100296,2019년 9월 12일 14시,목요일,경상북도 포항시 남구 호동,경상사고,0,0,1,0,차대차 - 추돌,안전운전불이행,건조,맑음,교차로 - 교차로부근,승용,여,51세,상해없음,승용,남,34세,경상
2019091200100324,2019년 9월 12일 15시,목요일,경상북도 영천시 창구동,경상사고,0,0,2,0,차대차 - 추돌,안전운전불이행,젖음/습기,비,교차로 - 교차로횡단보도내,승용,남,47세,상해없음,승용,여,58세,경상
2019091200100325,2019년 9월 12일 15시,목요일,경상북도 포항시 남구 오천읍,경상사고,0,0,1,3,차대차 - 측면충돌,안전운전불이행,건조,맑음,교차로 - 교차로부근,승용,남,24세,상해없음,승용,남,32세,경상
2019091200100347,2019년 9월 12일 16시,목요일,경상북도 경주시 감포읍,중상사고,0,1,1,0,차량단독 - 도로외이탈 - 기타,안전운전불이행,건조,맑음,단일로 - 기타,승용,여,51세,경상,,,,
2019091200100348,2019년 9월 12일 16시,목요일,경상북도 포항시 북구 흥해읍,경상사고,0,0,1,0,차대차 - 측면충돌,신호위반,건조,맑음,교차로 - 교차로안,자전거,여,78세,경상,승용,남,49세,상해없음
2019091200100349,2019년 9월 12일 16시,목요일,경상북도 칠곡군 가산면,경상사고,0,0,1,0,차대차 - 추돌,안전운전불이행,건조,맑음,단일로 - 기타,화물,남,65세,상해없음,승용,남,25세,상해없음
2019091200100400,2019년 9월 12일 18시,목요일,경상북도 칠곡군 왜관읍,경상사고,0,0,1,0,차량단독 - 공작물충돌,안전운전불이행,젖음/습기,비,교차로 - 교차로부근,화물,남,36세,경상,,,,
2019091200100433,2019년 9월 12일 19시,목요일,경상북도 영천시 화북면,경상사고,0,0,1,0,차대사람 - 기타,안전운전불이행,건조,맑음,교차로 - 교차로부근,화물,남,20세,상해없음,보행자,남,59세,경상
2019091200100434,2019년 9월 12일 19시,목요일,경상북도 청도군 화양읍,중상사고,0,1,0,0,차대사람 - 횡단중,보행자보호의무위반,건조,흐림,교차로 - 교차로횡단보도내,승용,남,42세,상해없음,보행자,남,66세,중상
2019091200100435,2019년 9월 12일 19시,목요일,경상북도 포항시 남구 상도동,경상사고,0,0,1,0,차대차 - 측면충돌,안전운전불이행,건조,맑음,교차로 - 교차로안,승합,여,49세,상해없음,승용,남,68세,경상
2019091200100503,2019년 9월 12일 21시,목요일,경상북도 칠곡군 석적읍,경상사고,0,0,2,0,차대차 - 기타,신호위반,건조,흐림,교차로 - 교차로안,승용,여,24세,상해없음,승용,여,38세,경상
2019091200100539,2019년 9월 12일 23시,목요일,경상북도 경주시 도지동,사망사고,1,0,2,0,차대차 - 추돌,안전운전불이행,건조,맑음,교차로 - 교차로부근,승용,남,50세,사망,승용,남,50세,경상
2019091300100026,2019년 9월 13일 00시,금요일,경상북도 안동시 옥동,경상사고,0,0,1,0,차대사람 - 기타,안전운전불이행,건조,맑음,교차로 - 교차로부근,승용,남,26세,상해없음,보행자,남,36세,경상
2019091300100034,2019년 9월 13일 01시,금요일,경상북도 구미시 원평동,경상사고,0,0,1,0,차대차 - 기타,신호위반,건조,맑음,단일로 - 기타,승용,남,55세,상해없음,승용,남,27세,경상
2019091300100035,2019년 9월 13일 01시,금요일,경상북도 포항시 남구 대잠동,경상사고,0,0,1,0,차대사람 - 기타,안전운전불이행,건조,맑음,교차로 - 교차로안,승용,남,23세,상해없음,보행자,남,34세,경상
2019091300100083,2019년 9월 13일 08시,금요일,경상북도 칠곡군 왜관읍,경상사고,0,0,3,0,차대차 - 측면충돌,안전운전불이행,건조,맑음,단일로 - 기타,승용,남,51세,상해없음,승용,남,29세,경상
2019091300100084,2019년 9월 13일 08시,금요일,경상북도 구미시 고아읍,경상사고,0,0,6,0,차대차 - 기타,중앙선침범,건조,맑음,교차로 - 교차로부근,승용,여,58세,상해없음,승용,여,35세,경상
2019091300100097,2019년 9월 13일 09시,금요일,경상북도 안동시 송현동,경상사고,0,0,2,0,차대차 - 기타,안전운전불이행,건조,맑음,단일로 - 기타,승용,남,52세,상해없음,승용,남,64세,상해없음
2019091300100119,2019년 9월 13일 10시,금요일,경상북도 포항시 북구 송라면,중상사고,0,3,4,0,차대차 - 추돌,안전운전불이행,건조,맑음,단일로 - 기타,승용,남,58세,상해없음,승용,남,52세,중상
2019091300100120,2019년 9월 13일 10시,금요일,경상북도 칠곡군 가산면,경상사고,0,0,1,0,차대차 - 기타,안전운전불이행,건조,맑음,단일로 - 기타,승용,남,69세,상해없음,승용,남,37세,상해없음
2019091300100121,2019년 9월 13일 10시,금요일,경상북도 영덕군 강구면,중상사고,0,1,0,0,차대차 - 측면충돌,안전운전불이행,건조,맑음,단일로 - 기타,승용,여,31세,상해없음,이륜,여,65세,중상
2019091300100122,2019년 9월 13일 10시,금요일,경상북도 포항시 남구 청림동,경상사고,0,0,3,0,차대차 - 기타,안전거리미확보,건조,맑음,교차로 - 교차로부근,승용,여,40세,상해없음,승용,여,52세,경상
2019091300100148,2019년 9월 13일 11시,금요일,경상북도 칠곡군 지천면,중상사고,0,1,0,0,차대사람 - 기타,안전운전불이행,건조,맑음,단일로 - 기타,승용,남,58세,상해없음,보행자,남,64세,중상
2019091300100215,2019년 9월 13일 13시,금요일,경상북도 포항시 남구 대잠동,경상사고,0,0,3,0,차대차 - 기타,안전운전불이행,건조,맑음,교차로 - 교차로안,승용,여,53세,경상,승용,여,66세,경상
2019091300100253,2019년 9월 13일 14시,금요일,경상북도 의성군 단북면,중상사고,0,1,0,0,차대차 - 측면충돌,안전운전불이행,건조,맑음,교차로 - 교차로안,승용,남,33세,상해없음,이륜,남,81세,중상
2019091300100254,2019년 9월 13일 14시,금요일,경상북도 칠곡군 석적읍,경상사고,0,0,1,0,차대차 - 측면충돌,안전운전불이행,건조,맑음,교차로 - 교차로안,승용,남,32세,상해없음,승용,남,30세,경상
2019091300100255,2019년 9월 13일 14시,금요일,경상북도 영천시 야사동,중상사고,0,1,0,0,차대차 - 후진중충돌,안전운전불이행,건조,맑음,교차로 - 교차로부근,승용,남,44세,상해없음,승용,남,53세,상해없음
2019091300100256,2019년 9월 13일 14시,금요일,경상북도 경산시 상방동,경상사고,0,0,1,0,차대차 - 측면충돌,교차로운행방법위반,기타,맑음,교차로 - 교차로안,승용,남,48세,상해없음,승용,남,61세,경상
2019091300100287,2019년 9월 13일 15시,금요일,경상북도 경주시 안강읍,경상사고,0,0,1,0,차대차 - 측면충돌,중앙선침범,건조,맑음,단일로 - 기타,승용,남,68세,상해없음,승용,남,42세,상해없음
2019091300100288,2019년 9월 13일 15시,금요일,경상북도 포항시 북구 양덕동,중상사고,0,2,3,0,차대차 - 측면충돌,직진우회전진행방해,건조,맑음,교차로 - 교차로안,승용,남,61세,상해없음,승용,남,38세,경상
2019091300100289,2019년 9월 13일 15시,금요일,경상북도 문경시 문경읍,경상사고,0,0,1,0,차대차 - 기타,안전거리미확보,건조,맑음,단일로 - 기타,승용,남,53세,상해없음,승용,남,47세,경상
2019091300100312,2019년 9월 13일 16시,금요일,경상북도 영덕군 영덕읍,경상사고,0,0,3,0,차대차 - 측면충돌,직진우회전진행방해,건조,맑음,교차로 - 교차로안,승용,남,41세,상해없음,승용,여,44세,경상