사고번호,사고일시,요일,시군구,사고내용,사망자수,중상자수,경상자수,부상신고자수,사고유형,법규위반,노면상태,기상상태,도로형태,가해운전자 차종,가해운전자 성별,가해운전자 연령,가해운전자 상해정도,피해운전자 차종,피해운전자 성별,피해운전자 연령,피해운전자 상해정도
2019091300100342,2019년 9월 13일 17시,금요일,경상북도 경주시 사정동,경상사고,0,0,1,0,차대사람 - 보도통행중,기타,건조,맑음,단일로 - 기타,원동기,여,50세,상해없음,보행자,여,53세,경상
2019091300100343,2019년 9월 13일 17시,금요일,경상북도 영천시 신령면,경상사고,0,0,3,0,차대차 - 후진중충돌,안전운전불이행,건조,맑음,주차장 - 주차장,화물,남,59세,상해없음,승용,남,46세,경상
2019091300100344,2019년 9월 13일 17시,금요일,경상북도 칠곡군 지천면,경상사고,0,0,5,0,차대차 - 추돌,안전거리미확보,건조,맑음,단일로 - 기타,승용,남,62세,경상,승용,남,36세,경상
2019091300100373,2019년 9월 13일 18시,금요일,경상북도 의성군 안계면,경상사고,0,0,4,0,차대차 - 후진중충돌,기타,건조,맑음,주차장 - 주차장,승용,여,55세,상해없음,승용,남,47세,경상
2019091300100374,2019년 9월 13일 18시,금요일,경상북도 청송군 부남면,경상사고,0,0,1,0,차량단독 - 전도전복 - 전도,중앙선침범,건조,맑음,단일로 - 지하차도(도로)내,이륜,남,37세,경상,,,,
2019091300100401,2019년 9월 13일 20시,금요일,경상북도 칠곡군 왜관읍,부상신고사고,0,0,0,1,차대사람 - 횡단중,보행자보호의무위반,건조,맑음,단일로 - 기타,승용,남,44세,상해없음,보행자,남,16세,부상신고
2019091300100402,2019년 9월 13일 20시,금요일,경상북도 문경시 점촌동,경상사고,0,0,1,0,차대사람 - 차도통행중,안전운전불이행,건조,맑음,교차로 - 교차로안,승용,남,49세,상해없음,보행자,남,50세,경상
2019091300100421,2019년 9월 13일 21시,금요일,경상북도 칠곡군 석적읍,중상사고,0,1,3,0,차대차 - 측면충돌,중앙선침범,건조,맑음,단일로 - 기타,이륜,남,29세,중상,승용,여,53세,경상
2019091300100422,2019년 9월 13일 21시,금요일,경상북도 고령군 다산면,경상사고,0,0,2,0,차대차 - 측면충돌,교차로운행방법위반,건조,맑음,교차로 - 교차로안,승용,남,49세,상해없음,승용,여,32세,경상
2019091300100445,2019년 9월 13일 23시,금요일,경상북도 상주시 서문동,경상사고,0,0,2,0,차대사람 - 길가장자리구역통행중,안전운전불이행,건조,맑음,교차로 - 교차로안,승용,남,52세,상해없음,보행자,여,23세,경상
2019091400100035,2019년 9월 14일 01시,토요일,경상북도 경주시 배반동,사망사고,1,0,0,0,차량단독 - 공작물충돌,안전운전불이행,건조,맑음,교차로 - 교차로부근,승용,남,29세,사망,,,,
2019091400100072,2019년 9월 14일 07시,토요일,경상북도 영천시 고경면,경상사고,0,0,1,0,차대차 - 후진중충돌,안전운전불이행,건조,맑음,주차장 - 주차장,승용,남,62세,상해없음,승용,남,30세,경상
2019091400100081,2019년 9월 14일 09시,토요일,경상북도 김천시 황금동,중상사고,0,1,0,0,차대차 - 측면충돌,중앙선침범,건조,맑음,교차로 - 교차로부근,승용,남,59세,상해없음,승용,남,46세,중상
2019091400100082,2019년 9월 14일 09시,토요일,경상북도 상주시 화산동,중상사고,0,2,4,0,차대차 - 측면충돌,신호위반,건조,맑음,교차로 - 교차로안,승합,남,43세,경상,승용,남,59세,중상
2019091400100101,2019년 9월 14일 10시,토요일,경상북도 포항시 남구 대잠동,경상사고,0,0,1,0,차대차 - 측면충돌,신호위반,건조,맑음,교차로 - 교차로안,승용,남,56세,상해없음,이륜,남,48세,경상
2019091400100112,2019년 9월 14일 11시,토요일,경상북도 상주시 낙동면,중상사고,0,1,0,0,차대차 - 측면충돌,안전운전불이행,건조,맑음,교차로 - 교차로안,이륜,남,63세,중상,승용,남,63세,상해없음
2019091400100113,2019년 9월 14일 11시,토요일,경상북도 의성군 금성면,사망사고,1,0,0,0,차대사람 - 횡단중,안전운전불이행,건조,맑음,단일로 - 기타,승용,남,25세,상해없음,보행자,여,80세,사망
2019091400100114,2019년 9월 14일 11시,토요일,경상북도 영덕군 영덕읍,경상사고,0,0,1,0,차대차 - 추돌,교차로운행방법위반,건조,맑음,교차로 - 교차로안,화물,남,66세,상해없음,자전거,남,8세,경상
2019091400100115,2019년 9월 14일 11시,토요일,경상북도 구미시 옥성면,경상사고,0,0,4,0,차대차 - 기타,안전운전불이행,건조,맑음,단일로 - 기타,승용,남,71세,상해없음,승용,여,36세,경상
2019091400100140,2019년 9월 14일 12시,토요일,경상북도 안동시 운흥동,중상사고,0,1,5,2,차대차 - 측면충돌,직진우회전진행방해,건조,맑음,교차로 - 교차로안,승용,남,59세,상해없음,승용,남,21세,경상
2019091400100141,2019년 9월 14일 12시,토요일,경상북도 상주시 서문동,경상사고,0,0,1,0,차대차 - 추돌,안전운전불이행,건조,맑음,교차로 - 교차로안,승용,남,44세,상해없음,자전거,남,79세,경상
2019091400100175,2019년 9월 14일 13시,토요일,경상북도 경주시 천군동,경상사고,0,0,1,0,차대차 - 후진중충돌,안전운전불이행,건조,맑음,주차장 - 주차장,화물,남,65세,상해없음,승용,남,21세,경상
2019091400100176,2019년 9월 14일 13시,토요일,경상북도 구미시 산동면,사망사고,1,0,1,0,차대차 - 측면충돌,신호위반,건조,맑음,교차로 - 교차로안,이륜,남,67세,사망,승용,여,34세,경상
2019091400100203,2019년 9월 14일 14시,토요일,경상북도 경주시 외동읍,중상사고,0,1,0,0,차대차 - 측면충돌,신호위반,건조,맑음,교차로 - 교차로안,승용,남,33세,상해없음,승용,여,63세,중상
2019091400100204,2019년 9월 14일 14시,토요일,경상북도 경주시 황성동,중상사고,0,1,0,0,차대차 - 추돌,안전운전불이행,건조,맑음,교차로 - 교차로부근,승용,남,36세,상해없음,승용,여,33세,중상
2019091400100205,2019년 9월 14일 14시,토요일,경상북도 울릉군 울릉읍,중상사고,0,16,16,5,차대차 - 정면충돌,안전운전불이행,건조,맑음,단일로 - 기타,승합,남,62세,경상,승합,남,63세,중상
2019091400100206,2019년 9월 14일 14시,토요일,경상북도 구미시 원평동,경상사고,0,0,4,0,차대차 - 추돌,안전운전불이행,건조,맑음,단일로 - 기타,승용,여,48세,상해없음,승용,남,30세,경상
2019091400100207,2019년 9월 14일 14시,토요일,경상북도 포항시 남구 대도동,경상사고,0,0,1,0,차대차 - 측면충돌,안전운전불이행,건조,맑음,교차로 - 교차로안,승용,남,53세,상해없음,승용,남,37세,경상
2019091400100237,2019년 9월 14일 15시,토요일,경상북도 문경시 산양면,경상사고,0,0,1,0,차대차 - 측면충돌,안전운전불이행,건조,맑음,교차로 - 교차로안,승용,여,48세,상해없음,승용,남,52세,경상
2019091400100262,2019년 9월 14일 16시,토요일,경상북도 칠곡군 북삼읍,경상사고,0,0,3,0,차대차 - 측면충돌,안전운전불이행,건조,맑음,단일로 - 기타,승용,남,35세,상해없음,승용,남,47세,경상
2019091400100263,2019년 9월 14일 16시,토요일,경상북도 경산시 와촌면,경상사고,0,0,1,0,차대사람 - 기타,안전운전불이행,건조,맑음,단일로 - 기타,화물,남,60세,상해없음,보행자,남,70세,경상
2019091400100287,2019년 9월 14일 17시,토요일,경상북도 경주시 황남동,중상사고,0,1,0,0,차대사람 - 보도통행중,기타,건조,맑음,단일로 - 지하차도(도로)내,원동기,여,29세,상해없음,보행자,여,34세,중상
2019091400100288,2019년 9월 14일 17시,토요일,경상북도 포항시 북구 흥해읍,경상사고,0,0,3,0,차대차 - 측면충돌,안전운전불이행,건조,맑음,교차로 - 교차로안,승용,여,29세,상해없음,승용,남,18세,경상
2019091400100289,2019년 9월 14일 17시,토요일,경상북도 영천시 금호읍,경상사고,0,0,4,0,차대차 - 측면충돌,안전운전불이행,건조,맑음,단일로 - 기타,화물,남,36세,상해없음,승용,남,41세,경상
2019091400100315,2019년 9월 14일 18시,토요일,경상북도 포항시 북구 양덕동,중상사고,0,1,0,0,차대차 - 기타,안전운전불이행,건조,맑음,단일로 - 기타,이륜,남,27세,상해없음,승합,남,44세,상해없음
2019091400100316,2019년 9월 14일 18시,토요일,경상북도 경산시 사동,경상사고,0,0,1,0,차대차 - 측면충돌,안전운전불이행,건조,맑음,단일로 - 기타,승용,남,27세,상해없음,이륜,남,25세,경상
2019091400100317,2019년 9월 14일 18시,토요일,경상북도 구미시 비산동,중상사고,0,1,0,0,차대차 - 기타,신호위반,건조,맑음,단일로 - 교량,승용,여,33세,상해없음,자전거,남,15세,중상
2019091400100367,2019년 9월 14일 20시,토요일,경상북도 안동시 안흥동,경상사고,0,0,2,0,차대차 - 기타,안전운전불이행,건조,맑음,교차로 - 교차로안,승용,여,73세,상해없음,승용,여,31세,경상
2019091400100412,2019년 9월 14일 22시,토요일,경상북도 구미시 사곡동,경상사고,0,0,2,1,차대차 - 측면충돌,교차로운행방법위반,건조,맑음,교차로 - 교차로안,승용,남,51세,부상신고,승용,남,49세,경상
2019091400100427,2019년 9월 14일 23시,토요일,경상북도 경산시 진량읍,경상사고,0,0,5,0,차대차 - 측면충돌,직진우회전진행방해,건조,맑음,교차로 - 교차로안,승용,남,31세,경상,승용,남,30세,경상
2019091500100026,2019년 9월 15일 00시,일요일,경상북도 경주시 동천동,중상사고,0,1,1,0,차대차 - 측면충돌,직진우회전진행방해,건조,맑음,교차로 - 교차로안,화물,남,56세,경상,승용,여,29세,중상
2019091500100040,2019년 9월 15일 01시,일요일,경상북도 경주시 황성동,경상사고,0,0,1,1,차대차 - 측면충돌,기타,건조,맑음,교차로 - 교차로안,승용,여,49세,부상신고,승용,남,54세,경상
2019091500100047,2019년 9월 15일 02시,일요일,경상북도 칠곡군 석적읍,중상사고,0,1,4,0,차대차 - 추돌,안전운전불이행,건조,맑음,단일로 - 기타,승용,남,24세,상해없음,승용,남,21세,중상
2019091500100072,2019년 9월 15일 04시,일요일,경상북도 경주시 안강읍,경상사고,0,0,1,0,차대사람 - 기타,안전운전불이행,건조,맑음,주차장 - 주차장,승용,남,53세,상해없음,보행자,여,19세,경상
2019091500100084,2019년 9월 15일 06시,일요일,경상북도 안동시 남문동,경상사고,0,0,1,0,차대차 - 기타,안전운전불이행,건조,맑음,교차로 - 교차로안,승용,남,74세,경상,승용,남,30세,상해없음
2019091500100089,2019년 9월 15일 07시,일요일,경상북도 포항시 북구 죽도동,경상사고,0,0,1,0,차대차 - 측면충돌,안전운전불이행,건조,맑음,단일로 - 기타,이륜,남,38세,상해없음,승용,남,31세,경상
2019091500100090,2019년 9월 15일 07시,일요일,경상북도 예천군 예천읍,사망사고,1,0,0,0,차대차 - 정면충돌,중앙선침범,건조,맑음,단일로 - 기타,이륜,남,54세,사망,화물,남,73세,상해없음
2019091500100146,2019년 9월 15일 11시,일요일,경상북도 경주시 용강동,중상사고,0,1,0,0,차대차 - 측면충돌,신호위반,건조,맑음,교차로 - 교차로안,승용,남,61세,상해없음,이륜,남,49세,중상
2019091500100147,2019년 9월 15일 11시,일요일,경상북도 경주시 강동면,경상사고,0,0,3,0,차대차 - 측면충돌,안전운전불이행,건조,맑음,교차로 - 교차로부근,농기계,남,71세,경상,승용,남,64세,경상
2019091500100165,2019년 9월 15일 12시,일요일,경상북도 경주시 사정동,중상사고,0,1,1,0,차대차 - 측면충돌,안전운전불이행,건조,맑음,단일로 - 지하차도(도로)내,승용,여,22세,상해없음,승용,남,55세,경상
2019091500100166,2019년 9월 15일 12시,일요일,경상북도 경주시 노동동,경상사고,0,0,1,0,차대사람 - 길가장자리구역통행중,안전운전불이행,건조,맑음,단일로 - 지하차도(도로)내,이륜,남,17세,상해없음,보행자,남,8세,경상
2019091500100167,2019년 9월 15일 12시,일요일,경상북도 영천시 야사동,경상사고,0,0,2,0,차대차 - 정면충돌,안전운전불이행,건조,맑음,교차로 - 교차로안,승용,남,50세,상해없음,승용,남,62세,경상
2019091500100168,2019년 9월 15일 12시,일요일,경상북도 구미시 형곡동,부상신고사고,0,0,0,1,차대차 - 추돌,안전거리미확보,건조,맑음,단일로 - 기타,이륜,남,34세,부상신고,승용,남,27세,상해없음
2019091500100193,2019년 9월 15일 13시,일요일,경상북도 안동시 태화동,경상사고,0,0,1,0,차대차 - 측면충돌,안전거리미확보,건조,맑음,교차로 - 교차로부근,승용,남,59세,상해없음,이륜,남,37세,경상
2019091500100194,2019년 9월 15일 13시,일요일,경상북도 성주군 월항면,경상사고,0,0,1,0,차량단독 - 공작물충돌,안전운전불이행,기타,맑음,기타 - 기타,승용,남,81세,경상,,,,
2019091500100255,2019년 9월 15일 15시,일요일,경상북도 경주시 용강동,중상사고,0,1,0,0,차대차 - 측면충돌,신호위반,건조,맑음,교차로 - 교차로안,자전거,여,71세,중상,화물,남,48세,상해없음
2019091500100256,2019년 9월 15일 15시,일요일,경상북도 포항시 북구 흥해읍,중상사고,0,1,0,0,차대차 - 기타,중앙선침범,건조,맑음,단일로 - 기타,승용,여,39세,상해없음,승용,남,31세,중상
2019091500100257,2019년 9월 15일 15시,일요일,경상북도 구미시 형곡동,중상사고,0,1,0,0,차대사람 - 횡단중,안전운전불이행,건조,맑음,교차로 - 교차로안,화물,남,69세,상해없음,보행자,여,37세,중상
2019091500100281,2019년 9월 15일 16시,일요일,경상북도 영주시 상망동,경상사고,0,0,1,0,차대차 - 측면충돌,안전운전불이행,건조,맑음,교차로 - 교차로안,승용,여,48세,상해없음,이륜,남,47세,경상
2019091500100282,2019년 9월 15일 16시,일요일,경상북도 성주군 성주읍,경상사고,0,0,3,0,차대차 - 측면충돌,신호위반,건조,맑음,교차로 - 교차로안,승용,여,53세,경상,승용,남,38세,경상
2019091500100283,2019년 9월 15일 16시,일요일,경상북도 경주시 건천읍,중상사고,0,1,0,0,차대차 - 측면충돌,안전운전불이행,건조,맑음,단일로 - 기타,승용,남,64세,상해없음,화물,남,41세,중상
2019091500100346,2019년 9월 15일 18시,일요일,경상북도 포항시 북구 대흥동,경상사고,0,0,2,0,차대차 - 기타,직진우회전진행방해,건조,맑음,교차로 - 교차로부근,승용,남,44세,기타불명,승용,여,42세,경상
2019091500100347,2019년 9월 15일 18시,일요일,경상북도 구미시 형곡동,중상사고,0,1,0,0,차대차 - 기타,교차로운행방법위반,건조,맑음,교차로 - 교차로안,승용,남,36세,상해없음,이륜,남,22세,중상
2019091500100380,2019년 9월 15일 19시,일요일,경상북도 영천시 창구동,경상사고,0,0,1,0,차량단독 - 공작물충돌,안전운전불이행,건조,맑음,단일로 - 기타,승용,여,32세,경상,,,,
2019091500100381,2019년 9월 15일 19시,일요일,경상북도 영덕군 축산면,중상사고,0,2,0,1,차대차 - 측면충돌,안전운전불이행,건조,맑음,단일로 - 기타,승용,남,62세,부상신고,승용,남,61세,중상
2019091500100382,2019년 9월 15일 19시,일요일,경상북도 구미시 진평동,경상사고,0,0,1,0,차대차 - 기타,신호위반,건조,맑음,교차로 - 교차로안,승용,남,50세,상해없음,이륜,남,44세,경상
2019091500100383,2019년 9월 15일 19시,일요일,경상북도 구미시 해평면,경상사고,0,0,1,0,차대차 - 기타,안전운전불이행,건조,맑음,단일로 - 기타,승용,남,27세,상해없음,승용,남,27세,경상
2019091500100405,2019년 9월 15일 20시,일요일,경상북도 경산시 백천동,중상사고,0,1,0,0,차대차 - 측면충돌,기타,건조,맑음,교차로 - 교차로안,승용,여,51세,상해없음,자전거,남,24세,중상
2019091500100432,2019년 9월 15일 21시,일요일,경상북도 경주시 안강읍,경상사고,0,0,3,0,차대차 - 추돌,안전운전불이행,건조,맑음,교차로 - 교차로부근,승용,여,64세,상해없음,승용,남,72세,경상
2019091500100433,2019년 9월 15일 21시,일요일,경상북도 포항시 북구 우현동,중상사고,0,2,2,0,차대차 - 측면충돌,신호위반,건조,맑음,교차로 - 교차로안,승용,남,34세,기타불명,승용,남,64세,경상
2019091500100434,2019년 9월 15일 21시,일요일,경상북도 포항시 북구 흥해읍,중상사고,0,1,0,0,차대사람 - 횡단중,보행자보호의무위반,건조,맑음,단일로 - 기타,승용,여,61세,상해없음,보행자,남,62세,중상
2019091500100435,2019년 9월 15일 21시,일요일,경상북도 영천시 문외동,경상사고,0,0,1,0,차대사람 - 횡단중,보행자보호의무위반,건조,맑음,교차로 - 교차로횡단보도내,이륜,남,22세,상해없음,보행자,여,57세,경상
2019091500100448,2019년 9월 15일 22시,일요일,경상북도 포항시 남구 대도동,사망사고,1,0,0,0,차대사람 - 차도통행중,안전운전불이행,건조,맑음,단일로 - 기타,승용,남,28세,상해없음,보행자,남,60세,사망
2019091600100045,2019년 9월 16일 01시,월요일,경상북도 칠곡군 왜관읍,경상사고,0,0,2,0,차대차 - 측면충돌,안전운전불이행,건조,맑음,단일로 - 기타,승용,여,24세,상해없음,승용,남,30세,경상
2019091600100056,2019년 9월 16일 03시,월요일,경상북도 구미시 인의동,중상사고,0,1,1,0,차대차 - 기타,기타,건조,맑음,교차로 - 교차로부근,승용,남,30세,상해없음,이륜,남,27세,경상
2019091600100062,2019년 9월 16일 04시,월요일,경상북도 칠곡군 석적읍,경상사고,0,0,1,0,차대차 - 측면충돌,안전운전불이행,건조,맑음,단일로 - 기타,승용,여,38세,상해없음,승합,남,67세,상해없음
2019091600100084,2019년 9월 16일 06시,월요일,경상북도 경산시 계양동,경상사고,0,0,2,0,차대차 - 기타,안전운전불이행,건조,맑음,교차로 - 교차로안,승용,남,52세,기타불명,승용,여,47세,경상
2019091600100085,2019년 9월 16일 06시,월요일,경상북도 경산시 임당동,중상사고,0,1,0,0,차대차 - 추돌,안전운전불이행,건조,맑음,단일로 - 기타,승용,남,43세,기타불명,자전거,여,61세,중상
2019091600100103,2019년 9월 16일 07시,월요일,경상북도 김천시 남산동,경상사고,0,0,1,0,차대차 - 추돌,안전운전불이행,건조,맑음,교차로 - 교차로안,화물,남,59세,상해없음,승용,여,41세,경상
2019091600100104,2019년 9월 16일 07시,월요일,경상북도 성주군 성주읍,경상사고,0,0,1,0,차대차 - 기타,안전운전불이행,건조,맑음,교차로 - 교차로안,화물,남,57세,경상,승용,남,62세,상해없음
2019091600100146,2019년 9월 16일 08시,월요일,경상북도 안동시 용상동,경상사고,0,0,1,0,차대차 - 기타,안전운전불이행,건조,맑음,교차로 - 교차로안,기타불명,남,68세,경상,화물,남,29세,상해없음
2019091600100147,2019년 9월 16일 08시,월요일,경상북도 김천시 신음동,경상사고,0,0,2,0,차대차 - 측면충돌,교차로운행방법위반,건조,맑음,교차로 - 교차로안,승용,여,44세,경상,승용,남,55세,경상
2019091600100148,2019년 9월 16일 08시,월요일,경상북도 칠곡군 왜관읍,경상사고,0,0,1,0,차대차 - 기타,직진우회전진행방해,건조,맑음,교차로 - 교차로안,승합,남,41세,상해없음,자전거,여,70세,경상
2019091600100149,2019년 9월 16일 08시,월요일,경상북도 경산시 중방동,중상사고,0,1,0,0,차대차 - 측면충돌,안전운전불이행,건조,맑음,교차로 - 교차로부근,승용,여,32세,상해없음,자전거,남,72세,중상
2019091600100196,2019년 9월 16일 09시,월요일,경상북도 영주시 문정동,부상신고사고,0,0,0,1,차대차 - 기타,안전운전불이행,건조,맑음,단일로 - 기타,승용,여,48세,부상신고,화물,남,69세,상해없음
2019091600100230,2019년 9월 16일 10시,월요일,경상북도 경주시 동천동,경상사고,0,0,2,0,차대차 - 측면충돌,안전운전불이행,건조,맑음,교차로 - 교차로부근,승용,남,72세,상해없음,승용,여,33세,경상
2019091600100231,2019년 9월 16일 10시,월요일,경상북도 의성군 의성읍,경상사고,0,0,1,0,차량단독 - 기타,안전운전불이행,건조,맑음,단일로 - 기타,승용,남,67세,상해없음,,,,
2019091600100232,2019년 9월 16일 10시,월요일,경상북도 예천군 예천읍,중상사고,0,1,0,0,차량단독 - 공작물충돌,안전운전불이행,건조,맑음,단일로 - 기타,이륜,남,84세,중상,,,,
2019091600100233,2019년 9월 16일 10시,월요일,경상북도 구미시 송정동,경상사고,0,0,1,0,차대차 - 추돌,안전거리미확보,건조,맑음,단일로 - 기타,승용,여,56세,상해없음,승용,여,36세,경상
2019091600100255,2019년 9월 16일 11시,월요일,경상북도 군위군 군위읍,경상사고,0,0,2,0,차대차 - 측면충돌,신호위반,건조,맑음,교차로 - 교차로안,승용,여,71세,상해없음,승용,남,72세,경상
2019091600100287,2019년 9월 16일 12시,월요일,경상북도 영천시 망정동,경상사고,0,0,2,0,차대차 - 측면충돌,안전운전불이행,건조,맑음,교차로 - 교차로안,화물,남,76세,상해없음,화물,남,44세,경상
2019091600100326,2019년 9월 16일 13시,월요일,경상북도 안동시 일직면,경상사고,0,0,3,0,차대차 - 정면충돌,직진우회전진행방해,건조,맑음,교차로 - 교차로안,화물,남,50세,경상,승용,여,38세,경상
2019091600100327,2019년 9월 16일 13시,월요일,경상북도 영천시 망정동,경상사고,0,0,2,0,차대차 - 기타,안전운전불이행,건조,맑음,교차로 - 교차로안,승용,여,36세,경상,승용,여,66세,경상
2019091600100328,2019년 9월 16일 13시,월요일,경상북도 성주군 용암면,경상사고,0,0,2,0,차대차 - 측면충돌,안전운전불이행,건조,맑음,단일로 - 기타,승용,남,42세,경상,화물,여,42세,경상
2019091600100329,2019년 9월 16일 13시,월요일,경상북도 영양군 청기면,중상사고,0,1,0,0,차량단독 - 도로외이탈 - 추락,기타,건조,맑음,단일로 - 기타,이륜,남,73세,중상,,,,
2019091600100364,2019년 9월 16일 14시,월요일,경상북도 칠곡군 약목면,부상신고사고,0,0,0,1,차량단독 - 전도전복 - 전도,안전운전불이행,건조,맑음,단일로 - 기타,이륜,남,22세,부상신고,,,,
2019091600100365,2019년 9월 16일 14시,월요일,경상북도 영천시 완산동,경상사고,0,0,4,1,차대차 - 측면충돌,교차로운행방법위반,건조,맑음,교차로 - 교차로안,승용,여,44세,경상,승용,여,32세,경상
2019091600100402,2019년 9월 16일 15시,월요일,경상북도 봉화군 법전면,중상사고,0,1,0,0,차대차 - 기타,직진우회전진행방해,건조,맑음,교차로 - 교차로안,승용,남,53세,상해없음,승용,남,56세,상해없음
2019091600100444,2019년 9월 16일 16시,월요일,경상북도 포항시 북구 대흥동,경상사고,0,0,1,0,차대차 - 측면충돌,교차로운행방법위반,건조,맑음,교차로 - 교차로안,승용,남,62세,상해없음,승합,남,53세,경상
2019091600100445,2019년 9월 16일 16시,월요일,경상북도 영천시 금호읍,경상사고,0,0,1,0,차대차 - 정면충돌,안전운전불이행,건조,맑음,교차로 - 교차로안,승용,남,67세,상해없음,승용,여,51세,경상
2019091600100446,2019년 9월 16일 16시,월요일,경상북도 울진군 근남면,중상사고,0,1,0,0,차대차 - 측면충돌,직진우회전진행방해,건조,맑음,교차로 - 교차로안,승용,남,54세,상해없음,자전거,남,57세,중상
2019091600100487,2019년 9월 16일 17시,월요일,경상북도 포항시 북구 상원동,경상사고,0,0,2,0,차대차 - 측면충돌,안전운전불이행,건조,맑음,단일로 - 기타,승용,남,64세,상해없음,승용,남,56세,경상
2019091600100488,2019년 9월 16일 17시,월요일,경상북도 문경시 동로면,경상사고,0,0,1,0,차량단독 - 전도전복 - 전도,안전운전불이행,건조,맑음,단일로 - 기타,승용,남,58세,경상,,,,
2019091600100489,2019년 9월 16일 17시,월요일,경상북도 경산시 대동,경상사고,0,0,2,0,차대차 - 추돌,안전거리미확보,건조,맑음,단일로 - 기타,승용,남,33세,상해없음,이륜,남,22세,경상
2019091600100490,2019년 9월 16일 17시,월요일,경상북도 청도군 화양읍,사망사고,1,1,1,0,차대차 - 정면충돌,중앙선침범,건조,맑음,단일로 - 지하차도(도로)내,승용,남,81세,사망,승용,남,64세,경상
2019091600100538,2019년 9월 16일 18시,월요일,경상북도 김천시 부곡동,중상사고,0,1,0,0,차대사람 - 횡단중,보행자보호의무위반,건조,맑음,교차로 - 교차로횡단보도내,승용,남,36세,상해없음,보행자,남,6세,중상
2019091600100539,2019년 9월 16일 18시,월요일,경상북도 칠곡군 지천면,경상사고,0,0,1,0,차대차 - 측면충돌,교차로운행방법위반,건조,맑음,교차로 - 교차로부근,승용,여,28세,상해없음,승용,여,53세,경상
2019091600100540,2019년 9월 16일 18시,월요일,경상북도 구미시 진평동,경상사고,0,0,1,0,차대사람 - 횡단중,안전운전불이행,건조,맑음,교차로 - 교차로부근,승용,남,22세,상해없음,보행자,남,20세,경상
2019091600100585,2019년 9월 16일 19시,월요일,경상북도 칠곡군 석적읍,경상사고,0,0,2,0,차대차 - 기타,교차로운행방법위반,건조,맑음,교차로 - 교차로안,승용,남,60세,경상,승용,남,33세,경상
2019091600100635,2019년 9월 16일 21시,월요일,경상북도 구미시 고아읍,경상사고,0,0,1,0,차대차 - 기타,안전운전불이행,건조,맑음,단일로 - 기타,자전거,남,30세,경상,건설기계,남,54세,기타불명
2019091600100636,2019년 9월 16일 21시,월요일,경상북도 포항시 남구 오천읍,중상사고,0,1,1,0,차대차 - 기타,직진우회전진행방해,건조,맑음,교차로 - 교차로안,승용,여,49세,경상,승용,남,20세,중상
2019091600100655,2019년 9월 16일 22시,월요일,경상북도 경주시 사정동,중상사고,0,1,0,0,차대사람 - 횡단중,안전운전불이행,건조,맑음,교차로 - 교차로안,승용,남,66세,상해없음,보행자,여,60세,중상
2019091600100656,2019년 9월 16일 22시,월요일,경상북도 경산시 중방동,경상사고,0,0,2,0,차대차 - 추돌,안전운전불이행,건조,맑음,교차로 - 교차로부근,승용,남,25세,상해없음,화물,남,49세,경상
2019091600100657,2019년 9월 16일 22시,월요일,경상북도 영천시 신령면,중상사고,0,1,2,0,차대차 - 추돌,안전운전불이행,건조,맑음,단일로 - 기타,기타불명,기타불명,미분류,기타불명,승용,남,54세,경상
2019091600100669,2019년 9월 16일 23시,월요일,경상북도 구미시 오태동,경상사고,0,0,1,0,차대차 - 기타,안전운전불이행,건조,맑음,단일로 - 기타,승용,남,23세,상해없음,승용,여,50세,경상
2019091600100670,2019년 9월 16일 23시,월요일,경상북도 영천시 신령면,중상사고,0,1,1,0,차대차 - 추돌,안전운전불이행,건조,맑음,단일로 - 기타,승용,남,48세,상해없음,승용,남,27세,상해없음
2019091700100032,2019년 9월 17일 00시,화요일,경상북도 울진군 평해읍,중상사고,0,1,0,0,차량단독 - 공작물충돌,안전운전불이행,건조,맑음,교차로 - 교차로부근,승용,남,40세,상해없음,,,,
2019091700100041,2019년 9월 17일 01시,화요일,경상북도 안동시 남선면,경상사고,0,0,1,0,차대차 - 정면충돌,안전운전불이행,건조,맑음,단일로 - 기타,이륜,남,79세,경상,승용,여,27세,상해없음
2019091700100047,2019년 9월 17일 02시,화요일,경상북도 경산시 삼북동,사망사고,1,0,0,0,차대차 - 측면충돌,안전운전불이행,건조,맑음,교차로 - 교차로횡단보도내,승용,남,24세,상해없음,자전거,남,59세,사망
2019091700100061,2019년 9월 17일 05시,화요일,경상북도 영천시 오수동,중상사고,0,1,0,0,차대차 - 기타,안전운전불이행,건조,맑음,교차로 - 교차로안,자전거,남,68세,중상,화물,여,60세,상해없음
2019091700100072,2019년 9월 17일 06시,화요일,경상북도 경주시 감포읍,경상사고,0,0,1,0,차량단독 - 공작물충돌,안전운전불이행,건조,맑음,단일로 - 기타,승용,남,31세,경상,,,,
2019091700100073,2019년 9월 17일 06시,화요일,경상북도 포항시 북구 흥해읍,중상사고,0,1,0,0,차대차 - 기타,안전운전불이행,건조,맑음,단일로 - 기타,승용,남,48세,상해없음,자전거,여,64세,중상
2019091700100100,2019년 9월 17일 07시,화요일,경상북도 예천군 예천읍,중상사고,0,1,0,0,차대차 - 측면충돌,안전거리미확보,건조,맑음,단일로 - 기타,승용,여,28세,상해없음,승용,남,70세,상해없음