사고번호,사고일시,요일,시군구,사고내용,사망자수,중상자수,경상자수,부상신고자수,사고유형,법규위반,노면상태,기상상태,도로형태,가해운전자 차종,가해운전자 성별,가해운전자 연령,가해운전자 상해정도,피해운전자 차종,피해운전자 성별,피해운전자 연령,피해운전자 상해정도
2019091900100565,2019년 9월 19일 19시,목요일,경상북도 경산시 백천동,중상사고,0,1,0,0,차대사람 - 횡단중,안전운전불이행,건조,맑음,단일로 - 기타,승용,남,37세,상해없음,보행자,남,55세,중상
2019091900100594,2019년 9월 19일 20시,목요일,경상북도 김천시 율곡동,중상사고,0,1,0,0,차대사람 - 횡단중,보행자보호의무위반,건조,맑음,교차로 - 교차로횡단보도내,승용,여,29세,상해없음,보행자,여,60세,중상
2019091900100598,2019년 9월 19일 20시,목요일,경상북도 고령군 다산면,부상신고사고,0,0,0,1,차대차 - 기타,안전운전불이행,건조,맑음,기타 - 기타,원동기,여,22세,상해없음,자전거,남,45세,부상신고
2019091900100624,2019년 9월 19일 21시,목요일,경상북도 영주시 조암동,경상사고,0,0,3,0,차대차 - 추돌,안전운전불이행,건조,맑음,단일로 - 기타,승용,남,60세,상해없음,승용,여,33세,상해없음
2019091900100625,2019년 9월 19일 21시,목요일,경상북도 구미시 원평동,중상사고,0,1,0,0,차대차 - 측면충돌,교차로운행방법위반,건조,맑음,교차로 - 교차로안,승용,남,58세,상해없음,이륜,남,30세,중상
2019091900100675,2019년 9월 19일 23시,목요일,경상북도 경주시 동천동,부상신고사고,0,0,0,1,차대차 - 측면충돌,안전운전불이행,건조,맑음,교차로 - 교차로부근,자전거,남,49세,부상신고,이륜,남,26세,상해없음
2019091900100676,2019년 9월 19일 23시,목요일,경상북도 경산시 조영동,경상사고,0,0,1,0,차대사람 - 횡단중,안전운전불이행,건조,맑음,단일로 - 기타,승용,남,24세,상해없음,보행자,남,24세,경상
2019091900100677,2019년 9월 19일 23시,목요일,경상북도 포항시 남구 오천읍,중상사고,0,1,0,0,차대사람 - 기타,안전운전불이행,건조,맑음,교차로 - 교차로안,승용,여,42세,상해없음,보행자,남,57세,중상
2019092000100050,2019년 9월 20일 02시,금요일,경상북도 경주시 성건동,경상사고,0,0,1,0,차대차 - 추돌,안전운전불이행,건조,맑음,교차로 - 교차로부근,승용,남,25세,상해없음,승용,남,41세,경상
2019092000100095,2019년 9월 20일 06시,금요일,경상북도 의성군 점곡면,중상사고,0,1,0,0,차대차 - 기타,안전운전불이행,건조,맑음,단일로 - 기타,승용,여,65세,중상,승합,남,53세,상해없음
2019092000100096,2019년 9월 20일 06시,금요일,경상북도 칠곡군 왜관읍,경상사고,0,0,1,0,차대차 - 측면충돌,안전운전불이행,건조,맑음,교차로 - 교차로안,화물,남,37세,상해없음,승용,여,30세,경상
2019092000100114,2019년 9월 20일 07시,금요일,경상북도 경주시 외동읍,중상사고,0,1,0,0,차대차 - 측면충돌,안전운전불이행,건조,맑음,교차로 - 교차로안,승용,여,47세,상해없음,이륜,남,45세,중상
2019092000100115,2019년 9월 20일 07시,금요일,경상북도 칠곡군 왜관읍,경상사고,0,0,1,0,차대차 - 측면충돌,안전운전불이행,건조,맑음,단일로 - 기타,화물,남,39세,상해없음,승용,남,66세,경상
2019092000100116,2019년 9월 20일 07시,금요일,경상북도 구미시 산동면,경상사고,0,0,1,0,차량단독 - 기타,안전운전불이행,건조,맑음,단일로 - 기타,승용,남,28세,경상,,,,
2019092000100161,2019년 9월 20일 08시,금요일,경상북도 구미시 옥계동,경상사고,0,0,1,0,차대차 - 기타,신호위반,건조,맑음,교차로 - 교차로안,화물,남,55세,상해없음,승용,여,30세,경상
2019092000100162,2019년 9월 20일 08시,금요일,경상북도 포항시 남구 연일읍,경상사고,0,0,2,0,차대차 - 측면충돌,직진우회전진행방해,건조,맑음,교차로 - 교차로안,승용,여,44세,경상,승용,남,58세,상해없음
2019092000100201,2019년 9월 20일 09시,금요일,경상북도 경주시 성동동,중상사고,0,1,0,0,차대사람 - 횡단중,안전운전불이행,건조,맑음,교차로 - 교차로횡단보도내,승용,여,63세,상해없음,보행자,여,79세,중상
2019092000100202,2019년 9월 20일 09시,금요일,경상북도 구미시 임수동,중상사고,0,1,0,0,차대차 - 기타,안전운전불이행,건조,맑음,단일로 - 기타,승용,남,40세,상해없음,이륜,남,32세,중상
2019092000100241,2019년 9월 20일 10시,금요일,경상북도 영양군 입암면,중상사고,0,1,1,0,차대차 - 정면충돌,안전운전불이행,건조,맑음,단일로 - 기타,화물,남,72세,중상,건설기계,남,40세,경상
2019092000100242,2019년 9월 20일 10시,금요일,경상북도 포항시 남구 상도동,경상사고,0,0,1,0,차대차 - 기타,교차로운행방법위반,건조,맑음,교차로 - 교차로안,화물,남,54세,상해없음,승용,여,50세,경상
2019092000100276,2019년 9월 20일 11시,금요일,경상북도 경주시 성건동,경상사고,0,0,1,0,차대차 - 측면충돌,안전운전불이행,건조,맑음,단일로 - 기타,승용,여,28세,상해없음,특수,남,35세,경상
2019092000100277,2019년 9월 20일 11시,금요일,경상북도 김천시 농소면,경상사고,0,0,1,0,차대차 - 측면충돌,교차로운행방법위반,건조,맑음,교차로 - 교차로안,화물,남,70세,상해없음,승용,여,57세,경상
2019092000100278,2019년 9월 20일 11시,금요일,경상북도 경산시 정평동,경상사고,0,0,1,0,차대차 - 기타,신호위반,건조,맑음,교차로 - 교차로안,승용,여,62세,기타불명,이륜,남,29세,경상
2019092000100319,2019년 9월 20일 12시,금요일,경상북도 경주시 양남면,경상사고,0,0,1,0,차대차 - 추돌,안전운전불이행,건조,맑음,단일로 - 기타,승용,남,31세,경상,승용,남,77세,상해없음
2019092000100363,2019년 9월 20일 14시,금요일,경상북도 안동시 용상동,경상사고,0,0,4,0,차대차 - 측면충돌,기타,건조,맑음,교차로 - 교차로안,승용,여,46세,경상,승용,여,39세,경상
2019092000100364,2019년 9월 20일 14시,금요일,경상북도 상주시 모동면,경상사고,0,0,1,0,차대차 - 측면충돌,교차로운행방법위반,건조,맑음,교차로 - 교차로안,승합,남,52세,상해없음,승용,남,50세,경상
2019092000100365,2019년 9월 20일 14시,금요일,경상북도 칠곡군 왜관읍,중상사고,0,1,1,0,차대차 - 측면충돌,중앙선침범,건조,맑음,교차로 - 교차로부근,승용,남,44세,경상,건설기계,남,59세,중상
2019092000100366,2019년 9월 20일 14시,금요일,경상북도 칠곡군 석적읍,부상신고사고,0,0,0,2,차대차 - 측면충돌,안전운전불이행,건조,맑음,단일로 - 기타,승용,남,45세,상해없음,승용,남,30세,부상신고
2019092000100367,2019년 9월 20일 14시,금요일,경상북도 영천시 조교동,경상사고,0,0,1,0,차대차 - 측면충돌,교차로운행방법위반,건조,맑음,교차로 - 교차로안,승용,남,62세,상해없음,승용,여,43세,경상
2019092000100395,2019년 9월 20일 15시,금요일,경상북도 포항시 남구 동해면,중상사고,0,1,0,0,차대차 - 측면충돌,안전거리미확보,건조,맑음,단일로 - 기타,이륜,남,25세,중상,화물,남,29세,상해없음
2019092000100487,2019년 9월 20일 17시,금요일,경상북도 경산시 계양동,중상사고,0,1,0,0,차대차 - 측면충돌,신호위반,건조,맑음,교차로 - 교차로안,이륜,남,23세,상해없음,자전거,여,56세,중상
2019092000100488,2019년 9월 20일 17시,금요일,경상북도 경산시 사동,경상사고,0,0,1,0,차대사람 - 기타,기타,건조,맑음,단일로 - 기타,승용,여,39세,상해없음,보행자,여,1세,경상
2019092000100526,2019년 9월 20일 18시,금요일,경상북도 경주시 황성동,중상사고,0,1,0,0,차대사람 - 길가장자리구역통행중,안전운전불이행,건조,맑음,교차로 - 교차로부근,승합,여,53세,상해없음,보행자,여,15세,중상
2019092000100527,2019년 9월 20일 18시,금요일,경상북도 의성군 의성읍,중상사고,0,1,0,0,차대사람 - 길가장자리구역통행중,안전운전불이행,건조,맑음,단일로 - 기타,승용,남,72세,상해없음,보행자,남,56세,중상
2019092000100528,2019년 9월 20일 18시,금요일,경상북도 영천시 청통면,경상사고,0,0,1,0,차대사람 - 횡단중,안전운전불이행,건조,맑음,단일로 - 기타,승용,남,53세,상해없음,보행자,남,63세,경상
2019092000100529,2019년 9월 20일 18시,금요일,경상북도 구미시 광평동,경상사고,0,0,1,0,차대차 - 기타,교차로운행방법위반,건조,맑음,교차로 - 교차로안,화물,남,41세,상해없음,자전거,남,77세,경상
2019092000100577,2019년 9월 20일 19시,금요일,경상북도 영천시 망정동,경상사고,0,0,1,0,차대차 - 기타,기타,건조,맑음,교차로 - 교차로부근,승용,남,43세,상해없음,이륜,남,26세,경상
2019092000100578,2019년 9월 20일 19시,금요일,경상북도 문경시 흥덕동,경상사고,0,0,1,0,차대사람 - 횡단중,안전운전불이행,건조,맑음,기타 - 기타,승용,남,63세,상해없음,보행자,여,49세,경상
2019092000100579,2019년 9월 20일 19시,금요일,경상북도 경산시 중방동,경상사고,0,0,1,0,차대차 - 측면충돌,안전운전불이행,건조,맑음,단일로 - 기타,승용,여,64세,상해없음,이륜,남,58세,경상
2019092000100580,2019년 9월 20일 19시,금요일,경상북도 경산시 압량면,경상사고,0,0,2,0,차대차 - 측면충돌,교차로운행방법위반,건조,맑음,교차로 - 교차로안,승용,남,37세,경상,승용,남,37세,경상
2019092000100619,2019년 9월 20일 20시,금요일,경상북도 경주시 황성동,중상사고,0,1,0,0,차대차 - 측면충돌,안전운전불이행,건조,맑음,단일로 - 기타,승용,여,21세,상해없음,자전거,여,67세,중상
2019092000100620,2019년 9월 20일 20시,금요일,경상북도 문경시 산북면,중상사고,0,3,0,0,차대차 - 정면충돌,중앙선침범,건조,맑음,단일로 - 기타,승용,남,44세,중상,화물,남,77세,중상
2019092000100621,2019년 9월 20일 20시,금요일,경상북도 구미시 황상동,중상사고,0,1,0,0,차대사람 - 기타,안전운전불이행,건조,맑음,단일로 - 기타,화물,남,38세,상해없음,보행자,남,17세,중상
2019092000100622,2019년 9월 20일 20시,금요일,경상북도 구미시 고아읍,경상사고,0,0,4,0,차대차 - 기타,안전운전불이행,건조,맑음,교차로 - 교차로안,승용,남,34세,상해없음,승용,여,52세,경상
2019092000100647,2019년 9월 20일 21시,금요일,경상북도 구미시 신평동,중상사고,0,1,0,0,차대차 - 기타,신호위반,건조,맑음,교차로 - 교차로안,승합,남,64세,상해없음,승용,남,40세,중상
2019092000100688,2019년 9월 20일 22시,금요일,경상북도 구미시 진평동,경상사고,0,0,1,0,차대차 - 기타,교차로운행방법위반,건조,맑음,교차로 - 교차로안,이륜,남,37세,경상,승용,남,20세,상해없음
2019092100100042,2019년 9월 21일 00시,토요일,경상북도 구미시 옥계동,부상신고사고,0,0,0,1,차대사람 - 기타,안전운전불이행,건조,맑음,단일로 - 기타,승용,남,46세,상해없음,보행자,남,39세,부상신고
2019092100100076,2019년 9월 21일 02시,토요일,경상북도 구미시 공단동,중상사고,0,1,1,0,차대차 - 기타,신호위반,건조,맑음,교차로 - 교차로안,승용,남,27세,경상,승용,남,40세,중상
2019092100100092,2019년 9월 21일 03시,토요일,경상북도 김천시 아포읍,경상사고,0,0,1,0,차대차 - 추돌,안전운전불이행,건조,흐림,단일로 - 기타,승용,남,32세,상해없음,승용,남,40세,경상
2019092100100100,2019년 9월 21일 04시,토요일,경상북도 경산시 중방동,경상사고,0,0,1,0,차대사람 - 길가장자리구역통행중,안전운전불이행,젖음/습기,비,단일로 - 기타,승용,남,46세,상해없음,보행자,남,43세,경상
2019092100100101,2019년 9월 21일 04시,토요일,경상북도 경산시 백천동,중상사고,0,1,0,0,차대사람 - 차도통행중,안전운전불이행,젖음/습기,비,단일로 - 기타,화물,남,65세,상해없음,보행자,남,27세,중상
2019092100100132,2019년 9월 21일 06시,토요일,경상북도 안동시 송현동,경상사고,0,0,1,0,차대차 - 측면충돌,신호위반,건조,맑음,교차로 - 교차로안,이륜,남,50세,경상,승용,남,37세,상해없음
2019092100100147,2019년 9월 21일 07시,토요일,경상북도 포항시 북구 흥해읍,부상신고사고,0,0,0,1,차대차 - 측면충돌,안전운전불이행,젖음/습기,비,교차로 - 교차로부근,화물,남,65세,상해없음,화물,남,61세,부상신고
2019092100100148,2019년 9월 21일 07시,토요일,경상북도 고령군 다산면,경상사고,0,0,2,0,차대차 - 측면충돌,중앙선침범,젖음/습기,비,단일로 - 지하차도(도로)내,화물,남,55세,경상,승용,남,46세,경상
2019092100100163,2019년 9월 21일 08시,토요일,경상북도 포항시 남구 장기면,경상사고,0,0,2,0,차대차 - 측면충돌,중앙선침범,건조,맑음,교차로 - 교차로부근,건설기계,남,69세,상해없음,승용,남,26세,경상
2019092100100166,2019년 9월 21일 08시,토요일,경상북도 경산시 대정동,경상사고,0,0,1,0,차대차 - 측면충돌,신호위반,건조,흐림,교차로 - 교차로안,승용,여,47세,상해없음,화물,남,48세,경상
2019092100100213,2019년 9월 21일 10시,토요일,경상북도 문경시 문경읍,경상사고,0,0,1,0,차대차 - 측면충돌,안전거리미확보,젖음/습기,비,단일로 - 기타,승용,남,73세,상해없음,승용,남,38세,경상
2019092100100214,2019년 9월 21일 10시,토요일,경상북도 구미시 산동면,경상사고,0,0,1,0,차대차 - 기타,기타,젖음/습기,비,단일로 - 기타,승용,남,32세,상해없음,승합,남,31세,경상
2019092100100245,2019년 9월 21일 11시,토요일,경상북도 경주시 안강읍,경상사고,0,0,1,0,차량단독 - 공작물충돌,안전운전불이행,젖음/습기,비,단일로 - 기타,이륜,남,84세,경상,,,,
2019092100100246,2019년 9월 21일 11시,토요일,경상북도 경주시 외동읍,중상사고,0,3,0,0,차대차 - 정면충돌,중앙선침범,젖음/습기,비,단일로 - 지하차도(도로)내,화물,남,41세,중상,승용,여,61세,중상
2019092100100247,2019년 9월 21일 11시,토요일,경상북도 칠곡군 북삼읍,경상사고,0,0,2,0,차대차 - 추돌,안전운전불이행,젖음/습기,비,단일로 - 기타,화물,남,31세,상해없음,승용,남,59세,경상
2019092100100248,2019년 9월 21일 11시,토요일,경상북도 영천시 작산동,경상사고,0,0,2,0,차대차 - 측면충돌,안전운전불이행,건조,흐림,단일로 - 기타,화물,남,57세,경상,화물,남,52세,경상
2019092100100249,2019년 9월 21일 11시,토요일,경상북도 경산시 옥산동,경상사고,0,0,1,0,차대차 - 측면충돌,안전운전불이행,건조,맑음,단일로 - 기타,승용,남,40세,상해없음,이륜,남,29세,경상
2019092100100250,2019년 9월 21일 11시,토요일,경상북도 경산시 대정동,부상신고사고,0,0,0,1,차량단독 - 공작물충돌,안전운전불이행,건조,맑음,단일로 - 기타,승용,남,46세,부상신고,,,,
2019092100100322,2019년 9월 21일 13시,토요일,경상북도 경주시 황성동,경상사고,0,0,1,0,차대차 - 추돌,안전운전불이행,건조,맑음,단일로 - 지하차도(도로)내,승용,남,62세,상해없음,승용,남,40세,상해없음
2019092100100362,2019년 9월 21일 14시,토요일,경상북도 영주시 가흥동,경상사고,0,0,1,0,차대차 - 측면충돌,안전운전불이행,젖음/습기,비,교차로 - 교차로부근,화물,남,56세,상해없음,승용,남,49세,경상
2019092100100363,2019년 9월 21일 14시,토요일,경상북도 구미시 인의동,경상사고,0,0,4,0,차대차 - 기타,교차로운행방법위반,젖음/습기,비,교차로 - 교차로안,승용,남,50세,경상,승용,여,44세,경상
2019092100100435,2019년 9월 21일 16시,토요일,경상북도 김천시 신음동,경상사고,0,0,2,0,차대차 - 측면충돌,교차로운행방법위반,젖음/습기,비,교차로 - 교차로안,승용,남,65세,상해없음,승합,여,40세,경상
2019092100100469,2019년 9월 21일 17시,토요일,경상북도 김천시 부곡동,경상사고,0,0,1,0,차대차 - 측면충돌,교차로운행방법위반,건조,맑음,주차장 - 주차장,승용,여,57세,상해없음,승용,남,54세,상해없음
2019092100100470,2019년 9월 21일 17시,토요일,경상북도 포항시 남구 연일읍,경상사고,0,0,1,0,차대사람 - 횡단중,보행자보호의무위반,젖음/습기,비,교차로 - 교차로횡단보도내,승용,여,61세,상해없음,보행자,남,52세,경상
2019092100100518,2019년 9월 21일 18시,토요일,경상북도 경주시 신평동,경상사고,0,0,1,0,차대차 - 측면충돌,안전운전불이행,젖음/습기,비,교차로 - 교차로안,승용,여,62세,상해없음,승용,여,27세,경상
2019092100100519,2019년 9월 21일 18시,토요일,경상북도 안동시 목성동,부상신고사고,0,0,0,1,차대차 - 측면충돌,안전운전불이행,젖음/습기,비,단일로 - 기타,승용,남,66세,상해없음,이륜,남,47세,부상신고
2019092100100520,2019년 9월 21일 18시,토요일,경상북도 안동시 평화동,중상사고,0,3,0,0,차대차 - 추돌,안전운전불이행,젖음/습기,비,교차로 - 교차로부근,승용,남,23세,상해없음,승용,남,39세,중상
2019092100100521,2019년 9월 21일 18시,토요일,경상북도 상주시 남장동,중상사고,0,1,1,0,차량단독 - 전도전복 - 전복,안전운전불이행,젖음/습기,비,단일로 - 기타,승용,여,52세,경상,,,,
2019092100100522,2019년 9월 21일 18시,토요일,경상북도 구미시 옥계동,경상사고,0,0,1,0,차대차 - 기타,교차로운행방법위반,젖음/습기,비,교차로 - 교차로안,승용,남,49세,상해없음,이륜,남,26세,경상
2019092100100523,2019년 9월 21일 18시,토요일,경상북도 구미시 황상동,중상사고,0,1,0,0,차대사람 - 차도통행중,안전운전불이행,건조,맑음,단일로 - 기타,화물,남,62세,상해없음,보행자,여,56세,중상
2019092100100578,2019년 9월 21일 19시,토요일,경상북도 김천시 지좌동,경상사고,0,0,1,0,차대차 - 측면충돌,안전운전불이행,젖음/습기,비,교차로 - 교차로안,승용,여,59세,상해없음,승용,여,60세,경상
2019092100100579,2019년 9월 21일 19시,토요일,경상북도 상주시 남성동,경상사고,0,0,1,0,차대차 - 기타,안전운전불이행,젖음/습기,비,교차로 - 교차로안,승용,여,41세,상해없음,이륜,남,16세,경상
2019092100100580,2019년 9월 21일 19시,토요일,경상북도 경산시 진량읍,경상사고,0,0,1,0,차대차 - 측면충돌,안전거리미확보,젖음/습기,비,교차로 - 교차로부근,승용,남,47세,상해없음,이륜,남,45세,경상
2019092100100581,2019년 9월 21일 19시,토요일,경상북도 구미시 산동면,경상사고,0,0,1,0,차대차 - 정면충돌,안전운전불이행,젖음/습기,비,교차로 - 교차로부근,승용,여,45세,상해없음,이륜,남,53세,경상
2019092100100582,2019년 9월 21일 19시,토요일,경상북도 포항시 남구 연일읍,경상사고,0,0,1,0,차대차 - 기타,안전운전불이행,젖음/습기,비,단일로 - 기타,승용,남,40세,상해없음,이륜,남,22세,경상
2019092100100677,2019년 9월 21일 21시,토요일,경상북도 김천시 봉산면,경상사고,0,0,1,0,차대차 - 추돌,안전운전불이행,젖음/습기,비,교차로 - 교차로부근,승용,남,34세,상해없음,화물,남,49세,경상
2019092100100678,2019년 9월 21일 21시,토요일,경상북도 구미시 인의동,경상사고,0,0,1,0,차대사람 - 횡단중,보행자보호의무위반,젖음/습기,비,교차로 - 교차로횡단보도내,승용,남,25세,상해없음,보행자,남,47세,경상
2019092100100713,2019년 9월 21일 22시,토요일,경상북도 경주시 충효동,경상사고,0,0,1,0,차대차 - 추돌,안전운전불이행,젖음/습기,맑음,교차로 - 교차로부근,승용,남,40세,상해없음,승용,남,64세,경상
2019092100100714,2019년 9월 21일 22시,토요일,경상북도 포항시 남구 오천읍,경상사고,0,0,1,0,차대차 - 측면충돌,안전운전불이행,젖음/습기,비,교차로 - 교차로안,승용,남,47세,상해없음,이륜,남,19세,경상
2019092100100734,2019년 9월 21일 23시,토요일,경상북도 영천시 성내동,경상사고,0,0,1,0,차대차 - 추돌,안전거리미확보,젖음/습기,비,단일로 - 기타,승용,남,40세,상해없음,승용,남,32세,경상
2019092100100735,2019년 9월 21일 23시,토요일,경상북도 포항시 남구 호동,경상사고,0,0,1,1,차량단독 - 기타,안전운전불이행,젖음/습기,비,단일로 - 기타,승용,남,65세,부상신고,,,,
2019092100100736,2019년 9월 21일 23시,토요일,경상북도 경주시 율동,경상사고,0,0,1,0,차량단독 - 기타,안전운전불이행,젖음/습기,비,단일로 - 기타,승용,남,51세,상해없음,,,,
2019092200100033,2019년 9월 22일 00시,일요일,경상북도 안동시 용상동,중상사고,0,1,0,0,차대차 - 측면충돌,안전운전불이행,젖음/습기,비,단일로 - 기타,승용,남,58세,상해없음,이륜,남,50세,중상
2019092200100034,2019년 9월 22일 00시,일요일,경상북도 구미시 상모동,경상사고,0,0,1,1,차대차 - 추돌,안전운전불이행,젖음/습기,비,교차로 - 교차로부근,이륜,남,19세,부상신고,승용,남,31세,경상
2019092200100050,2019년 9월 22일 01시,일요일,경상북도 경주시 건천읍,경상사고,0,0,1,0,차량단독 - 공작물충돌,안전운전불이행,젖음/습기,비,단일로 - 기타,승용,남,37세,경상,,,,
2019092200100051,2019년 9월 22일 01시,일요일,경상북도 경주시 외동읍,부상신고사고,0,0,0,1,차대차 - 측면충돌,직진우회전진행방해,젖음/습기,비,교차로 - 교차로안,승용,여,41세,상해없음,승용,여,37세,부상신고
2019092200100072,2019년 9월 22일 02시,일요일,경상북도 김천시 부곡동,경상사고,0,0,1,0,차대차 - 후진중충돌,안전운전불이행,젖음/습기,비,기타 - 기타,승용,남,36세,상해없음,승용,남,39세,경상
2019092200100073,2019년 9월 22일 02시,일요일,경상북도 포항시 남구 구룡포읍,중상사고,0,1,0,0,차대사람 - 차도통행중,안전운전불이행,젖음/습기,비,교차로 - 교차로부근,승용,남,53세,상해없음,보행자,남,61세,중상
2019092200100074,2019년 9월 22일 02시,일요일,경상북도 포항시 남구 해도동,경상사고,0,0,1,0,차대차 - 추돌,안전운전불이행,젖음/습기,비,단일로 - 기타,승용,남,65세,상해없음,승용,남,30세,경상
2019092200100101,2019년 9월 22일 04시,일요일,경상북도 경산시 진량읍,중상사고,0,1,0,0,차량단독 - 전도전복 - 전도,안전운전불이행,젖음/습기,비,단일로 - 기타,이륜,남,35세,중상,,,,
2019092200100117,2019년 9월 22일 06시,일요일,경상북도 구미시 산동면,중상사고,0,1,0,0,차대차 - 기타,중앙선침범,젖음/습기,비,단일로 - 기타,승용,남,22세,중상,승용,남,32세,상해없음
2019092200100137,2019년 9월 22일 08시,일요일,경상북도 안동시 남후면,경상사고,0,0,1,0,차량단독 - 기타,안전운전불이행,젖음/습기,비,단일로 - 기타,화물,남,39세,경상,,,,
2019092200100138,2019년 9월 22일 08시,일요일,경상북도 칠곡군 지천면,중상사고,0,1,0,0,차대사람 - 길가장자리구역통행중,안전운전불이행,젖음/습기,비,단일로 - 기타,승용,여,42세,상해없음,보행자,남,25세,중상
2019092200100139,2019년 9월 22일 08시,일요일,경상북도 영천시 완산동,경상사고,0,0,2,0,차대차 - 측면충돌,중앙선침범,젖음/습기,비,단일로 - 기타,화물,여,60세,경상,승용,여,27세,경상
2019092200100153,2019년 9월 22일 09시,일요일,경상북도 포항시 남구 오천읍,중상사고,0,1,2,0,차대차 - 측면충돌,안전운전불이행,젖음/습기,비,단일로 - 기타,승용,여,39세,중상,승용,여,48세,경상
2019092200100167,2019년 9월 22일 10시,일요일,경상북도 영주시 문수면,경상사고,0,0,1,0,차량단독 - 도로외이탈 - 기타,안전운전불이행,젖음/습기,비,단일로 - 기타,승용,남,58세,경상,,,,
2019092200100168,2019년 9월 22일 10시,일요일,경상북도 칠곡군 기산면,부상신고사고,0,0,0,1,차량단독 - 공작물충돌,안전운전불이행,젖음/습기,비,단일로 - 기타,승용,여,31세,부상신고,,,,
2019092200100208,2019년 9월 22일 12시,일요일,경상북도 문경시 산양면,중상사고,0,1,1,0,차대차 - 측면충돌,안전운전불이행,젖음/습기,비,단일로 - 기타,승용,여,58세,상해없음,승용,남,52세,중상
2019092200100209,2019년 9월 22일 12시,일요일,경상북도 구미시 형곡동,경상사고,0,0,1,1,차대차 - 측면충돌,중앙선침범,젖음/습기,비,단일로 - 기타,승용,남,44세,부상신고,승용,남,56세,경상
2019092200100231,2019년 9월 22일 13시,일요일,경상북도 포항시 북구 장성동,중상사고,0,1,0,0,차대사람 - 횡단중,안전운전불이행,젖음/습기,비,단일로 - 기타,승용,남,42세,상해없음,보행자,남,38세,중상
2019092200100232,2019년 9월 22일 13시,일요일,경상북도 상주시 신봉동,경상사고,0,0,1,0,차량단독 - 공작물충돌,안전운전불이행,젖음/습기,비,단일로 - 기타,화물,남,19세,경상,,,,
2019092200100233,2019년 9월 22일 13시,일요일,경상북도 구미시 형곡동,중상사고,0,2,1,0,차대차 - 측면충돌,안전운전불이행,젖음/습기,비,단일로 - 기타,승용,남,31세,상해없음,승용,남,25세,상해없음
2019092200100262,2019년 9월 22일 14시,일요일,경상북도 울진군 기성면,경상사고,0,0,1,0,차량단독 - 공작물충돌,안전운전불이행,젖음/습기,비,단일로 - 기타,화물,남,48세,경상,,,,
2019092200100308,2019년 9월 22일 16시,일요일,경상북도 안동시 남선면,경상사고,0,0,1,0,차량단독 - 기타,안전운전불이행,젖음/습기,비,단일로 - 기타,승용,남,65세,경상,,,,
2019092200100309,2019년 9월 22일 16시,일요일,경상북도 상주시 화남면,경상사고,0,0,1,0,차량단독 - 공작물충돌,안전운전불이행,젖음/습기,비,단일로 - 기타,화물,남,69세,경상,,,,
2019092200100341,2019년 9월 22일 17시,일요일,경상북도 포항시 북구 우현동,경상사고,0,0,1,0,차대차 - 측면충돌,안전거리미확보,건조,맑음,교차로 - 교차로부근,승용,남,62세,상해없음,승용,여,30세,경상
2019092200100342,2019년 9월 22일 17시,일요일,경상북도 구미시 원평동,중상사고,0,2,0,0,차대차 - 추돌,안전운전불이행,젖음/습기,비,교차로 - 교차로부근,승용,남,53세,상해없음,승용,남,28세,중상
2019092200100362,2019년 9월 22일 18시,일요일,경상북도 경주시 충효동,경상사고,0,0,1,0,차량단독 - 공작물충돌,안전운전불이행,젖음/습기,비,교차로 - 교차로부근,이륜,남,39세,경상,,,,
2019092200100363,2019년 9월 22일 18시,일요일,경상북도 상주시 낙동면,중상사고,0,1,0,0,차대사람 - 횡단중,안전운전불이행,젖음/습기,비,단일로 - 기타,화물,남,58세,상해없음,보행자,남,51세,중상
2019092200100364,2019년 9월 22일 18시,일요일,경상북도 영주시 휴천동,중상사고,0,1,0,0,차대사람 - 횡단중,보행자보호의무위반,젖음/습기,비,단일로 - 기타,승용,남,66세,상해없음,보행자,여,85세,중상
2019092200100365,2019년 9월 22일 18시,일요일,경상북도 영덕군 남정면,부상신고사고,0,0,0,1,차대차 - 추돌,안전운전불이행,젖음/습기,비,단일로 - 기타,이륜,남,47세,부상신고,승용,남,44세,상해없음
2019092200100366,2019년 9월 22일 18시,일요일,경상북도 구미시 부곡동,경상사고,0,0,1,0,차대차 - 측면충돌,안전운전불이행,젖음/습기,비,단일로 - 기타,승용,남,50세,경상,화물,남,47세,기타불명
2019092200100367,2019년 9월 22일 18시,일요일,경상북도 포항시 남구 오천읍,중상사고,0,1,2,0,차대차 - 추돌,안전운전불이행,젖음/습기,비,교차로 - 교차로부근,승용,남,63세,상해없음,승용,여,31세,중상
2019092200100399,2019년 9월 22일 19시,일요일,경상북도 김천시 아포읍,경상사고,0,0,1,0,차대차 - 측면충돌,신호위반,젖음/습기,비,교차로 - 교차로안,화물,남,50세,상해없음,승용,여,47세,경상
2019092200100400,2019년 9월 22일 19시,일요일,경상북도 칠곡군 왜관읍,중상사고,0,1,0,0,차대사람 - 횡단중,안전운전불이행,젖음/습기,비,교차로 - 교차로부근,승용,남,23세,상해없음,보행자,여,81세,중상
2019092200100401,2019년 9월 22일 19시,일요일,경상북도 칠곡군 북삼읍,경상사고,0,0,1,0,차대차 - 측면충돌,안전운전불이행,젖음/습기,비,단일로 - 기타,승용,남,47세,상해없음,승용,여,44세,경상
2019092200100402,2019년 9월 22일 19시,일요일,경상북도 영천시 신령면,경상사고,0,0,1,0,차량단독 - 공작물충돌,안전운전불이행,젖음/습기,맑음,기타 - 기타,승용,남,68세,경상,,,,