사고번호,사고일시,요일,시군구,사고내용,사망자수,중상자수,경상자수,부상신고자수,사고유형,법규위반,노면상태,기상상태,도로형태,가해운전자 차종,가해운전자 성별,가해운전자 연령,가해운전자 상해정도,피해운전자 차종,피해운전자 성별,피해운전자 연령,피해운전자 상해정도
2019092200100433,2019년 9월 22일 20시,일요일,경상북도 안동시 남후면,중상사고,0,2,0,0,차량단독 - 기타,안전운전불이행,건조,맑음,단일로 - 기타,승용,남,52세,상해없음,,,,
2019092200100434,2019년 9월 22일 20시,일요일,경상북도 김천시 농소면,경상사고,0,0,1,0,차량단독 - 공작물충돌,안전운전불이행,젖음/습기,비,단일로 - 기타,승용,여,42세,경상,,,,
2019092200100435,2019년 9월 22일 20시,일요일,경상북도 영주시 영주동,중상사고,0,2,0,0,차대사람 - 횡단중,보행자보호의무위반,젖음/습기,비,교차로 - 교차로횡단보도내,승용,남,61세,상해없음,보행자,남,48세,중상
2019092200100436,2019년 9월 22일 20시,일요일,경상북도 경산시 대동,경상사고,0,0,2,0,차대차 - 측면충돌,안전운전불이행,젖음/습기,비,단일로 - 기타,이륜,남,36세,경상,승용,남,59세,경상
2019092200100437,2019년 9월 22일 20시,일요일,경상북도 경산시 정평동,경상사고,0,0,1,0,차대차 - 기타,안전운전불이행,젖음/습기,비,교차로 - 교차로부근,기타불명,기타불명,미분류,기타불명,승합,남,51세,상해없음
2019092200100438,2019년 9월 22일 20시,일요일,경상북도 구미시 상모동,경상사고,0,0,1,0,차대차 - 추돌,안전거리미확보,젖음/습기,비,교차로 - 교차로부근,승용,남,56세,상해없음,승용,남,50세,경상
2019092200100439,2019년 9월 22일 20시,일요일,경상북도 포항시 남구 연일읍,경상사고,0,0,2,0,차대차 - 기타,안전운전불이행,젖음/습기,비,교차로 - 교차로안,승용,여,57세,상해없음,승용,남,27세,경상
2019092200100440,2019년 9월 22일 20시,일요일,경상북도 포항시 남구 대잠동,경상사고,0,0,1,0,차대차 - 기타,불법유턴,젖음/습기,비,기타 - 기타,승용,남,58세,상해없음,승용,남,20세,기타불명
2019092200100470,2019년 9월 22일 21시,일요일,경상북도 경산시 조영동,경상사고,0,0,2,0,차대차 - 측면충돌,신호위반,젖음/습기,비,교차로 - 교차로부근,이륜,남,42세,상해없음,승용,남,24세,경상
2019092200100471,2019년 9월 22일 21시,일요일,경상북도 구미시 신평동,경상사고,0,0,2,0,차대차 - 기타,직진우회전진행방해,젖음/습기,비,교차로 - 교차로안,승용,남,70세,경상,승용,남,26세,상해없음
2019092300100150,2019년 9월 23일 08시,월요일,경상북도 경주시 황남동,중상사고,0,1,0,0,차대사람 - 횡단중,보행자보호의무위반,건조,맑음,교차로 - 교차로횡단보도내,승용,여,65세,상해없음,보행자,여,80세,중상
2019092300100151,2019년 9월 23일 08시,월요일,경상북도 경주시 안강읍,중상사고,0,1,0,0,차대차 - 측면충돌,기타,건조,맑음,교차로 - 교차로안,승합,남,53세,상해없음,농기계,남,77세,중상
2019092300100152,2019년 9월 23일 08시,월요일,경상북도 경주시 충효동,경상사고,0,0,1,0,차대사람 - 횡단중,안전운전불이행,건조,맑음,단일로 - 기타,승용,남,69세,상해없음,보행자,남,17세,경상
2019092300100153,2019년 9월 23일 08시,월요일,경상북도 포항시 북구 죽도동,경상사고,0,0,1,0,차대차 - 기타,안전운전불이행,건조,맑음,교차로 - 교차로안,승용,여,28세,상해없음,승용,남,61세,경상
2019092300100154,2019년 9월 23일 08시,월요일,경상북도 영주시 하망동,중상사고,0,1,0,0,차대차 - 기타,교차로운행방법위반,건조,맑음,교차로 - 교차로안,승용,여,32세,상해없음,자전거,남,84세,중상
2019092300100155,2019년 9월 23일 08시,월요일,경상북도 구미시 산동면,경상사고,0,0,1,1,차대차 - 추돌,안전거리미확보,건조,맑음,단일로 - 기타,승용,여,57세,상해없음,승용,여,42세,경상
2019092300100156,2019년 9월 23일 08시,월요일,경상북도 구미시 오태동,경상사고,0,0,1,0,차대차 - 추돌,안전운전불이행,건조,맑음,단일로 - 기타,승용,남,67세,상해없음,승용,남,38세,경상
2019092300100184,2019년 9월 23일 09시,월요일,경상북도 포항시 남구 이동,중상사고,0,1,1,0,차대차 - 측면충돌,안전운전불이행,건조,맑음,단일로 - 기타,건설기계,남,27세,상해없음,승용,남,38세,중상
2019092300100254,2019년 9월 23일 11시,월요일,경상북도 포항시 북구 상원동,경상사고,0,0,1,0,차대차 - 측면충돌,안전운전불이행,건조,맑음,교차로 - 교차로부근,자전거,남,74세,경상,승용,남,48세,상해없음
2019092300100255,2019년 9월 23일 11시,월요일,경상북도 문경시 산양면,경상사고,0,0,2,0,차대차 - 추돌,안전운전불이행,건조,맑음,단일로 - 기타,승용,남,78세,상해없음,승용,여,58세,경상
2019092300100279,2019년 9월 23일 12시,월요일,경상북도 포항시 북구 죽도동,경상사고,0,0,1,0,차대차 - 추돌,안전거리미확보,건조,맑음,단일로 - 기타,승용,남,67세,상해없음,승용,남,25세,경상
2019092300100280,2019년 9월 23일 12시,월요일,경상북도 포항시 남구 해도동,경상사고,0,0,1,0,차대차 - 기타,안전운전불이행,건조,흐림,단일로 - 기타,승용,여,60세,상해없음,자전거,여,55세,경상
2019092300100316,2019년 9월 23일 13시,월요일,경상북도 상주시 남성동,경상사고,0,0,1,0,차대차 - 후진중충돌,안전운전불이행,건조,맑음,단일로 - 기타,승용,남,51세,상해없음,자전거,여,52세,경상
2019092300100350,2019년 9월 23일 14시,월요일,경상북도 안동시 금곡동,경상사고,0,0,1,0,차대차 - 측면충돌,신호위반,건조,맑음,교차로 - 교차로안,이륜,남,86세,경상,승용,여,53세,상해없음
2019092300100351,2019년 9월 23일 14시,월요일,경상북도 안동시 정하동,경상사고,0,0,1,0,차대차 - 측면충돌,교차로운행방법위반,건조,맑음,교차로 - 교차로안,승용,남,76세,상해없음,승용,남,62세,경상
2019092300100352,2019년 9월 23일 14시,월요일,경상북도 경산시 중방동,경상사고,0,0,1,0,차대차 - 측면충돌,안전운전불이행,건조,맑음,단일로 - 기타,승용,여,58세,상해없음,승용,남,29세,경상
2019092300100388,2019년 9월 23일 15시,월요일,경상북도 봉화군 봉화읍,중상사고,0,1,0,0,차대사람 - 기타,안전운전불이행,건조,맑음,단일로 - 기타,승용,남,71세,상해없음,보행자,여,68세,중상
2019092300100419,2019년 9월 23일 16시,월요일,경상북도 포항시 남구 연일읍,경상사고,0,0,1,0,차대차 - 기타,중앙선침범,건조,맑음,단일로 - 기타,승용,여,47세,상해없음,자전거,남,15세,경상
2019092300100459,2019년 9월 23일 17시,월요일,경상북도 경주시 양남면,중상사고,0,1,0,0,차대사람 - 기타,중앙선침범,건조,맑음,단일로 - 기타,승용,남,71세,상해없음,보행자,여,53세,중상
2019092300100460,2019년 9월 23일 17시,월요일,경상북도 청송군 청송읍,경상사고,0,0,1,0,차대차 - 측면충돌,기타,건조,맑음,교차로 - 교차로안,화물,남,74세,상해없음,승용,여,24세,경상
2019092300100461,2019년 9월 23일 17시,월요일,경상북도 포항시 남구 오천읍,경상사고,0,0,1,0,차대차 - 측면충돌,안전운전불이행,건조,맑음,단일로 - 기타,승용,남,82세,상해없음,승용,여,37세,경상
2019092300100510,2019년 9월 23일 18시,월요일,경상북도 경산시 갑제동,경상사고,0,0,1,0,차대차 - 추돌,안전거리미확보,건조,맑음,단일로 - 기타,승용,남,28세,상해없음,승용,여,45세,경상
2019092300100511,2019년 9월 23일 18시,월요일,경상북도 경산시 압량면,경상사고,0,0,2,0,차대차 - 추돌,안전거리미확보,건조,맑음,단일로 - 기타,승용,여,27세,상해없음,화물,남,26세,경상
2019092300100550,2019년 9월 23일 19시,월요일,경상북도 포항시 북구 흥해읍,경상사고,0,0,2,0,차대차 - 측면충돌,신호위반,젖음/습기,비,교차로 - 교차로안,승용,여,51세,기타불명,승용,남,24세,경상
2019092300100551,2019년 9월 23일 19시,월요일,경상북도 포항시 북구 흥해읍,중상사고,0,1,0,0,차대차 - 측면충돌,중앙선침범,건조,맑음,단일로 - 기타,화물,남,35세,상해없음,이륜,남,63세,중상
2019092300100552,2019년 9월 23일 19시,월요일,경상북도 포항시 북구 양덕동,경상사고,0,0,1,0,차대차 - 측면충돌,차로위반,건조,맑음,단일로 - 기타,승용,남,64세,상해없음,승용,여,48세,경상
2019092300100553,2019년 9월 23일 19시,월요일,경상북도 상주시 중동면,경상사고,0,0,1,0,차량단독 - 전도전복 - 전도,안전운전불이행,건조,맑음,단일로 - 교량,이륜,남,58세,경상,,,,
2019092300100597,2019년 9월 23일 20시,월요일,경상북도 포항시 북구 장성동,중상사고,0,1,0,0,차대사람 - 기타,안전운전불이행,건조,흐림,단일로 - 기타,이륜,남,45세,중상,보행자,여,60세,상해없음
2019092300100624,2019년 9월 23일 21시,월요일,경상북도 경주시 현곡면,중상사고,0,1,0,0,차량단독 - 기타,안전운전불이행,건조,맑음,단일로 - 기타,승용,남,70세,중상,,,,
2019092300100625,2019년 9월 23일 21시,월요일,경상북도 구미시 원평동,중상사고,0,1,0,0,차대사람 - 차도통행중,안전운전불이행,건조,맑음,교차로 - 교차로안,승용,남,34세,상해없음,보행자,남,43세,중상
2019092400100066,2019년 9월 24일 04시,화요일,경상북도 구미시 고아읍,경상사고,0,0,2,0,차대차 - 측면충돌,신호위반,건조,맑음,교차로 - 교차로안,승용,남,55세,상해없음,화물,남,71세,경상
2019092400100089,2019년 9월 24일 06시,화요일,경상북도 경주시 천군동,부상신고사고,0,0,0,1,차량단독 - 공작물충돌,안전운전불이행,젖음/습기,흐림,교차로 - 교차로부근,이륜,남,26세,부상신고,,,,
2019092400100090,2019년 9월 24일 06시,화요일,경상북도 포항시 북구 창포동,경상사고,0,0,1,0,차대사람 - 기타,안전운전불이행,건조,맑음,단일로 - 기타,승용,여,66세,상해없음,보행자,여,68세,경상
2019092400100121,2019년 9월 24일 07시,화요일,경상북도 경주시 황성동,중상사고,0,1,1,0,차대차 - 측면충돌,직진우회전진행방해,건조,맑음,교차로 - 교차로안,승용,남,33세,상해없음,승용,여,46세,중상
2019092400100122,2019년 9월 24일 07시,화요일,경상북도 포항시 남구 효자동,경상사고,0,0,1,0,차대차 - 추돌,안전운전불이행,건조,맑음,단일로 - 기타,화물,남,52세,상해없음,승용,남,46세,경상
2019092400100158,2019년 9월 24일 08시,화요일,경상북도 포항시 북구 용흥동,경상사고,0,0,1,0,차대차 - 측면충돌,안전운전불이행,건조,맑음,단일로 - 기타,승용,남,73세,상해없음,승용,여,64세,경상
2019092400100159,2019년 9월 24일 08시,화요일,경상북도 포항시 북구 우현동,경상사고,0,0,1,0,차대차 - 추돌,안전거리미확보,건조,맑음,단일로 - 기타,승용,여,60세,상해없음,승용,남,44세,경상
2019092400100160,2019년 9월 24일 08시,화요일,경상북도 포항시 북구 흥해읍,경상사고,0,0,1,0,차대차 - 기타,안전운전불이행,건조,맑음,단일로 - 기타,승용,남,77세,상해없음,승용,남,60세,경상
2019092400100161,2019년 9월 24일 08시,화요일,경상북도 경산시 진량읍,경상사고,0,0,1,0,차대차 - 측면충돌,불법유턴,건조,맑음,교차로 - 교차로부근,승용,남,42세,상해없음,화물,남,61세,경상
2019092400100162,2019년 9월 24일 08시,화요일,경상북도 경산시 사동,경상사고,0,0,1,0,차대차 - 측면충돌,교차로운행방법위반,건조,맑음,교차로 - 교차로안,승용,여,19세,상해없음,승용,남,37세,경상
2019092400100193,2019년 9월 24일 09시,화요일,경상북도 구미시 공단동,중상사고,0,1,1,0,차대차 - 기타,안전운전불이행,건조,맑음,교차로 - 교차로안,승용,남,42세,경상,승용,여,73세,중상
2019092400100230,2019년 9월 24일 10시,화요일,경상북도 영주시 가흥동,부상신고사고,0,0,0,1,차대차 - 측면충돌,안전운전불이행,건조,맑음,교차로 - 교차로부근,이륜,남,84세,부상신고,승용,남,51세,상해없음
2019092400100231,2019년 9월 24일 10시,화요일,경상북도 칠곡군 동명면,중상사고,0,2,1,0,차대차 - 추돌,안전운전불이행,건조,맑음,단일로 - 기타,승용,남,25세,상해없음,승용,남,65세,중상
2019092400100272,2019년 9월 24일 11시,화요일,경상북도 포항시 북구 두호동,중상사고,0,2,0,0,차대차 - 추돌,안전운전불이행,건조,맑음,단일로 - 기타,화물,남,56세,상해없음,승용,남,51세,중상
2019092400100273,2019년 9월 24일 11시,화요일,경상북도 성주군 대가면,경상사고,0,0,3,0,차대차 - 추돌,안전운전불이행,건조,맑음,단일로 - 기타,화물,남,56세,기타불명,승용,남,76세,경상
2019092400100274,2019년 9월 24일 11시,화요일,경상북도 성주군 성주읍,중상사고,0,1,0,0,차량단독 - 도로외이탈 - 추락,안전운전불이행,건조,맑음,교차로 - 교차로안,이륜,남,68세,상해없음,,,,
2019092400100275,2019년 9월 24일 11시,화요일,경상북도 포항시 남구 효자동,경상사고,0,0,1,0,차대차 - 기타,안전운전불이행,건조,맑음,교차로 - 교차로안,승용,여,47세,상해없음,자전거,여,65세,경상
2019092400100305,2019년 9월 24일 12시,화요일,경상북도 경주시 동천동,경상사고,0,0,2,0,차대차 - 측면충돌,안전운전불이행,건조,맑음,교차로 - 교차로안,이륜,남,64세,경상,자전거,남,59세,경상
2019092400100306,2019년 9월 24일 12시,화요일,경상북도 포항시 북구 두호동,중상사고,0,1,2,0,차대차 - 측면충돌,교차로운행방법위반,건조,맑음,단일로 - 기타,승용,여,49세,상해없음,승합,남,59세,상해없음
2019092400100307,2019년 9월 24일 12시,화요일,경상북도 포항시 남구 오천읍,경상사고,0,0,1,0,차대차 - 기타,불법유턴,건조,맑음,교차로 - 교차로안,승용,남,62세,상해없음,승용,여,51세,경상
2019092400100351,2019년 9월 24일 13시,화요일,경상북도 칠곡군 동명면,경상사고,0,0,1,0,차대차 - 측면충돌,차로위반,건조,맑음,단일로 - 기타,화물,남,27세,상해없음,승용,여,43세,경상
2019092400100352,2019년 9월 24일 13시,화요일,경상북도 문경시 흥덕동,사망사고,1,0,0,0,차대차 - 측면충돌,안전운전불이행,건조,맑음,교차로 - 교차로안,화물,남,68세,상해없음,이륜,남,60세,사망
2019092400100353,2019년 9월 24일 13시,화요일,경상북도 포항시 남구 오천읍,경상사고,0,0,1,0,차대차 - 측면충돌,직진우회전진행방해,건조,맑음,교차로 - 교차로안,자전거,남,22세,경상,승용,남,51세,상해없음
2019092400100381,2019년 9월 24일 14시,화요일,경상북도 경주시 용강동,중상사고,0,1,0,0,차대차 - 측면충돌,안전운전불이행,건조,맑음,단일로 - 기타,승용,여,54세,상해없음,자전거,남,63세,중상
2019092400100382,2019년 9월 24일 14시,화요일,경상북도 안동시 와룡면,중상사고,0,1,0,0,차대차 - 측면충돌,안전운전불이행,건조,맑음,기타 - 기타,화물,남,50세,상해없음,이륜,남,69세,중상
2019092400100383,2019년 9월 24일 14시,화요일,경상북도 안동시 정하동,중상사고,0,1,0,0,차대사람 - 횡단중,보행자보호의무위반,건조,맑음,교차로 - 교차로횡단보도내,승용,여,33세,상해없음,보행자,남,7세,중상
2019092400100384,2019년 9월 24일 14시,화요일,경상북도 경산시 대동,경상사고,0,0,1,0,차대차 - 측면충돌,안전거리미확보,기타,맑음,단일로 - 기타,승용,남,37세,기타불명,승용,남,62세,경상
2019092400100385,2019년 9월 24일 14시,화요일,경상북도 포항시 남구 상도동,중상사고,0,1,0,0,차대사람 - 횡단중,신호위반,건조,맑음,교차로 - 교차로부근,승용,여,31세,상해없음,보행자,남,60세,중상
2019092400100436,2019년 9월 24일 15시,화요일,경상북도 경주시 외동읍,경상사고,0,0,1,1,차대차 - 측면충돌,직진우회전진행방해,건조,맑음,교차로 - 교차로안,화물,남,63세,부상신고,승용,남,48세,경상
2019092400100437,2019년 9월 24일 15시,화요일,경상북도 포항시 북구 양덕동,경상사고,0,0,1,0,차대사람 - 횡단중,신호위반,건조,맑음,교차로 - 교차로횡단보도내,화물,남,53세,상해없음,보행자,여,8세,경상
2019092400100438,2019년 9월 24일 15시,화요일,경상북도 안동시 풍천면,경상사고,0,0,1,0,차대차 - 정면충돌,중앙선침범,건조,맑음,단일로 - 기타,이륜,남,83세,경상,건설기계,남,46세,상해없음
2019092400100439,2019년 9월 24일 15시,화요일,경상북도 김천시 양천동,중상사고,0,1,0,0,차대사람 - 차도통행중,교차로운행방법위반,건조,맑음,교차로 - 교차로안,화물,남,58세,상해없음,보행자,남,77세,중상
2019092400100440,2019년 9월 24일 15시,화요일,경상북도 칠곡군 약목면,경상사고,0,0,1,0,차대차 - 측면충돌,신호위반,건조,맑음,교차로 - 교차로안,화물,남,81세,상해없음,농기계,남,50세,경상
2019092400100441,2019년 9월 24일 15시,화요일,경상북도 예천군 예천읍,중상사고,0,1,0,0,차대차 - 측면충돌,신호위반,건조,맑음,교차로 - 교차로부근,승용,여,59세,상해없음,이륜,남,80세,중상
2019092400100442,2019년 9월 24일 15시,화요일,경상북도 구미시 비산동,경상사고,0,0,1,0,차대차 - 측면충돌,차로위반,건조,맑음,단일로 - 기타,승용,남,72세,상해없음,승용,여,38세,경상
2019092400100443,2019년 9월 24일 15시,화요일,경상북도 포항시 남구 상도동,경상사고,0,0,1,2,차대차 - 측면충돌,안전거리미확보,건조,맑음,단일로 - 기타,승용,남,52세,경상,승용,남,80세,부상신고
2019092400100488,2019년 9월 24일 16시,화요일,경상북도 포항시 북구 장성동,경상사고,0,0,3,0,차대차 - 추돌,안전운전불이행,건조,맑음,단일로 - 기타,승용,남,41세,상해없음,승용,여,39세,경상
2019092400100489,2019년 9월 24일 16시,화요일,경상북도 안동시 서부동,경상사고,0,0,1,0,차대차 - 측면충돌,안전운전불이행,건조,맑음,교차로 - 교차로안,승용,여,33세,상해없음,승합,남,62세,상해없음
2019092400100490,2019년 9월 24일 16시,화요일,경상북도 성주군 성주읍,경상사고,0,0,1,0,차대차 - 추돌,안전운전불이행,건조,맑음,교차로 - 교차로안,화물,남,39세,상해없음,승용,여,42세,경상
2019092400100491,2019년 9월 24일 16시,화요일,경상북도 구미시 봉곡동,중상사고,0,1,1,0,차대사람 - 기타,중앙선침범,건조,맑음,단일로 - 기타,자전거,남,15세,중상,보행자,여,9세,경상
2019092400100533,2019년 9월 24일 17시,화요일,경상북도 김천시 평화동,경상사고,0,0,3,0,차대차 - 측면충돌,안전운전불이행,건조,맑음,단일로 - 기타,화물,남,51세,상해없음,승용,여,59세,경상
2019092400100534,2019년 9월 24일 17시,화요일,경상북도 칠곡군 왜관읍,경상사고,0,0,1,0,차대차 - 측면충돌,안전운전불이행,건조,맑음,교차로 - 교차로부근,승용,남,51세,상해없음,승용,남,49세,상해없음
2019092400100535,2019년 9월 24일 17시,화요일,경상북도 경산시 중산동,중상사고,0,1,0,0,차대차 - 측면충돌,안전운전불이행,건조,맑음,단일로 - 기타,이륜,남,58세,중상,화물,남,56세,상해없음
2019092400100587,2019년 9월 24일 18시,화요일,경상북도 경주시 감포읍,경상사고,0,0,1,0,차대차 - 측면충돌,중앙선침범,건조,맑음,단일로 - 기타,승용,여,32세,상해없음,승용,여,43세,경상
2019092400100588,2019년 9월 24일 18시,화요일,경상북도 안동시 임동면,경상사고,0,0,2,0,차량단독 - 공작물충돌,안전운전불이행,건조,맑음,단일로 - 기타,승용,남,19세,경상,,,,
2019092400100589,2019년 9월 24일 18시,화요일,경상북도 영주시 휴천동,경상사고,0,0,1,0,차대차 - 측면충돌,안전운전불이행,건조,맑음,교차로 - 교차로안,승용,남,51세,상해없음,자전거,여,51세,경상
2019092400100590,2019년 9월 24일 18시,화요일,경상북도 경산시 백천동,중상사고,0,1,0,0,차대사람 - 횡단중,보행자보호의무위반,건조,맑음,교차로 - 교차로횡단보도내,화물,남,62세,상해없음,보행자,여,48세,중상
2019092400100591,2019년 9월 24일 18시,화요일,경상북도 봉화군 봉화읍,경상사고,0,0,1,0,차대차 - 측면충돌,직진우회전진행방해,건조,맑음,교차로 - 교차로안,승용,여,52세,상해없음,승용,여,53세,경상
2019092400100592,2019년 9월 24일 18시,화요일,경상북도 구미시 고아읍,경상사고,0,0,1,0,차대차 - 측면충돌,직진우회전진행방해,건조,맑음,교차로 - 교차로안,승용,남,56세,상해없음,승용,여,52세,경상
2019092400100593,2019년 9월 24일 18시,화요일,경상북도 구미시 선산읍,부상신고사고,0,0,0,1,차대차 - 기타,교차로운행방법위반,건조,맑음,교차로 - 교차로안,승용,여,58세,부상신고,화물,남,55세,상해없음
2019092400100594,2019년 9월 24일 18시,화요일,경상북도 구미시 원평동,경상사고,0,0,1,0,차대차 - 기타,안전운전불이행,건조,맑음,단일로 - 기타,기타불명,기타불명,미분류,기타불명,이륜,남,59세,경상
2019092400100595,2019년 9월 24일 18시,화요일,경상북도 포항시 남구 연일읍,중상사고,0,1,0,0,차대차 - 측면충돌,안전운전불이행,건조,맑음,단일로 - 기타,승용,여,50세,상해없음,이륜,남,27세,중상
2019092400100596,2019년 9월 24일 18시,화요일,경상북도 포항시 남구 오천읍,경상사고,0,0,2,0,차대차 - 추돌,안전거리미확보,건조,맑음,단일로 - 기타,이륜,여,19세,상해없음,승용,여,49세,경상
2019092400100643,2019년 9월 24일 19시,화요일,경상북도 영천시 조교동,경상사고,0,0,3,0,차대차 - 추돌,안전거리미확보,건조,맑음,교차로 - 교차로안,화물,남,28세,상해없음,승용,남,37세,경상
2019092400100644,2019년 9월 24일 19시,화요일,경상북도 문경시 흥덕동,중상사고,0,1,1,0,차대차 - 측면충돌,중앙선침범,건조,맑음,단일로 - 기타,승용,여,53세,상해없음,이륜,남,17세,경상
2019092400100645,2019년 9월 24일 19시,화요일,경상북도 포항시 남구 해도동,경상사고,0,0,1,0,차대차 - 측면충돌,안전운전불이행,건조,맑음,교차로 - 교차로부근,승용,남,45세,상해없음,승용,남,48세,경상
2019092400100683,2019년 9월 24일 20시,화요일,경상북도 안동시 태화동,경상사고,0,0,1,0,차대사람 - 횡단중,보행자보호의무위반,건조,맑음,교차로 - 교차로횡단보도내,승용,남,30세,상해없음,보행자,여,26세,경상
2019092400100684,2019년 9월 24일 20시,화요일,경상북도 포항시 남구 지곡동,경상사고,0,0,1,0,차대차 - 정면충돌,안전운전불이행,건조,맑음,교차로 - 교차로횡단보도내,승용,남,53세,상해없음,자전거,남,32세,경상
2019092400100715,2019년 9월 24일 21시,화요일,경상북도 포항시 남구 오천읍,경상사고,0,0,1,0,차대차 - 기타,교차로운행방법위반,건조,맑음,교차로 - 교차로안,승용,남,45세,상해없음,이륜,남,18세,경상
2019092400100752,2019년 9월 24일 23시,화요일,경상북도 경주시 내남면,경상사고,0,0,1,0,차대차 - 추돌,안전운전불이행,건조,맑음,교차로 - 교차로부근,화물,남,58세,상해없음,화물,남,59세,경상
2019092500100039,2019년 9월 25일 00시,수요일,경상북도 안동시 송현동,중상사고,0,1,0,0,차량단독 - 전도전복 - 전도,안전운전불이행,건조,맑음,단일로 - 기타,이륜,남,18세,중상,,,,
2019092500100040,2019년 9월 25일 00시,수요일,경상북도 경산시 옥산동,경상사고,0,0,2,0,차대차 - 측면충돌,교차로운행방법위반,건조,맑음,교차로 - 교차로안,화물,남,45세,상해없음,승용,남,58세,경상
2019092500100051,2019년 9월 25일 01시,수요일,경상북도 경주시 황오동,경상사고,0,0,1,0,차대차 - 측면충돌,안전운전불이행,건조,맑음,교차로 - 교차로부근,승용,남,51세,상해없음,자전거,남,52세,경상
2019092500100080,2019년 9월 25일 05시,수요일,경상북도 포항시 북구 창포동,중상사고,0,1,0,0,차대사람 - 횡단중,보행자보호의무위반,건조,맑음,교차로 - 교차로횡단보도내,화물,여,58세,상해없음,보행자,남,73세,중상
2019092500100081,2019년 9월 25일 05시,수요일,경상북도 봉화군 봉화읍,중상사고,0,2,0,0,차대차 - 기타,안전운전불이행,기타,맑음,단일로 - 기타,화물,남,66세,중상,화물,남,62세,상해없음
2019092500100113,2019년 9월 25일 07시,수요일,경상북도 영주시 가흥동,중상사고,0,1,0,0,차대차 - 측면충돌,안전운전불이행,건조,맑음,교차로 - 교차로안,승용,남,47세,상해없음,자전거,남,73세,중상
2019092500100114,2019년 9월 25일 07시,수요일,경상북도 구미시 임수동,중상사고,0,1,0,0,차대차 - 기타,안전운전불이행,건조,맑음,단일로 - 기타,자전거,남,18세,중상,기타불명,기타불명,미분류,기타불명
2019092500100151,2019년 9월 25일 08시,수요일,경상북도 경산시 사동,경상사고,0,0,1,0,차대차 - 측면충돌,안전운전불이행,건조,맑음,단일로 - 기타,승용,남,73세,상해없음,승합,남,63세,경상
2019092500100192,2019년 9월 25일 09시,수요일,경상북도 경주시 성건동,중상사고,0,1,0,0,차대사람 - 차도통행중,안전운전불이행,건조,맑음,단일로 - 기타,승용,남,57세,상해없음,보행자,여,63세,중상
2019092500100193,2019년 9월 25일 09시,수요일,경상북도 안동시 임동면,경상사고,0,0,3,0,차대차 - 추돌,안전거리미확보,건조,맑음,단일로 - 기타,승용,남,33세,상해없음,승용,남,34세,경상
2019092500100194,2019년 9월 25일 09시,수요일,경상북도 안동시 당북동,경상사고,0,0,1,0,차대사람 - 기타,안전운전불이행,건조,맑음,단일로 - 기타,기타불명,여,78세,상해없음,보행자,남,74세,경상
2019092500100195,2019년 9월 25일 09시,수요일,경상북도 의성군 의성읍,경상사고,0,0,1,0,차대차 - 측면충돌,직진우회전진행방해,건조,맑음,교차로 - 교차로안,승용,남,66세,상해없음,승용,여,60세,경상
2019092500100196,2019년 9월 25일 09시,수요일,경상북도 포항시 남구 이동,경상사고,0,0,3,0,차대차 - 추돌,안전운전불이행,건조,맑음,단일로 - 기타,승용,남,29세,상해없음,승용,남,82세,경상
2019092500100240,2019년 9월 25일 10시,수요일,경상북도 경주시 안강읍,중상사고,0,1,0,0,차량단독 - 기타,안전운전불이행,건조,맑음,단일로 - 기타,이륜,남,79세,중상,,,,
2019092500100241,2019년 9월 25일 10시,수요일,경상북도 포항시 남구 오천읍,경상사고,0,0,1,0,차대차 - 후진중충돌,안전운전불이행,건조,맑음,기타 - 기타,승합,남,78세,기타불명,승용,여,37세,경상
2019092500100242,2019년 9월 25일 10시,수요일,경상북도 포항시 남구 송도동,중상사고,0,1,0,0,차대차 - 기타,불법유턴,건조,맑음,단일로 - 기타,자전거,남,71세,중상,화물,남,58세,상해없음
2019092500100269,2019년 9월 25일 11시,수요일,경상북도 상주시 서성동,경상사고,0,0,1,0,차대차 - 추돌,안전거리미확보,건조,맑음,교차로 - 교차로부근,승용,남,20세,상해없음,승용,여,53세,경상
2019092500100270,2019년 9월 25일 11시,수요일,경상북도 구미시 형곡동,중상사고,0,1,0,0,차대차 - 추돌,안전운전불이행,건조,맑음,교차로 - 교차로부근,승용,남,25세,상해없음,화물,남,88세,상해없음
2019092500100271,2019년 9월 25일 11시,수요일,경상북도 포항시 남구 송도동,중상사고,0,1,0,0,차대사람 - 차도통행중,안전운전불이행,건조,맑음,단일로 - 기타,승용,남,67세,상해없음,보행자,여,66세,중상
2019092500100299,2019년 9월 25일 12시,수요일,경상북도 포항시 북구 죽도동,경상사고,0,0,1,0,차대사람 - 기타,안전운전불이행,건조,맑음,교차로 - 교차로안,승용,남,74세,상해없음,보행자,여,47세,경상
2019092500100300,2019년 9월 25일 12시,수요일,경상북도 고령군 성산면,경상사고,0,0,1,0,차대차 - 측면충돌,안전운전불이행,건조,맑음,교차로 - 교차로안,이륜,남,51세,경상,화물,남,66세,상해없음
2019092500100325,2019년 9월 25일 13시,수요일,경상북도 구미시 원평동,중상사고,0,1,0,0,차대사람 - 차도통행중,보행자보호의무위반,건조,맑음,교차로 - 교차로횡단보도내,승용,여,35세,상해없음,보행자,여,48세,중상