사고번호,사고일시,요일,시군구,사고내용,사망자수,중상자수,경상자수,부상신고자수,사고유형,법규위반,노면상태,기상상태,도로형태,가해운전자 차종,가해운전자 성별,가해운전자 연령,가해운전자 상해정도,피해운전자 차종,피해운전자 성별,피해운전자 연령,피해운전자 상해정도
2019092500100326,2019년 9월 25일 13시,수요일,경상북도 구미시 상모동,경상사고,0,0,1,0,차대차 - 기타,교차로운행방법위반,건조,맑음,교차로 - 교차로안,승용,여,35세,상해없음,승용,여,47세,경상
2019092500100359,2019년 9월 25일 14시,수요일,경상북도 경주시 사정동,중상사고,0,1,0,0,차대차 - 측면충돌,안전운전불이행,건조,맑음,단일로 - 지하차도(도로)내,자전거,남,58세,중상,승용,남,80세,상해없음
2019092500100397,2019년 9월 25일 15시,수요일,경상북도 영천시 봉동,중상사고,0,1,0,0,차대차 - 측면충돌,차로위반,건조,맑음,단일로 - 기타,특수,남,48세,상해없음,승용,여,48세,중상
2019092500100443,2019년 9월 25일 16시,수요일,경상북도 포항시 북구 흥해읍,경상사고,0,0,2,0,차대차 - 기타,교차로운행방법위반,건조,맑음,교차로 - 교차로안,승용,여,40세,상해없음,승용,여,39세,경상
2019092500100444,2019년 9월 25일 16시,수요일,경상북도 안동시 안막동,중상사고,0,1,0,0,차대차 - 측면충돌,안전운전불이행,건조,맑음,단일로 - 기타,이륜,남,69세,중상,화물,남,64세,상해없음
2019092500100487,2019년 9월 25일 17시,수요일,경상북도 포항시 북구 죽도동,경상사고,0,0,1,0,차량단독 - 기타,안전운전불이행,건조,맑음,단일로 - 기타,승합,남,54세,기타불명,,,,
2019092500100488,2019년 9월 25일 17시,수요일,경상북도 포항시 북구 장성동,경상사고,0,0,1,0,차대사람 - 차도통행중,안전운전불이행,건조,맑음,단일로 - 기타,승용,남,71세,상해없음,보행자,여,26세,경상
2019092500100489,2019년 9월 25일 17시,수요일,경상북도 청도군 화양읍,경상사고,0,0,2,0,차대차 - 정면충돌,중앙선침범,건조,맑음,단일로 - 지하차도(도로)내,승용,여,56세,경상,승용,남,44세,경상
2019092500100490,2019년 9월 25일 17시,수요일,경상북도 포항시 남구 대잠동,경상사고,0,0,1,1,차대차 - 측면충돌,불법유턴,건조,맑음,교차로 - 교차로부근,승용,남,48세,상해없음,승용,여,41세,경상
2019092500100491,2019년 9월 25일 17시,수요일,경상북도 포항시 남구 대송면,경상사고,0,0,1,0,차대차 - 측면충돌,중앙선침범,건조,맑음,교차로 - 교차로부근,화물,남,62세,상해없음,원동기,남,49세,경상
2019092500100536,2019년 9월 25일 18시,수요일,경상북도 경주시 동천동,중상사고,0,1,0,0,차대사람 - 횡단중,안전운전불이행,건조,맑음,단일로 - 기타,승용,남,46세,상해없음,보행자,남,8세,중상
2019092500100537,2019년 9월 25일 18시,수요일,경상북도 문경시 모전동,경상사고,0,0,1,0,차대사람 - 횡단중,보행자보호의무위반,건조,맑음,교차로 - 교차로횡단보도내,승용,여,37세,상해없음,보행자,여,64세,경상
2019092500100538,2019년 9월 25일 18시,수요일,경상북도 성주군 선남면,중상사고,0,1,1,0,차대사람 - 횡단중,신호위반,건조,맑음,단일로 - 기타,이륜,남,54세,경상,보행자,여,31세,중상
2019092500100539,2019년 9월 25일 18시,수요일,경상북도 구미시 남통동,중상사고,0,1,1,0,차대차 - 기타,교차로운행방법위반,건조,맑음,교차로 - 교차로안,승용,여,63세,경상,승용,여,51세,중상
2019092500100540,2019년 9월 25일 18시,수요일,경상북도 구미시 인의동,경상사고,0,0,1,0,차대차 - 기타,안전운전불이행,건조,맑음,교차로 - 교차로안,승용,남,65세,상해없음,승용,남,26세,경상
2019092500100541,2019년 9월 25일 18시,수요일,경상북도 구미시 공단동,경상사고,0,0,1,0,차대차 - 측면충돌,안전운전불이행,건조,맑음,교차로 - 교차로안,승용,남,62세,상해없음,승용,남,32세,경상
2019092500100587,2019년 9월 25일 19시,수요일,경상북도 영주시 영주동,경상사고,0,0,1,0,차대차 - 추돌,안전운전불이행,건조,맑음,단일로 - 기타,이륜,남,40세,상해없음,승용,남,28세,경상
2019092500100588,2019년 9월 25일 19시,수요일,경상북도 경산시 삼북동,경상사고,0,0,1,0,차대차 - 측면충돌,안전운전불이행,건조,맑음,단일로 - 지하차도(도로)내,승용,남,29세,상해없음,자전거,남,56세,경상
2019092500100589,2019년 9월 25일 19시,수요일,경상북도 구미시 임수동,경상사고,0,0,2,0,차대차 - 기타,안전운전불이행,건조,맑음,교차로 - 교차로안,승용,여,34세,상해없음,승용,남,27세,경상
2019092500100626,2019년 9월 25일 20시,수요일,경상북도 안동시 정하동,중상사고,0,1,0,0,차대차 - 측면충돌,안전운전불이행,건조,맑음,단일로 - 기타,승용,남,72세,상해없음,자전거,남,34세,중상
2019092500100627,2019년 9월 25일 20시,수요일,경상북도 영주시 영주동,중상사고,0,1,0,0,차대차 - 측면충돌,신호위반,건조,맑음,교차로 - 교차로안,승용,남,75세,상해없음,자전거,여,70세,중상
2019092500100628,2019년 9월 25일 20시,수요일,경상북도 군위군 산성면,경상사고,0,0,1,0,차대차 - 측면충돌,안전운전불이행,건조,맑음,단일로 - 기타,승합,남,61세,상해없음,화물,남,44세,경상
2019092500100663,2019년 9월 25일 21시,수요일,경상북도 포항시 북구 환호동,경상사고,0,0,1,0,차대차 - 추돌,안전운전불이행,건조,맑음,교차로 - 교차로부근,승용,남,59세,상해없음,승용,남,60세,상해없음
2019092500100682,2019년 9월 25일 22시,수요일,경상북도 경산시 진량읍,부상신고사고,0,0,0,1,차대사람 - 기타,안전운전불이행,건조,맑음,단일로 - 기타,기타불명,기타불명,미분류,기타불명,보행자,남,25세,부상신고
2019092600100030,2019년 9월 26일 00시,목요일,경상북도 구미시 진평동,경상사고,0,0,2,0,차대차 - 측면충돌,신호위반,건조,맑음,교차로 - 교차로안,승용,여,34세,상해없음,승용,남,42세,경상
2019092600100040,2019년 9월 26일 01시,목요일,경상북도 포항시 남구 청림동,경상사고,0,0,1,0,차량단독 - 공작물충돌,안전운전불이행,건조,맑음,교차로 - 교차로부근,승용,남,58세,경상,,,,
2019092600100053,2019년 9월 26일 04시,목요일,경상북도 경산시 사동,중상사고,0,1,0,0,차량단독 - 기타,안전운전불이행,건조,맑음,단일로 - 기타,이륜,남,21세,중상,,,,
2019092600100060,2019년 9월 26일 05시,목요일,경상북도 포항시 남구 송내동,중상사고,0,1,2,0,차대차 - 기타,안전운전불이행,건조,맑음,교차로 - 교차로부근,승용,여,64세,중상,승용,남,66세,경상
2019092600100132,2019년 9월 26일 08시,목요일,경상북도 예천군 은풍면,중상사고,0,1,0,0,차대차 - 추돌,중앙선침범,건조,맑음,단일로 - 기타,승용,여,48세,상해없음,승용,여,57세,상해없음
2019092600100197,2019년 9월 26일 10시,목요일,경상북도 경주시 안강읍,중상사고,0,1,2,0,차대차 - 기타,안전운전불이행,건조,맑음,교차로 - 교차로안,화물,남,76세,경상,승용,여,19세,중상
2019092600100198,2019년 9월 26일 10시,목요일,경상북도 경주시 동천동,중상사고,0,1,0,0,차대사람 - 횡단중,보행자보호의무위반,건조,맑음,교차로 - 교차로횡단보도내,승합,남,49세,상해없음,보행자,여,48세,중상
2019092600100199,2019년 9월 26일 10시,목요일,경상북도 의성군 의성읍,중상사고,0,3,0,0,차대차 - 정면충돌,안전운전불이행,건조,맑음,단일로 - 기타,승용,여,65세,중상,승용,여,56세,중상
2019092600100231,2019년 9월 26일 11시,목요일,경상북도 고령군 대가야읍,경상사고,0,0,1,0,차대차 - 측면충돌,직진우회전진행방해,건조,맑음,교차로 - 교차로안,승합,남,43세,상해없음,승용,여,63세,경상
2019092600100269,2019년 9월 26일 12시,목요일,경상북도 경주시 내남면,경상사고,0,0,1,0,차대차 - 추돌,안전거리미확보,건조,맑음,교차로 - 교차로부근,화물,남,55세,상해없음,화물,남,51세,경상
2019092600100270,2019년 9월 26일 12시,목요일,경상북도 상주시 지천동,경상사고,0,0,1,0,차대차 - 측면충돌,안전운전불이행,건조,맑음,교차로 - 교차로안,승합,남,45세,상해없음,화물,남,71세,경상
2019092600100302,2019년 9월 26일 13시,목요일,경상북도 칠곡군 왜관읍,부상신고사고,0,0,0,1,차대차 - 추돌,안전운전불이행,건조,맑음,단일로 - 기타,승용,남,66세,부상신고,화물,남,56세,상해없음
2019092600100329,2019년 9월 26일 14시,목요일,경상북도 경주시 천북면,경상사고,0,0,1,0,차대차 - 측면충돌,안전운전불이행,건조,맑음,교차로 - 교차로부근,승용,여,62세,상해없음,승용,여,53세,경상
2019092600100330,2019년 9월 26일 14시,목요일,경상북도 영천시 조교동,경상사고,0,0,1,0,차대차 - 기타,신호위반,건조,맑음,교차로 - 교차로안,승용,여,63세,상해없음,화물,남,51세,경상
2019092600100365,2019년 9월 26일 15시,목요일,경상북도 포항시 북구 대흥동,경상사고,0,0,1,0,차대차 - 측면충돌,차로위반,건조,맑음,단일로 - 기타,자전거,남,74세,기타불명,이륜,남,26세,경상
2019092600100366,2019년 9월 26일 15시,목요일,경상북도 영주시 하망동,경상사고,0,0,1,0,차대차 - 측면충돌,안전운전불이행,건조,맑음,교차로 - 교차로부근,승용,남,82세,상해없음,승합,남,41세,경상
2019092600100403,2019년 9월 26일 16시,목요일,경상북도 안동시 운흥동,중상사고,0,1,1,0,차대사람 - 기타,안전운전불이행,건조,맑음,기타 - 기타,화물,남,58세,상해없음,보행자,남,63세,중상
2019092600100404,2019년 9월 26일 16시,목요일,경상북도 칠곡군 왜관읍,중상사고,0,2,0,0,차대차 - 정면충돌,중앙선침범,건조,맑음,단일로 - 기타,승용,여,51세,중상,승용,여,68세,중상
2019092600100405,2019년 9월 26일 16시,목요일,경상북도 구미시 송정동,중상사고,0,1,0,0,차대차 - 측면충돌,안전운전불이행,건조,맑음,교차로 - 교차로안,승용,남,72세,상해없음,이륜,남,53세,중상
2019092600100445,2019년 9월 26일 17시,목요일,경상북도 경산시 압량면,경상사고,0,0,1,0,차대차 - 추돌,안전운전불이행,건조,맑음,단일로 - 기타,승용,여,35세,상해없음,승용,여,45세,경상
2019092600100446,2019년 9월 26일 17시,목요일,경상북도 구미시 인의동,부상신고사고,0,0,0,1,차대차 - 기타,안전거리미확보,건조,맑음,교차로 - 교차로부근,이륜,남,32세,부상신고,승용,여,25세,상해없음
2019092600100447,2019년 9월 26일 17시,목요일,경상북도 포항시 남구 상도동,경상사고,0,0,1,0,차대차 - 기타,안전운전불이행,건조,맑음,교차로 - 교차로안,화물,남,69세,상해없음,이륜,남,30세,경상
2019092600100496,2019년 9월 26일 18시,목요일,경상북도 안동시 당북동,중상사고,0,1,0,0,차대차 - 기타,안전운전불이행,건조,맑음,단일로 - 기타,승용,남,40세,상해없음,이륜,남,35세,중상
2019092600100497,2019년 9월 26일 18시,목요일,경상북도 안동시 당북동,경상사고,0,0,1,0,차대차 - 측면충돌,안전운전불이행,건조,맑음,교차로 - 교차로부근,화물,남,64세,상해없음,승용,여,38세,경상
2019092600100498,2019년 9월 26일 18시,목요일,경상북도 구미시 구평동,중상사고,0,1,0,0,차대차 - 기타,신호위반,건조,맑음,교차로 - 교차로안,승용,남,39세,상해없음,승용,여,52세,중상
2019092600100499,2019년 9월 26일 18시,목요일,경상북도 구미시 산동면,경상사고,0,0,3,0,차대차 - 기타,교차로운행방법위반,건조,맑음,교차로 - 교차로안,승용,남,52세,경상,승용,여,44세,경상
2019092600100500,2019년 9월 26일 18시,목요일,경상북도 포항시 남구 대잠동,경상사고,0,0,1,0,차대사람 - 기타,보행자보호의무위반,건조,맑음,교차로 - 교차로횡단보도내,승용,남,35세,상해없음,보행자,여,11세,경상
2019092600100552,2019년 9월 26일 19시,목요일,경상북도 영천시 문내동,중상사고,0,1,0,0,차대사람 - 기타,안전운전불이행,건조,맑음,교차로 - 교차로안,승용,남,52세,상해없음,보행자,여,63세,중상
2019092600100553,2019년 9월 26일 19시,목요일,경상북도 성주군 벽진면,경상사고,0,0,1,0,차량단독 - 전도전복 - 전복,안전운전불이행,건조,맑음,단일로 - 기타,승용,남,59세,경상,,,,
2019092600100554,2019년 9월 26일 19시,목요일,경상북도 포항시 남구 인덕동,경상사고,0,0,2,0,차대차 - 기타,교차로운행방법위반,건조,맑음,교차로 - 교차로안,승용,남,58세,상해없음,승용,여,35세,경상
2019092600100581,2019년 9월 26일 20시,목요일,경상북도 안동시 송현동,경상사고,0,0,1,0,차대차 - 기타,안전운전불이행,건조,맑음,교차로 - 교차로안,승용,남,37세,상해없음,승용,남,40세,경상
2019092600100582,2019년 9월 26일 20시,목요일,경상북도 구미시 남통동,중상사고,0,1,1,0,차대차 - 측면충돌,신호위반,건조,맑음,교차로 - 교차로안,승용,남,21세,상해없음,승용,여,29세,중상
2019092600100583,2019년 9월 26일 20시,목요일,경상북도 구미시 신평동,중상사고,0,1,1,0,차량단독 - 기타,안전운전불이행,건조,맑음,단일로 - 기타,이륜,남,53세,경상,,,,
2019092600100584,2019년 9월 26일 20시,목요일,경상북도 포항시 남구 연일읍,경상사고,0,0,1,0,차대사람 - 차도통행중,안전운전불이행,건조,맑음,단일로 - 기타,이륜,남,52세,상해없음,보행자,남,3세,경상
2019092700100050,2019년 9월 27일 01시,금요일,경상북도 구미시 송정동,중상사고,0,1,0,0,차대차 - 기타,신호위반,건조,맑음,교차로 - 교차로안,승용,남,35세,상해없음,승용,여,28세,중상
2019092700100061,2019년 9월 27일 02시,금요일,경상북도 포항시 북구 죽도동,경상사고,0,0,2,0,차대차 - 추돌,안전운전불이행,건조,맑음,교차로 - 교차로부근,승용,여,33세,상해없음,승용,여,62세,경상
2019092700100065,2019년 9월 27일 03시,금요일,경상북도 경산시 중산동,중상사고,0,1,0,0,차대사람 - 횡단중,안전운전불이행,건조,맑음,단일로 - 기타,승용,남,38세,상해없음,보행자,남,52세,중상
2019092700100084,2019년 9월 27일 05시,금요일,경상북도 상주시 공성면,경상사고,0,0,1,0,차대차 - 측면충돌,교차로운행방법위반,건조,맑음,교차로 - 교차로안,승용,여,20세,상해없음,승용,남,64세,경상
2019092700100085,2019년 9월 27일 05시,금요일,경상북도 영주시 안정면,중상사고,0,1,0,0,차대차 - 기타,안전운전불이행,건조,맑음,단일로 - 기타,승용,여,55세,중상,승용,남,37세,상해없음
2019092700100105,2019년 9월 27일 06시,금요일,경상북도 영천시 완산동,경상사고,0,0,1,0,차대차 - 측면충돌,차로위반,건조,맑음,단일로 - 기타,승용,남,70세,상해없음,승용,남,70세,경상
2019092700100126,2019년 9월 27일 07시,금요일,경상북도 포항시 북구 죽도동,경상사고,0,0,1,0,차대차 - 기타,안전운전불이행,건조,맑음,단일로 - 기타,승용,남,43세,상해없음,승용,여,48세,경상
2019092700100127,2019년 9월 27일 07시,금요일,경상북도 김천시 용두동,경상사고,0,0,1,0,차대차 - 측면충돌,교차로운행방법위반,건조,맑음,교차로 - 교차로안,승용,남,51세,상해없음,승용,여,54세,경상
2019092700100128,2019년 9월 27일 07시,금요일,경상북도 상주시 무양동,경상사고,0,0,3,0,차대차 - 측면충돌,안전거리미확보,건조,맑음,단일로 - 기타,화물,남,41세,상해없음,승용,남,48세,경상
2019092700100129,2019년 9월 27일 07시,금요일,경상북도 경산시 백천동,경상사고,0,0,1,0,차대차 - 측면충돌,안전운전불이행,건조,맑음,단일로 - 기타,승용,여,49세,상해없음,자전거,여,22세,경상
2019092700100169,2019년 9월 27일 08시,금요일,경상북도 상주시 남성동,중상사고,0,1,0,0,차대사람 - 보도통행중,안전운전불이행,건조,맑음,단일로 - 기타,자전거,여,40세,중상,보행자,남,7세,상해없음
2019092700100212,2019년 9월 27일 09시,금요일,경상북도 포항시 북구 장성동,경상사고,0,0,1,0,차대차 - 기타,안전운전불이행,건조,맑음,교차로 - 교차로안,승용,여,45세,상해없음,승용,여,49세,경상
2019092700100213,2019년 9월 27일 09시,금요일,경상북도 칠곡군 가산면,경상사고,0,0,1,0,차대차 - 기타,기타,건조,맑음,단일로 - 기타,건설기계,남,58세,상해없음,승용,남,54세,상해없음
2019092700100214,2019년 9월 27일 09시,금요일,경상북도 청도군 청도읍,사망사고,1,0,0,0,차량단독 - 도로외이탈 - 기타,안전운전불이행,건조,맑음,단일로 - 기타,화물,남,41세,사망,,,,
2019092700100215,2019년 9월 27일 09시,금요일,경상북도 영양군 입암면,부상신고사고,0,0,0,1,차대차 - 측면충돌,직진우회전진행방해,건조,맑음,교차로 - 교차로안,이륜,남,53세,부상신고,화물,남,70세,상해없음
2019092700100249,2019년 9월 27일 10시,금요일,경상북도 안동시 풍천면,경상사고,0,0,1,0,차대차 - 측면충돌,안전운전불이행,건조,맑음,단일로 - 기타,승용,남,57세,상해없음,화물,남,47세,상해없음
2019092700100250,2019년 9월 27일 10시,금요일,경상북도 김천시 아포읍,중상사고,0,2,0,0,차대차 - 측면충돌,교차로운행방법위반,건조,맑음,교차로 - 교차로안,화물,남,66세,상해없음,이륜,남,60세,중상
2019092700100251,2019년 9월 27일 10시,금요일,경상북도 울진군 후포면,중상사고,0,1,0,0,차량단독 - 도로외이탈 - 추락,안전운전불이행,건조,맑음,단일로 - 기타,자전거,남,72세,중상,,,,
2019092700100284,2019년 9월 27일 11시,금요일,경상북도 문경시 농암면,경상사고,0,0,1,0,차대차 - 추돌,안전운전불이행,건조,맑음,교차로 - 교차로안,화물,남,34세,상해없음,승합,남,54세,경상
2019092700100285,2019년 9월 27일 11시,금요일,경상북도 영덕군 영덕읍,경상사고,0,0,1,0,차대차 - 측면충돌,직진우회전진행방해,건조,맑음,교차로 - 교차로안,화물,남,61세,상해없음,승용,여,58세,경상
2019092700100286,2019년 9월 27일 11시,금요일,경상북도 구미시 고아읍,경상사고,0,0,1,0,차대차 - 측면충돌,중앙선침범,건조,맑음,단일로 - 기타,승용,남,38세,상해없음,승용,여,65세,경상
2019092700100322,2019년 9월 27일 12시,금요일,경상북도 경주시 용강동,중상사고,0,1,0,0,차대사람 - 횡단중,신호위반,건조,맑음,교차로 - 교차로횡단보도내,화물,남,50세,상해없음,보행자,여,15세,중상
2019092700100323,2019년 9월 27일 12시,금요일,경상북도 김천시 삼락동,경상사고,0,0,1,0,차대사람 - 보도통행중,안전운전불이행,건조,맑음,교차로 - 교차로부근,승용,남,51세,상해없음,보행자,여,49세,경상
2019092700100324,2019년 9월 27일 12시,금요일,경상북도 김천시 남면,사망사고,1,0,0,0,차량단독 - 공작물충돌,안전운전불이행,건조,맑음,기타 - 기타,농기계,남,78세,사망,,,,
2019092700100354,2019년 9월 27일 13시,금요일,경상북도 안동시 송현동,경상사고,0,0,1,0,차대차 - 측면충돌,안전운전불이행,건조,맑음,교차로 - 교차로안,건설기계,남,60세,상해없음,승용,여,40세,경상
2019092700100355,2019년 9월 27일 13시,금요일,경상북도 김천시 부곡동,중상사고,0,1,0,0,차대사람 - 기타,교차로운행방법위반,건조,맑음,교차로 - 교차로안,승용,여,49세,상해없음,보행자,남,54세,중상
2019092700100356,2019년 9월 27일 13시,금요일,경상북도 상주시 성동동,사망사고,1,0,0,0,차대사람 - 횡단중,보행자보호의무위반,건조,맑음,교차로 - 교차로안,승용,남,60세,상해없음,보행자,남,7세,사망
2019092700100357,2019년 9월 27일 13시,금요일,경상북도 문경시 문경읍,경상사고,0,0,1,0,차대차 - 기타,차로위반,건조,맑음,단일로 - 기타,특수,남,58세,상해없음,승용,남,36세,경상
2019092700100396,2019년 9월 27일 14시,금요일,경상북도 청송군 진보면,경상사고,0,0,1,0,차대차 - 측면충돌,안전운전불이행,건조,맑음,단일로 - 기타,승용,여,53세,상해없음,이륜,여,63세,경상
2019092700100397,2019년 9월 27일 14시,금요일,경상북도 포항시 남구 효자동,경상사고,0,0,1,0,차대사람 - 기타,안전운전불이행,건조,맑음,교차로 - 교차로안,화물,남,29세,상해없음,보행자,여,58세,경상
2019092700100432,2019년 9월 27일 15시,금요일,경상북도 안동시 와룡면,중상사고,0,1,0,0,차대차 - 측면충돌,안전운전불이행,건조,맑음,단일로 - 기타,건설기계,남,57세,상해없음,이륜,남,70세,중상
2019092700100433,2019년 9월 27일 15시,금요일,경상북도 안동시 남후면,중상사고,0,1,0,0,차대차 - 추돌,안전운전불이행,건조,맑음,교차로 - 교차로부근,화물,남,78세,중상,화물,남,60세,상해없음
2019092700100434,2019년 9월 27일 15시,금요일,경상북도 경산시 대동,중상사고,0,1,0,0,차대사람 - 기타,기타,건조,맑음,단일로 - 기타,승합,남,59세,기타불명,보행자,여,80세,중상
2019092700100474,2019년 9월 27일 16시,금요일,경상북도 경주시 서악동,경상사고,0,0,1,0,차대차 - 측면충돌,신호위반,건조,맑음,교차로 - 교차로안,승용,여,42세,상해없음,승용,여,41세,경상
2019092700100475,2019년 9월 27일 16시,금요일,경상북도 상주시 남성동,경상사고,0,0,1,0,차량단독 - 기타,안전운전불이행,건조,맑음,단일로 - 기타,이륜,남,58세,경상,,,,
2019092700100476,2019년 9월 27일 16시,금요일,경상북도 경산시 진량읍,경상사고,0,0,1,0,차대차 - 측면충돌,안전운전불이행,건조,맑음,단일로 - 기타,자전거,남,10세,경상,승용,남,63세,상해없음
2019092700100515,2019년 9월 27일 17시,금요일,경상북도 안동시 남선면,사망사고,1,0,0,0,차량단독 - 기타,안전운전불이행,건조,맑음,단일로 - 기타,이륜,남,80세,사망,,,,
2019092700100516,2019년 9월 27일 17시,금요일,경상북도 칠곡군 왜관읍,경상사고,0,0,2,0,차대차 - 측면충돌,교차로운행방법위반,건조,맑음,교차로 - 교차로부근,승합,남,61세,상해없음,승용,남,60세,경상
2019092700100517,2019년 9월 27일 17시,금요일,경상북도 경산시 정평동,경상사고,0,0,1,0,차대차 - 측면충돌,안전운전불이행,건조,맑음,단일로 - 기타,승용,남,66세,상해없음,자전거,남,25세,경상
2019092700100518,2019년 9월 27일 17시,금요일,경상북도 봉화군 봉화읍,중상사고,0,1,1,0,차대차 - 측면충돌,직진우회전진행방해,건조,맑음,교차로 - 교차로안,화물,남,71세,상해없음,승용,남,71세,경상
2019092700100519,2019년 9월 27일 17시,금요일,경상북도 포항시 남구 오천읍,경상사고,0,0,1,0,차대차 - 측면충돌,안전운전불이행,건조,맑음,단일로 - 기타,승용,남,28세,상해없음,화물,남,59세,경상
2019092700100577,2019년 9월 27일 18시,금요일,경상북도 포항시 북구 흥해읍,경상사고,0,0,2,1,차대차 - 추돌,안전운전불이행,건조,맑음,단일로 - 기타,승용,남,45세,상해없음,승용,여,27세,경상
2019092700100578,2019년 9월 27일 18시,금요일,경상북도 영주시 단산면,경상사고,0,0,1,0,차대차 - 기타,안전운전불이행,건조,맑음,단일로 - 기타,승용,남,53세,상해없음,화물,남,40세,경상
2019092700100622,2019년 9월 27일 19시,금요일,경상북도 경주시 황성동,경상사고,0,0,1,0,차대차 - 측면충돌,안전운전불이행,건조,맑음,교차로 - 교차로횡단보도내,승용,여,58세,상해없음,자전거,남,50세,경상
2019092700100623,2019년 9월 27일 19시,금요일,경상북도 경산시 대평동,경상사고,0,0,1,0,차대차 - 측면충돌,신호위반,건조,맑음,교차로 - 교차로안,승용,남,20세,상해없음,승용,여,40세,경상
2019092700100734,2019년 9월 27일 22시,금요일,경상북도 칠곡군 왜관읍,중상사고,0,1,0,0,차대차 - 측면충돌,안전운전불이행,건조,맑음,단일로 - 기타,화물,남,38세,상해없음,승용,남,31세,중상
2019092700100735,2019년 9월 27일 22시,금요일,경상북도 영천시 망정동,경상사고,0,0,1,0,차량단독 - 공작물충돌,안전운전불이행,젖음/습기,비,단일로 - 기타,승용,여,42세,경상,,,,
2019092800100050,2019년 9월 28일 00시,토요일,경상북도 구미시 상모동,경상사고,0,0,1,0,차대사람 - 기타,안전운전불이행,건조,맑음,교차로 - 교차로부근,승용,남,45세,상해없음,보행자,남,45세,경상
2019092800100070,2019년 9월 28일 01시,토요일,경상북도 상주시 연원동,사망사고,1,0,0,0,차량단독 - 공작물충돌,안전운전불이행,건조,맑음,교차로 - 교차로부근,화물,남,54세,사망,,,,
2019092800100071,2019년 9월 28일 01시,토요일,경상북도 경산시 사동,중상사고,0,1,0,0,차대사람 - 보도통행중,보행자보호의무위반,건조,맑음,교차로 - 교차로횡단보도내,승용,여,53세,상해없음,보행자,여,51세,중상
2019092800100106,2019년 9월 28일 03시,토요일,경상북도 구미시 송정동,경상사고,0,0,1,0,차량단독 - 공작물충돌,안전운전불이행,건조,맑음,교차로 - 교차로부근,개인형이동수단(PM),남,42세,경상,,,,
2019092800100113,2019년 9월 28일 04시,토요일,경상북도 포항시 북구 흥해읍,경상사고,0,0,2,0,차대차 - 추돌,안전운전불이행,젖음/습기,비,교차로 - 교차로부근,승용,여,51세,상해없음,승용,남,59세,경상
2019092800100134,2019년 9월 28일 06시,토요일,경상북도 칠곡군 석적읍,부상신고사고,0,0,0,1,차량단독 - 기타,안전운전불이행,건조,맑음,단일로 - 기타,승용,남,30세,부상신고,,,,
2019092800100152,2019년 9월 28일 07시,토요일,경상북도 상주시 내서면,경상사고,0,0,2,0,차대차 - 추돌,안전운전불이행,건조,맑음,단일로 - 기타,승용,여,54세,경상,화물,남,54세,경상
2019092800100153,2019년 9월 28일 07시,토요일,경상북도 영천시 금호읍,경상사고,0,0,1,0,차량단독 - 공작물충돌,안전운전불이행,젖음/습기,흐림,교차로 - 교차로부근,승용,남,52세,경상,,,,
2019092800100154,2019년 9월 28일 07시,토요일,경상북도 구미시 지산동,경상사고,0,0,1,0,차량단독 - 도로외이탈 - 기타,기타,건조,맑음,교차로 - 교차로부근,자전거,남,22세,경상,,,,
2019092800100171,2019년 9월 28일 08시,토요일,경상북도 영천시 언하동,경상사고,0,0,1,0,차량단독 - 공작물충돌,안전운전불이행,건조,맑음,단일로 - 기타,승용,남,61세,경상,,,,
2019092800100172,2019년 9월 28일 08시,토요일,경상북도 구미시 산동면,중상사고,0,1,2,0,차대차 - 기타,차로위반,건조,흐림,단일로 - 기타,승용,남,25세,상해없음,승용,여,33세,중상
2019092800100204,2019년 9월 28일 09시,토요일,경상북도 상주시 함창읍,경상사고,0,0,1,0,차량단독 - 도로외이탈 - 기타,안전운전불이행,건조,맑음,단일로 - 기타,농기계,남,80세,경상,,,,
2019092800100241,2019년 9월 28일 10시,토요일,경상북도 경주시 강동면,중상사고,0,1,0,1,차대차 - 측면충돌,안전거리미확보,건조,맑음,교차로 - 교차로부근,승용,여,49세,부상신고,화물,남,30세,중상
2019092800100242,2019년 9월 28일 10시,토요일,경상북도 군위군 군위읍,중상사고,0,1,1,0,차대사람 - 기타,안전운전불이행,건조,맑음,단일로 - 기타,승용,남,65세,중상,보행자,남,45세,경상
2019092800100279,2019년 9월 28일 11시,토요일,경상북도 영천시 도동,경상사고,0,0,2,0,차대차 - 기타,신호위반,건조,맑음,교차로 - 교차로안,승용,남,57세,경상,화물,남,72세,경상
2019092800100317,2019년 9월 28일 12시,토요일,경상북도 포항시 북구 죽도동,중상사고,0,1,0,0,차대사람 - 기타,안전운전불이행,건조,맑음,단일로 - 기타,승용,여,33세,상해없음,보행자,남,85세,중상
2019092800100318,2019년 9월 28일 12시,토요일,경상북도 포항시 북구 장성동,경상사고,0,0,1,0,차대차 - 측면충돌,안전운전불이행,건조,맑음,단일로 - 기타,승용,여,38세,상해없음,화물,남,62세,경상
2019092800100319,2019년 9월 28일 12시,토요일,경상북도 영주시 영주동,중상사고,0,1,0,0,차대사람 - 기타,안전운전불이행,건조,맑음,기타 - 기타,승용,여,52세,상해없음,보행자,남,39세,중상
2019092800100320,2019년 9월 28일 12시,토요일,경상북도 구미시 인의동,경상사고,0,0,1,0,차대사람 - 횡단중,보행자보호의무위반,건조,맑음,교차로 - 교차로안,승용,남,51세,상해없음,보행자,여,24세,경상