사고번호,사고일시,요일,시군구,사고내용,사망자수,중상자수,경상자수,부상신고자수,사고유형,법규위반,노면상태,기상상태,도로형태,가해운전자 차종,가해운전자 성별,가해운전자 연령,가해운전자 상해정도,피해운전자 차종,피해운전자 성별,피해운전자 연령,피해운전자 상해정도
2019100100100151,2019년 10월 1일 08시,화요일,경상북도 칠곡군 약목면,중상사고,0,1,0,0,차대차 - 측면충돌,신호위반,건조,맑음,교차로 - 교차로안,화물,남,54세,상해없음,승용,여,51세,중상
2019100100100186,2019년 10월 1일 09시,화요일,경상북도 구미시 거의동,경상사고,0,0,1,0,차대차 - 기타,안전운전불이행,건조,맑음,단일로 - 기타,승용,남,29세,상해없음,승용,여,52세,경상
2019100100100223,2019년 10월 1일 10시,화요일,경상북도 안동시 정하동,중상사고,0,3,1,0,차대차 - 측면충돌,안전운전불이행,건조,맑음,교차로 - 교차로부근,승용,남,63세,중상,화물,남,59세,상해없음
2019100100100224,2019년 10월 1일 10시,화요일,경상북도 의성군 구천면,중상사고,0,1,0,0,차량단독 - 기타,안전운전불이행,건조,맑음,단일로 - 기타,이륜,남,85세,중상,,,,
2019100100100225,2019년 10월 1일 10시,화요일,경상북도 칠곡군 왜관읍,중상사고,0,1,1,0,차대차 - 측면충돌,과속,건조,맑음,단일로 - 기타,승용,여,33세,중상,승용,남,55세,경상
2019100100100226,2019년 10월 1일 10시,화요일,경상북도 칠곡군 왜관읍,부상신고사고,0,0,0,1,차대차 - 측면충돌,안전운전불이행,건조,맑음,교차로 - 교차로안,승용,남,77세,상해없음,승용,여,33세,부상신고
2019100100100264,2019년 10월 1일 11시,화요일,경상북도 경주시 외동읍,중상사고,0,1,0,0,차대차 - 측면충돌,안전운전불이행,건조,맑음,교차로 - 교차로안,승용,여,63세,상해없음,승용,남,48세,중상
2019100100100291,2019년 10월 1일 12시,화요일,경상북도 영주시 부석면,부상신고사고,0,0,0,1,차량단독 - 기타,안전운전불이행,건조,맑음,단일로 - 기타,이륜,남,29세,부상신고,,,,
2019100100100292,2019년 10월 1일 12시,화요일,경상북도 칠곡군 북삼읍,중상사고,0,1,1,0,차대차 - 측면충돌,신호위반,건조,맑음,교차로 - 교차로안,이륜,남,84세,중상,승용,여,22세,경상
2019100100100312,2019년 10월 1일 13시,화요일,경상북도 경산시 조영동,경상사고,0,0,2,0,차대차 - 정면충돌,안전운전불이행,건조,맑음,단일로 - 지하차도(도로)내,이륜,남,51세,경상,승용,남,25세,경상
2019100100100313,2019년 10월 1일 13시,화요일,경상북도 구미시 옥계동,경상사고,0,0,2,0,차대차 - 추돌,안전거리미확보,젖음/습기,비,교차로 - 교차로부근,이륜,여,37세,경상,승용,여,44세,경상
2019100100100429,2019년 10월 1일 16시,화요일,경상북도 상주시 냉림동,경상사고,0,0,1,0,차대차 - 측면충돌,안전운전불이행,건조,맑음,교차로 - 교차로부근,자전거,남,69세,경상,승용,남,35세,상해없음
2019100100100475,2019년 10월 1일 17시,화요일,경상북도 김천시 신음동,경상사고,0,0,2,0,차대차 - 측면충돌,안전운전불이행,건조,맑음,단일로 - 기타,승용,남,32세,상해없음,승용,여,39세,경상
2019100100100476,2019년 10월 1일 17시,화요일,경상북도 칠곡군 왜관읍,부상신고사고,0,0,0,1,차대차 - 추돌,안전운전불이행,건조,맑음,단일로 - 기타,화물,남,50세,상해없음,승용,여,57세,부상신고
2019100100100477,2019년 10월 1일 17시,화요일,경상북도 문경시 점촌동,경상사고,0,0,1,0,차대차 - 측면충돌,안전운전불이행,건조,맑음,교차로 - 교차로안,이륜,남,78세,경상,승용,남,33세,상해없음
2019100100100478,2019년 10월 1일 17시,화요일,경상북도 경산시 정평동,경상사고,0,0,1,0,차대차 - 측면충돌,안전운전불이행,건조,맑음,단일로 - 기타,승용,여,70세,상해없음,승용,남,26세,경상
2019100100100479,2019년 10월 1일 17시,화요일,경상북도 구미시 봉곡동,중상사고,0,1,0,0,차대사람 - 횡단중,안전운전불이행,건조,맑음,교차로 - 교차로안,승용,여,32세,상해없음,보행자,여,8세,중상
2019100100100480,2019년 10월 1일 17시,화요일,경상북도 구미시 형곡동,부상신고사고,0,0,0,1,차량단독 - 공작물충돌,안전운전불이행,건조,맑음,단일로 - 기타,화물,남,64세,부상신고,,,,
2019100100100533,2019년 10월 1일 18시,화요일,경상북도 경주시 신평동,경상사고,0,0,2,1,차대차 - 추돌,안전운전불이행,건조,맑음,단일로 - 기타,승용,남,71세,부상신고,승용,남,66세,경상
2019100100100534,2019년 10월 1일 18시,화요일,경상북도 안동시 용상동,경상사고,0,0,2,0,차대차 - 추돌,안전거리미확보,건조,맑음,단일로 - 기타,승용,여,56세,상해없음,승용,여,43세,경상
2019100100100535,2019년 10월 1일 18시,화요일,경상북도 의성군 의성읍,경상사고,0,0,1,0,차대차 - 측면충돌,안전운전불이행,건조,흐림,기타 - 기타,승용,남,71세,상해없음,승용,여,46세,경상
2019100100100536,2019년 10월 1일 18시,화요일,경상북도 영천시 완산동,경상사고,0,0,1,0,차대사람 - 기타,안전운전불이행,건조,맑음,교차로 - 교차로부근,화물,남,61세,상해없음,보행자,남,42세,경상
2019100100100587,2019년 10월 1일 19시,화요일,경상북도 경주시 현곡면,경상사고,0,0,1,0,차대차 - 측면충돌,안전운전불이행,건조,맑음,교차로 - 교차로안,승용,남,49세,상해없음,승용,여,28세,경상
2019100100100588,2019년 10월 1일 19시,화요일,경상북도 김천시 부곡동,중상사고,0,1,0,0,차대차 - 측면충돌,신호위반,건조,맑음,교차로 - 교차로안,화물,남,48세,상해없음,이륜,남,25세,중상
2019100100100589,2019년 10월 1일 19시,화요일,경상북도 영천시 화산면,경상사고,0,0,2,0,차대차 - 추돌,안전운전불이행,건조,맑음,단일로 - 기타,승용,남,65세,경상,건설기계,남,39세,경상
2019100100100635,2019년 10월 1일 20시,화요일,경상북도 경주시 안강읍,중상사고,0,1,0,0,차대사람 - 길가장자리구역통행중,안전운전불이행,건조,맑음,단일로 - 기타,승용,여,61세,상해없음,보행자,남,62세,중상
2019100100100636,2019년 10월 1일 20시,화요일,경상북도 상주시 서성동,경상사고,0,0,1,0,차대사람 - 횡단중,보행자보호의무위반,건조,맑음,교차로 - 교차로안,이륜,남,39세,상해없음,보행자,여,16세,경상
2019100100100637,2019년 10월 1일 20시,화요일,경상북도 영천시 금호읍,중상사고,0,1,0,0,차대차 - 추돌,안전운전불이행,건조,흐림,교차로 - 교차로부근,승용,남,53세,상해없음,승용,남,42세,중상
2019100100100661,2019년 10월 1일 21시,화요일,경상북도 포항시 북구 장성동,중상사고,0,1,0,0,차대사람 - 차도통행중,과속,건조,맑음,단일로 - 기타,화물,남,58세,상해없음,보행자,남,68세,중상
2019100100100693,2019년 10월 1일 22시,화요일,경상북도 경산시 조영동,경상사고,0,0,1,0,차대사람 - 기타,안전운전불이행,건조,맑음,단일로 - 기타,승용,여,23세,기타불명,보행자,남,20세,경상
2019100200100046,2019년 10월 2일 01시,수요일,경상북도 경주시 황성동,중상사고,0,1,0,0,차대차 - 측면충돌,직진우회전진행방해,젖음/습기,비,교차로 - 교차로안,화물,남,62세,상해없음,승용,남,50세,중상
2019100200100055,2019년 10월 2일 02시,수요일,경상북도 안동시 옥동,경상사고,0,0,1,0,차대사람 - 기타,안전운전불이행,건조,맑음,단일로 - 기타,승용,남,23세,상해없음,보행자,남,30세,경상
2019100200100080,2019년 10월 2일 05시,수요일,경상북도 경주시 황오동,중상사고,0,1,0,0,차대차 - 추돌,안전운전불이행,젖음/습기,비,단일로 - 지하차도(도로)내,화물,남,31세,상해없음,자전거,남,63세,중상
2019100200100094,2019년 10월 2일 06시,수요일,경상북도 영천시 창구동,경상사고,0,0,2,0,차대차 - 기타,안전운전불이행,젖음/습기,비,교차로 - 교차로부근,승용,남,79세,경상,승용,여,50세,경상
2019100200100113,2019년 10월 2일 07시,수요일,경상북도 포항시 북구 흥해읍,경상사고,0,0,1,0,차대차 - 추돌,안전거리미확보,건조,맑음,단일로 - 기타,화물,남,43세,상해없음,승용,여,50세,경상
2019100200100199,2019년 10월 2일 09시,수요일,경상북도 경주시 현곡면,중상사고,0,1,0,0,차량단독 - 공작물충돌,안전운전불이행,젖음/습기,비,단일로 - 기타,승용,남,68세,중상,,,,
2019100200100200,2019년 10월 2일 09시,수요일,경상북도 포항시 북구 장성동,경상사고,0,0,1,0,차대차 - 추돌,차로위반,젖음/습기,비,단일로 - 기타,승용,여,40세,상해없음,승합,남,59세,경상
2019100200100201,2019년 10월 2일 09시,수요일,경상북도 경산시 하양읍,경상사고,0,0,1,0,차대차 - 측면충돌,안전거리미확보,젖음/습기,비,단일로 - 기타,승용,남,63세,기타불명,승용,여,45세,경상
2019100200100202,2019년 10월 2일 09시,수요일,경상북도 청도군 풍각면,경상사고,0,0,2,0,차대차 - 추돌,안전운전불이행,젖음/습기,비,교차로 - 교차로안,건설기계,남,38세,상해없음,승용,남,72세,경상
2019100200100233,2019년 10월 2일 10시,수요일,경상북도 문경시 산양면,경상사고,0,0,1,0,차량단독 - 도로외이탈 - 기타,안전운전불이행,젖음/습기,비,교차로 - 교차로안,승용,남,30세,경상,,,,
2019100200100234,2019년 10월 2일 10시,수요일,경상북도 포항시 남구 동촌동,경상사고,0,0,1,0,차대차 - 기타,안전운전불이행,젖음/습기,비,단일로 - 기타,화물,남,48세,상해없음,승용,여,57세,경상
2019100200100270,2019년 10월 2일 11시,수요일,경상북도 포항시 북구 죽도동,중상사고,0,1,0,0,차량단독 - 공작물충돌,안전운전불이행,젖음/습기,비,단일로 - 기타,승용,남,58세,중상,,,,
2019100200100271,2019년 10월 2일 11시,수요일,경상북도 칠곡군 석적읍,경상사고,0,0,1,0,차대차 - 추돌,안전운전불이행,젖음/습기,비,단일로 - 기타,승용,남,21세,상해없음,화물,남,56세,경상
2019100200100306,2019년 10월 2일 12시,수요일,경상북도 김천시 신음동,중상사고,0,1,0,0,차대사람 - 기타,안전운전불이행,젖음/습기,비,기타 - 기타,승용,남,44세,상해없음,보행자,여,27세,중상
2019100200100307,2019년 10월 2일 12시,수요일,경상북도 의성군 다인면,중상사고,0,3,0,0,차대차 - 측면충돌,안전운전불이행,건조,맑음,단일로 - 기타,화물,남,49세,상해없음,화물,남,61세,중상
2019100200100308,2019년 10월 2일 12시,수요일,경상북도 포항시 남구 동해면,중상사고,0,1,2,0,차대차 - 측면충돌,차로위반,젖음/습기,비,단일로 - 기타,승용,여,54세,경상,승용,남,78세,경상
2019100200100309,2019년 10월 2일 12시,수요일,경상북도 포항시 남구 이동,경상사고,0,0,1,0,차대차 - 측면충돌,안전운전불이행,젖음/습기,비,단일로 - 기타,화물,남,63세,상해없음,승용,여,48세,경상
2019100200100341,2019년 10월 2일 13시,수요일,경상북도 군위군 군위읍,중상사고,0,1,0,0,차대사람 - 횡단중,보행자보호의무위반,건조,맑음,단일로 - 기타,승용,여,66세,상해없음,보행자,남,13세,중상
2019100200100342,2019년 10월 2일 13시,수요일,경상북도 포항시 남구 대잠동,경상사고,0,0,1,0,차대차 - 측면충돌,안전거리미확보,젖음/습기,비,단일로 - 기타,승용,여,38세,상해없음,승용,여,54세,경상
2019100200100343,2019년 10월 2일 13시,수요일,경상북도 청도군 청도읍,부상신고사고,0,0,0,1,차량단독 - 기타,안전운전불이행,젖음/습기,비,단일로 - 교량,승용,남,29세,부상신고,,,,
2019100200100382,2019년 10월 2일 14시,수요일,경상북도 경주시 신평동,중상사고,0,2,2,0,차대차 - 측면충돌,신호위반,젖음/습기,비,교차로 - 교차로안,승용,남,39세,중상,승용,남,34세,경상
2019100200100383,2019년 10월 2일 14시,수요일,경상북도 경주시 성건동,중상사고,0,1,0,0,차대사람 - 보도통행중,기타,젖음/습기,비,교차로 - 교차로부근,화물,여,71세,상해없음,보행자,남,55세,중상
2019100200100384,2019년 10월 2일 14시,수요일,경상북도 포항시 북구 장성동,경상사고,0,0,1,0,차대차 - 측면충돌,교차로운행방법위반,침수,비,교차로 - 교차로안,승용,여,39세,상해없음,승합,남,50세,경상
2019100200100385,2019년 10월 2일 14시,수요일,경상북도 안동시 송현동,경상사고,0,0,1,0,차대차 - 후진중충돌,안전운전불이행,젖음/습기,비,단일로 - 기타,승용,여,52세,상해없음,승용,여,52세,경상
2019100200100435,2019년 10월 2일 15시,수요일,경상북도 경주시 천북면,경상사고,0,0,1,0,차대차 - 추돌,안전운전불이행,젖음/습기,비,단일로 - 기타,화물,남,56세,상해없음,화물,남,77세,경상
2019100200100473,2019년 10월 2일 16시,수요일,경상북도 영천시 완산동,중상사고,0,1,0,0,차대차 - 측면충돌,안전운전불이행,젖음/습기,비,단일로 - 기타,승용,여,67세,상해없음,승용,여,55세,중상
2019100200100474,2019년 10월 2일 16시,수요일,경상북도 청도군 청도읍,경상사고,0,0,2,0,차대차 - 측면충돌,교차로운행방법위반,건조,맑음,교차로 - 교차로안,승용,여,43세,경상,승용,여,59세,경상
2019100200100518,2019년 10월 2일 17시,수요일,경상북도 김천시 봉산면,경상사고,0,0,1,0,차대차 - 측면충돌,안전운전불이행,젖음/습기,비,단일로 - 기타,승용,남,62세,상해없음,승용,남,43세,경상
2019100200100601,2019년 10월 2일 18시,수요일,경상북도 상주시 중동면,경상사고,0,0,1,0,차대차 - 측면충돌,교차로운행방법위반,젖음/습기,비,교차로 - 교차로안,화물,남,58세,경상,승합,남,57세,상해없음
2019100200100602,2019년 10월 2일 18시,수요일,경상북도 포항시 남구 오천읍,중상사고,0,1,1,0,차대차 - 기타,안전거리미확보,젖음/습기,비,단일로 - 기타,승용,남,54세,상해없음,승용,남,28세,중상
2019100200100686,2019년 10월 2일 19시,수요일,경상북도 포항시 북구 양덕동,경상사고,0,0,2,0,차대차 - 기타,안전운전불이행,건조,맑음,단일로 - 기타,승용,여,44세,경상,승용,남,38세,경상
2019100200100687,2019년 10월 2일 19시,수요일,경상북도 영천시 오수동,경상사고,0,0,1,0,차대차 - 정면충돌,안전운전불이행,젖음/습기,맑음,주차장 - 주차장,승용,남,51세,상해없음,승용,남,60세,경상
2019100200100688,2019년 10월 2일 19시,수요일,경상북도 경산시 진량읍,경상사고,0,0,1,0,차대차 - 기타,중앙선침범,젖음/습기,비,단일로 - 기타,승용,남,49세,상해없음,승용,남,57세,경상
2019100200100689,2019년 10월 2일 19시,수요일,경상북도 구미시 사곡동,부상신고사고,0,0,0,1,차대차 - 측면충돌,신호위반,젖음/습기,비,교차로 - 교차로안,이륜,남,51세,부상신고,승용,여,69세,상해없음
2019100200100768,2019년 10월 2일 20시,수요일,경상북도 포항시 북구 장성동,경상사고,0,0,1,0,차대차 - 기타,안전운전불이행,젖음/습기,맑음,단일로 - 기타,화물,남,59세,기타불명,승용,남,60세,경상
2019100200100769,2019년 10월 2일 20시,수요일,경상북도 영덕군 강구면,경상사고,0,0,1,0,차대차 - 추돌,안전운전불이행,젖음/습기,비,교차로 - 교차로안,화물,남,44세,상해없음,승용,남,57세,경상
2019100200100770,2019년 10월 2일 20시,수요일,경상북도 성주군 성주읍,중상사고,0,1,0,0,차대사람 - 횡단중,안전운전불이행,젖음/습기,비,단일로 - 기타,화물,남,60세,상해없음,보행자,남,62세,중상
2019100200100819,2019년 10월 2일 21시,수요일,경상북도 상주시 외서면,중상사고,0,1,1,0,차대차 - 정면충돌,안전운전불이행,젖음/습기,비,단일로 - 기타,승용,여,53세,경상,승합,남,36세,중상
2019100200100820,2019년 10월 2일 21시,수요일,경상북도 구미시 봉곡동,경상사고,0,0,2,0,차대차 - 기타,신호위반,젖음/습기,비,교차로 - 교차로안,승용,여,51세,상해없음,승용,남,54세,경상
2019100200100875,2019년 10월 2일 22시,수요일,경상북도 포항시 남구 해도동,경상사고,0,0,3,0,차대차 - 기타,직진우회전진행방해,젖음/습기,비,교차로 - 교차로안,승용,남,27세,경상,승용,남,50세,상해없음
2019100200100876,2019년 10월 2일 22시,수요일,경상북도 군위군 군위읍,중상사고,0,3,0,0,차대차 - 정면충돌,안전운전불이행,젖음/습기,비,단일로 - 기타,화물,남,39세,중상,승용,남,49세,상해없음
2019100200100922,2019년 10월 2일 23시,수요일,경상북도 포항시 북구 죽도동,경상사고,0,0,1,0,차대차 - 추돌,안전거리미확보,젖음/습기,비,단일로 - 기타,화물,남,28세,상해없음,승용,남,55세,경상
2019100200100923,2019년 10월 2일 23시,수요일,경상북도 문경시 점촌동,경상사고,0,0,1,0,차대차 - 기타,안전운전불이행,젖음/습기,비,단일로 - 기타,승용,남,44세,경상,승용,남,37세,상해없음
2019100200100924,2019년 10월 2일 23시,수요일,경상북도 포항시 남구 오천읍,경상사고,0,0,1,0,차대차 - 측면충돌,안전운전불이행,침수,비,단일로 - 기타,승용,남,29세,상해없음,승용,남,54세,상해없음
2019100300100045,2019년 10월 3일 00시,목요일,경상북도 포항시 북구 창포동,중상사고,0,1,0,0,차대사람 - 횡단중,안전운전불이행,젖음/습기,비,단일로 - 기타,화물,남,29세,상해없음,보행자,남,64세,중상
2019100300100046,2019년 10월 3일 00시,목요일,경상북도 안동시 삼산동,경상사고,0,0,1,0,차대차 - 측면충돌,교차로운행방법위반,젖음/습기,비,교차로 - 교차로안,승용,남,58세,상해없음,승용,남,31세,경상
2019100300100047,2019년 10월 3일 00시,목요일,경상북도 경산시 하양읍,중상사고,0,1,0,0,차대사람 - 차도통행중,안전운전불이행,젖음/습기,비,단일로 - 기타,이륜,남,41세,상해없음,보행자,남,28세,중상
2019100300100048,2019년 10월 3일 00시,목요일,경상북도 포항시 남구 대도동,중상사고,0,1,0,0,차대사람 - 기타,안전운전불이행,젖음/습기,비,교차로 - 교차로안,승용,남,31세,상해없음,보행자,남,55세,중상
2019100300100049,2019년 10월 3일 00시,목요일,경상북도 포항시 남구 동해면,경상사고,0,0,1,0,차량단독 - 공작물충돌,안전운전불이행,젖음/습기,비,단일로 - 기타,승용,남,38세,경상,,,,
2019100300100112,2019년 10월 3일 02시,목요일,경상북도 포항시 북구 장성동,경상사고,0,0,1,0,차대차 - 기타,안전운전불이행,침수,비,교차로 - 교차로안,승용,남,47세,상해없음,승용,남,57세,경상
2019100300100113,2019년 10월 3일 02시,목요일,경상북도 포항시 북구 두호동,경상사고,0,0,1,0,차대차 - 기타,안전운전불이행,젖음/습기,맑음,단일로 - 기타,승용,여,38세,상해없음,승용,남,49세,경상
2019100300100114,2019년 10월 3일 02시,목요일,경상북도 김천시 용두동,경상사고,0,0,1,0,차량단독 - 공작물충돌,안전운전불이행,적설,비,교차로 - 교차로부근,승용,남,26세,경상,,,,
2019100300100115,2019년 10월 3일 02시,목요일,경상북도 구미시 진평동,경상사고,0,0,2,0,차대사람 - 횡단중,보행자보호의무위반,젖음/습기,비,교차로 - 교차로안,승용,여,24세,상해없음,보행자,남,29세,경상
2019100300100161,2019년 10월 3일 05시,목요일,경상북도 경주시 북군동,경상사고,0,0,1,0,차량단독 - 기타,안전운전불이행,젖음/습기,비,단일로 - 기타,이륜,남,43세,경상,,,,
2019100300100162,2019년 10월 3일 05시,목요일,경상북도 경산시 계양동,경상사고,0,0,1,0,차대차 - 측면충돌,중앙선침범,젖음/습기,비,단일로 - 기타,화물,남,52세,상해없음,화물,남,35세,경상
2019100300100163,2019년 10월 3일 05시,목요일,경상북도 성주군 가천면,경상사고,0,0,1,0,차량단독 - 기타,안전운전불이행,젖음/습기,비,단일로 - 기타,이륜,남,59세,경상,,,,
2019100300100188,2019년 10월 3일 07시,목요일,경상북도 포항시 남구 오천읍,경상사고,0,0,2,0,차대차 - 측면충돌,교차로운행방법위반,젖음/습기,흐림,교차로 - 교차로안,승용,남,62세,경상,승용,여,50세,경상
2019100300100204,2019년 10월 3일 08시,목요일,경상북도 경주시 성건동,부상신고사고,0,0,0,1,차대차 - 측면충돌,안전운전불이행,건조,맑음,교차로 - 교차로안,이륜,여,42세,부상신고,승용,남,30세,상해없음
2019100300100205,2019년 10월 3일 08시,목요일,경상북도 영천시 금호읍,중상사고,0,1,0,0,차대사람 - 횡단중,과속,젖음/습기,흐림,단일로 - 기타,승용,남,58세,상해없음,보행자,여,74세,중상
2019100300100228,2019년 10월 3일 09시,목요일,경상북도 안동시 용상동,경상사고,0,0,1,0,차대사람 - 횡단중,안전운전불이행,건조,맑음,단일로 - 기타,승용,남,59세,상해없음,보행자,여,78세,경상
2019100300100290,2019년 10월 3일 12시,목요일,경상북도 영주시 가흥동,경상사고,0,0,1,0,차대차 - 측면충돌,안전운전불이행,건조,맑음,교차로 - 교차로안,승용,여,69세,기타불명,승용,여,64세,경상
2019100300100312,2019년 10월 3일 13시,목요일,경상북도 경주시 용강동,경상사고,0,0,1,0,차대사람 - 횡단중,안전운전불이행,건조,맑음,교차로 - 교차로부근,승용,여,51세,상해없음,보행자,여,52세,경상
2019100300100313,2019년 10월 3일 13시,목요일,경상북도 영주시 가흥동,중상사고,0,1,0,0,차대차 - 측면충돌,중앙선침범,건조,맑음,교차로 - 교차로횡단보도내,승용,남,58세,상해없음,승용,여,31세,중상
2019100300100314,2019년 10월 3일 13시,목요일,경상북도 포항시 남구 오천읍,경상사고,0,0,1,0,차대사람 - 차도통행중,안전운전불이행,건조,맑음,교차로 - 교차로안,기타불명,기타불명,미분류,기타불명,보행자,여,73세,경상
2019100300100350,2019년 10월 3일 14시,목요일,경상북도 영덕군 강구면,경상사고,0,0,1,0,차대차 - 측면충돌,신호위반,건조,맑음,교차로 - 교차로안,이륜,남,67세,상해없음,승용,여,53세,경상
2019100300100389,2019년 10월 3일 15시,목요일,경상북도 안동시 남후면,중상사고,0,1,0,0,차량단독 - 공작물충돌,안전운전불이행,건조,맑음,단일로 - 기타,화물,남,55세,중상,,,,
2019100300100390,2019년 10월 3일 15시,목요일,경상북도 김천시 남산동,중상사고,0,1,0,0,차대사람 - 차도통행중,안전운전불이행,건조,맑음,기타 - 기타,화물,남,72세,상해없음,보행자,남,62세,중상
2019100300100391,2019년 10월 3일 15시,목요일,경상북도 칠곡군 석적읍,부상신고사고,0,0,0,1,차대차 - 측면충돌,교차로운행방법위반,건조,맑음,교차로 - 교차로안,승용,여,39세,상해없음,이륜,남,42세,부상신고
2019100300100392,2019년 10월 3일 15시,목요일,경상북도 경산시 대동,경상사고,0,0,1,0,차대사람 - 기타,안전운전불이행,건조,맑음,교차로 - 교차로부근,승용,남,64세,상해없음,보행자,남,26세,경상
2019100300100423,2019년 10월 3일 16시,목요일,경상북도 경주시 성건동,경상사고,0,0,1,0,차대차 - 측면충돌,안전운전불이행,건조,맑음,교차로 - 교차로부근,원동기,남,80세,경상,승용,여,65세,상해없음
2019100300100424,2019년 10월 3일 16시,목요일,경상북도 영천시 망정동,중상사고,0,1,0,0,차대차 - 기타,안전운전불이행,건조,맑음,교차로 - 교차로안,승용,여,51세,상해없음,승합,남,34세,상해없음
2019100300100425,2019년 10월 3일 16시,목요일,경상북도 청도군 매전면,경상사고,0,0,2,0,차대차 - 측면충돌,안전운전불이행,건조,맑음,단일로 - 기타,승용,남,78세,상해없음,승용,여,51세,경상
2019100300100458,2019년 10월 3일 17시,목요일,경상북도 구미시 거의동,부상신고사고,0,0,0,1,차대차 - 측면충돌,안전운전불이행,건조,맑음,단일로 - 기타,화물,남,55세,부상신고,승용,남,24세,상해없음
2019100300100487,2019년 10월 3일 18시,목요일,경상북도 상주시 모동면,사망사고,1,0,0,0,차대사람 - 길가장자리구역통행중,안전운전불이행,건조,맑음,단일로 - 기타,화물,남,40세,상해없음,보행자,남,61세,사망
2019100300100518,2019년 10월 3일 19시,목요일,경상북도 문경시 문경읍,경상사고,0,0,2,0,차대차 - 측면충돌,안전운전불이행,건조,맑음,교차로 - 교차로안,화물,남,59세,경상,승용,남,54세,경상
2019100300100542,2019년 10월 3일 20시,목요일,경상북도 경주시 충효동,중상사고,0,1,0,0,차대차 - 추돌,안전운전불이행,건조,맑음,교차로 - 교차로부근,승용,여,52세,상해없음,승용,여,62세,중상
2019100300100543,2019년 10월 3일 20시,목요일,경상북도 안동시 정하동,경상사고,0,0,3,0,차대차 - 측면충돌,안전운전불이행,건조,맑음,교차로 - 교차로안,승용,여,46세,상해없음,승용,여,43세,경상
2019100300100544,2019년 10월 3일 20시,목요일,경상북도 안동시 송현동,중상사고,0,1,1,0,차대사람 - 횡단중,안전운전불이행,건조,맑음,단일로 - 기타,승용,남,56세,상해없음,보행자,남,69세,중상
2019100300100545,2019년 10월 3일 20시,목요일,경상북도 칠곡군 왜관읍,경상사고,0,0,2,0,차대차 - 측면충돌,교차로운행방법위반,건조,맑음,교차로 - 교차로안,승용,여,48세,경상,승용,남,47세,경상
2019100300100546,2019년 10월 3일 20시,목요일,경상북도 칠곡군 북삼읍,경상사고,0,0,1,0,차대차 - 측면충돌,교차로운행방법위반,건조,맑음,교차로 - 교차로안,승용,남,53세,상해없음,이륜,남,17세,경상
2019100300100547,2019년 10월 3일 20시,목요일,경상북도 경산시 하양읍,경상사고,0,0,1,0,차대차 - 측면충돌,차로위반,건조,맑음,단일로 - 기타,승용,여,24세,상해없음,이륜,남,19세,경상
2019100300100548,2019년 10월 3일 20시,목요일,경상북도 구미시 황상동,경상사고,0,0,1,0,차대차 - 기타,중앙선침범,건조,맑음,단일로 - 기타,승용,남,66세,상해없음,승용,남,54세,경상
2019100300100566,2019년 10월 3일 21시,목요일,경상북도 경산시 옥산동,부상신고사고,0,0,0,1,차대사람 - 차도통행중,안전운전불이행,건조,흐림,단일로 - 기타,기타불명,기타불명,미분류,기타불명,보행자,여,63세,부상신고
2019100300100567,2019년 10월 3일 21시,목요일,경상북도 고령군 대가야읍,경상사고,0,0,1,0,차량단독 - 공작물충돌,안전운전불이행,건조,맑음,교차로 - 교차로부근,이륜,여,47세,경상,,,,
2019100400100038,2019년 10월 4일 01시,금요일,경상북도 포항시 남구 송도동,경상사고,0,0,1,0,차대차 - 측면충돌,안전운전불이행,건조,맑음,교차로 - 교차로안,화물,남,44세,상해없음,승용,남,55세,경상
2019100400100069,2019년 10월 4일 05시,금요일,경상북도 구미시 고아읍,사망사고,1,0,0,0,차대차 - 추돌,안전운전불이행,젖음/습기,안개,단일로 - 기타,화물,남,62세,사망,건설기계,남,60세,기타불명
2019100400100087,2019년 10월 4일 06시,금요일,경상북도 경주시 시래동,경상사고,0,0,1,0,차대차 - 측면충돌,안전운전불이행,건조,흐림,교차로 - 교차로안,승용,남,59세,상해없음,승용,남,54세,경상
2019100400100107,2019년 10월 4일 07시,금요일,경상북도 칠곡군 왜관읍,경상사고,0,0,1,0,차대차 - 측면충돌,안전운전불이행,건조,맑음,주차장 - 주차장,승용,여,45세,상해없음,승용,남,43세,경상
2019100400100108,2019년 10월 4일 07시,금요일,경상북도 성주군 선남면,경상사고,0,0,3,0,차대차 - 추돌,안전운전불이행,기타,안개,단일로 - 기타,승용,남,46세,상해없음,승용,여,23세,경상
2019100400100109,2019년 10월 4일 07시,금요일,경상북도 영양군 영양읍,경상사고,0,0,1,0,차량단독 - 도로외이탈 - 추락,안전운전불이행,젖음/습기,안개,단일로 - 기타,승용,남,60세,경상,,,,
2019100400100153,2019년 10월 4일 08시,금요일,경상북도 상주시 무양동,경상사고,0,0,1,0,차대차 - 측면충돌,교차로운행방법위반,건조,맑음,교차로 - 교차로안,화물,남,49세,상해없음,승용,여,49세,경상
2019100400100154,2019년 10월 4일 08시,금요일,경상북도 상주시 냉림동,경상사고,0,0,1,0,차대차 - 측면충돌,교차로운행방법위반,건조,맑음,교차로 - 교차로안,승용,여,47세,경상,승용,여,53세,상해없음
2019100400100155,2019년 10월 4일 08시,금요일,경상북도 성주군 선남면,중상사고,0,1,1,0,차대차 - 정면충돌,중앙선침범,건조,맑음,단일로 - 기타,화물,남,38세,상해없음,화물,남,60세,경상