사고번호,사고일시,요일,시군구,사고내용,사망자수,중상자수,경상자수,부상신고자수,사고유형,법규위반,노면상태,기상상태,도로형태,가해운전자 차종,가해운전자 성별,가해운전자 연령,가해운전자 상해정도,피해운전자 차종,피해운전자 성별,피해운전자 연령,피해운전자 상해정도
2019100700100345,2019년 10월 7일 13시,월요일,경상북도 영주시 부석면,부상신고사고,0,0,0,1,차대차 - 기타,안전운전불이행,젖음/습기,비,단일로 - 기타,농기계,남,86세,부상신고,승용,남,39세,상해없음
2019100700100378,2019년 10월 7일 14시,월요일,경상북도 경주시 동부동,경상사고,0,0,5,0,차량단독 - 기타,안전운전불이행,건조,맑음,단일로 - 기타,승합,남,53세,상해없음,,,,
2019100700100379,2019년 10월 7일 14시,월요일,경상북도 포항시 북구 우현동,중상사고,0,1,0,0,차대차 - 기타,교차로운행방법위반,건조,맑음,교차로 - 교차로안,승용,여,55세,상해없음,자전거,남,72세,중상
2019100700100380,2019년 10월 7일 14시,월요일,경상북도 칠곡군 왜관읍,경상사고,0,0,1,0,차대차 - 측면충돌,직진우회전진행방해,건조,흐림,교차로 - 교차로안,승용,남,26세,상해없음,승용,남,38세,경상
2019100700100381,2019년 10월 7일 14시,월요일,경상북도 성주군 성주읍,중상사고,0,1,0,0,차대사람 - 기타,안전운전불이행,건조,맑음,단일로 - 기타,승용,남,48세,상해없음,보행자,여,85세,중상
2019100700100382,2019년 10월 7일 14시,월요일,경상북도 구미시 남통동,중상사고,0,1,1,0,차대차 - 기타,교차로운행방법위반,건조,맑음,교차로 - 교차로안,승용,여,51세,경상,승용,여,40세,중상
2019100700100428,2019년 10월 7일 15시,월요일,경상북도 의성군 단밀면,중상사고,0,1,0,0,차대차 - 측면충돌,직진우회전진행방해,젖음/습기,비,교차로 - 교차로안,승용,여,57세,상해없음,이륜,남,80세,중상
2019100700100462,2019년 10월 7일 16시,월요일,경상북도 포항시 북구 덕산동,경상사고,0,0,1,0,차대차 - 정면충돌,직진우회전진행방해,건조,맑음,교차로 - 교차로안,승용,여,34세,상해없음,승용,여,50세,경상
2019100700100463,2019년 10월 7일 16시,월요일,경상북도 김천시 신음동,경상사고,0,0,1,0,차대차 - 기타,중앙선침범,젖음/습기,비,교차로 - 교차로부근,이륜,여,69세,경상,승용,여,67세,상해없음
2019100700100464,2019년 10월 7일 16시,월요일,경상북도 경산시 계양동,경상사고,0,0,2,0,차대차 - 기타,안전운전불이행,젖음/습기,비,단일로 - 기타,승용,남,61세,기타불명,화물,남,36세,경상
2019100700100493,2019년 10월 7일 17시,월요일,경상북도 경주시 황성동,경상사고,0,0,1,0,차대사람 - 횡단중,보행자보호의무위반,젖음/습기,비,교차로 - 교차로횡단보도내,화물,남,30세,상해없음,보행자,여,68세,경상
2019100700100494,2019년 10월 7일 17시,월요일,경상북도 영주시 하망동,부상신고사고,0,0,0,1,차량단독 - 공작물충돌,안전운전불이행,건조,맑음,단일로 - 기타,자전거,남,11세,부상신고,,,,
2019100700100495,2019년 10월 7일 17시,월요일,경상북도 칠곡군 석적읍,부상신고사고,0,0,0,1,차대사람 - 기타,안전운전불이행,건조,맑음,교차로 - 교차로부근,기타불명,기타불명,미분류,기타불명,보행자,남,5세,부상신고
2019100700100496,2019년 10월 7일 17시,월요일,경상북도 영천시 본촌동,경상사고,0,0,1,0,차대차 - 측면충돌,안전운전불이행,건조,맑음,단일로 - 기타,화물,남,35세,상해없음,화물,남,57세,경상
2019100700100497,2019년 10월 7일 17시,월요일,경상북도 경산시 하양읍,경상사고,0,0,1,0,차대차 - 측면충돌,차로위반,젖음/습기,비,교차로 - 교차로안,승용,남,50세,상해없음,승용,여,44세,경상
2019100700100544,2019년 10월 7일 18시,월요일,경상북도 안동시 운안동,경상사고,0,0,2,0,차대차 - 추돌,안전거리미확보,젖음/습기,비,교차로 - 교차로안,승용,여,60세,경상,승용,남,57세,경상
2019100700100545,2019년 10월 7일 18시,월요일,경상북도 김천시 율곡동,경상사고,0,0,2,0,차대사람 - 기타,안전운전불이행,젖음/습기,비,교차로 - 교차로안,승용,여,40세,상해없음,보행자,남,54세,경상
2019100700100546,2019년 10월 7일 18시,월요일,경상북도 김천시 율곡동,중상사고,0,1,0,0,차대차 - 기타,안전운전불이행,건조,맑음,단일로 - 기타,승용,남,36세,상해없음,승용,남,31세,중상
2019100700100547,2019년 10월 7일 18시,월요일,경상북도 칠곡군 석적읍,경상사고,0,0,1,0,차대차 - 측면충돌,안전운전불이행,젖음/습기,비,교차로 - 교차로부근,승용,여,22세,상해없음,승용,남,38세,경상
2019100700100548,2019년 10월 7일 18시,월요일,경상북도 구미시 원평동,경상사고,0,0,1,0,차대차 - 측면충돌,교차로운행방법위반,젖음/습기,비,교차로 - 교차로안,승용,남,59세,상해없음,승용,남,31세,경상
2019100700100549,2019년 10월 7일 18시,월요일,경상북도 구미시 공단동,중상사고,0,1,2,1,차대차 - 추돌,안전운전불이행,젖음/습기,비,교차로 - 교차로부근,승용,남,53세,부상신고,승용,여,45세,중상
2019100700100550,2019년 10월 7일 18시,월요일,경상북도 포항시 남구 연일읍,중상사고,0,2,0,0,차대사람 - 횡단중,보행자보호의무위반,젖음/습기,비,교차로 - 교차로횡단보도내,승용,여,42세,상해없음,보행자,여,13세,중상
2019100700100551,2019년 10월 7일 18시,월요일,경상북도 포항시 남구 연일읍,경상사고,0,0,2,0,차대차 - 추돌,안전운전불이행,젖음/습기,비,단일로 - 기타,화물,남,44세,상해없음,승용,남,31세,경상
2019100700100552,2019년 10월 7일 18시,월요일,경상북도 포항시 남구 상도동,경상사고,0,0,1,0,차대차 - 측면충돌,안전운전불이행,건조,맑음,단일로 - 기타,승용,남,29세,상해없음,승용,남,40세,상해없음
2019100700100608,2019년 10월 7일 19시,월요일,경상북도 경주시 신평동,경상사고,0,0,1,0,차대차 - 측면충돌,안전운전불이행,젖음/습기,비,교차로 - 교차로부근,승용,남,53세,상해없음,승용,남,40세,상해없음
2019100700100609,2019년 10월 7일 19시,월요일,경상북도 성주군 초전면,경상사고,0,0,2,0,차대차 - 기타,중앙선침범,젖음/습기,비,단일로 - 기타,승용,남,59세,경상,화물,남,35세,경상
2019100700100610,2019년 10월 7일 19시,월요일,경상북도 포항시 남구 오천읍,중상사고,0,1,1,0,차대차 - 기타,신호위반,젖음/습기,비,교차로 - 교차로안,이륜,남,36세,중상,승용,남,45세,경상
2019100700100646,2019년 10월 7일 20시,월요일,경상북도 안동시 정하동,중상사고,0,1,0,0,차대차 - 추돌,안전거리미확보,젖음/습기,비,단일로 - 기타,승용,남,32세,상해없음,승용,여,50세,중상
2019100700100717,2019년 10월 7일 23시,월요일,경상북도 경산시 대동,경상사고,0,0,2,0,차대차 - 기타,안전운전불이행,건조,맑음,교차로 - 교차로부근,승용,남,28세,상해없음,승용,남,56세,경상
2019100800100035,2019년 10월 8일 00시,화요일,경상북도 포항시 북구 용흥동,중상사고,0,1,0,0,차량단독 - 공작물충돌,안전운전불이행,건조,맑음,단일로 - 기타,이륜,남,45세,중상,,,,
2019100800100053,2019년 10월 8일 01시,화요일,경상북도 포항시 북구 두호동,경상사고,0,0,1,0,차대차 - 측면충돌,직진우회전진행방해,건조,맑음,교차로 - 교차로안,승용,남,66세,상해없음,승용,여,49세,경상
2019100800100075,2019년 10월 8일 05시,화요일,경상북도 칠곡군 석적읍,경상사고,0,0,1,0,차량단독 - 공작물충돌,안전운전불이행,건조,맑음,교차로 - 교차로안,승용,남,23세,경상,,,,
2019100800100098,2019년 10월 8일 06시,화요일,경상북도 문경시 가은읍,경상사고,0,0,1,0,차대차 - 측면충돌,안전운전불이행,건조,맑음,단일로 - 기타,화물,남,62세,상해없음,이륜,남,79세,경상
2019100800100126,2019년 10월 8일 07시,화요일,경상북도 포항시 남구 연일읍,경상사고,0,0,1,0,차대차 - 기타,직진우회전진행방해,건조,맑음,교차로 - 교차로횡단보도내,화물,남,55세,상해없음,자전거,남,10세,경상
2019100800100194,2019년 10월 8일 09시,화요일,경상북도 경주시 황성동,중상사고,0,1,0,0,차대사람 - 기타,안전운전불이행,건조,맑음,단일로 - 기타,승용,여,45세,상해없음,보행자,여,76세,중상
2019100800100227,2019년 10월 8일 10시,화요일,경상북도 경주시 동천동,경상사고,0,0,3,0,차대차 - 기타,안전운전불이행,건조,맑음,단일로 - 기타,화물,남,72세,상해없음,화물,남,46세,경상
2019100800100228,2019년 10월 8일 10시,화요일,경상북도 포항시 북구 기계면,경상사고,0,0,2,0,차대차 - 측면충돌,안전운전불이행,건조,맑음,단일로 - 기타,승용,여,45세,상해없음,화물,남,56세,경상
2019100800100229,2019년 10월 8일 10시,화요일,경상북도 문경시 가은읍,중상사고,0,1,0,0,차량단독 - 공작물충돌,안전운전불이행,건조,맑음,단일로 - 기타,화물,남,47세,중상,,,,
2019100800100230,2019년 10월 8일 10시,화요일,경상북도 경산시 하양읍,경상사고,0,0,3,0,차대차 - 측면충돌,안전거리미확보,건조,맑음,단일로 - 기타,이륜,남,79세,경상,승용,여,39세,경상
2019100800100231,2019년 10월 8일 10시,화요일,경상북도 경산시 중산동,경상사고,0,0,1,0,차대차 - 측면충돌,차로위반,건조,맑음,단일로 - 기타,승용,여,53세,상해없음,승용,남,25세,경상
2019100800100274,2019년 10월 8일 11시,화요일,경상북도 경산시 중방동,중상사고,0,1,0,0,차대차 - 측면충돌,안전거리미확보,기타,맑음,단일로 - 기타,화물,남,68세,상해없음,승용,남,66세,중상
2019100800100275,2019년 10월 8일 11시,화요일,경상북도 경산시 조영동,경상사고,0,0,1,0,차대차 - 측면충돌,교차로운행방법위반,건조,맑음,교차로 - 교차로안,승용,여,52세,기타불명,승용,여,27세,경상
2019100800100305,2019년 10월 8일 12시,화요일,경상북도 상주시 남성동,중상사고,0,1,0,0,차대차 - 측면충돌,안전운전불이행,건조,맑음,단일로 - 기타,승용,여,43세,상해없음,자전거,여,66세,중상
2019100800100306,2019년 10월 8일 12시,화요일,경상북도 문경시 산북면,중상사고,0,1,2,0,차대차 - 측면충돌,직진우회전진행방해,건조,맑음,교차로 - 교차로안,화물,남,55세,경상,화물,남,52세,경상
2019100800100339,2019년 10월 8일 13시,화요일,경상북도 포항시 북구 흥해읍,경상사고,0,0,1,0,차대차 - 기타,직진우회전진행방해,건조,맑음,교차로 - 교차로안,승용,여,72세,상해없음,승합,여,44세,경상
2019100800100340,2019년 10월 8일 13시,화요일,경상북도 영덕군 영덕읍,경상사고,0,0,1,0,차대차 - 측면충돌,직진우회전진행방해,건조,맑음,교차로 - 교차로안,승용,여,38세,상해없음,이륜,남,77세,경상
2019100800100376,2019년 10월 8일 14시,화요일,경상북도 경주시 산내면,중상사고,0,2,0,0,차량단독 - 도로외이탈 - 추락,안전운전불이행,건조,맑음,단일로 - 기타,승용,여,61세,중상,,,,
2019100800100377,2019년 10월 8일 14시,화요일,경상북도 안동시 풍산읍,중상사고,0,1,0,0,차량단독 - 공작물충돌,안전운전불이행,건조,맑음,단일로 - 기타,이륜,남,63세,중상,,,,
2019100800100378,2019년 10월 8일 14시,화요일,경상북도 영천시 북안면,중상사고,0,1,0,0,차대사람 - 횡단중,안전운전불이행,건조,맑음,교차로 - 교차로안,화물,남,38세,상해없음,보행자,여,72세,중상
2019100800100428,2019년 10월 8일 15시,화요일,경상북도 영주시 휴천동,경상사고,0,0,1,0,차대사람 - 횡단중,보행자보호의무위반,건조,맑음,단일로 - 기타,승용,여,43세,상해없음,보행자,여,40세,경상
2019100800100429,2019년 10월 8일 15시,화요일,경상북도 칠곡군 북삼읍,중상사고,0,1,0,0,차대차 - 측면충돌,안전운전불이행,건조,맑음,단일로 - 기타,승용,여,52세,상해없음,이륜,남,80세,중상
2019100800100430,2019년 10월 8일 15시,화요일,경상북도 포항시 남구 동해면,중상사고,0,1,2,0,차대차 - 측면충돌,직진우회전진행방해,건조,맑음,교차로 - 교차로안,승용,여,52세,중상,승용,여,53세,경상
2019100800100431,2019년 10월 8일 15시,화요일,경상북도 안동시 길안면,경상사고,0,0,2,0,차대차 - 측면충돌,과속,건조,맑음,단일로 - 터널,승용,남,81세,상해없음,승용,여,43세,상해없음
2019100800100466,2019년 10월 8일 16시,화요일,경상북도 상주시 성하동,경상사고,0,0,2,0,차대차 - 추돌,안전운전불이행,건조,맑음,교차로 - 교차로안,승용,남,71세,경상,승용,여,53세,경상
2019100800100467,2019년 10월 8일 16시,화요일,경상북도 영천시 임고면,경상사고,0,0,1,0,차대차 - 측면충돌,교차로운행방법위반,건조,맑음,교차로 - 교차로안,화물,남,29세,상해없음,승용,여,40세,경상
2019100800100468,2019년 10월 8일 16시,화요일,경상북도 경산시 압량면,경상사고,0,0,1,0,차대차 - 측면충돌,차로위반,건조,맑음,단일로 - 기타,승용,남,41세,상해없음,승용,여,40세,경상
2019100800100516,2019년 10월 8일 17시,화요일,경상북도 칠곡군 북삼읍,경상사고,0,0,1,0,차대차 - 추돌,안전거리미확보,건조,맑음,교차로 - 교차로안,화물,남,19세,상해없음,승용,여,59세,경상
2019100800100517,2019년 10월 8일 17시,화요일,경상북도 고령군 쌍림면,경상사고,0,0,1,0,차대차 - 측면충돌,안전운전불이행,건조,맑음,주차장 - 주차장,화물,남,42세,상해없음,승용,남,70세,경상
2019100800100518,2019년 10월 8일 17시,화요일,경상북도 구미시 원평동,경상사고,0,0,1,0,차대사람 - 횡단중,보행자보호의무위반,건조,맑음,교차로 - 교차로횡단보도내,승용,여,57세,상해없음,보행자,여,50세,경상
2019100800100578,2019년 10월 8일 18시,화요일,경상북도 안동시 풍천면,중상사고,0,1,1,0,차대차 - 측면충돌,직진우회전진행방해,건조,맑음,교차로 - 교차로안,승용,남,29세,경상,승용,남,66세,상해없음
2019100800100579,2019년 10월 8일 18시,화요일,경상북도 칠곡군 왜관읍,중상사고,0,1,0,0,차대사람 - 횡단중,안전운전불이행,건조,맑음,교차로 - 교차로안,화물,남,56세,상해없음,보행자,여,70세,중상
2019100800100580,2019년 10월 8일 18시,화요일,경상북도 포항시 남구 오천읍,경상사고,0,0,1,0,차대차 - 기타,신호위반,건조,맑음,교차로 - 교차로안,승용,남,55세,상해없음,자전거,남,67세,경상
2019100800100648,2019년 10월 8일 19시,화요일,경상북도 구미시 원평동,경상사고,0,0,1,0,차대사람 - 횡단중,안전운전불이행,건조,맑음,교차로 - 교차로안,승용,남,62세,상해없음,보행자,남,21세,경상
2019100800100649,2019년 10월 8일 19시,화요일,경상북도 구미시 형곡동,경상사고,0,0,2,0,차대차 - 기타,안전운전불이행,건조,맑음,교차로 - 교차로부근,승용,남,87세,상해없음,승용,여,71세,상해없음
2019100800100650,2019년 10월 8일 19시,화요일,경상북도 포항시 남구 인덕동,경상사고,0,0,3,1,차대차 - 기타,기타,건조,맑음,교차로 - 교차로안,승용,남,59세,부상신고,승용,여,32세,경상
2019100800100689,2019년 10월 8일 20시,화요일,경상북도 경주시 성건동,경상사고,0,0,1,0,차대차 - 측면충돌,기타,건조,맑음,단일로 - 기타,자전거,남,48세,경상,승용,남,34세,상해없음
2019100800100690,2019년 10월 8일 20시,화요일,경상북도 구미시 신평동,중상사고,0,1,0,0,차대사람 - 횡단중,보행자보호의무위반,건조,맑음,교차로 - 교차로부근,승용,남,55세,상해없음,보행자,여,67세,중상
2019100800100691,2019년 10월 8일 20시,화요일,경상북도 영천시 화산면,경상사고,0,0,4,0,차대차 - 기타,기타,건조,맑음,단일로 - 기타,화물,남,62세,상해없음,승용,남,33세,경상
2019100800100759,2019년 10월 8일 22시,화요일,경상북도 포항시 북구 장성동,경상사고,0,0,1,0,차대차 - 기타,안전운전불이행,건조,맑음,단일로 - 기타,이륜,남,57세,상해없음,승용,여,46세,경상
2019100900100058,2019년 10월 9일 01시,수요일,경상북도 칠곡군 왜관읍,경상사고,0,0,2,0,차대차 - 추돌,안전운전불이행,건조,맑음,교차로 - 교차로부근,승용,남,57세,상해없음,승용,남,50세,경상
2019100900100059,2019년 10월 9일 01시,수요일,경상북도 포항시 남구 오천읍,경상사고,0,0,1,0,차대차 - 측면충돌,차로위반,건조,맑음,단일로 - 기타,승합,남,62세,상해없음,승용,남,43세,상해없음
2019100900100060,2019년 10월 9일 01시,수요일,경상북도 칠곡군 지천면,중상사고,0,1,0,0,차대차 - 추돌,안전운전불이행,건조,맑음,단일로 - 기타,승용,남,30세,상해없음,화물,남,48세,중상
2019100900100114,2019년 10월 9일 06시,수요일,경상북도 포항시 북구 죽도동,경상사고,0,0,1,0,차대사람 - 차도통행중,안전운전불이행,건조,맑음,단일로 - 기타,승용,남,56세,상해없음,보행자,남,69세,경상
2019100900100115,2019년 10월 9일 06시,수요일,경상북도 영주시 단산면,중상사고,0,1,0,0,차대차 - 추돌,안전운전불이행,건조,맑음,단일로 - 기타,승합,남,47세,상해없음,농기계,남,65세,중상
2019100900100116,2019년 10월 9일 06시,수요일,경상북도 포항시 남구 상도동,경상사고,0,0,3,0,차대차 - 추돌,안전운전불이행,건조,맑음,교차로 - 교차로부근,승용,남,47세,상해없음,승합,남,45세,경상
2019100900100131,2019년 10월 9일 07시,수요일,경상북도 경주시 내남면,경상사고,0,0,4,0,차대차 - 추돌,안전운전불이행,건조,맑음,교차로 - 교차로안,승용,남,66세,경상,화물,남,63세,경상
2019100900100132,2019년 10월 9일 07시,수요일,경상북도 영주시 단산면,중상사고,0,1,0,0,차대사람 - 기타,안전운전불이행,건조,맑음,단일로 - 기타,화물,남,78세,상해없음,보행자,여,78세,중상
2019100900100151,2019년 10월 9일 08시,수요일,경상북도 경산시 와촌면,경상사고,0,0,1,0,차대사람 - 차도통행중,안전운전불이행,건조,맑음,단일로 - 기타,화물,남,66세,상해없음,보행자,남,48세,경상
2019100900100175,2019년 10월 9일 09시,수요일,경상북도 포항시 북구 장성동,경상사고,0,0,2,0,차대차 - 정면충돌,신호위반,건조,맑음,교차로 - 교차로안,승용,남,62세,상해없음,승용,남,57세,경상
2019100900100176,2019년 10월 9일 09시,수요일,경상북도 안동시 목성동,경상사고,0,0,4,0,차대차 - 측면충돌,직진우회전진행방해,건조,맑음,교차로 - 교차로안,승용,남,40세,상해없음,승용,남,22세,경상
2019100900100177,2019년 10월 9일 09시,수요일,경상북도 칠곡군 왜관읍,중상사고,0,1,0,0,차대사람 - 횡단중,안전운전불이행,건조,맑음,교차로 - 교차로안,승용,여,60세,상해없음,보행자,여,75세,중상
2019100900100178,2019년 10월 9일 09시,수요일,경상북도 문경시 문경읍,경상사고,0,0,1,0,차대차 - 측면충돌,안전운전불이행,건조,맑음,교차로 - 교차로안,건설기계,남,44세,상해없음,화물,남,31세,경상
2019100900100210,2019년 10월 9일 10시,수요일,경상북도 안동시 태화동,중상사고,0,1,0,0,차대차 - 측면충돌,중앙선침범,건조,맑음,단일로 - 기타,승용,여,56세,상해없음,이륜,남,43세,중상
2019100900100211,2019년 10월 9일 10시,수요일,경상북도 안동시 예안면,경상사고,0,0,1,0,차대차 - 측면충돌,교차로운행방법위반,건조,맑음,교차로 - 교차로안,승합,남,72세,상해없음,승용,여,58세,경상
2019100900100212,2019년 10월 9일 10시,수요일,경상북도 구미시 옥계동,경상사고,0,0,1,0,차대차 - 기타,안전운전불이행,건조,맑음,단일로 - 기타,승용,남,54세,상해없음,이륜,남,64세,경상
2019100900100269,2019년 10월 9일 12시,수요일,경상북도 경주시 감포읍,부상신고사고,0,0,0,1,차대차 - 측면충돌,안전운전불이행,건조,맑음,교차로 - 교차로부근,화물,남,66세,부상신고,승용,남,67세,상해없음
2019100900100270,2019년 10월 9일 12시,수요일,경상북도 경주시 교동,경상사고,0,0,2,0,차대차 - 측면충돌,안전운전불이행,건조,맑음,주차장 - 주차장,자전거,여,25세,경상,승용,남,46세,상해없음
2019100900100305,2019년 10월 9일 13시,수요일,경상북도 포항시 북구 흥해읍,경상사고,0,0,1,0,차대차 - 기타,기타,건조,맑음,단일로 - 기타,승용,남,56세,상해없음,자전거,여,75세,경상
2019100900100306,2019년 10월 9일 13시,수요일,경상북도 칠곡군 왜관읍,중상사고,0,1,0,0,차대차 - 측면충돌,안전운전불이행,건조,맑음,단일로 - 기타,승용,남,69세,상해없음,승용,여,60세,중상
2019100900100307,2019년 10월 9일 13시,수요일,경상북도 경산시 진량읍,중상사고,0,1,0,0,차대차 - 측면충돌,신호위반,건조,맑음,교차로 - 교차로안,승용,남,28세,상해없음,이륜,남,81세,중상
2019100900100339,2019년 10월 9일 14시,수요일,경상북도 경주시 황성동,중상사고,0,1,1,0,차대차 - 측면충돌,안전운전불이행,건조,맑음,단일로 - 기타,이륜,남,71세,경상,자전거,남,68세,중상
2019100900100340,2019년 10월 9일 14시,수요일,경상북도 경주시 천북면,중상사고,0,2,0,0,차대차 - 측면충돌,안전운전불이행,건조,맑음,단일로 - 지하차도(도로)내,건설기계,남,44세,상해없음,승용,남,52세,중상
2019100900100341,2019년 10월 9일 14시,수요일,경상북도 경주시 노서동,중상사고,0,1,0,0,차대사람 - 길가장자리구역통행중,안전운전불이행,건조,맑음,교차로 - 교차로부근,승용,여,61세,상해없음,보행자,남,51세,중상
2019100900100342,2019년 10월 9일 14시,수요일,경상북도 안동시 안기동,경상사고,0,0,1,0,차대차 - 측면충돌,차로위반,건조,맑음,단일로 - 기타,승용,여,71세,상해없음,이륜,남,76세,경상
2019100900100343,2019년 10월 9일 14시,수요일,경상북도 고령군 대가야읍,경상사고,0,0,2,0,차대차 - 추돌,안전거리미확보,건조,맑음,교차로 - 교차로안,승용,남,85세,상해없음,승용,남,62세,경상
2019100900100344,2019년 10월 9일 14시,수요일,경상북도 구미시 상모동,중상사고,0,1,1,0,차대차 - 추돌,안전거리미확보,건조,맑음,교차로 - 교차로부근,승용,여,47세,상해없음,승용,여,50세,중상
2019100900100374,2019년 10월 9일 15시,수요일,경상북도 경주시 안강읍,경상사고,0,0,1,0,차대사람 - 길가장자리구역통행중,안전운전불이행,건조,맑음,단일로 - 기타,이륜,남,73세,상해없음,보행자,여,62세,경상
2019100900100375,2019년 10월 9일 15시,수요일,경상북도 영주시 가흥동,중상사고,0,1,1,0,차대차 - 측면충돌,신호위반,건조,맑음,교차로 - 교차로안,승용,남,62세,상해없음,승용,여,46세,중상
2019100900100376,2019년 10월 9일 15시,수요일,경상북도 영천시 완산동,경상사고,0,0,1,0,차대차 - 측면충돌,안전운전불이행,건조,맑음,교차로 - 교차로안,이륜,남,90세 이상,경상,승용,여,22세,상해없음
2019100900100377,2019년 10월 9일 15시,수요일,경상북도 구미시 고아읍,중상사고,0,1,0,0,차대차 - 기타,안전운전불이행,건조,맑음,교차로 - 교차로부근,승합,여,43세,상해없음,이륜,남,53세,중상
2019100900100378,2019년 10월 9일 15시,수요일,경상북도 칠곡군 석적읍,경상사고,0,0,1,0,차대차 - 기타,안전운전불이행,건조,맑음,단일로 - 기타,승용,여,42세,상해없음,화물,남,37세,경상
2019100900100416,2019년 10월 9일 16시,수요일,경상북도 경주시 황성동,경상사고,0,0,1,0,차대차 - 측면충돌,신호위반,건조,맑음,교차로 - 교차로부근,원동기,여,74세,경상,승용,남,48세,상해없음
2019100900100417,2019년 10월 9일 16시,수요일,경상북도 칠곡군 왜관읍,경상사고,0,0,1,0,차대사람 - 횡단중,안전운전불이행,건조,맑음,교차로 - 교차로안,승용,여,63세,상해없음,보행자,남,10세,경상
2019100900100418,2019년 10월 9일 16시,수요일,경상북도 구미시 비산동,중상사고,0,1,0,0,차대사람 - 횡단중,보행자보호의무위반,건조,맑음,교차로 - 교차로부근,승용,여,56세,상해없음,보행자,남,5세,중상
2019100900100454,2019년 10월 9일 17시,수요일,경상북도 안동시 송현동,중상사고,0,1,0,0,차대차 - 기타,안전운전불이행,건조,맑음,교차로 - 교차로부근,화물,남,62세,상해없음,승용,남,24세,상해없음
2019100900100455,2019년 10월 9일 17시,수요일,경상북도 칠곡군 동명면,중상사고,0,1,1,0,차대차 - 측면충돌,안전운전불이행,건조,맑음,단일로 - 기타,화물,남,59세,상해없음,이륜,남,26세,중상
2019100900100498,2019년 10월 9일 18시,수요일,경상북도 구미시 도량동,경상사고,0,0,1,2,차대차 - 기타,안전운전불이행,건조,맑음,교차로 - 교차로안,승용,남,50세,부상신고,승용,남,57세,경상
2019100900100540,2019년 10월 9일 19시,수요일,경상북도 경주시 성건동,경상사고,0,0,1,0,차대차 - 측면충돌,신호위반,건조,맑음,교차로 - 교차로부근,승합,남,34세,상해없음,승용,남,53세,경상
2019100900100541,2019년 10월 9일 19시,수요일,경상북도 안동시 옥동,중상사고,0,1,2,0,차대차 - 정면충돌,안전운전불이행,건조,맑음,교차로 - 교차로안,승용,남,61세,상해없음,승용,남,26세,경상
2019100900100542,2019년 10월 9일 19시,수요일,경상북도 상주시 낙동면,경상사고,0,0,1,0,차대차 - 추돌,안전운전불이행,건조,맑음,단일로 - 기타,승용,남,22세,상해없음,승용,여,27세,경상
2019100900100543,2019년 10월 9일 19시,수요일,경상북도 구미시 선산읍,중상사고,0,1,0,0,차대차 - 측면충돌,신호위반,건조,맑음,교차로 - 교차로안,이륜,여,78세,중상,화물,남,62세,상해없음
2019100900100581,2019년 10월 9일 20시,수요일,경상북도 경주시 충효동,중상사고,0,1,0,0,차대차 - 추돌,안전운전불이행,건조,맑음,교차로 - 교차로부근,승용,남,48세,상해없음,승용,남,59세,중상
2019100900100582,2019년 10월 9일 20시,수요일,경상북도 포항시 북구 죽도동,중상사고,0,1,0,0,차대차 - 측면충돌,교차로운행방법위반,건조,맑음,교차로 - 교차로안,승용,남,24세,상해없음,이륜,남,54세,중상
2019100900100583,2019년 10월 9일 20시,수요일,경상북도 칠곡군 왜관읍,경상사고,0,0,2,0,차대차 - 측면충돌,안전운전불이행,건조,흐림,단일로 - 기타,화물,남,56세,상해없음,승용,남,40세,경상
2019100900100607,2019년 10월 9일 21시,수요일,경상북도 경산시 상방동,중상사고,0,1,0,0,차대사람 - 횡단중,보행자보호의무위반,건조,맑음,교차로 - 교차로횡단보도내,승용,여,60세,상해없음,보행자,남,25세,중상
2019100900100631,2019년 10월 9일 22시,수요일,경상북도 구미시 봉곡동,경상사고,0,0,1,0,차대차 - 기타,신호위반,건조,맑음,교차로 - 교차로안,승용,여,52세,상해없음,승용,여,44세,경상
2019101000100042,2019년 10월 10일 02시,목요일,경상북도 경산시 임당동,중상사고,0,1,0,0,차량단독 - 공작물충돌,안전운전불이행,건조,맑음,단일로 - 기타,이륜,남,31세,중상,,,,
2019101000100059,2019년 10월 10일 05시,목요일,경상북도 경주시 교동,중상사고,0,1,0,0,차대사람 - 횡단중,보행자보호의무위반,건조,맑음,교차로 - 교차로횡단보도내,승용,남,75세,상해없음,보행자,남,58세,중상
2019101000100060,2019년 10월 10일 05시,목요일,경상북도 포항시 남구 오천읍,사망사고,2,0,0,0,차대사람 - 차도통행중,안전운전불이행,건조,맑음,단일로 - 기타,승용,남,48세,상해없음,보행자,남,77세,사망
2019101000100076,2019년 10월 10일 06시,목요일,경상북도 성주군 성주읍,경상사고,0,0,1,0,차대차 - 추돌,안전운전불이행,건조,맑음,단일로 - 기타,화물,남,62세,경상,화물,남,58세,상해없음
2019101000100077,2019년 10월 10일 06시,목요일,경상북도 포항시 남구 대송면,경상사고,0,0,1,0,차대차 - 측면충돌,중앙선침범,건조,맑음,단일로 - 기타,화물,남,57세,상해없음,승용,남,64세,경상
2019101000100095,2019년 10월 10일 07시,목요일,경상북도 영주시 조와동,중상사고,0,1,0,0,차대차 - 기타,안전운전불이행,건조,맑음,교차로 - 교차로안,화물,남,64세,상해없음,승용,여,65세,중상
2019101000100096,2019년 10월 10일 07시,목요일,경상북도 구미시 원평동,중상사고,0,1,0,0,차대사람 - 횡단중,보행자보호의무위반,건조,맑음,교차로 - 교차로횡단보도내,승용,남,58세,상해없음,보행자,여,69세,중상