사고번호,사고일시,요일,시군구,사고내용,사망자수,중상자수,경상자수,부상신고자수,사고유형,법규위반,노면상태,기상상태,도로형태,가해운전자 차종,가해운전자 성별,가해운전자 연령,가해운전자 상해정도,피해운전자 차종,피해운전자 성별,피해운전자 연령,피해운전자 상해정도
2019101000100097,2019년 10월 10일 07시,목요일,경상북도 구미시 지산동,중상사고,0,1,1,0,차대사람 - 횡단중,보행자보호의무위반,건조,맑음,교차로 - 교차로횡단보도내,승합,남,66세,상해없음,보행자,여,31세,중상
2019101000100144,2019년 10월 10일 08시,목요일,경상북도 안동시 송현동,경상사고,0,0,1,0,차대사람 - 길가장자리구역통행중,보행자보호의무위반,건조,맑음,단일로 - 기타,승합,남,46세,상해없음,보행자,남,5세,경상
2019101000100145,2019년 10월 10일 08시,목요일,경상북도 경산시 상방동,중상사고,0,1,0,0,차대차 - 측면충돌,안전운전불이행,건조,맑음,교차로 - 교차로안,승용,여,35세,상해없음,자전거,남,71세,중상
2019101000100186,2019년 10월 10일 09시,목요일,경상북도 칠곡군 왜관읍,중상사고,0,1,0,0,차대사람 - 횡단중,보행자보호의무위반,건조,맑음,교차로 - 교차로안,화물,남,46세,상해없음,보행자,여,84세,중상
2019101000100187,2019년 10월 10일 09시,목요일,경상북도 경산시 하양읍,경상사고,0,0,1,0,차대차 - 측면충돌,안전운전불이행,건조,맑음,단일로 - 지하차도(도로)내,승용,남,26세,상해없음,이륜,남,27세,경상
2019101000100216,2019년 10월 10일 10시,목요일,경상북도 포항시 북구 득량동,경상사고,0,0,1,0,차대차 - 기타,안전운전불이행,건조,맑음,단일로 - 기타,화물,남,54세,상해없음,승용,남,34세,경상
2019101000100217,2019년 10월 10일 10시,목요일,경상북도 포항시 남구 오천읍,경상사고,0,0,1,0,차대차 - 추돌,안전운전불이행,건조,맑음,교차로 - 교차로부근,승용,남,40세,상해없음,승용,여,37세,경상
2019101000100254,2019년 10월 10일 11시,목요일,경상북도 경주시 양남면,경상사고,0,0,1,0,차대차 - 측면충돌,안전운전불이행,건조,맑음,단일로 - 지하차도(도로)내,승용,여,58세,상해없음,승용,남,33세,경상
2019101000100255,2019년 10월 10일 11시,목요일,경상북도 경주시 성동동,중상사고,0,1,0,0,차대차 - 측면충돌,안전운전불이행,건조,맑음,교차로 - 교차로횡단보도내,승합,남,68세,상해없음,자전거,여,61세,중상
2019101000100256,2019년 10월 10일 11시,목요일,경상북도 포항시 북구 두호동,경상사고,0,0,2,0,차대차 - 정면충돌,안전거리미확보,건조,맑음,단일로 - 기타,승용,남,78세,상해없음,승용,남,63세,경상
2019101000100257,2019년 10월 10일 11시,목요일,경상북도 경산시 삼북동,중상사고,0,1,0,0,차대사람 - 차도통행중,안전운전불이행,건조,맑음,단일로 - 기타,승용,여,45세,상해없음,보행자,여,83세,중상
2019101000100258,2019년 10월 10일 11시,목요일,경상북도 울진군 울진읍,중상사고,0,1,0,0,차량단독 - 도로외이탈 - 기타,안전운전불이행,건조,맑음,단일로 - 기타,화물,남,51세,상해없음,,,,
2019101000100259,2019년 10월 10일 11시,목요일,경상북도 군위군 우보면,중상사고,0,2,0,0,차대차 - 정면충돌,중앙선침범,건조,맑음,단일로 - 기타,승용,여,48세,중상,화물,남,81세,중상
2019101000100260,2019년 10월 10일 11시,목요일,경상북도 포항시 남구 인덕동,경상사고,0,0,2,0,차대차 - 측면충돌,안전운전불이행,건조,맑음,교차로 - 교차로안,승용,여,36세,상해없음,승용,남,36세,경상
2019101000100281,2019년 10월 10일 12시,목요일,경상북도 경산시 대동,중상사고,0,1,0,0,차대차 - 측면충돌,직진우회전진행방해,건조,맑음,교차로 - 교차로안,승용,남,22세,상해없음,승용,여,53세,중상
2019101000100323,2019년 10월 10일 13시,목요일,경상북도 포항시 북구 득량동,중상사고,0,1,0,0,차대차 - 기타,안전운전불이행,건조,맑음,교차로 - 교차로안,승용,여,42세,상해없음,승용,여,50세,중상
2019101000100324,2019년 10월 10일 13시,목요일,경상북도 고령군 다산면,경상사고,0,0,1,0,차대차 - 추돌,안전운전불이행,건조,맑음,단일로 - 지하차도(도로)내,자전거,남,55세,경상,화물,남,41세,상해없음
2019101000100366,2019년 10월 10일 14시,목요일,경상북도 안동시 안기동,경상사고,0,0,1,0,차대사람 - 기타,안전운전불이행,건조,맑음,교차로 - 교차로부근,승용,여,67세,상해없음,보행자,여,58세,경상
2019101000100367,2019년 10월 10일 14시,목요일,경상북도 영주시 영주동,경상사고,0,0,3,0,차대차 - 추돌,안전운전불이행,건조,맑음,교차로 - 교차로안,승용,남,62세,상해없음,승용,남,48세,경상
2019101000100368,2019년 10월 10일 14시,목요일,경상북도 경산시 진량읍,중상사고,0,1,0,0,차대차 - 측면충돌,기타,건조,맑음,단일로 - 기타,승용,남,24세,상해없음,승합,남,61세,중상
2019101000100369,2019년 10월 10일 14시,목요일,경상북도 구미시 옥계동,경상사고,0,0,1,0,차대차 - 기타,안전운전불이행,건조,맑음,단일로 - 기타,화물,남,23세,상해없음,이륜,남,24세,경상
2019101000100409,2019년 10월 10일 15시,목요일,경상북도 포항시 북구 두호동,경상사고,0,0,1,0,차대사람 - 횡단중,보행자보호의무위반,건조,맑음,교차로 - 교차로횡단보도내,승용,남,48세,상해없음,보행자,여,64세,경상
2019101000100410,2019년 10월 10일 15시,목요일,경상북도 문경시 동로면,중상사고,0,1,0,0,차대차 - 정면충돌,중앙선침범,건조,맑음,단일로 - 기타,승용,남,54세,상해없음,승용,여,53세,중상
2019101000100411,2019년 10월 10일 15시,목요일,경상북도 예천군 예천읍,경상사고,0,0,3,0,차대차 - 측면충돌,안전운전불이행,건조,맑음,교차로 - 교차로안,승합,남,75세,상해없음,승용,남,75세,경상
2019101000100462,2019년 10월 10일 16시,목요일,경상북도 경주시 성동동,경상사고,0,0,1,0,차대차 - 기타,안전운전불이행,건조,맑음,단일로 - 기타,승용,여,61세,상해없음,승합,남,56세,상해없음
2019101000100463,2019년 10월 10일 16시,목요일,경상북도 포항시 남구 장흥동,중상사고,0,1,0,0,차대사람 - 기타,기타,건조,맑음,단일로 - 기타,화물,남,51세,상해없음,보행자,남,57세,중상
2019101000100497,2019년 10월 10일 17시,목요일,경상북도 김천시 남면,중상사고,0,1,0,0,차대차 - 측면충돌,안전운전불이행,건조,맑음,교차로 - 교차로안,화물,남,30세,상해없음,원동기,남,38세,중상
2019101000100498,2019년 10월 10일 17시,목요일,경상북도 상주시 공성면,경상사고,0,0,7,0,차대차 - 측면충돌,기타,건조,맑음,교차로 - 교차로안,승용,남,58세,상해없음,승합,남,61세,상해없음
2019101000100499,2019년 10월 10일 17시,목요일,경상북도 문경시 가은읍,경상사고,0,0,2,0,차대차 - 기타,기타,건조,맑음,교차로 - 교차로안,화물,남,32세,경상,화물,남,76세,경상
2019101000100554,2019년 10월 10일 18시,목요일,경상북도 경주시 건천읍,경상사고,0,0,1,0,차대차 - 기타,안전운전불이행,건조,맑음,단일로 - 기타,이륜,여,62세,경상,승용,여,45세,상해없음
2019101000100555,2019년 10월 10일 18시,목요일,경상북도 김천시 대광동,경상사고,0,0,1,0,차대차 - 측면충돌,교차로운행방법위반,건조,맑음,교차로 - 교차로안,승용,남,58세,상해없음,이륜,여,55세,경상
2019101000100556,2019년 10월 10일 18시,목요일,경상북도 의성군 봉양면,경상사고,0,0,1,0,차대차 - 측면충돌,중앙선침범,건조,맑음,단일로 - 기타,승용,남,82세,상해없음,화물,남,38세,경상
2019101000100557,2019년 10월 10일 18시,목요일,경상북도 의성군 봉양면,중상사고,0,2,1,0,차대차 - 추돌,안전운전불이행,건조,맑음,교차로 - 교차로안,화물,남,56세,중상,승용,여,58세,경상
2019101000100558,2019년 10월 10일 18시,목요일,경상북도 경산시 옥곡동,경상사고,0,0,2,0,차대차 - 측면충돌,신호위반,건조,맑음,교차로 - 교차로부근,승용,여,40세,상해없음,승용,남,73세,경상
2019101000100559,2019년 10월 10일 18시,목요일,경상북도 울진군 후포면,경상사고,0,0,1,0,차대차 - 측면충돌,직진우회전진행방해,건조,맑음,교차로 - 교차로안,승용,남,58세,상해없음,승용,여,42세,경상
2019101000100603,2019년 10월 10일 19시,목요일,경상북도 경주시 탑동,경상사고,0,0,1,0,차대차 - 측면충돌,안전운전불이행,건조,맑음,단일로 - 기타,승용,남,44세,상해없음,승용,남,59세,경상
2019101000100604,2019년 10월 10일 19시,목요일,경상북도 경산시 정평동,경상사고,0,0,1,0,차대차 - 측면충돌,차로위반,건조,맑음,단일로 - 기타,승용,남,71세,상해없음,승용,남,48세,경상
2019101000100605,2019년 10월 10일 19시,목요일,경상북도 영양군 영양읍,경상사고,0,0,1,0,차대차 - 정면충돌,직진우회전진행방해,건조,맑음,교차로 - 교차로안,승합,여,47세,상해없음,이륜,남,24세,경상
2019101000100606,2019년 10월 10일 19시,목요일,경상북도 구미시 진평동,중상사고,0,1,2,0,차대차 - 정면충돌,신호위반,건조,맑음,교차로 - 교차로안,화물,남,57세,상해없음,승용,여,51세,중상
2019101000100650,2019년 10월 10일 20시,목요일,경상북도 경산시 사동,경상사고,0,0,1,0,차대사람 - 횡단중,보행자보호의무위반,건조,맑음,교차로 - 교차로횡단보도내,승용,여,24세,상해없음,보행자,남,39세,경상
2019101000100683,2019년 10월 10일 21시,목요일,경상북도 포항시 북구 용흥동,경상사고,0,0,2,0,차대차 - 기타,안전운전불이행,건조,맑음,단일로 - 기타,승용,여,50세,기타불명,승용,여,31세,경상
2019101000100684,2019년 10월 10일 21시,목요일,경상북도 영천시 완산동,경상사고,0,0,1,0,차대차 - 측면충돌,안전운전불이행,건조,맑음,교차로 - 교차로안,승용,남,36세,상해없음,승용,남,40세,상해없음
2019101000100685,2019년 10월 10일 21시,목요일,경상북도 문경시 점촌동,경상사고,0,0,1,0,차대차 - 기타,안전운전불이행,건조,맑음,단일로 - 기타,이륜,남,68세,경상,이륜,남,27세,상해없음
2019101000100686,2019년 10월 10일 21시,목요일,경상북도 구미시 옥계동,중상사고,0,1,0,0,차대사람 - 횡단중,보행자보호의무위반,건조,맑음,교차로 - 교차로부근,화물,남,39세,상해없음,보행자,남,56세,중상
2019101000100709,2019년 10월 10일 22시,목요일,경상북도 경주시 강동면,경상사고,0,0,1,1,차대차 - 추돌,안전운전불이행,건조,맑음,단일로 - 터널,승용,남,27세,상해없음,승용,남,30세,부상신고
2019101000100710,2019년 10월 10일 22시,목요일,경상북도 영주시 영주동,경상사고,0,0,1,0,차대차 - 정면충돌,중앙선침범,건조,맑음,단일로 - 기타,승용,남,54세,상해없음,이륜,남,21세,경상
2019101000100736,2019년 10월 10일 23시,목요일,경상북도 구미시 공단동,경상사고,0,0,2,0,차대차 - 기타,안전운전불이행,건조,맑음,교차로 - 교차로안,승용,남,39세,상해없음,승용,남,45세,경상
2019101100100043,2019년 10월 11일 00시,금요일,경상북도 영천시 화룡동,경상사고,0,0,2,0,차대차 - 정면충돌,중앙선침범,건조,맑음,단일로 - 기타,화물,남,50세,경상,승용,남,27세,경상
2019101100100058,2019년 10월 11일 01시,금요일,경상북도 구미시 옥계동,경상사고,0,0,2,0,차대차 - 기타,중앙선침범,건조,맑음,교차로 - 교차로부근,승용,여,43세,상해없음,승용,남,29세,경상
2019101100100088,2019년 10월 11일 05시,금요일,경상북도 포항시 북구 장성동,경상사고,0,0,1,0,차대차 - 기타,직진우회전진행방해,건조,맑음,교차로 - 교차로부근,화물,남,59세,상해없음,자전거,여,48세,경상
2019101100100118,2019년 10월 11일 07시,금요일,경상북도 영천시 작산동,경상사고,0,0,2,0,차대차 - 측면충돌,안전운전불이행,건조,맑음,단일로 - 기타,화물,남,28세,상해없음,승용,여,45세,경상
2019101100100161,2019년 10월 11일 08시,금요일,경상북도 김천시 황금동,경상사고,0,0,1,0,차대차 - 측면충돌,안전운전불이행,건조,맑음,교차로 - 교차로안,승용,남,78세,상해없음,승용,여,31세,경상
2019101100100162,2019년 10월 11일 08시,금요일,경상북도 상주시 남성동,경상사고,0,0,1,0,차대차 - 측면충돌,교차로운행방법위반,건조,맑음,교차로 - 교차로안,자전거,여,79세,경상,승용,여,40세,상해없음
2019101100100163,2019년 10월 11일 08시,금요일,경상북도 영천시 임고면,경상사고,0,0,1,0,차대차 - 후진중충돌,안전운전불이행,건조,맑음,교차로 - 교차로안,화물,남,57세,상해없음,승용,남,40세,경상
2019101100100164,2019년 10월 11일 08시,금요일,경상북도 예천군 예천읍,중상사고,0,1,0,0,차대차 - 측면충돌,안전거리미확보,건조,맑음,교차로 - 교차로안,이륜,남,83세,중상,화물,남,76세,상해없음
2019101100100165,2019년 10월 11일 08시,금요일,경상북도 봉화군 봉화읍,경상사고,0,0,1,0,차대차 - 측면충돌,신호위반,건조,맑음,교차로 - 교차로안,승용,남,20세,상해없음,승용,여,51세,경상
2019101100100207,2019년 10월 11일 09시,금요일,경상북도 포항시 북구 우현동,중상사고,0,1,0,0,차대사람 - 횡단중,보행자보호의무위반,건조,맑음,교차로 - 교차로횡단보도내,승용,여,38세,상해없음,보행자,남,71세,중상
2019101100100239,2019년 10월 11일 10시,금요일,경상북도 예천군 예천읍,중상사고,0,1,1,0,차대차 - 측면충돌,직진우회전진행방해,건조,맑음,교차로 - 교차로안,화물,남,72세,상해없음,이륜,남,66세,경상
2019101100100240,2019년 10월 11일 10시,금요일,경상북도 예천군 예천읍,중상사고,0,2,0,0,차대차 - 후진중충돌,안전운전불이행,건조,맑음,단일로 - 기타,승용,여,62세,상해없음,승용,여,48세,중상
2019101100100241,2019년 10월 11일 10시,금요일,경상북도 봉화군 법전면,경상사고,0,0,1,1,차대차 - 정면충돌,안전운전불이행,건조,맑음,단일로 - 기타,화물,남,79세,부상신고,화물,남,54세,경상
2019101100100277,2019년 10월 11일 11시,금요일,경상북도 구미시 원평동,경상사고,0,0,1,0,차대차 - 추돌,안전운전불이행,건조,맑음,단일로 - 기타,승용,여,41세,상해없음,화물,남,36세,경상
2019101100100278,2019년 10월 11일 11시,금요일,경상북도 포항시 남구 구룡포읍,경상사고,0,0,1,0,차대차 - 측면충돌,안전운전불이행,건조,맑음,단일로 - 기타,승용,남,64세,상해없음,승용,남,33세,경상
2019101100100306,2019년 10월 11일 12시,금요일,경상북도 경주시 성동동,중상사고,0,1,0,0,차대차 - 측면충돌,안전운전불이행,건조,맑음,교차로 - 교차로안,자전거,남,85세,중상,승합,남,58세,상해없음
2019101100100307,2019년 10월 11일 12시,금요일,경상북도 김천시 부곡동,경상사고,0,0,1,0,차대차 - 측면충돌,중앙선침범,건조,맑음,교차로 - 교차로부근,승용,여,48세,상해없음,승용,남,50세,상해없음
2019101100100308,2019년 10월 11일 12시,금요일,경상북도 상주시 냉림동,중상사고,0,1,1,0,차대차 - 측면충돌,신호위반,건조,맑음,교차로 - 교차로안,승용,남,49세,중상,화물,남,51세,경상
2019101100100365,2019년 10월 11일 14시,금요일,경상북도 포항시 북구 양덕동,경상사고,0,0,3,0,차대차 - 측면충돌,신호위반,건조,맑음,교차로 - 교차로안,승용,남,75세,경상,승용,남,33세,경상
2019101100100366,2019년 10월 11일 14시,금요일,경상북도 경산시 정평동,경상사고,0,0,1,0,차대차 - 측면충돌,보행자보호의무위반,건조,맑음,교차로 - 교차로안,승용,여,54세,상해없음,자전거,여,9세,경상
2019101100100367,2019년 10월 11일 14시,금요일,경상북도 포항시 남구 구룡포읍,중상사고,0,1,1,0,차대차 - 기타,교차로운행방법위반,건조,맑음,교차로 - 교차로안,승용,여,29세,경상,승용,남,32세,중상
2019101100100470,2019년 10월 11일 16시,금요일,경상북도 경주시 서악동,중상사고,0,1,0,0,차대차 - 추돌,안전운전불이행,건조,맑음,단일로 - 지하차도(도로)내,이륜,남,85세,중상,농기계,남,64세,기타불명
2019101100100471,2019년 10월 11일 16시,금요일,경상북도 의성군 가음면,중상사고,0,1,0,0,차대차 - 측면충돌,안전운전불이행,건조,맑음,단일로 - 기타,이륜,남,61세,중상,화물,남,47세,상해없음
2019101100100472,2019년 10월 11일 16시,금요일,경상북도 영천시 금호읍,중상사고,0,1,0,0,차대사람 - 차도통행중,안전운전불이행,건조,맑음,교차로 - 교차로안,화물,남,73세,상해없음,보행자,여,22세,중상
2019101100100473,2019년 10월 11일 16시,금요일,경상북도 영천시 화산면,중상사고,0,1,0,0,차대차 - 추돌,안전운전불이행,건조,맑음,단일로 - 기타,특수,남,45세,상해없음,화물,남,26세,중상
2019101100100525,2019년 10월 11일 17시,금요일,경상북도 경주시 외동읍,경상사고,0,0,1,0,차대차 - 정면충돌,안전운전불이행,건조,맑음,단일로 - 기타,승용,남,27세,기타불명,이륜,남,35세,경상
2019101100100526,2019년 10월 11일 17시,금요일,경상북도 상주시 냉림동,중상사고,0,1,0,0,차대차 - 측면충돌,교차로운행방법위반,건조,맑음,교차로 - 교차로안,승용,여,47세,상해없음,자전거,남,61세,중상
2019101100100527,2019년 10월 11일 17시,금요일,경상북도 경산시 계양동,경상사고,0,0,1,0,차대차 - 기타,안전운전불이행,건조,맑음,교차로 - 교차로안,승용,여,59세,기타불명,이륜,남,25세,경상
2019101100100582,2019년 10월 11일 18시,금요일,경상북도 경주시 현곡면,경상사고,0,0,2,0,차대차 - 측면충돌,교차로운행방법위반,건조,맑음,교차로 - 교차로안,승용,남,56세,상해없음,승용,남,44세,경상
2019101100100583,2019년 10월 11일 18시,금요일,경상북도 안동시 용상동,경상사고,0,0,1,0,차대사람 - 횡단중,보행자보호의무위반,건조,맑음,교차로 - 교차로횡단보도내,승용,남,52세,상해없음,보행자,남,36세,경상
2019101100100584,2019년 10월 11일 18시,금요일,경상북도 김천시 신음동,경상사고,0,0,1,0,차대사람 - 횡단중,보행자보호의무위반,건조,맑음,단일로 - 기타,승용,여,34세,상해없음,보행자,여,75세,경상
2019101100100585,2019년 10월 11일 18시,금요일,경상북도 김천시 평화동,경상사고,0,0,1,0,차대차 - 측면충돌,교차로운행방법위반,건조,맑음,교차로 - 교차로안,승용,남,52세,상해없음,자전거,남,77세,경상
2019101100100586,2019년 10월 11일 18시,금요일,경상북도 김천시 덕곡동,경상사고,0,0,2,0,차대차 - 추돌,안전운전불이행,건조,맑음,단일로 - 기타,승용,남,35세,상해없음,승용,여,36세,상해없음
2019101100100587,2019년 10월 11일 18시,금요일,경상북도 영주시 상망동,중상사고,0,1,1,0,차대차 - 측면충돌,안전운전불이행,건조,맑음,교차로 - 교차로안,승용,여,45세,경상,승용,여,52세,중상
2019101100100703,2019년 10월 11일 20시,금요일,경상북도 경주시 건천읍,경상사고,0,0,1,0,차대차 - 후진중충돌,안전운전불이행,건조,맑음,단일로 - 교량,승용,기타불명,미분류,기타불명,승합,남,64세,경상
2019101100100704,2019년 10월 11일 20시,금요일,경상북도 영천시 대창면,중상사고,0,1,0,0,차량단독 - 도로외이탈 - 기타,안전운전불이행,건조,맑음,단일로 - 기타,이륜,남,61세,중상,,,,
2019101100100705,2019년 10월 11일 20시,금요일,경상북도 청송군 부남면,사망사고,1,2,0,0,차대사람 - 횡단중,안전운전불이행,건조,맑음,단일로 - 지하차도(도로)내,승용,남,76세,상해없음,보행자,여,77세,사망
2019101100100737,2019년 10월 11일 21시,금요일,경상북도 포항시 남구 구룡포읍,경상사고,0,0,1,0,차대차 - 측면충돌,교차로운행방법위반,건조,맑음,교차로 - 교차로안,승용,남,72세,상해없음,승용,여,60세,경상
2019101100100766,2019년 10월 11일 22시,금요일,경상북도 포항시 북구 학산동,경상사고,0,0,1,0,차대차 - 측면충돌,안전운전불이행,건조,맑음,단일로 - 기타,승용,여,60세,상해없음,승용,여,39세,경상
2019101100100767,2019년 10월 11일 22시,금요일,경상북도 안동시 옥동,경상사고,0,0,1,0,차대차 - 측면충돌,안전운전불이행,건조,맑음,교차로 - 교차로안,승용,여,44세,상해없음,승용,남,31세,경상
2019101100100768,2019년 10월 11일 22시,금요일,경상북도 안동시 일직면,경상사고,0,0,1,0,차량단독 - 도로외이탈 - 추락,안전운전불이행,건조,맑음,단일로 - 기타,화물,남,56세,경상,,,,
2019101100100769,2019년 10월 11일 22시,금요일,경상북도 안동시 송현동,경상사고,0,0,1,0,차대차 - 추돌,안전운전불이행,건조,맑음,교차로 - 교차로부근,승용,남,42세,상해없음,승용,여,46세,경상
2019101100100770,2019년 10월 11일 22시,금요일,경상북도 영천시 망정동,경상사고,0,0,1,0,차대차 - 기타,안전운전불이행,건조,맑음,교차로 - 교차로안,승용,남,46세,상해없음,승용,여,41세,경상
2019101100100798,2019년 10월 11일 23시,금요일,경상북도 칠곡군 왜관읍,경상사고,0,0,1,0,차량단독 - 전도전복 - 전도,안전운전불이행,건조,맑음,교차로 - 교차로안,이륜,남,16세,경상,,,,
2019101200100055,2019년 10월 12일 01시,토요일,경상북도 문경시 유곡동,경상사고,0,0,2,0,차대차 - 추돌,안전거리미확보,건조,맑음,단일로 - 기타,승용,남,25세,상해없음,승용,남,43세,경상
2019101200100069,2019년 10월 12일 02시,토요일,경상북도 안동시 동부동,경상사고,0,0,1,0,차대사람 - 기타,안전운전불이행,건조,맑음,교차로 - 교차로부근,화물,남,45세,상해없음,보행자,남,33세,경상
2019101200100077,2019년 10월 12일 03시,토요일,경상북도 구미시 원평동,부상신고사고,0,0,0,1,차량단독 - 기타,안전운전불이행,건조,맑음,교차로 - 교차로부근,승용,여,34세,부상신고,,,,
2019101200100088,2019년 10월 12일 04시,토요일,경상북도 경산시 임당동,경상사고,0,0,1,0,차대차 - 측면충돌,안전운전불이행,건조,맑음,단일로 - 기타,승용,남,25세,상해없음,승용,남,31세,경상
2019101200100112,2019년 10월 12일 06시,토요일,경상북도 구미시 시미동,경상사고,0,0,2,1,차대차 - 측면충돌,기타,건조,맑음,교차로 - 교차로안,승용,남,28세,부상신고,승용,남,41세,경상
2019101200100129,2019년 10월 12일 07시,토요일,경상북도 고령군 개진면,경상사고,0,0,1,0,차대차 - 추돌,안전운전불이행,건조,맑음,교차로 - 교차로부근,이륜,남,56세,경상,승용,남,41세,기타불명
2019101200100150,2019년 10월 12일 08시,토요일,경상북도 포항시 남구 대송면,경상사고,0,0,1,0,차대차 - 측면충돌,중앙선침범,건조,맑음,단일로 - 기타,승용,남,67세,상해없음,승용,여,28세,경상
2019101200100182,2019년 10월 12일 09시,토요일,경상북도 김천시 모암동,경상사고,0,0,1,0,차대차 - 측면충돌,교차로운행방법위반,건조,맑음,교차로 - 교차로안,승용,남,74세,상해없음,승용,여,43세,경상
2019101200100183,2019년 10월 12일 09시,토요일,경상북도 상주시 인평동,경상사고,0,0,2,0,차대차 - 측면충돌,안전운전불이행,건조,맑음,교차로 - 교차로안,화물,남,67세,경상,화물,남,34세,경상
2019101200100184,2019년 10월 12일 09시,토요일,경상북도 칠곡군 지천면,중상사고,0,1,0,0,차대차 - 측면충돌,안전운전불이행,건조,맑음,단일로 - 기타,승용,여,57세,상해없음,자전거,남,46세,중상
2019101200100185,2019년 10월 12일 09시,토요일,경상북도 영천시 망정동,경상사고,0,0,2,0,차대차 - 추돌,안전운전불이행,건조,맑음,단일로 - 기타,승용,여,45세,경상,승합,남,52세,경상
2019101200100229,2019년 10월 12일 10시,토요일,경상북도 구미시 원평동,경상사고,0,0,1,1,차대차 - 기타,교차로운행방법위반,건조,맑음,교차로 - 교차로부근,이륜,남,80세,부상신고,승용,남,29세,경상
2019101200100269,2019년 10월 12일 11시,토요일,경상북도 경주시 현곡면,중상사고,0,1,2,0,차대차 - 추돌,안전운전불이행,건조,맑음,단일로 - 교량,화물,남,47세,상해없음,승용,남,42세,경상
2019101200100270,2019년 10월 12일 11시,토요일,경상북도 안동시 송현동,경상사고,0,0,1,0,차대차 - 측면충돌,차로위반,건조,맑음,단일로 - 기타,승용,여,44세,경상,승용,남,64세,상해없음
2019101200100271,2019년 10월 12일 11시,토요일,경상북도 김천시 율곡동,중상사고,0,4,1,0,차대차 - 측면충돌,불법유턴,건조,맑음,단일로 - 기타,승용,여,32세,경상,승용,남,30세,중상
2019101200100272,2019년 10월 12일 11시,토요일,경상북도 칠곡군 가산면,중상사고,0,1,0,0,차대차 - 기타,안전운전불이행,건조,맑음,단일로 - 고가도로위,승용,여,48세,상해없음,화물,남,63세,중상
2019101200100273,2019년 10월 12일 11시,토요일,경상북도 칠곡군 동명면,경상사고,0,0,1,0,차대차 - 측면충돌,차로위반,건조,맑음,단일로 - 기타,승용,남,76세,상해없음,승용,여,34세,경상
2019101200100274,2019년 10월 12일 11시,토요일,경상북도 울진군 평해읍,중상사고,0,2,0,0,차대차 - 추돌,안전운전불이행,건조,맑음,교차로 - 교차로부근,화물,남,46세,상해없음,승용,여,50세,상해없음
2019101200100317,2019년 10월 12일 12시,토요일,경상북도 경주시 탑동,경상사고,0,0,2,0,차대차 - 추돌,안전운전불이행,건조,맑음,교차로 - 교차로부근,승용,여,49세,상해없음,승용,남,68세,경상
2019101200100318,2019년 10월 12일 12시,토요일,경상북도 경주시 안강읍,경상사고,0,0,1,0,차대차 - 추돌,안전운전불이행,건조,맑음,교차로 - 교차로부근,승용,남,68세,상해없음,승용,남,39세,경상
2019101200100367,2019년 10월 12일 13시,토요일,경상북도 안동시 용상동,경상사고,0,0,3,0,차대차 - 추돌,안전거리미확보,건조,맑음,단일로 - 기타,승용,남,49세,상해없음,승용,여,22세,경상
2019101200100368,2019년 10월 12일 13시,토요일,경상북도 영천시 완산동,경상사고,0,0,1,0,차대사람 - 횡단중,안전운전불이행,건조,맑음,교차로 - 교차로부근,특수,남,42세,상해없음,보행자,여,62세,경상
2019101200100369,2019년 10월 12일 13시,토요일,경상북도 문경시 점촌동,경상사고,0,0,2,0,차대차 - 측면충돌,안전운전불이행,건조,맑음,교차로 - 교차로안,승용,여,65세,경상,승용,남,53세,경상
2019101200100370,2019년 10월 12일 13시,토요일,경상북도 구미시 봉곡동,중상사고,0,1,0,0,차대차 - 측면충돌,안전운전불이행,건조,맑음,교차로 - 교차로부근,승합,여,59세,상해없음,이륜,여,74세,중상
2019101200100416,2019년 10월 12일 14시,토요일,경상북도 의성군 의성읍,경상사고,0,0,1,0,차대사람 - 횡단중,안전운전불이행,건조,맑음,단일로 - 기타,승합,남,40세,상해없음,보행자,남,23세,경상
2019101200100417,2019년 10월 12일 14시,토요일,경상북도 구미시 도량동,중상사고,0,1,0,0,차대차 - 측면충돌,안전운전불이행,건조,맑음,교차로 - 교차로안,화물,남,39세,상해없음,승용,여,55세,중상
2019101200100418,2019년 10월 12일 14시,토요일,경상북도 김천시 아포읍,중상사고,0,1,0,0,차대차 - 측면충돌,안전운전불이행,건조,맑음,단일로 - 기타,화물,남,41세,상해없음,승용,여,45세,중상
2019101200100470,2019년 10월 12일 15시,토요일,경상북도 경주시 감포읍,중상사고,0,1,0,0,차대사람 - 길가장자리구역통행중,안전운전불이행,건조,맑음,교차로 - 교차로부근,승용,여,29세,상해없음,보행자,남,63세,중상
2019101200100471,2019년 10월 12일 15시,토요일,경상북도 경주시 덕동,중상사고,0,1,0,0,차량단독 - 기타,안전운전불이행,건조,맑음,단일로 - 기타,자전거,남,65세,중상,,,,
2019101200100472,2019년 10월 12일 15시,토요일,경상북도 성주군 벽진면,경상사고,0,0,1,0,차대차 - 기타,안전운전불이행,건조,맑음,교차로 - 교차로안,특수,남,26세,상해없음,이륜,여,69세,경상
2019101200100525,2019년 10월 12일 16시,토요일,경상북도 경주시 동천동,경상사고,0,0,2,0,차대차 - 측면충돌,안전운전불이행,건조,맑음,단일로 - 기타,승용,남,29세,상해없음,화물,남,54세,경상