사고번호,사고일시,요일,시군구,사고내용,사망자수,중상자수,경상자수,부상신고자수,사고유형,법규위반,노면상태,기상상태,도로형태,가해운전자 차종,가해운전자 성별,가해운전자 연령,가해운전자 상해정도,피해운전자 차종,피해운전자 성별,피해운전자 연령,피해운전자 상해정도
2019101200100526,2019년 10월 12일 16시,토요일,경상북도 안동시 길안면,중상사고,0,2,1,0,차대차 - 기타,안전운전불이행,건조,맑음,교차로 - 교차로안,화물,남,47세,상해없음,승합,남,51세,경상
2019101200100527,2019년 10월 12일 16시,토요일,경상북도 상주시 오대동,중상사고,0,1,0,0,차대차 - 측면충돌,안전운전불이행,건조,맑음,단일로 - 기타,농기계,남,82세,중상,화물,남,71세,상해없음
2019101200100528,2019년 10월 12일 16시,토요일,경상북도 영천시 북안면,중상사고,0,2,2,0,차대차 - 측면충돌,안전운전불이행,건조,맑음,단일로 - 기타,승용,남,32세,중상,승용,여,57세,경상
2019101200100529,2019년 10월 12일 16시,토요일,경상북도 문경시 산양면,경상사고,0,0,1,0,차대차 - 측면충돌,안전운전불이행,건조,맑음,교차로 - 교차로안,승용,남,72세,상해없음,이륜,남,87세,경상
2019101200100530,2019년 10월 12일 16시,토요일,경상북도 포항시 남구 연일읍,경상사고,0,0,1,0,차대사람 - 기타,안전운전불이행,건조,맑음,단일로 - 기타,자전거,여,48세,상해없음,보행자,여,81세,경상
2019101200100562,2019년 10월 12일 17시,토요일,경상북도 안동시 옥야동,경상사고,0,0,1,0,차대차 - 측면충돌,차로위반,건조,맑음,단일로 - 기타,승합,남,58세,상해없음,승용,남,53세,경상
2019101200100563,2019년 10월 12일 17시,토요일,경상북도 상주시 남성동,중상사고,0,1,0,0,차대사람 - 횡단중,안전운전불이행,건조,맑음,단일로 - 기타,이륜,여,67세,기타불명,보행자,남,18세,중상
2019101200100564,2019년 10월 12일 17시,토요일,경상북도 문경시 마성면,경상사고,0,0,1,0,차량단독 - 기타,안전운전불이행,건조,맑음,교차로 - 교차로안,자전거,남,37세,경상,,,,
2019101200100565,2019년 10월 12일 17시,토요일,경상북도 경산시 하양읍,경상사고,0,0,1,0,차대차 - 기타,안전운전불이행,건조,맑음,단일로 - 기타,승용,남,27세,상해없음,승합,남,59세,상해없음
2019101200100566,2019년 10월 12일 17시,토요일,경상북도 영덕군 강구면,중상사고,0,1,0,0,차대차 - 기타,안전운전불이행,건조,맑음,단일로 - 기타,승용,남,53세,상해없음,자전거,남,58세,중상
2019101200100567,2019년 10월 12일 17시,토요일,경상북도 고령군 개진면,경상사고,0,0,1,0,차대차 - 측면충돌,안전운전불이행,건조,맑음,단일로 - 기타,이륜,남,77세,경상,화물,남,61세,상해없음
2019101200100606,2019년 10월 12일 18시,토요일,경상북도 경주시 감포읍,중상사고,0,1,1,0,차대차 - 측면충돌,중앙선침범,건조,맑음,단일로 - 기타,승용,남,47세,상해없음,화물,남,69세,중상
2019101200100607,2019년 10월 12일 18시,토요일,경상북도 경주시 외동읍,경상사고,0,0,2,0,차대차 - 측면충돌,안전운전불이행,건조,맑음,교차로 - 교차로안,승용,남,61세,상해없음,승용,여,27세,경상
2019101200100608,2019년 10월 12일 18시,토요일,경상북도 경산시 조영동,경상사고,0,0,1,0,차대사람 - 보도통행중,기타,건조,맑음,단일로 - 기타,자전거,남,22세,상해없음,보행자,남,35세,경상
2019101200100651,2019년 10월 12일 19시,토요일,경상북도 경주시 인왕동,부상신고사고,0,0,0,1,차대차 - 추돌,안전거리미확보,건조,맑음,단일로 - 기타,이륜,남,19세,부상신고,승용,남,58세,상해없음
2019101200100652,2019년 10월 12일 19시,토요일,경상북도 경주시 배동,경상사고,0,0,1,0,차대차 - 측면충돌,불법유턴,건조,맑음,교차로 - 교차로부근,승합,남,64세,상해없음,이륜,남,25세,경상
2019101200100653,2019년 10월 12일 19시,토요일,경상북도 경산시 옥산동,경상사고,0,0,1,0,차대사람 - 횡단중,신호위반,건조,맑음,교차로 - 교차로안,이륜,남,30세,상해없음,보행자,여,50세,경상
2019101200100654,2019년 10월 12일 19시,토요일,경상북도 성주군 성주읍,사망사고,1,0,1,0,차대차 - 추돌,안전운전불이행,건조,맑음,단일로 - 기타,화물,남,69세,경상,농기계,남,49세,사망
2019101200100692,2019년 10월 12일 20시,토요일,경상북도 구미시 신평동,사망사고,1,0,1,0,차대사람 - 기타,안전운전불이행,건조,맑음,교차로 - 교차로부근,승용,여,47세,경상,보행자,남,49세,사망
2019101200100693,2019년 10월 12일 20시,토요일,경상북도 포항시 남구 해도동,중상사고,0,1,0,0,차대사람 - 차도통행중,과속,건조,맑음,교차로 - 교차로부근,승용,남,48세,상해없음,보행자,남,58세,중상
2019101200100694,2019년 10월 12일 20시,토요일,경상북도 포항시 남구 오천읍,중상사고,0,1,0,0,차대차 - 기타,안전운전불이행,건조,맑음,단일로 - 기타,승용,남,22세,상해없음,이륜,남,59세,중상
2019101200100723,2019년 10월 12일 21시,토요일,경상북도 포항시 북구 상원동,경상사고,0,0,1,0,차대차 - 측면충돌,교차로운행방법위반,건조,맑음,교차로 - 교차로안,승용,남,62세,상해없음,승용,남,28세,경상
2019101200100724,2019년 10월 12일 21시,토요일,경상북도 안동시 옥동,경상사고,0,0,1,0,차대차 - 기타,안전운전불이행,건조,맑음,교차로 - 교차로부근,승용,남,69세,상해없음,승용,여,40세,경상
2019101200100725,2019년 10월 12일 21시,토요일,경상북도 김천시 부곡동,중상사고,0,1,0,0,차대사람 - 기타,안전운전불이행,기타,맑음,기타 - 기타,승용,남,48세,상해없음,보행자,남,48세,중상
2019101200100726,2019년 10월 12일 21시,토요일,경상북도 문경시 점촌동,경상사고,0,0,2,0,차대차 - 정면충돌,중앙선침범,건조,맑음,단일로 - 기타,승합,남,37세,상해없음,이륜,남,19세,경상
2019101200100727,2019년 10월 12일 21시,토요일,경상북도 경산시 진량읍,경상사고,0,0,2,0,차대차 - 측면충돌,안전운전불이행,건조,맑음,교차로 - 교차로안,승용,남,53세,상해없음,화물,남,65세,경상
2019101200100728,2019년 10월 12일 21시,토요일,경상북도 구미시 임수동,중상사고,0,1,0,0,차대사람 - 기타,안전운전불이행,건조,맑음,단일로 - 기타,승용,남,35세,상해없음,보행자,여,55세,중상
2019101200100729,2019년 10월 12일 21시,토요일,경상북도 구미시 상모동,경상사고,0,0,1,0,차대차 - 기타,안전거리미확보,건조,맑음,교차로 - 교차로부근,승용,남,58세,상해없음,이륜,남,27세,경상
2019101200100730,2019년 10월 12일 21시,토요일,경상북도 포항시 남구 해도동,중상사고,0,1,0,0,차대사람 - 횡단중,안전운전불이행,건조,흐림,교차로 - 교차로횡단보도내,기타불명,기타불명,미분류,기타불명,보행자,남,63세,중상
2019101200100778,2019년 10월 12일 23시,토요일,경상북도 칠곡군 왜관읍,경상사고,0,0,1,1,차대차 - 측면충돌,교차로운행방법위반,건조,맑음,교차로 - 교차로안,승용,남,45세,부상신고,화물,남,41세,경상
2019101300100024,2019년 10월 13일 00시,일요일,경상북도 포항시 북구 흥해읍,경상사고,0,0,1,0,차대사람 - 횡단중,보행자보호의무위반,건조,맑음,단일로 - 기타,승용,남,55세,상해없음,보행자,남,26세,경상
2019101300100060,2019년 10월 13일 03시,일요일,경상북도 포항시 남구 효자동,중상사고,0,1,0,0,차대사람 - 차도통행중,안전운전불이행,건조,맑음,단일로 - 기타,승용,남,30세,상해없음,보행자,남,41세,중상
2019101300100069,2019년 10월 13일 04시,일요일,경상북도 경산시 사동,경상사고,0,0,1,0,차대차 - 측면충돌,신호위반,건조,맑음,교차로 - 교차로안,승용,여,59세,상해없음,승용,여,64세,경상
2019101300100080,2019년 10월 13일 05시,일요일,경상북도 경주시 성건동,경상사고,0,0,1,0,차량단독 - 공작물충돌,안전운전불이행,건조,맑음,단일로 - 지하차도(도로)내,승용,남,20세,경상,,,,
2019101300100091,2019년 10월 13일 06시,일요일,경상북도 경산시 와촌면,중상사고,0,2,3,0,차대차 - 추돌,안전운전불이행,건조,맑음,단일로 - 기타,승용,남,48세,상해없음,승용,남,30세,중상
2019101300100103,2019년 10월 13일 07시,일요일,경상북도 구미시 광평동,중상사고,0,1,0,0,차대차 - 측면충돌,안전운전불이행,건조,맑음,단일로 - 기타,자전거,남,73세,중상,승용,남,62세,상해없음
2019101300100104,2019년 10월 13일 07시,일요일,경상북도 포항시 남구 대도동,경상사고,0,0,1,0,차대차 - 추돌,안전운전불이행,건조,맑음,교차로 - 교차로부근,승합,남,36세,상해없음,승용,남,59세,경상
2019101300100128,2019년 10월 13일 09시,일요일,경상북도 칠곡군 석적읍,부상신고사고,0,0,0,1,차대차 - 측면충돌,안전운전불이행,건조,맑음,단일로 - 기타,화물,여,35세,부상신고,화물,남,37세,기타불명
2019101300100129,2019년 10월 13일 09시,일요일,경상북도 문경시 가은읍,경상사고,0,0,5,0,차대차 - 정면충돌,중앙선침범,건조,맑음,단일로 - 기타,화물,남,66세,상해없음,승용,여,52세,경상
2019101300100130,2019년 10월 13일 09시,일요일,경상북도 포항시 남구 대잠동,경상사고,0,0,3,0,차대차 - 기타,직진우회전진행방해,건조,맑음,교차로 - 교차로안,승용,여,28세,경상,승용,남,37세,경상
2019101300100151,2019년 10월 13일 10시,일요일,경상북도 포항시 북구 덕산동,경상사고,0,0,3,0,차대차 - 기타,안전운전불이행,건조,맑음,교차로 - 교차로부근,승용,남,58세,상해없음,승용,남,23세,경상
2019101300100152,2019년 10월 13일 10시,일요일,경상북도 영주시 영주동,경상사고,0,0,1,0,차대차 - 기타,안전운전불이행,건조,맑음,단일로 - 기타,승용,남,33세,상해없음,자전거,남,54세,경상
2019101300100153,2019년 10월 13일 10시,일요일,경상북도 예천군 예천읍,중상사고,0,1,0,0,차대차 - 측면충돌,안전운전불이행,건조,맑음,교차로 - 교차로안,화물,남,51세,상해없음,승용,남,61세,중상
2019101300100154,2019년 10월 13일 10시,일요일,경상북도 구미시 진평동,중상사고,0,1,0,0,차대차 - 기타,안전운전불이행,건조,맑음,단일로 - 기타,승용,남,18세,상해없음,승용,남,47세,중상
2019101300100155,2019년 10월 13일 10시,일요일,경상북도 구미시 인의동,중상사고,0,1,0,0,차대차 - 측면충돌,중앙선침범,건조,맑음,교차로 - 교차로부근,승용,남,39세,상해없음,승용,남,47세,중상
2019101300100184,2019년 10월 13일 11시,일요일,경상북도 영천시 화남면,경상사고,0,0,1,0,차대차 - 측면충돌,중앙선침범,건조,맑음,단일로 - 기타,농기계,남,79세,경상,승용,여,58세,상해없음
2019101300100185,2019년 10월 13일 11시,일요일,경상북도 문경시 우지동,경상사고,0,0,1,0,차대차 - 추돌,안전운전불이행,건조,맑음,단일로 - 기타,자전거,남,38세,경상,승용,남,28세,상해없음
2019101300100186,2019년 10월 13일 11시,일요일,경상북도 문경시 산양면,경상사고,0,0,4,0,차대차 - 측면충돌,직진우회전진행방해,건조,맑음,교차로 - 교차로안,승용,여,27세,경상,승용,남,29세,경상
2019101300100224,2019년 10월 13일 13시,일요일,경상북도 포항시 남구 오천읍,경상사고,0,0,1,0,차대차 - 기타,안전운전불이행,건조,맑음,단일로 - 기타,승용,남,28세,상해없음,이륜,남,26세,경상
2019101300100261,2019년 10월 13일 14시,일요일,경상북도 문경시 문경읍,경상사고,0,0,2,0,차대차 - 기타,안전운전불이행,건조,기타,기타 - 기타,화물,남,70세,경상,승용,남,30세,경상
2019101300100266,2019년 10월 13일 14시,일요일,경상북도 영주시 봉현면,경상사고,0,0,3,0,차대차 - 추돌,안전운전불이행,건조,맑음,단일로 - 교량,승용,여,53세,경상,화물,남,53세,상해없음
2019101300100267,2019년 10월 13일 14시,일요일,경상북도 칠곡군 석적읍,중상사고,0,1,0,0,차대사람 - 기타,안전운전불이행,건조,맑음,단일로 - 기타,승용,남,53세,상해없음,보행자,남,20세,중상
2019101300100268,2019년 10월 13일 14시,일요일,경상북도 문경시 문경읍,경상사고,0,0,4,0,차대차 - 측면충돌,안전운전불이행,건조,맑음,주차장 - 주차장,화물,남,70세,상해없음,승용,남,30세,경상
2019101300100269,2019년 10월 13일 14시,일요일,경상북도 구미시 부곡동,경상사고,0,0,1,0,차대차 - 추돌,안전거리미확보,건조,맑음,단일로 - 기타,승용,남,44세,상해없음,승용,남,35세,상해없음
2019101300100309,2019년 10월 13일 15시,일요일,경상북도 울진군 금강송면,경상사고,0,0,1,0,차대차 - 측면충돌,안전거리미확보,건조,맑음,단일로 - 기타,화물,남,59세,상해없음,승용,여,40세,경상
2019101300100332,2019년 10월 13일 16시,일요일,경상북도 성주군 용암면,경상사고,0,0,1,0,차대차 - 측면충돌,신호위반,건조,맑음,교차로 - 교차로안,승용,남,36세,상해없음,화물,남,60세,경상
2019101300100370,2019년 10월 13일 17시,일요일,경상북도 청도군 화양읍,경상사고,0,0,1,0,차대사람 - 차도통행중,안전운전불이행,건조,맑음,기타 - 기타,승용,남,60세,상해없음,보행자,남,40세,경상
2019101300100403,2019년 10월 13일 18시,일요일,경상북도 안동시 태화동,경상사고,0,0,1,0,차대차 - 기타,안전운전불이행,건조,맑음,단일로 - 기타,이륜,남,49세,경상,승용,남,37세,상해없음
2019101300100404,2019년 10월 13일 18시,일요일,경상북도 영주시 하망동,경상사고,0,0,1,0,차대차 - 측면충돌,교차로운행방법위반,건조,맑음,교차로 - 교차로안,승용,여,64세,상해없음,승용,남,65세,경상
2019101300100405,2019년 10월 13일 18시,일요일,경상북도 칠곡군 북삼읍,경상사고,0,0,1,0,차대차 - 정면충돌,안전운전불이행,건조,맑음,교차로 - 교차로부근,승용,여,45세,상해없음,이륜,남,50세,경상
2019101300100406,2019년 10월 13일 18시,일요일,경상북도 구미시 선산읍,중상사고,0,1,2,0,차대차 - 기타,안전운전불이행,건조,맑음,단일로 - 기타,이륜,남,59세,경상,이륜,여,53세,경상
2019101300100407,2019년 10월 13일 18시,일요일,경상북도 구미시 인의동,경상사고,0,0,2,0,차대차 - 측면충돌,안전운전불이행,건조,맑음,교차로 - 교차로안,승용,남,55세,상해없음,승용,남,29세,경상
2019101300100441,2019년 10월 13일 19시,일요일,경상북도 포항시 북구 두호동,경상사고,0,0,1,0,차대사람 - 기타,안전운전불이행,건조,맑음,단일로 - 기타,자전거,여,43세,상해없음,보행자,여,66세,경상
2019101300100442,2019년 10월 13일 19시,일요일,경상북도 칠곡군 동명면,중상사고,0,4,1,0,차대사람 - 길가장자리구역통행중,안전운전불이행,건조,맑음,단일로 - 기타,화물,남,69세,경상,보행자,남,47세,중상
2019101300100443,2019년 10월 13일 19시,일요일,경상북도 영천시 오수동,경상사고,0,0,1,0,차대차 - 측면충돌,안전운전불이행,건조,맑음,단일로 - 기타,승용,여,31세,상해없음,승용,남,35세,경상
2019101300100474,2019년 10월 13일 20시,일요일,경상북도 구미시 공단동,경상사고,0,0,3,0,차대차 - 기타,안전운전불이행,건조,맑음,단일로 - 기타,이륜,남,17세,경상,승용,여,29세,경상
2019101300100497,2019년 10월 13일 21시,일요일,경상북도 경주시 시래동,경상사고,0,0,1,0,차대차 - 후진중충돌,안전운전불이행,건조,맑음,단일로 - 기타,승용,여,53세,상해없음,승용,남,45세,경상
2019101300100529,2019년 10월 13일 23시,일요일,경상북도 영천시 금호읍,중상사고,0,2,2,0,차대차 - 추돌,안전운전불이행,건조,맑음,교차로 - 교차로부근,승용,여,49세,기타불명,승합,남,70세,중상
2019101400100033,2019년 10월 14일 00시,월요일,경상북도 안동시 운흥동,중상사고,0,1,0,0,차량단독 - 공작물충돌,안전운전불이행,건조,맑음,단일로 - 기타,승용,남,31세,중상,,,,
2019101400100034,2019년 10월 14일 00시,월요일,경상북도 안동시 풍천면,사망사고,1,0,0,0,차량단독 - 도로외이탈 - 추락,안전운전불이행,건조,맑음,단일로 - 기타,승용,남,38세,사망,,,,
2019101400100047,2019년 10월 14일 04시,월요일,경상북도 문경시 마성면,경상사고,0,0,1,0,차대차 - 측면충돌,안전운전불이행,건조,맑음,단일로 - 기타,화물,남,50세,상해없음,승용,남,47세,경상
2019101400100059,2019년 10월 14일 05시,월요일,경상북도 포항시 남구 지곡동,경상사고,0,0,2,0,차대차 - 측면충돌,직진우회전진행방해,건조,맑음,교차로 - 교차로안,승용,여,45세,상해없음,승용,남,63세,경상
2019101400100075,2019년 10월 14일 06시,월요일,경상북도 경주시 탑동,경상사고,0,0,1,0,차대차 - 추돌,안전운전불이행,건조,맑음,교차로 - 교차로부근,승용,남,46세,상해없음,승용,여,57세,경상
2019101400100094,2019년 10월 14일 07시,월요일,경상북도 경주시 현곡면,경상사고,0,0,2,0,차대차 - 측면충돌,안전운전불이행,건조,맑음,교차로 - 교차로안,승용,여,50세,경상,승용,남,28세,경상
2019101400100095,2019년 10월 14일 07시,월요일,경상북도 칠곡군 약목면,중상사고,0,1,0,0,차대차 - 기타,안전운전불이행,건조,맑음,단일로 - 기타,화물,남,56세,상해없음,자전거,남,34세,중상
2019101400100096,2019년 10월 14일 07시,월요일,경상북도 경산시 하양읍,경상사고,0,0,3,0,차대차 - 측면충돌,중앙선침범,건조,맑음,단일로 - 기타,승용,남,33세,상해없음,승합,남,49세,경상
2019101400100097,2019년 10월 14일 07시,월요일,경상북도 포항시 남구 대송면,경상사고,0,0,1,0,차대차 - 기타,안전운전불이행,건조,맑음,교차로 - 교차로안,기타불명,기타불명,미분류,기타불명,자전거,여,72세,경상
2019101400100137,2019년 10월 14일 08시,월요일,경상북도 경주시 강동면,경상사고,0,0,1,1,차대차 - 추돌,안전운전불이행,건조,맑음,교차로 - 교차로부근,승용,남,31세,경상,승용,남,75세,부상신고
2019101400100138,2019년 10월 14일 08시,월요일,경상북도 구미시 황상동,경상사고,0,0,1,0,차대차 - 기타,안전거리미확보,건조,맑음,교차로 - 교차로부근,승용,남,42세,상해없음,승용,여,34세,경상
2019101400100179,2019년 10월 14일 09시,월요일,경상북도 영천시 임고면,경상사고,0,0,2,0,차대차 - 측면충돌,안전운전불이행,건조,맑음,교차로 - 교차로안,승용,남,76세,경상,승용,여,53세,경상
2019101400100219,2019년 10월 14일 10시,월요일,경상북도 영주시 상망동,경상사고,0,0,1,0,차대차 - 추돌,안전운전불이행,건조,맑음,교차로 - 교차로안,승용,남,55세,상해없음,승용,남,60세,경상
2019101400100254,2019년 10월 14일 11시,월요일,경상북도 의성군 의성읍,중상사고,0,1,0,0,차대사람 - 길가장자리구역통행중,안전운전불이행,건조,맑음,교차로 - 교차로안,화물,남,80세,상해없음,보행자,여,80세,중상
2019101400100255,2019년 10월 14일 11시,월요일,경상북도 영양군 영양읍,경상사고,0,0,1,0,차대차 - 측면충돌,직진우회전진행방해,건조,맑음,교차로 - 교차로안,화물,남,37세,상해없음,이륜,남,63세,경상
2019101400100299,2019년 10월 14일 12시,월요일,경상북도 예천군 호명면,경상사고,0,0,1,0,차대사람 - 기타,안전운전불이행,건조,맑음,단일로 - 기타,승합,남,44세,상해없음,보행자,여,75세,경상
2019101400100300,2019년 10월 14일 12시,월요일,경상북도 포항시 남구 상도동,경상사고,0,0,1,0,차대차 - 측면충돌,안전운전불이행,건조,맑음,교차로 - 교차로안,승용,여,61세,경상,승용,남,48세,상해없음
2019101400100337,2019년 10월 14일 13시,월요일,경상북도 경주시 노서동,경상사고,0,0,2,0,차대차 - 측면충돌,안전거리미확보,건조,맑음,교차로 - 교차로부근,건설기계,남,62세,상해없음,승용,여,45세,경상
2019101400100338,2019년 10월 14일 13시,월요일,경상북도 포항시 북구 득량동,경상사고,0,0,1,0,차대사람 - 횡단중,안전운전불이행,건조,맑음,교차로 - 교차로횡단보도내,승용,여,34세,상해없음,보행자,남,75세,경상
2019101400100339,2019년 10월 14일 13시,월요일,경상북도 포항시 북구 양덕동,경상사고,0,0,1,0,차대사람 - 보도통행중,기타,건조,맑음,단일로 - 기타,승용,여,30세,상해없음,보행자,여,10세,경상
2019101400100340,2019년 10월 14일 13시,월요일,경상북도 울진군 근남면,중상사고,0,1,0,0,차대차 - 측면충돌,교차로운행방법위반,건조,맑음,교차로 - 교차로안,화물,남,62세,상해없음,이륜,남,79세,중상
2019101400100341,2019년 10월 14일 13시,월요일,경상북도 포항시 남구 연일읍,중상사고,0,1,0,0,차대차 - 기타,안전운전불이행,건조,맑음,교차로 - 교차로안,이륜,남,20세,중상,승용,남,46세,상해없음
2019101400100380,2019년 10월 14일 14시,월요일,경상북도 의성군 의성읍,경상사고,0,0,1,0,차대차 - 측면충돌,불법유턴,건조,맑음,교차로 - 교차로부근,승용,남,69세,상해없음,승용,남,32세,경상
2019101400100415,2019년 10월 14일 15시,월요일,경상북도 김천시 용두동,중상사고,0,1,0,0,차대사람 - 횡단중,보행자보호의무위반,건조,맑음,교차로 - 교차로횡단보도내,화물,여,59세,상해없음,보행자,남,45세,중상
2019101400100416,2019년 10월 14일 15시,월요일,경상북도 구미시 장천면,경상사고,0,0,2,0,차대차 - 정면충돌,중앙선침범,건조,맑음,단일로 - 기타,화물,남,58세,상해없음,화물,남,68세,경상
2019101400100417,2019년 10월 14일 15시,월요일,경상북도 구미시 고아읍,경상사고,0,0,1,0,차대차 - 기타,안전운전불이행,건조,맑음,단일로 - 기타,승용,여,47세,상해없음,화물,남,26세,경상
2019101400100418,2019년 10월 14일 15시,월요일,경상북도 포항시 남구 연일읍,중상사고,0,1,1,0,차량단독 - 공작물충돌,안전운전불이행,건조,맑음,단일로 - 기타,승용,남,65세,경상,,,,
2019101400100464,2019년 10월 14일 16시,월요일,경상북도 경주시 건천읍,중상사고,0,1,1,0,차대차 - 측면충돌,신호위반,건조,맑음,교차로 - 교차로안,승용,여,45세,경상,화물,남,60세,중상
2019101400100465,2019년 10월 14일 16시,월요일,경상북도 포항시 북구 송라면,중상사고,0,2,0,0,차대차 - 추돌,안전거리미확보,건조,맑음,교차로 - 교차로부근,화물,남,55세,중상,화물,남,63세,중상
2019101400100466,2019년 10월 14일 16시,월요일,경상북도 포항시 남구 대잠동,경상사고,0,0,1,0,차대차 - 측면충돌,교차로운행방법위반,건조,맑음,교차로 - 교차로안,승용,남,66세,상해없음,승합,남,57세,경상
2019101400100526,2019년 10월 14일 17시,월요일,경상북도 포항시 북구 죽도동,경상사고,0,0,1,0,차대차 - 측면충돌,안전운전불이행,건조,맑음,단일로 - 기타,승용,여,38세,상해없음,승용,여,63세,경상
2019101400100595,2019년 10월 14일 18시,월요일,경상북도 안동시 정상동,경상사고,0,0,2,0,차대차 - 측면충돌,직진우회전진행방해,건조,맑음,교차로 - 교차로안,승용,남,63세,경상,화물,남,34세,경상
2019101400100596,2019년 10월 14일 18시,월요일,경상북도 영주시 하망동,경상사고,0,0,1,0,차대차 - 측면충돌,안전운전불이행,건조,맑음,교차로 - 교차로안,화물,여,57세,상해없음,승용,남,22세,경상
2019101400100597,2019년 10월 14일 18시,월요일,경상북도 칠곡군 왜관읍,중상사고,0,1,1,0,차대차 - 측면충돌,신호위반,건조,맑음,교차로 - 교차로안,승용,여,44세,중상,승용,남,76세,경상
2019101400100598,2019년 10월 14일 18시,월요일,경상북도 포항시 남구 지곡동,경상사고,0,0,3,0,차대차 - 측면충돌,직진우회전진행방해,건조,맑음,교차로 - 교차로안,승용,여,55세,경상,승용,여,39세,경상
2019101400100645,2019년 10월 14일 19시,월요일,경상북도 영천시 조교동,경상사고,0,0,1,0,차대차 - 추돌,안전거리미확보,건조,맑음,단일로 - 기타,승합,여,32세,상해없음,승용,여,58세,경상
2019101400100719,2019년 10월 14일 21시,월요일,경상북도 경주시 현곡면,중상사고,0,1,1,0,차대사람 - 횡단중,신호위반,건조,맑음,교차로 - 교차로안,승용,여,47세,상해없음,보행자,남,31세,경상
2019101400100739,2019년 10월 14일 22시,월요일,경상북도 경주시 황성동,중상사고,0,1,2,0,차대차 - 측면충돌,안전운전불이행,건조,맑음,단일로 - 교량,승용,여,39세,중상,승용,여,48세,상해없음
2019101400100740,2019년 10월 14일 22시,월요일,경상북도 포항시 북구 장성동,경상사고,0,0,1,0,차대사람 - 차도통행중,중앙선침범,건조,맑음,단일로 - 기타,승용,여,37세,상해없음,보행자,남,60세,경상
2019101400100741,2019년 10월 14일 22시,월요일,경상북도 영천시 금호읍,경상사고,0,0,1,0,차량단독 - 기타,안전운전불이행,건조,맑음,교차로 - 교차로안,이륜,남,18세,상해없음,,,,
2019101400100742,2019년 10월 14일 22시,월요일,경상북도 구미시 원평동,경상사고,0,0,1,0,차대차 - 추돌,안전운전불이행,건조,맑음,교차로 - 교차로부근,승용,여,54세,상해없음,승용,남,52세,경상
2019101500100031,2019년 10월 15일 00시,화요일,경상북도 포항시 남구 연일읍,경상사고,0,0,2,0,차대차 - 측면충돌,안전운전불이행,젖음/습기,맑음,교차로 - 교차로부근,승용,여,64세,상해없음,승용,남,44세,경상
2019101500100059,2019년 10월 15일 04시,화요일,경상북도 경주시 구황동,경상사고,0,0,1,0,차량단독 - 공작물충돌,안전운전불이행,젖음/습기,비,단일로 - 지하차도(도로)내,승용,남,29세,경상,,,,
2019101500100086,2019년 10월 15일 06시,화요일,경상북도 의성군 의성읍,경상사고,0,0,2,0,차대차 - 측면충돌,안전운전불이행,건조,맑음,교차로 - 교차로안,화물,남,51세,상해없음,화물,남,50세,상해없음
2019101500100087,2019년 10월 15일 06시,화요일,경상북도 칠곡군 석적읍,사망사고,1,0,0,0,차대차 - 추돌,안전운전불이행,건조,맑음,단일로 - 기타,승용,남,48세,상해없음,농기계,남,76세,사망
2019101500100105,2019년 10월 15일 07시,화요일,경상북도 칠곡군 약목면,경상사고,0,0,1,0,차대차 - 측면충돌,안전운전불이행,건조,맑음,단일로 - 기타,화물,남,71세,상해없음,승용,남,44세,경상
2019101500100106,2019년 10월 15일 07시,화요일,경상북도 영천시 완산동,경상사고,0,0,2,0,차대차 - 측면충돌,교차로운행방법위반,건조,맑음,교차로 - 교차로안,승용,남,74세,경상,화물,남,42세,경상
2019101500100107,2019년 10월 15일 07시,화요일,경상북도 청도군 이서면,경상사고,0,0,1,0,차대차 - 측면충돌,신호위반,건조,맑음,교차로 - 교차로안,건설기계,남,40세,상해없음,승용,남,78세,경상
2019101500100108,2019년 10월 15일 07시,화요일,경상북도 구미시 원평동,중상사고,0,1,0,1,차대차 - 측면충돌,교차로운행방법위반,건조,맑음,교차로 - 교차로안,승용,여,45세,부상신고,승용,여,63세,중상
2019101500100144,2019년 10월 15일 08시,화요일,경상북도 포항시 북구 죽도동,경상사고,0,0,1,0,차대사람 - 보도통행중,보행자보호의무위반,젖음/습기,흐림,교차로 - 교차로횡단보도내,승용,남,74세,상해없음,보행자,여,11세,경상
2019101500100145,2019년 10월 15일 08시,화요일,경상북도 칠곡군 가산면,경상사고,0,0,2,0,차대차 - 정면충돌,신호위반,건조,맑음,교차로 - 교차로안,승용,남,28세,경상,화물,남,35세,경상
2019101500100146,2019년 10월 15일 08시,화요일,경상북도 구미시 공단동,경상사고,0,0,1,0,차대차 - 추돌,안전운전불이행,건조,맑음,교차로 - 교차로부근,승용,남,24세,상해없음,승용,여,25세,경상
2019101500100194,2019년 10월 15일 09시,화요일,경상북도 안동시 송천동,경상사고,0,0,2,0,차대차 - 측면충돌,과속,건조,맑음,교차로 - 교차로안,승용,여,38세,경상,승용,여,63세,경상
2019101500100195,2019년 10월 15일 09시,화요일,경상북도 영천시 문내동,경상사고,0,0,1,0,차대사람 - 길가장자리구역통행중,안전운전불이행,건조,맑음,기타 - 기타,승용,여,56세,상해없음,보행자,여,77세,경상