사고번호,사고일시,요일,시군구,사고내용,사망자수,중상자수,경상자수,부상신고자수,사고유형,법규위반,노면상태,기상상태,도로형태,가해운전자 차종,가해운전자 성별,가해운전자 연령,가해운전자 상해정도,피해운전자 차종,피해운전자 성별,피해운전자 연령,피해운전자 상해정도
2019101500100196,2019년 10월 15일 09시,화요일,경상북도 경산시 하양읍,경상사고,0,0,1,0,차대차 - 추돌,안전거리미확보,건조,맑음,단일로 - 기타,승용,여,73세,상해없음,승용,여,51세,경상
2019101500100280,2019년 10월 15일 11시,화요일,경상북도 상주시 청리면,중상사고,0,1,0,0,차대차 - 정면충돌,중앙선침범,건조,맑음,단일로 - 기타,화물,남,75세,상해없음,이륜,남,29세,중상
2019101500100281,2019년 10월 15일 11시,화요일,경상북도 청송군 주왕산면,중상사고,0,1,0,0,차량단독 - 도로외이탈 - 기타,안전운전불이행,건조,맑음,단일로 - 지하차도(도로)내,자전거,여,50세,중상,,,,
2019101500100323,2019년 10월 15일 12시,화요일,경상북도 포항시 북구 죽도동,중상사고,0,1,0,0,차대사람 - 차도통행중,신호위반,건조,맑음,교차로 - 교차로안,승용,여,64세,상해없음,보행자,여,60세,중상
2019101500100324,2019년 10월 15일 12시,화요일,경상북도 칠곡군 동명면,경상사고,0,0,2,0,차대차 - 측면충돌,안전운전불이행,건조,맑음,단일로 - 기타,승용,남,64세,경상,승용,남,59세,경상
2019101500100325,2019년 10월 15일 12시,화요일,경상북도 경산시 정평동,경상사고,0,0,1,0,차대사람 - 기타,안전운전불이행,건조,맑음,주차장 - 주차장,승용,여,54세,기타불명,보행자,남,20세,경상
2019101500100326,2019년 10월 15일 12시,화요일,경상북도 경산시 용성면,중상사고,0,1,0,0,차대차 - 측면충돌,안전운전불이행,건조,맑음,단일로 - 기타,화물,남,63세,상해없음,자전거,여,83세,중상
2019101500100327,2019년 10월 15일 12시,화요일,경상북도 울릉군 서면,경상사고,0,0,1,0,차대차 - 정면충돌,교차로운행방법위반,건조,맑음,교차로 - 교차로안,화물,남,56세,상해없음,이륜,남,66세,경상
2019101500100328,2019년 10월 15일 12시,화요일,경상북도 구미시 고아읍,중상사고,0,1,0,0,차대차 - 기타,교차로운행방법위반,건조,맑음,교차로 - 교차로안,승합,남,52세,상해없음,승용,남,67세,상해없음
2019101500100365,2019년 10월 15일 13시,화요일,경상북도 안동시 풍산읍,중상사고,0,1,0,0,차대차 - 측면충돌,직진우회전진행방해,건조,맑음,교차로 - 교차로안,승용,남,77세,중상,건설기계,남,51세,상해없음
2019101500100366,2019년 10월 15일 13시,화요일,경상북도 칠곡군 북삼읍,경상사고,0,0,1,0,차대사람 - 기타,안전운전불이행,건조,맑음,단일로 - 기타,승용,여,50세,상해없음,보행자,여,58세,경상
2019101500100367,2019년 10월 15일 13시,화요일,경상북도 청도군 매전면,중상사고,0,1,0,0,차량단독 - 공작물충돌,안전운전불이행,건조,맑음,단일로 - 지하차도(도로)내,농기계,남,82세,중상,,,,
2019101500100443,2019년 10월 15일 15시,화요일,경상북도 영주시 가흥동,중상사고,0,1,0,0,차대사람 - 횡단중,신호위반,건조,맑음,교차로 - 교차로횡단보도내,승용,남,49세,상해없음,보행자,남,83세,중상
2019101500100444,2019년 10월 15일 15시,화요일,경상북도 구미시 진평동,경상사고,0,0,1,0,차대차 - 기타,안전운전불이행,건조,맑음,교차로 - 교차로안,승용,남,39세,상해없음,승용,남,34세,경상
2019101500100486,2019년 10월 15일 16시,화요일,경상북도 안동시 대석동,중상사고,0,1,1,0,차대차 - 측면충돌,직진우회전진행방해,건조,맑음,교차로 - 교차로안,승용,여,62세,상해없음,승용,남,76세,경상
2019101500100487,2019년 10월 15일 16시,화요일,경상북도 상주시 낙동면,경상사고,0,0,1,0,차대차 - 측면충돌,교차로운행방법위반,건조,맑음,교차로 - 교차로안,승합,남,67세,상해없음,이륜,여,63세,경상
2019101500100488,2019년 10월 15일 16시,화요일,경상북도 영주시 가흥동,경상사고,0,0,2,0,차대차 - 기타,안전운전불이행,건조,맑음,교차로 - 교차로안,승용,여,40세,경상,승용,여,41세,경상
2019101500100489,2019년 10월 15일 16시,화요일,경상북도 포항시 남구 동해면,경상사고,0,0,1,0,차대차 - 기타,직진우회전진행방해,건조,맑음,교차로 - 교차로안,승용,여,41세,상해없음,승합,남,51세,상해없음
2019101500100537,2019년 10월 15일 17시,화요일,경상북도 안동시 용상동,중상사고,0,1,0,0,차대차 - 측면충돌,직진우회전진행방해,건조,맑음,교차로 - 교차로안,화물,남,54세,상해없음,자전거,남,34세,중상
2019101500100538,2019년 10월 15일 17시,화요일,경상북도 의성군 안계면,중상사고,0,1,0,0,차대차 - 기타,신호위반,건조,맑음,교차로 - 교차로안,화물,남,54세,상해없음,승용,여,37세,중상
2019101500100539,2019년 10월 15일 17시,화요일,경상북도 칠곡군 북삼읍,경상사고,0,0,1,0,차대차 - 측면충돌,안전운전불이행,건조,맑음,단일로 - 기타,승용,남,61세,상해없음,승용,남,39세,경상
2019101500100594,2019년 10월 15일 18시,화요일,경상북도 경주시 현곡면,중상사고,0,1,1,0,차대차 - 측면충돌,안전운전불이행,건조,맑음,교차로 - 교차로안,승용,남,67세,상해없음,이륜,남,19세,중상
2019101500100595,2019년 10월 15일 18시,화요일,경상북도 안동시 용상동,경상사고,0,0,1,0,차대사람 - 횡단중,보행자보호의무위반,건조,맑음,교차로 - 교차로안,화물,남,53세,상해없음,보행자,남,59세,경상
2019101500100596,2019년 10월 15일 18시,화요일,경상북도 안동시 풍산읍,경상사고,0,0,1,0,차대차 - 추돌,안전운전불이행,건조,맑음,단일로 - 기타,승용,남,70세,상해없음,승용,남,59세,경상
2019101500100597,2019년 10월 15일 18시,화요일,경상북도 경산시 하양읍,중상사고,0,1,0,0,차대차 - 측면충돌,교차로운행방법위반,건조,맑음,교차로 - 교차로안,승용,남,29세,상해없음,이륜,남,28세,중상
2019101500100598,2019년 10월 15일 18시,화요일,경상북도 포항시 남구 청림동,중상사고,0,1,0,0,차대차 - 기타,안전운전불이행,건조,맑음,단일로 - 기타,승용,남,53세,상해없음,이륜,남,45세,중상
2019101500100639,2019년 10월 15일 19시,화요일,경상북도 포항시 북구 죽도동,경상사고,0,0,1,0,차대차 - 측면충돌,신호위반,건조,맑음,교차로 - 교차로부근,이륜,남,30세,상해없음,승용,남,59세,경상
2019101500100640,2019년 10월 15일 19시,화요일,경상북도 김천시 교동,경상사고,0,0,1,0,차대차 - 추돌,안전운전불이행,건조,맑음,기타 - 기타,승합,남,58세,상해없음,승용,여,69세,경상
2019101500100641,2019년 10월 15일 19시,화요일,경상북도 칠곡군 왜관읍,경상사고,0,0,1,0,차대사람 - 횡단중,안전운전불이행,건조,맑음,단일로 - 기타,승용,남,39세,상해없음,보행자,남,4세,경상
2019101500100685,2019년 10월 15일 20시,화요일,경상북도 포항시 북구 죽도동,중상사고,0,1,0,0,차대사람 - 기타,안전운전불이행,건조,맑음,단일로 - 기타,승용,남,51세,상해없음,보행자,여,53세,중상
2019101500100686,2019년 10월 15일 20시,화요일,경상북도 성주군 성주읍,중상사고,0,1,0,0,차량단독 - 도로외이탈 - 추락,안전운전불이행,건조,맑음,단일로 - 기타,화물,남,50세,중상,,,,
2019101500100719,2019년 10월 15일 21시,화요일,경상북도 경주시 양북면,부상신고사고,0,0,0,1,차대차 - 측면충돌,안전운전불이행,건조,맑음,교차로 - 교차로안,승용,여,57세,부상신고,승용,남,39세,상해없음
2019101500100720,2019년 10월 15일 21시,화요일,경상북도 포항시 북구 장성동,경상사고,0,0,1,0,차대차 - 기타,안전운전불이행,건조,맑음,단일로 - 기타,이륜,남,43세,상해없음,승합,남,54세,경상
2019101500100721,2019년 10월 15일 21시,화요일,경상북도 안동시 운흥동,경상사고,0,0,1,0,차대차 - 정면충돌,안전운전불이행,건조,맑음,단일로 - 기타,화물,남,71세,상해없음,승용,남,39세,경상
2019101600100079,2019년 10월 16일 05시,수요일,경상북도 경산시 압량면,경상사고,0,0,1,0,차대사람 - 횡단중,안전운전불이행,건조,맑음,교차로 - 교차로부근,승용,남,68세,상해없음,보행자,남,76세,경상
2019101600100111,2019년 10월 16일 07시,수요일,경상북도 영천시 신령면,중상사고,0,1,5,0,차대차 - 정면충돌,중앙선침범,건조,맑음,단일로 - 기타,승용,남,28세,경상,승합,남,58세,경상
2019101600100112,2019년 10월 16일 07시,수요일,경상북도 영천시 언하동,중상사고,0,1,0,0,차대사람 - 기타,안전운전불이행,건조,맑음,교차로 - 교차로안,승용,여,58세,상해없음,보행자,남,41세,중상
2019101600100113,2019년 10월 16일 07시,수요일,경상북도 포항시 남구 오천읍,경상사고,0,0,1,0,차대차 - 측면충돌,안전운전불이행,건조,맑음,교차로 - 교차로안,자전거,남,78세,경상,화물,남,54세,상해없음
2019101600100114,2019년 10월 16일 07시,수요일,경상북도 포항시 남구 인덕동,중상사고,0,1,1,0,차대차 - 기타,교차로운행방법위반,건조,맑음,교차로 - 교차로안,승용,여,57세,중상,승용,남,39세,경상
2019101600100115,2019년 10월 16일 07시,수요일,경상북도 포항시 남구 해도동,경상사고,0,0,1,0,차대차 - 추돌,안전운전불이행,건조,맑음,교차로 - 교차로안,승용,여,55세,상해없음,자전거,남,82세,경상
2019101600100164,2019년 10월 16일 08시,수요일,경상북도 상주시 냉림동,경상사고,0,0,1,0,차대차 - 측면충돌,안전운전불이행,건조,맑음,단일로 - 기타,농기계,남,77세,경상,승용,남,19세,상해없음
2019101600100165,2019년 10월 16일 08시,수요일,경상북도 예천군 예천읍,중상사고,0,1,1,0,차대차 - 측면충돌,안전운전불이행,건조,맑음,교차로 - 교차로안,화물,남,68세,상해없음,승용,여,22세,경상
2019101600100212,2019년 10월 16일 09시,수요일,경상북도 경주시 건천읍,중상사고,0,1,0,0,차대차 - 측면충돌,안전운전불이행,건조,맑음,단일로 - 지하차도(도로)내,승합,남,44세,상해없음,자전거,남,90세 이상,중상
2019101600100213,2019년 10월 16일 09시,수요일,경상북도 포항시 북구 흥해읍,경상사고,0,0,1,0,차대차 - 측면충돌,안전운전불이행,건조,맑음,교차로 - 교차로안,승용,여,46세,경상,승용,남,49세,상해없음
2019101600100214,2019년 10월 16일 09시,수요일,경상북도 구미시 공단동,경상사고,0,0,2,0,차대차 - 측면충돌,교차로운행방법위반,건조,맑음,교차로 - 교차로안,승용,남,42세,상해없음,승용,남,61세,경상
2019101600100254,2019년 10월 16일 10시,수요일,경상북도 안동시 용상동,경상사고,0,0,1,0,차대차 - 측면충돌,안전운전불이행,건조,맑음,교차로 - 교차로안,자전거,남,65세,경상,승용,남,59세,상해없음
2019101600100255,2019년 10월 16일 10시,수요일,경상북도 의성군 의성읍,경상사고,0,0,2,0,차대차 - 정면충돌,직진우회전진행방해,건조,맑음,교차로 - 교차로안,승용,남,52세,경상,승용,남,27세,경상
2019101600100256,2019년 10월 16일 10시,수요일,경상북도 영천시 임고면,경상사고,0,0,1,0,차대차 - 기타,안전운전불이행,건조,맑음,교차로 - 교차로부근,화물,남,61세,상해없음,화물,남,70세,경상
2019101600100321,2019년 10월 16일 12시,수요일,경상북도 안동시 대석동,중상사고,0,1,0,0,차대차 - 측면충돌,안전운전불이행,건조,맑음,단일로 - 기타,이륜,남,44세,상해없음,자전거,남,67세,중상
2019101600100322,2019년 10월 16일 12시,수요일,경상북도 예천군 감천면,중상사고,0,1,0,0,차대사람 - 기타,안전운전불이행,건조,맑음,단일로 - 기타,승용,남,85세,상해없음,보행자,여,66세,중상
2019101600100364,2019년 10월 16일 13시,수요일,경상북도 포항시 북구 용흥동,중상사고,0,1,2,0,차대차 - 측면충돌,중앙선침범,건조,맑음,교차로 - 교차로안,승용,남,71세,경상,승용,여,64세,중상
2019101600100365,2019년 10월 16일 13시,수요일,경상북도 영주시 안정면,중상사고,0,1,0,0,차대차 - 기타,교차로운행방법위반,건조,맑음,교차로 - 교차로안,화물,남,53세,상해없음,승용,여,56세,중상
2019101600100366,2019년 10월 16일 13시,수요일,경상북도 구미시 원평동,경상사고,0,0,2,0,차대차 - 정면충돌,교차로운행방법위반,건조,맑음,교차로 - 교차로안,이륜,남,21세,경상,승용,남,65세,경상
2019101600100367,2019년 10월 16일 13시,수요일,경상북도 구미시 비산동,중상사고,0,1,1,0,차대차 - 기타,교차로운행방법위반,건조,맑음,교차로 - 교차로안,승용,남,47세,경상,승용,남,59세,중상
2019101600100407,2019년 10월 16일 14시,수요일,경상북도 경주시 외동읍,경상사고,0,0,1,0,차대차 - 정면충돌,중앙선침범,건조,맑음,단일로 - 기타,화물,남,53세,상해없음,승용,남,40세,경상
2019101600100441,2019년 10월 16일 15시,수요일,경상북도 경주시 노서동,경상사고,0,0,1,0,차대사람 - 횡단중,안전운전불이행,건조,맑음,단일로 - 기타,승용,남,40세,상해없음,보행자,여,48세,경상
2019101600100442,2019년 10월 16일 15시,수요일,경상북도 포항시 북구 죽도동,경상사고,0,0,1,0,차대사람 - 길가장자리구역통행중,안전운전불이행,건조,맑음,단일로 - 기타,승용,여,63세,상해없음,보행자,남,64세,경상
2019101600100443,2019년 10월 16일 15시,수요일,경상북도 청송군 진보면,중상사고,0,1,0,0,차대차 - 측면충돌,안전운전불이행,건조,맑음,단일로 - 지하차도(도로)내,화물,남,46세,상해없음,이륜,남,79세,중상
2019101600100444,2019년 10월 16일 15시,수요일,경상북도 구미시 공단동,경상사고,0,0,1,0,차대차 - 기타,안전운전불이행,건조,맑음,단일로 - 기타,승용,여,41세,상해없음,승용,남,26세,경상
2019101600100446,2019년 10월 16일 15시,수요일,경상북도 경산시 남천면,중상사고,0,1,1,0,차대차 - 추돌,안전운전불이행,건조,흐림,단일로 - 기타,특수,남,61세,상해없음,화물,남,53세,중상
2019101600100486,2019년 10월 16일 16시,수요일,경상북도 김천시 평화동,경상사고,0,0,7,0,차대차 - 기타,교차로운행방법위반,건조,맑음,교차로 - 교차로안,승용,남,63세,경상,승합,남,62세,경상
2019101600100487,2019년 10월 16일 16시,수요일,경상북도 경산시 압량면,경상사고,0,0,1,0,차대차 - 측면충돌,신호위반,건조,맑음,교차로 - 교차로안,승용,남,57세,상해없음,화물,남,24세,경상
2019101600100488,2019년 10월 16일 16시,수요일,경상북도 구미시 도량동,경상사고,0,0,1,0,차대차 - 기타,안전운전불이행,건조,맑음,교차로 - 교차로부근,승용,여,50세,상해없음,승용,여,50세,경상
2019101600100530,2019년 10월 16일 17시,수요일,경상북도 안동시 태화동,경상사고,0,0,1,0,차대사람 - 기타,안전운전불이행,건조,맑음,교차로 - 교차로안,화물,남,61세,상해없음,보행자,남,63세,경상
2019101600100531,2019년 10월 16일 17시,수요일,경상북도 영주시 휴천동,중상사고,0,1,0,0,차대차 - 기타,안전운전불이행,건조,맑음,교차로 - 교차로안,승용,남,54세,상해없음,이륜,남,43세,중상
2019101600100532,2019년 10월 16일 17시,수요일,경상북도 경산시 중산동,경상사고,0,0,2,0,차대차 - 후진중충돌,안전운전불이행,건조,맑음,단일로 - 기타,승용,남,55세,상해없음,화물,남,55세,경상
2019101600100533,2019년 10월 16일 17시,수요일,경상북도 구미시 상모동,경상사고,0,0,1,0,차대차 - 측면충돌,신호위반,건조,맑음,단일로 - 기타,승용,여,57세,상해없음,자전거,남,35세,경상
2019101600100583,2019년 10월 16일 18시,수요일,경상북도 경주시 산내면,중상사고,0,1,0,0,차대사람 - 길가장자리구역통행중,안전운전불이행,건조,맑음,단일로 - 기타,승용,남,73세,상해없음,보행자,여,85세,중상
2019101600100584,2019년 10월 16일 18시,수요일,경상북도 경주시 석장동,경상사고,0,0,1,0,차대사람 - 횡단중,보행자보호의무위반,건조,맑음,교차로 - 교차로횡단보도내,승용,남,71세,상해없음,보행자,여,20세,경상
2019101600100585,2019년 10월 16일 18시,수요일,경상북도 포항시 북구 학산동,경상사고,0,0,2,0,차대차 - 측면충돌,신호위반,건조,맑음,교차로 - 교차로안,승용,여,64세,상해없음,승용,남,62세,경상
2019101600100586,2019년 10월 16일 18시,수요일,경상북도 안동시 안기동,경상사고,0,0,1,0,차대차 - 기타,안전거리미확보,건조,맑음,단일로 - 기타,승용,남,62세,상해없음,이륜,남,79세,경상
2019101600100587,2019년 10월 16일 18시,수요일,경상북도 김천시 용두동,경상사고,0,0,2,0,차대차 - 측면충돌,교차로운행방법위반,건조,맑음,교차로 - 교차로안,승용,남,25세,경상,승용,여,49세,경상
2019101600100588,2019년 10월 16일 18시,수요일,경상북도 포항시 남구 상도동,경상사고,0,0,1,0,차대차 - 기타,안전운전불이행,건조,맑음,교차로 - 교차로안,승용,여,59세,상해없음,승용,남,32세,경상
2019101600100629,2019년 10월 16일 19시,수요일,경상북도 경주시 건천읍,중상사고,0,1,0,0,차대사람 - 길가장자리구역통행중,안전운전불이행,건조,맑음,단일로 - 지하차도(도로)내,화물,남,70세,상해없음,보행자,여,84세,중상
2019101600100630,2019년 10월 16일 19시,수요일,경상북도 칠곡군 동명면,경상사고,0,0,1,0,차대차 - 측면충돌,안전운전불이행,건조,맑음,교차로 - 교차로안,승용,남,32세,기타불명,자전거,남,15세,경상
2019101600100671,2019년 10월 16일 20시,수요일,경상북도 칠곡군 석적읍,경상사고,0,0,1,0,차대차 - 기타,안전운전불이행,건조,맑음,단일로 - 기타,승용,남,50세,상해없음,이륜,남,19세,경상
2019101600100672,2019년 10월 16일 20시,수요일,경상북도 경산시 사동,경상사고,0,0,2,0,차대차 - 추돌,안전운전불이행,건조,맑음,교차로 - 교차로안,화물,남,53세,상해없음,승용,여,35세,경상
2019101600100698,2019년 10월 16일 21시,수요일,경상북도 포항시 북구 용흥동,중상사고,0,1,0,0,차대차 - 측면충돌,직진우회전진행방해,건조,맑음,교차로 - 교차로안,승용,여,54세,상해없음,이륜,남,60세,중상
2019101600100699,2019년 10월 16일 21시,수요일,경상북도 포항시 남구 오천읍,중상사고,0,1,0,0,차대사람 - 횡단중,안전운전불이행,건조,맑음,단일로 - 기타,승용,여,47세,상해없음,보행자,남,49세,중상
2019101600100725,2019년 10월 16일 22시,수요일,경상북도 경산시 조영동,경상사고,0,0,1,0,차대사람 - 길가장자리구역통행중,안전운전불이행,건조,맑음,교차로 - 교차로안,승용,여,37세,상해없음,보행자,남,50세,경상
2019101700100027,2019년 10월 17일 00시,목요일,경상북도 구미시 신평동,중상사고,0,1,2,0,차대차 - 추돌,안전운전불이행,건조,맑음,교차로 - 교차로부근,승용,남,28세,상해없음,승용,남,41세,경상
2019101700100066,2019년 10월 17일 04시,목요일,경상북도 의성군 봉양면,경상사고,0,0,1,0,차대차 - 추돌,안전운전불이행,건조,맑음,단일로 - 기타,승용,남,36세,경상,화물,남,63세,상해없음
2019101700100067,2019년 10월 17일 04시,목요일,경상북도 구미시 신동,경상사고,0,0,1,0,차대차 - 기타,안전운전불이행,건조,맑음,교차로 - 교차로부근,승용,남,32세,경상,특수,남,59세,상해없음
2019101700100073,2019년 10월 17일 05시,목요일,경상북도 경산시 정평동,경상사고,0,0,1,0,차대차 - 측면충돌,안전운전불이행,건조,맑음,교차로 - 교차로안,승용,남,56세,기타불명,승용,여,50세,경상
2019101700100074,2019년 10월 17일 05시,목요일,경상북도 구미시 도량동,중상사고,0,1,0,0,차대차 - 측면충돌,안전운전불이행,건조,맑음,교차로 - 교차로부근,승용,여,34세,상해없음,자전거,남,63세,중상
2019101700100087,2019년 10월 17일 06시,목요일,경상북도 상주시 함창읍,경상사고,0,0,1,0,차대사람 - 기타,안전운전불이행,젖음/습기,안개,단일로 - 기타,승용,여,48세,상해없음,보행자,여,84세,경상
2019101700100088,2019년 10월 17일 06시,목요일,경상북도 구미시 임은동,경상사고,0,0,1,0,차대차 - 측면충돌,교차로운행방법위반,건조,맑음,교차로 - 교차로안,승용,남,50세,상해없음,승용,남,36세,경상
2019101700100111,2019년 10월 17일 07시,목요일,경상북도 성주군 선남면,경상사고,0,0,1,0,차대차 - 기타,안전운전불이행,건조,맑음,교차로 - 교차로안,화물,남,69세,상해없음,승용,남,58세,상해없음
2019101700100146,2019년 10월 17일 08시,목요일,경상북도 김천시 모암동,경상사고,0,0,1,0,차대차 - 측면충돌,안전거리미확보,건조,맑음,교차로 - 교차로횡단보도내,승용,남,38세,상해없음,승용,여,40세,경상
2019101700100147,2019년 10월 17일 08시,목요일,경상북도 상주시 서문동,경상사고,0,0,1,0,차대차 - 정면충돌,교차로운행방법위반,건조,맑음,교차로 - 교차로안,자전거,여,15세,경상,승용,여,55세,상해없음
2019101700100148,2019년 10월 17일 08시,목요일,경상북도 경산시 압량면,경상사고,0,0,1,0,차대차 - 측면충돌,차로위반,건조,맑음,단일로 - 기타,승용,남,22세,경상,화물,남,59세,상해없음
2019101700100149,2019년 10월 17일 08시,목요일,경상북도 구미시 고아읍,중상사고,0,1,0,0,차대차 - 기타,안전운전불이행,건조,맑음,단일로 - 기타,승용,여,62세,상해없음,승용,남,26세,중상
2019101700100186,2019년 10월 17일 09시,목요일,경상북도 경주시 성건동,부상신고사고,0,0,0,1,차대사람 - 길가장자리구역통행중,안전운전불이행,건조,맑음,교차로 - 교차로부근,승용,남,44세,상해없음,보행자,남,82세,부상신고
2019101700100187,2019년 10월 17일 09시,목요일,경상북도 경주시 안강읍,중상사고,0,1,3,0,차대차 - 기타,중앙선침범,건조,맑음,단일로 - 기타,원동기,남,80세,상해없음,승합,남,51세,상해없음
2019101700100188,2019년 10월 17일 09시,목요일,경상북도 포항시 북구 흥해읍,중상사고,0,2,0,0,차대차 - 측면충돌,신호위반,건조,맑음,단일로 - 교량,특수,남,45세,상해없음,승용,남,71세,중상
2019101700100189,2019년 10월 17일 09시,목요일,경상북도 포항시 북구 죽도동,부상신고사고,0,0,0,1,차대사람 - 기타,안전운전불이행,건조,맑음,단일로 - 기타,승용,남,61세,상해없음,보행자,남,75세,부상신고
2019101700100190,2019년 10월 17일 09시,목요일,경상북도 울진군 평해읍,경상사고,0,0,2,0,차대차 - 추돌,안전운전불이행,건조,맑음,교차로 - 교차로안,승용,남,59세,상해없음,승용,남,73세,경상
2019101700100191,2019년 10월 17일 09시,목요일,경상북도 청송군 현동면,중상사고,0,2,0,0,차대차 - 정면충돌,중앙선침범,건조,맑음,교차로 - 교차로부근,화물,남,64세,중상,승용,여,60세,중상
2019101700100228,2019년 10월 17일 10시,목요일,경상북도 칠곡군 약목면,경상사고,0,0,1,0,차대차 - 추돌,안전거리미확보,건조,맑음,교차로 - 교차로부근,화물,남,49세,상해없음,화물,남,44세,경상
2019101700100229,2019년 10월 17일 10시,목요일,경상북도 봉화군 춘양면,경상사고,0,0,3,0,차대차 - 추돌,안전운전불이행,건조,맑음,교차로 - 교차로부근,화물,남,74세,경상,화물,남,56세,경상
2019101700100230,2019년 10월 17일 10시,목요일,경상북도 청송군 현동면,중상사고,0,1,0,0,차대사람 - 기타,안전운전불이행,건조,맑음,단일로 - 기타,화물,남,44세,상해없음,보행자,여,90세 이상,중상
2019101700100261,2019년 10월 17일 11시,목요일,경상북도 안동시 풍천면,경상사고,0,0,2,0,차대차 - 측면충돌,안전운전불이행,건조,맑음,교차로 - 교차로부근,승용,여,24세,경상,승용,여,35세,경상
2019101700100262,2019년 10월 17일 11시,목요일,경상북도 문경시 문경읍,경상사고,0,0,2,0,차대차 - 추돌,안전운전불이행,건조,맑음,단일로 - 기타,승용,남,72세,상해없음,화물,남,50세,경상
2019101700100290,2019년 10월 17일 12시,목요일,경상북도 경산시 압량면,중상사고,0,1,0,0,차대차 - 정면충돌,중앙선침범,건조,맑음,단일로 - 기타,화물,남,49세,상해없음,이륜,남,58세,중상
2019101700100291,2019년 10월 17일 12시,목요일,경상북도 성주군 벽진면,중상사고,0,1,0,0,차량단독 - 기타,안전운전불이행,건조,맑음,단일로 - 기타,승합,남,63세,상해없음,,,,
2019101700100292,2019년 10월 17일 12시,목요일,경상북도 울진군 죽변면,중상사고,0,1,0,0,차대차 - 기타,교차로운행방법위반,건조,맑음,교차로 - 교차로안,화물,남,45세,상해없음,이륜,여,64세,중상
2019101700100328,2019년 10월 17일 13시,목요일,경상북도 경주시 보문동,경상사고,0,0,1,0,차대차 - 추돌,안전운전불이행,건조,맑음,교차로 - 교차로부근,승용,여,28세,상해없음,승용,여,39세,경상
2019101700100329,2019년 10월 17일 13시,목요일,경상북도 상주시 남성동,경상사고,0,0,2,0,차대차 - 측면충돌,안전운전불이행,건조,맑음,교차로 - 교차로안,승용,여,52세,경상,승용,여,61세,경상
2019101700100400,2019년 10월 17일 15시,목요일,경상북도 구미시 임은동,경상사고,0,0,1,1,차대차 - 추돌,안전운전불이행,건조,맑음,단일로 - 기타,승용,여,56세,부상신고,승용,여,59세,경상
2019101700100435,2019년 10월 17일 16시,목요일,경상북도 김천시 부곡동,경상사고,0,0,1,0,차대사람 - 기타,안전운전불이행,건조,맑음,교차로 - 교차로안,승용,남,52세,상해없음,보행자,여,65세,경상
2019101700100436,2019년 10월 17일 16시,목요일,경상북도 경산시 하양읍,경상사고,0,0,4,0,차대차 - 측면충돌,안전운전불이행,건조,맑음,단일로 - 기타,승용,남,41세,상해없음,승용,남,23세,경상
2019101700100437,2019년 10월 17일 16시,목요일,경상북도 봉화군 소천면,중상사고,0,1,2,0,차대차 - 추돌,안전운전불이행,건조,맑음,단일로 - 기타,화물,남,44세,중상,승용,남,71세,경상
2019101700100477,2019년 10월 17일 17시,목요일,경상북도 경주시 인왕동,중상사고,0,1,0,0,차대차 - 측면충돌,안전운전불이행,건조,맑음,교차로 - 교차로부근,승합,남,67세,상해없음,자전거,남,81세,중상
2019101700100478,2019년 10월 17일 17시,목요일,경상북도 포항시 북구 용흥동,경상사고,0,0,1,0,차대차 - 측면충돌,차로위반,건조,맑음,단일로 - 기타,승용,여,71세,상해없음,승용,여,55세,경상
2019101700100479,2019년 10월 17일 17시,목요일,경상북도 김천시 평화동,경상사고,0,0,1,0,차대차 - 측면충돌,안전운전불이행,건조,맑음,교차로 - 교차로횡단보도내,승용,남,53세,상해없음,자전거,남,70세,경상
2019101700100480,2019년 10월 17일 17시,목요일,경상북도 영주시 적서동,경상사고,0,0,1,0,차량단독 - 공작물충돌,안전운전불이행,건조,맑음,단일로 - 기타,승용,남,77세,경상,,,,
2019101700100540,2019년 10월 17일 18시,목요일,경상북도 김천시 신음동,경상사고,0,0,4,0,차대차 - 측면충돌,안전운전불이행,건조,맑음,교차로 - 교차로부근,승용,남,36세,경상,승합,남,62세,경상
2019101700100541,2019년 10월 17일 18시,목요일,경상북도 상주시 낙동면,경상사고,0,0,1,0,차대차 - 추돌,안전운전불이행,건조,맑음,교차로 - 교차로부근,승용,여,48세,상해없음,농기계,남,66세,경상
2019101700100542,2019년 10월 17일 18시,목요일,경상북도 구미시 구평동,경상사고,0,0,1,0,차대차 - 기타,신호위반,건조,맑음,교차로 - 교차로안,승용,여,37세,상해없음,승용,남,44세,경상
2019101700100543,2019년 10월 17일 18시,목요일,경상북도 구미시 원평동,경상사고,0,0,1,0,차대사람 - 기타,안전운전불이행,건조,맑음,단일로 - 기타,승용,남,62세,상해없음,보행자,남,20세,경상
2019101700100595,2019년 10월 17일 19시,목요일,경상북도 포항시 북구 흥해읍,경상사고,0,0,2,0,차대차 - 기타,신호위반,건조,맑음,교차로 - 교차로안,승용,여,39세,경상,승용,여,49세,경상
2019101700100596,2019년 10월 17일 19시,목요일,경상북도 영주시 가흥동,중상사고,0,1,0,0,차대사람 - 차도통행중,안전운전불이행,건조,맑음,단일로 - 기타,승용,남,78세,상해없음,보행자,남,47세,중상