사고번호,사고일시,요일,시군구,사고내용,사망자수,중상자수,경상자수,부상신고자수,사고유형,법규위반,노면상태,기상상태,도로형태,가해운전자 차종,가해운전자 성별,가해운전자 연령,가해운전자 상해정도,피해운전자 차종,피해운전자 성별,피해운전자 연령,피해운전자 상해정도
2019102100100097,2019년 10월 21일 07시,월요일,경상북도 안동시 옥동,중상사고,0,1,0,0,차대차 - 측면충돌,신호위반,젖음/습기,안개,교차로 - 교차로안,승용,남,54세,상해없음,승용,여,64세,중상
2019102100100098,2019년 10월 21일 07시,월요일,경상북도 구미시 지산동,경상사고,0,0,1,1,차대차 - 기타,교차로운행방법위반,건조,맑음,교차로 - 교차로안,승용,남,45세,부상신고,승용,남,28세,경상
2019102100100143,2019년 10월 21일 08시,월요일,경상북도 포항시 북구 우현동,경상사고,0,0,1,0,차대차 - 측면충돌,신호위반,건조,맑음,교차로 - 교차로안,승용,남,79세,상해없음,승용,여,32세,경상
2019102100100144,2019년 10월 21일 08시,월요일,경상북도 포항시 북구 두호동,경상사고,0,0,1,0,차대차 - 기타,안전운전불이행,건조,맑음,교차로 - 교차로부근,승용,여,47세,상해없음,승용,여,51세,경상
2019102100100145,2019년 10월 21일 08시,월요일,경상북도 안동시 금곡동,경상사고,0,0,1,0,차대차 - 기타,안전운전불이행,건조,맑음,교차로 - 교차로부근,자전거,남,23세,경상,화물,남,42세,상해없음
2019102100100146,2019년 10월 21일 08시,월요일,경상북도 구미시 임은동,경상사고,0,0,2,0,차대차 - 측면충돌,안전운전불이행,건조,맑음,단일로 - 기타,승용,여,48세,상해없음,승용,여,36세,상해없음
2019102100100147,2019년 10월 21일 08시,월요일,경상북도 포항시 남구 인덕동,중상사고,0,1,1,0,차대차 - 측면충돌,직진우회전진행방해,건조,맑음,교차로 - 교차로안,승용,여,46세,경상,승용,남,33세,중상
2019102100100187,2019년 10월 21일 09시,월요일,경상북도 경주시 노서동,경상사고,0,0,1,0,차대차 - 측면충돌,안전운전불이행,건조,맑음,교차로 - 교차로안,화물,남,52세,상해없음,이륜,남,61세,경상
2019102100100188,2019년 10월 21일 09시,월요일,경상북도 안동시 용상동,중상사고,0,1,0,0,차대차 - 측면충돌,안전운전불이행,건조,맑음,단일로 - 기타,승용,여,45세,상해없음,이륜,남,49세,중상
2019102100100189,2019년 10월 21일 09시,월요일,경상북도 성주군 성주읍,경상사고,0,0,1,0,차대차 - 기타,안전운전불이행,건조,맑음,교차로 - 교차로안,화물,남,58세,상해없음,승용,여,61세,경상
2019102100100233,2019년 10월 21일 10시,월요일,경상북도 경주시 충효동,경상사고,0,0,2,1,차대차 - 추돌,안전운전불이행,건조,맑음,단일로 - 기타,승용,여,27세,상해없음,승용,남,38세,경상
2019102100100234,2019년 10월 21일 10시,월요일,경상북도 경주시 성건동,중상사고,0,1,1,0,차대차 - 기타,안전운전불이행,건조,맑음,교차로 - 교차로부근,이륜,남,72세,경상,화물,남,31세,상해없음
2019102100100235,2019년 10월 21일 10시,월요일,경상북도 포항시 북구 죽도동,경상사고,0,0,1,0,차대사람 - 횡단중,보행자보호의무위반,건조,맑음,교차로 - 교차로횡단보도내,승용,남,68세,상해없음,보행자,여,61세,경상
2019102100100236,2019년 10월 21일 10시,월요일,경상북도 상주시 화서면,경상사고,0,0,1,0,차대차 - 추돌,안전운전불이행,건조,맑음,단일로 - 기타,건설기계,남,48세,상해없음,화물,남,69세,경상
2019102100100237,2019년 10월 21일 10시,월요일,경상북도 문경시 흥덕동,경상사고,0,0,1,0,차대사람 - 보도통행중,안전운전불이행,건조,맑음,교차로 - 교차로부근,승용,남,78세,상해없음,보행자,여,53세,경상
2019102100100238,2019년 10월 21일 10시,월요일,경상북도 구미시 도량동,중상사고,0,1,0,1,차대차 - 기타,안전거리미확보,건조,맑음,교차로 - 교차로안,승용,여,65세,부상신고,승용,남,66세,중상
2019102100100239,2019년 10월 21일 10시,월요일,경상북도 포항시 남구 오천읍,경상사고,0,0,1,0,차대차 - 기타,직진우회전진행방해,건조,맑음,교차로 - 교차로안,승용,남,19세,상해없음,이륜,남,16세,경상
2019102100100269,2019년 10월 21일 11시,월요일,경상북도 안동시 도산면,중상사고,0,1,0,1,차대사람 - 기타,중앙선침범,건조,맑음,단일로 - 기타,승용,남,77세,부상신고,보행자,남,58세,중상
2019102100100270,2019년 10월 21일 11시,월요일,경상북도 김천시 대항면,중상사고,0,1,1,0,차대차 - 측면충돌,교차로운행방법위반,건조,맑음,교차로 - 교차로안,승용,남,62세,경상,화물,여,59세,중상
2019102100100271,2019년 10월 21일 11시,월요일,경상북도 예천군 풍양면,중상사고,0,1,0,0,차대차 - 측면충돌,안전운전불이행,건조,맑음,교차로 - 교차로안,승용,남,51세,상해없음,화물,남,54세,중상
2019102100100272,2019년 10월 21일 11시,월요일,경상북도 군위군 소보면,중상사고,0,1,0,0,차대사람 - 기타,안전운전불이행,건조,맑음,단일로 - 기타,승용,남,74세,상해없음,보행자,여,80세,중상
2019102100100273,2019년 10월 21일 11시,월요일,경상북도 구미시 인의동,경상사고,0,0,1,0,차대차 - 측면충돌,교차로운행방법위반,건조,맑음,교차로 - 교차로안,자전거,남,37세,경상,승용,여,58세,상해없음
2019102100100274,2019년 10월 21일 11시,월요일,경상북도 상주시 낙동면,사망사고,3,0,0,0,차대사람 - 기타,안전운전불이행,건조,맑음,단일로 - 기타,화물,남,36세,상해없음,보행자,남,72세,사망
2019102100100314,2019년 10월 21일 12시,월요일,경상북도 경주시 성동동,경상사고,0,0,1,0,차대차 - 측면충돌,안전운전불이행,건조,맑음,교차로 - 교차로안,이륜,남,80세,상해없음,승용,여,30세,경상
2019102100100315,2019년 10월 21일 12시,월요일,경상북도 경주시 외동읍,중상사고,0,1,0,0,차대차 - 측면충돌,안전운전불이행,건조,맑음,교차로 - 교차로부근,자전거,남,77세,중상,화물,남,50세,상해없음
2019102100100316,2019년 10월 21일 12시,월요일,경상북도 김천시 신음동,중상사고,0,1,0,0,차대차 - 측면충돌,기타,건조,맑음,단일로 - 기타,이륜,남,67세,중상,승용,남,53세,상해없음
2019102100100317,2019년 10월 21일 12시,월요일,경상북도 영주시 풍기읍,중상사고,0,1,0,0,차대차 - 기타,중앙선침범,건조,맑음,단일로 - 기타,화물,남,65세,상해없음,이륜,남,38세,중상
2019102100100318,2019년 10월 21일 12시,월요일,경상북도 구미시 산동면,중상사고,0,1,2,0,차대차 - 측면충돌,직진우회전진행방해,건조,맑음,교차로 - 교차로안,화물,남,53세,경상,승용,여,50세,경상
2019102100100362,2019년 10월 21일 13시,월요일,경상북도 칠곡군 석적읍,경상사고,0,0,1,0,차대차 - 정면충돌,안전운전불이행,건조,맑음,단일로 - 기타,자전거,남,23세,상해없음,자전거,여,44세,경상
2019102100100363,2019년 10월 21일 13시,월요일,경상북도 경산시 자인면,중상사고,0,1,0,0,차량단독 - 전도전복 - 전도,안전운전불이행,건조,맑음,단일로 - 기타,이륜,남,66세,중상,,,,
2019102100100405,2019년 10월 21일 14시,월요일,경상북도 경주시 북부동,경상사고,0,0,2,0,차대차 - 측면충돌,안전운전불이행,건조,맑음,교차로 - 교차로안,승용,남,62세,상해없음,승용,남,68세,경상
2019102100100406,2019년 10월 21일 14시,월요일,경상북도 안동시 당북동,중상사고,0,1,0,0,차대차 - 측면충돌,직진우회전진행방해,건조,맑음,교차로 - 교차로안,이륜,남,85세,중상,승용,남,65세,상해없음
2019102100100407,2019년 10월 21일 14시,월요일,경상북도 김천시 대광동,경상사고,0,0,1,0,차대차 - 추돌,안전운전불이행,건조,맑음,단일로 - 기타,화물,남,43세,상해없음,화물,남,66세,경상
2019102100100408,2019년 10월 21일 14시,월요일,경상북도 구미시 인의동,경상사고,0,0,2,0,차대차 - 기타,교차로운행방법위반,건조,맑음,교차로 - 교차로안,승용,남,33세,경상,승용,여,74세,경상
2019102100100440,2019년 10월 21일 15시,월요일,경상북도 포항시 북구 장성동,경상사고,0,0,2,0,차대차 - 측면충돌,신호위반,건조,맑음,교차로 - 교차로안,승용,여,40세,경상,승합,남,50세,경상
2019102100100441,2019년 10월 21일 15시,월요일,경상북도 포항시 북구 흥해읍,부상신고사고,0,0,0,1,차대차 - 측면충돌,차로위반,건조,맑음,단일로 - 기타,승용,남,19세,상해없음,화물,남,48세,부상신고
2019102100100442,2019년 10월 21일 15시,월요일,경상북도 안동시 남선면,중상사고,0,1,2,0,차대차 - 정면충돌,안전운전불이행,건조,맑음,단일로 - 기타,화물,남,42세,경상,화물,남,59세,중상
2019102100100443,2019년 10월 21일 15시,월요일,경상북도 영천시 야사동,경상사고,0,0,1,0,차대차 - 측면충돌,차로위반,건조,맑음,교차로 - 교차로안,화물,남,59세,상해없음,승용,여,55세,경상
2019102100100444,2019년 10월 21일 15시,월요일,경상북도 경산시 하양읍,중상사고,0,1,0,0,차대사람 - 횡단중,보행자보호의무위반,건조,맑음,단일로 - 기타,원동기,남,41세,상해없음,보행자,여,68세,중상
2019102100100445,2019년 10월 21일 15시,월요일,경상북도 구미시 옥계동,중상사고,0,1,0,0,차대차 - 측면충돌,안전운전불이행,건조,맑음,교차로 - 교차로안,승용,여,56세,상해없음,이륜,남,59세,중상
2019102100100446,2019년 10월 21일 15시,월요일,경상북도 포항시 남구 상도동,경상사고,0,0,1,0,차대차 - 기타,안전운전불이행,건조,맑음,단일로 - 지하차도(도로)내,이륜,남,16세,경상,승용,남,50세,상해없음
2019102100100447,2019년 10월 21일 15시,월요일,경상북도 상주시 내서면,사망사고,1,0,0,0,차량단독 - 전도전복 - 전도,안전운전불이행,건조,맑음,단일로 - 기타,건설기계,남,42세,사망,,,,
2019102100100489,2019년 10월 21일 16시,월요일,경상북도 영주시 휴천동,중상사고,0,1,0,0,차대사람 - 횡단중,보행자보호의무위반,건조,맑음,교차로 - 교차로횡단보도내,승용,남,36세,상해없음,보행자,여,69세,중상
2019102100100490,2019년 10월 21일 16시,월요일,경상북도 예천군 예천읍,중상사고,0,1,0,0,차대차 - 측면충돌,안전운전불이행,건조,맑음,교차로 - 교차로부근,이륜,남,77세,중상,승용,여,50세,상해없음
2019102100100491,2019년 10월 21일 16시,월요일,경상북도 포항시 남구 송내동,경상사고,0,0,1,0,차대차 - 추돌,안전운전불이행,건조,맑음,교차로 - 교차로부근,화물,남,69세,상해없음,승용,남,57세,경상
2019102100100534,2019년 10월 21일 17시,월요일,경상북도 경주시 양북면,중상사고,0,1,2,0,차대차 - 측면충돌,안전운전불이행,건조,맑음,단일로 - 기타,화물,여,56세,상해없음,승합,남,54세,중상
2019102100100535,2019년 10월 21일 17시,월요일,경상북도 영주시 하망동,중상사고,0,1,0,0,차대사람 - 기타,안전운전불이행,건조,맑음,교차로 - 교차로부근,승용,여,67세,상해없음,보행자,남,58세,중상
2019102100100536,2019년 10월 21일 17시,월요일,경상북도 영천시 완산동,경상사고,0,0,1,0,차대사람 - 횡단중,보행자보호의무위반,건조,맑음,교차로 - 교차로안,승용,남,64세,상해없음,보행자,남,15세,경상
2019102100100537,2019년 10월 21일 17시,월요일,경상북도 포항시 남구 대잠동,경상사고,0,0,1,0,차대차 - 측면충돌,교차로운행방법위반,건조,맑음,교차로 - 교차로안,승용,여,59세,상해없음,승용,여,56세,경상
2019102100100589,2019년 10월 21일 18시,월요일,경상북도 포항시 북구 죽도동,중상사고,0,1,0,0,차대차 - 측면충돌,안전운전불이행,건조,맑음,교차로 - 교차로안,이륜,여,67세,중상,화물,남,50세,상해없음
2019102100100590,2019년 10월 21일 18시,월요일,경상북도 포항시 북구 장성동,경상사고,0,0,1,0,차대차 - 기타,안전운전불이행,건조,맑음,교차로 - 교차로안,승용,남,52세,상해없음,승용,남,34세,경상
2019102100100591,2019년 10월 21일 18시,월요일,경상북도 안동시 와룡면,중상사고,0,1,2,0,차대차 - 추돌,안전거리미확보,건조,맑음,교차로 - 교차로부근,화물,남,66세,중상,화물,남,64세,경상
2019102100100592,2019년 10월 21일 18시,월요일,경상북도 김천시 평화동,경상사고,0,0,1,0,차대차 - 측면충돌,교차로운행방법위반,건조,맑음,교차로 - 교차로횡단보도내,승용,남,51세,상해없음,자전거,남,12세,경상
2019102100100593,2019년 10월 21일 18시,월요일,경상북도 포항시 남구 오천읍,중상사고,0,1,0,0,차대차 - 기타,안전운전불이행,건조,맑음,단일로 - 기타,승용,남,51세,상해없음,자전거,남,14세,중상
2019102100100640,2019년 10월 21일 19시,월요일,경상북도 영천시 문외동,경상사고,0,0,1,0,차대차 - 후진중충돌,안전운전불이행,건조,맑음,교차로 - 교차로부근,승용,남,58세,상해없음,승용,남,28세,경상
2019102100100658,2019년 10월 21일 20시,월요일,경상북도 경주시 안강읍,경상사고,0,0,2,1,차대차 - 정면충돌,중앙선침범,건조,맑음,단일로 - 기타,승용,여,68세,경상,승합,남,50세,경상
2019102100100659,2019년 10월 21일 20시,월요일,경상북도 영주시 하망동,경상사고,0,0,1,0,차대차 - 기타,안전운전불이행,건조,맑음,교차로 - 교차로안,이륜,남,21세,경상,승용,여,28세,상해없음
2019102100100660,2019년 10월 21일 20시,월요일,경상북도 영천시 금호읍,경상사고,0,0,1,0,차대차 - 기타,안전운전불이행,건조,맑음,교차로 - 교차로부근,승용,남,57세,상해없음,승용,남,65세,경상
2019102100100688,2019년 10월 21일 21시,월요일,경상북도 구미시 선산읍,사망사고,1,0,0,0,차대사람 - 횡단중,안전운전불이행,건조,맑음,교차로 - 교차로안,승용,여,46세,상해없음,보행자,남,71세,사망
2019102100100689,2019년 10월 21일 21시,월요일,경상북도 포항시 남구 일월동,경상사고,0,0,3,0,차대차 - 측면충돌,기타,건조,맑음,교차로 - 교차로부근,승용,남,59세,상해없음,승용,남,48세,경상
2019102100100715,2019년 10월 21일 22시,월요일,경상북도 경주시 용강동,중상사고,0,1,0,0,차대사람 - 횡단중,보행자보호의무위반,건조,맑음,교차로 - 교차로횡단보도내,승용,여,45세,상해없음,보행자,남,45세,중상
2019102100100716,2019년 10월 21일 22시,월요일,경상북도 경주시 외동읍,중상사고,0,1,0,0,차대사람 - 기타,기타,건조,맑음,주차장 - 주차장,승용,남,43세,상해없음,보행자,여,61세,중상
2019102100100717,2019년 10월 21일 22시,월요일,경상북도 안동시 옥동,중상사고,0,1,0,0,차대사람 - 횡단중,보행자보호의무위반,건조,맑음,단일로 - 기타,승용,여,31세,상해없음,보행자,남,82세,중상
2019102100100728,2019년 10월 21일 23시,월요일,경상북도 경산시 옥곡동,부상신고사고,0,0,0,2,차대차 - 측면충돌,차로위반,건조,맑음,단일로 - 기타,승용,남,45세,상해없음,승용,남,51세,부상신고
2019102200100048,2019년 10월 22일 02시,화요일,경상북도 의성군 봉양면,중상사고,0,1,0,0,차대차 - 측면충돌,직진우회전진행방해,건조,맑음,교차로 - 교차로안,승용,남,32세,상해없음,승용,남,60세,중상
2019102200100053,2019년 10월 22일 03시,화요일,경상북도 포항시 남구 연일읍,경상사고,0,0,1,0,차대차 - 기타,안전거리미확보,건조,맑음,단일로 - 기타,특수,남,39세,상해없음,승용,여,31세,경상
2019102200100116,2019년 10월 22일 07시,화요일,경상북도 칠곡군 왜관읍,중상사고,0,2,0,0,차대차 - 추돌,안전거리미확보,건조,맑음,단일로 - 기타,승용,여,33세,상해없음,승합,남,52세,중상
2019102200100117,2019년 10월 22일 07시,화요일,경상북도 경산시 삼남동,경상사고,0,0,1,0,차대차 - 후진중충돌,안전운전불이행,건조,맑음,교차로 - 교차로부근,화물,남,28세,기타불명,승용,남,49세,경상
2019102200100118,2019년 10월 22일 07시,화요일,경상북도 성주군 선남면,경상사고,0,0,2,0,차대차 - 기타,안전운전불이행,건조,맑음,기타 - 기타,승용,남,29세,경상,승합,남,47세,경상
2019102200100119,2019년 10월 22일 07시,화요일,경상북도 포항시 남구 대송면,경상사고,0,0,2,0,차대차 - 기타,안전운전불이행,건조,맑음,교차로 - 교차로안,승용,남,38세,경상,화물,남,30세,경상
2019102200100120,2019년 10월 22일 07시,화요일,경상북도 포항시 남구 송내동,경상사고,0,0,2,0,차대차 - 측면충돌,차로위반,건조,맑음,교차로 - 교차로안,승용,남,25세,경상,승용,남,35세,경상
2019102200100166,2019년 10월 22일 08시,화요일,경상북도 안동시 용상동,경상사고,0,0,1,0,차대차 - 측면충돌,안전운전불이행,건조,맑음,단일로 - 기타,승용,남,34세,상해없음,승용,남,43세,경상
2019102200100167,2019년 10월 22일 08시,화요일,경상북도 김천시 대항면,중상사고,0,1,2,0,차대차 - 정면충돌,중앙선침범,건조,맑음,단일로 - 기타,화물,남,63세,경상,화물,남,37세,중상
2019102200100168,2019년 10월 22일 08시,화요일,경상북도 김천시 신음동,중상사고,0,1,0,0,차대사람 - 차도통행중,안전운전불이행,건조,맑음,단일로 - 기타,승용,남,42세,상해없음,보행자,여,71세,중상
2019102200100169,2019년 10월 22일 08시,화요일,경상북도 칠곡군 왜관읍,경상사고,0,0,1,0,차대차 - 측면충돌,안전운전불이행,건조,맑음,교차로 - 교차로안,승용,남,33세,상해없음,승용,남,51세,경상
2019102200100170,2019년 10월 22일 08시,화요일,경상북도 포항시 남구 지곡동,경상사고,0,0,2,0,차대차 - 측면충돌,직진우회전진행방해,건조,맑음,교차로 - 교차로안,승용,여,45세,경상,승용,남,28세,경상
2019102200100202,2019년 10월 22일 09시,화요일,경상북도 포항시 북구 장성동,중상사고,0,1,0,0,차대차 - 측면충돌,차로위반,건조,맑음,교차로 - 교차로안,승용,남,60세,상해없음,승용,여,57세,중상
2019102200100203,2019년 10월 22일 09시,화요일,경상북도 문경시 모전동,경상사고,0,0,1,0,차대차 - 측면충돌,안전운전불이행,건조,맑음,교차로 - 교차로안,승용,남,78세,상해없음,화물,남,50세,경상
2019102200100204,2019년 10월 22일 09시,화요일,경상북도 경산시 하양읍,경상사고,0,0,1,0,차대차 - 측면충돌,안전운전불이행,건조,맑음,교차로 - 교차로안,승용,남,45세,상해없음,건설기계,남,54세,경상
2019102200100237,2019년 10월 22일 10시,화요일,경상북도 경산시 진량읍,경상사고,0,0,1,0,차대차 - 정면충돌,중앙선침범,건조,맑음,단일로 - 지하차도(도로)내,승용,여,54세,상해없음,승용,여,36세,경상
2019102200100238,2019년 10월 22일 10시,화요일,경상북도 성주군 성주읍,중상사고,0,1,0,0,차대차 - 기타,기타,건조,맑음,교차로 - 교차로부근,이륜,남,72세,중상,승합,남,79세,상해없음
2019102200100265,2019년 10월 22일 11시,화요일,경상북도 포항시 북구 대흥동,중상사고,0,1,0,0,차대차 - 측면충돌,안전운전불이행,건조,맑음,단일로 - 기타,승용,여,65세,상해없음,자전거,남,77세,중상
2019102200100266,2019년 10월 22일 11시,화요일,경상북도 포항시 남구 구룡포읍,경상사고,0,0,1,0,차대차 - 기타,직진우회전진행방해,건조,맑음,교차로 - 교차로안,승용,여,29세,경상,승합,남,61세,상해없음
2019102200100295,2019년 10월 22일 12시,화요일,경상북도 포항시 북구 항구동,중상사고,0,1,0,0,차대차 - 기타,안전운전불이행,건조,맑음,단일로 - 기타,승용,여,46세,상해없음,자전거,여,60세,중상
2019102200100296,2019년 10월 22일 12시,화요일,경상북도 구미시 옥성면,경상사고,0,0,1,0,차대차 - 추돌,안전거리미확보,건조,맑음,단일로 - 기타,화물,남,56세,상해없음,이륜,남,50세,경상
2019102200100297,2019년 10월 22일 12시,화요일,경상북도 구미시 임수동,중상사고,0,1,0,0,차대차 - 기타,안전운전불이행,건조,맑음,단일로 - 기타,승용,남,52세,상해없음,승용,여,54세,중상
2019102200100298,2019년 10월 22일 12시,화요일,경상북도 구미시 원평동,중상사고,0,1,4,0,차대차 - 기타,직진우회전진행방해,건조,맑음,교차로 - 교차로안,승용,남,59세,상해없음,승용,여,42세,경상
2019102200100338,2019년 10월 22일 13시,화요일,경상북도 상주시 낙양동,중상사고,0,1,0,0,차대차 - 측면충돌,과속,건조,맑음,단일로 - 기타,승용,남,29세,상해없음,승용,남,79세,중상
2019102200100339,2019년 10월 22일 13시,화요일,경상북도 예천군 예천읍,중상사고,0,1,0,0,차대차 - 측면충돌,안전운전불이행,건조,맑음,단일로 - 기타,화물,남,65세,상해없음,이륜,남,85세,중상
2019102200100340,2019년 10월 22일 13시,화요일,경상북도 예천군 예천읍,경상사고,0,0,1,0,차대차 - 추돌,안전운전불이행,건조,맑음,단일로 - 기타,승용,남,46세,상해없음,승용,남,46세,경상
2019102200100341,2019년 10월 22일 13시,화요일,경상북도 청도군 금천면,중상사고,0,1,7,0,차대차 - 추돌,안전운전불이행,건조,맑음,교차로 - 교차로부근,화물,남,54세,상해없음,화물,남,51세,경상
2019102200100371,2019년 10월 22일 14시,화요일,경상북도 구미시 공단동,경상사고,0,0,1,0,차대차 - 기타,교차로운행방법위반,건조,맑음,교차로 - 교차로안,화물,남,62세,상해없음,화물,남,59세,경상
2019102200100408,2019년 10월 22일 15시,화요일,경상북도 영주시 봉현면,중상사고,0,1,0,0,차대차 - 기타,안전운전불이행,건조,맑음,교차로 - 교차로안,승용,남,62세,상해없음,승용,남,75세,중상
2019102200100409,2019년 10월 22일 15시,화요일,경상북도 포항시 남구 해도동,중상사고,0,1,1,0,차대차 - 측면충돌,안전운전불이행,건조,맑음,교차로 - 교차로부근,승용,남,55세,경상,이륜,남,77세,중상
2019102200100453,2019년 10월 22일 16시,화요일,경상북도 포항시 북구 죽도동,경상사고,0,0,1,0,차대차 - 기타,신호위반,건조,맑음,교차로 - 교차로안,승용,여,29세,상해없음,승용,여,30세,경상
2019102200100454,2019년 10월 22일 16시,화요일,경상북도 영덕군 병곡면,경상사고,0,0,1,0,차대차 - 추돌,안전운전불이행,건조,맑음,단일로 - 교량,화물,남,71세,경상,화물,남,56세,상해없음
2019102200100455,2019년 10월 22일 16시,화요일,경상북도 칠곡군 왜관읍,경상사고,0,0,1,0,차대차 - 기타,안전운전불이행,건조,맑음,기타 - 기타,화물,남,58세,상해없음,화물,남,67세,경상
2019102200100495,2019년 10월 22일 17시,화요일,경상북도 경주시 서악동,중상사고,0,1,0,0,차대차 - 기타,신호위반,건조,흐림,단일로 - 기타,승용,남,27세,상해없음,승합,남,45세,중상
2019102200100496,2019년 10월 22일 17시,화요일,경상북도 김천시 아포읍,경상사고,0,0,3,0,차대차 - 추돌,안전거리미확보,건조,맑음,단일로 - 기타,승용,여,44세,상해없음,승용,여,41세,경상
2019102200100497,2019년 10월 22일 17시,화요일,경상북도 경산시 사동,경상사고,0,0,1,0,차대사람 - 차도통행중,안전운전불이행,건조,맑음,단일로 - 기타,승용,여,38세,상해없음,보행자,남,24세,경상
2019102200100551,2019년 10월 22일 18시,화요일,경상북도 경주시 현곡면,중상사고,0,1,0,0,차대사람 - 차도통행중,중앙선침범,건조,맑음,교차로 - 교차로안,화물,남,48세,상해없음,보행자,남,63세,중상
2019102200100552,2019년 10월 22일 18시,화요일,경상북도 경주시 노동동,중상사고,0,1,0,0,차대차 - 측면충돌,기타,건조,맑음,단일로 - 기타,승용,여,45세,상해없음,자전거,여,71세,중상
2019102200100553,2019년 10월 22일 18시,화요일,경상북도 상주시 성동동,경상사고,0,0,3,0,차대차 - 추돌,안전운전불이행,건조,맑음,단일로 - 기타,승용,남,61세,상해없음,승용,여,60세,경상
2019102200100554,2019년 10월 22일 18시,화요일,경상북도 경산시 신교동,중상사고,0,1,0,0,차대차 - 정면충돌,안전운전불이행,건조,맑음,교차로 - 교차로안,승용,남,28세,상해없음,승용,남,60세,중상
2019102200100555,2019년 10월 22일 18시,화요일,경상북도 포항시 남구 호동,경상사고,0,0,1,0,차대차 - 정면충돌,신호위반,건조,맑음,교차로 - 교차로안,이륜,남,43세,상해없음,승용,여,33세,경상
2019102200100627,2019년 10월 22일 19시,화요일,경상북도 안동시 옥동,경상사고,0,0,1,0,차대차 - 추돌,안전거리미확보,건조,맑음,단일로 - 기타,승용,여,42세,상해없음,승용,여,52세,경상
2019102200100628,2019년 10월 22일 19시,화요일,경상북도 안동시 남문동,경상사고,0,0,5,0,차대차 - 측면충돌,직진우회전진행방해,건조,맑음,교차로 - 교차로안,승용,남,22세,상해없음,승용,남,43세,경상
2019102200100671,2019년 10월 22일 20시,화요일,경상북도 구미시 원평동,경상사고,0,0,2,1,차대차 - 측면충돌,교차로운행방법위반,건조,맑음,교차로 - 교차로안,승용,여,54세,부상신고,승용,남,22세,경상
2019102200100697,2019년 10월 22일 21시,화요일,경상북도 영주시 영주동,경상사고,0,0,1,0,차대차 - 기타,안전운전불이행,건조,맑음,교차로 - 교차로안,화물,남,29세,상해없음,승용,남,23세,경상
2019102200100719,2019년 10월 22일 22시,화요일,경상북도 영천시 야사동,경상사고,0,0,1,0,차대차 - 측면충돌,안전운전불이행,건조,맑음,단일로 - 기타,원동기,남,16세,기타불명,이륜,남,22세,경상
2019102200100735,2019년 10월 22일 23시,화요일,경상북도 의성군 안평면,경상사고,0,0,1,0,차대차 - 기타,안전운전불이행,건조,맑음,단일로 - 기타,화물,남,48세,상해없음,승용,여,24세,경상
2019102300100042,2019년 10월 23일 00시,수요일,경상북도 구미시 송정동,경상사고,0,0,1,0,차대차 - 기타,신호위반,건조,맑음,교차로 - 교차로안,승용,남,50세,상해없음,승용,남,30세,경상
2019102300100088,2019년 10월 23일 06시,수요일,경상북도 경주시 황성동,경상사고,0,0,2,0,차대차 - 측면충돌,안전운전불이행,건조,맑음,교차로 - 교차로부근,화물,남,46세,상해없음,승용,남,68세,경상
2019102300100111,2019년 10월 23일 07시,수요일,경상북도 경주시 성동동,중상사고,0,1,0,0,차대차 - 측면충돌,신호위반,건조,맑음,교차로 - 교차로안,승용,여,66세,상해없음,이륜,여,66세,중상
2019102300100112,2019년 10월 23일 07시,수요일,경상북도 포항시 북구 대흥동,경상사고,0,0,1,0,차대사람 - 차도통행중,안전운전불이행,건조,맑음,단일로 - 기타,승용,여,65세,상해없음,보행자,남,59세,경상
2019102300100113,2019년 10월 23일 07시,수요일,경상북도 포항시 북구 창포동,경상사고,0,0,1,0,차대차 - 추돌,안전거리미확보,건조,맑음,교차로 - 교차로부근,승용,여,41세,상해없음,승용,여,58세,경상
2019102300100114,2019년 10월 23일 07시,수요일,경상북도 포항시 북구 흥해읍,중상사고,0,1,0,0,차량단독 - 공작물충돌,안전운전불이행,건조,맑음,단일로 - 기타,승용,남,43세,중상,,,,
2019102300100115,2019년 10월 23일 07시,수요일,경상북도 영덕군 강구면,경상사고,0,0,1,0,차대차 - 추돌,안전운전불이행,건조,맑음,단일로 - 기타,승용,남,50세,상해없음,이륜,남,71세,경상
2019102300100116,2019년 10월 23일 07시,수요일,경상북도 구미시 공단동,경상사고,0,0,2,0,차대차 - 기타,안전운전불이행,건조,맑음,교차로 - 교차로안,화물,남,51세,상해없음,승용,남,60세,경상
2019102300100149,2019년 10월 23일 08시,수요일,경상북도 경주시 서부동,경상사고,0,0,1,0,차대차 - 측면충돌,안전운전불이행,건조,맑음,교차로 - 교차로횡단보도내,승용,남,63세,상해없음,자전거,여,59세,경상
2019102300100150,2019년 10월 23일 08시,수요일,경상북도 상주시 만산동,경상사고,0,0,3,0,차대차 - 측면충돌,교차로운행방법위반,건조,맑음,교차로 - 교차로안,화물,남,79세,상해없음,승용,여,26세,경상
2019102300100183,2019년 10월 23일 09시,수요일,경상북도 상주시 공검면,경상사고,0,0,1,0,차량단독 - 공작물충돌,안전운전불이행,건조,맑음,단일로 - 고가도로위,승용,남,43세,경상,,,,