사고번호,사고일시,요일,시군구,사고내용,사망자수,중상자수,경상자수,부상신고자수,사고유형,법규위반,노면상태,기상상태,도로형태,가해운전자 차종,가해운전자 성별,가해운전자 연령,가해운전자 상해정도,피해운전자 차종,피해운전자 성별,피해운전자 연령,피해운전자 상해정도
2019102300100184,2019년 10월 23일 09시,수요일,경상북도 구미시 인의동,경상사고,0,0,3,0,차대차 - 기타,안전운전불이행,건조,맑음,단일로 - 기타,화물,남,48세,경상,승용,남,24세,경상
2019102300100211,2019년 10월 23일 10시,수요일,경상북도 구미시 원평동,경상사고,0,0,1,0,차대사람 - 기타,기타,건조,맑음,기타 - 기타,자전거,남,53세,상해없음,보행자,여,50세,경상
2019102300100244,2019년 10월 23일 11시,수요일,경상북도 칠곡군 왜관읍,경상사고,0,0,1,0,차대차 - 측면충돌,신호위반,건조,맑음,교차로 - 교차로안,승용,남,75세,상해없음,승용,남,74세,경상
2019102300100245,2019년 10월 23일 11시,수요일,경상북도 칠곡군 약목면,경상사고,0,0,1,0,차대차 - 측면충돌,안전운전불이행,건조,흐림,단일로 - 기타,승용,여,61세,상해없음,승용,남,63세,경상
2019102300100246,2019년 10월 23일 11시,수요일,경상북도 영덕군 영덕읍,중상사고,0,1,0,0,차대차 - 측면충돌,안전운전불이행,건조,맑음,교차로 - 교차로안,이륜,남,62세,중상,화물,남,70세,상해없음
2019102300100247,2019년 10월 23일 11시,수요일,경상북도 김천시 농소면,중상사고,0,1,0,0,차대차 - 기타,안전운전불이행,건조,맑음,단일로 - 기타,승용,남,59세,기타불명,화물,남,49세,중상
2019102300100273,2019년 10월 23일 12시,수요일,경상북도 경주시 외동읍,사망사고,1,0,0,0,차대차 - 측면충돌,안전운전불이행,건조,맑음,교차로 - 교차로안,원동기,남,33세,사망,화물,남,53세,상해없음
2019102300100274,2019년 10월 23일 12시,수요일,경상북도 포항시 북구 청하면,중상사고,0,1,2,0,차대차 - 정면충돌,중앙선침범,건조,맑음,교차로 - 교차로부근,승합,남,63세,상해없음,승용,남,67세,중상
2019102300100275,2019년 10월 23일 12시,수요일,경상북도 영주시 평은면,중상사고,0,1,0,0,차대차 - 측면충돌,안전운전불이행,건조,맑음,단일로 - 기타,화물,남,71세,상해없음,승용,남,78세,상해없음
2019102300100276,2019년 10월 23일 12시,수요일,경상북도 경산시 옥곡동,중상사고,0,1,0,0,차대차 - 측면충돌,중앙선침범,건조,맑음,단일로 - 기타,이륜,남,21세,상해없음,승용,여,50세,중상
2019102300100277,2019년 10월 23일 12시,수요일,경상북도 구미시 인의동,경상사고,0,0,1,0,차대차 - 측면충돌,안전운전불이행,건조,맑음,단일로 - 기타,승용,남,72세,상해없음,승용,여,35세,경상
2019102300100302,2019년 10월 23일 13시,수요일,경상북도 포항시 남구 구룡포읍,경상사고,0,0,1,0,차대사람 - 기타,안전운전불이행,건조,맑음,단일로 - 기타,승용,남,71세,상해없음,보행자,여,55세,경상
2019102300100303,2019년 10월 23일 13시,수요일,경상북도 경산시 하양읍,경상사고,0,0,1,0,차량단독 - 기타,안전운전불이행,건조,맑음,단일로 - 기타,승용,남,67세,상해없음,,,,
2019102300100329,2019년 10월 23일 14시,수요일,경상북도 경주시 외동읍,경상사고,0,0,1,0,차대차 - 기타,신호위반,건조,맑음,교차로 - 교차로부근,화물,남,54세,상해없음,승용,여,59세,경상
2019102300100330,2019년 10월 23일 14시,수요일,경상북도 영주시 하망동,중상사고,0,1,0,0,차대차 - 측면충돌,중앙선침범,건조,맑음,단일로 - 기타,화물,남,56세,상해없음,이륜,남,65세,중상
2019102300100331,2019년 10월 23일 14시,수요일,경상북도 영주시 풍기읍,중상사고,0,1,0,0,차대사람 - 기타,안전운전불이행,건조,맑음,단일로 - 기타,화물,남,42세,상해없음,보행자,여,82세,중상
2019102300100332,2019년 10월 23일 14시,수요일,경상북도 영천시 금호읍,경상사고,0,0,1,0,차대차 - 측면충돌,신호위반,건조,맑음,교차로 - 교차로안,승용,남,79세,상해없음,승용,여,52세,경상
2019102300100375,2019년 10월 23일 15시,수요일,경상북도 경산시 하양읍,경상사고,0,0,3,0,차대차 - 추돌,안전거리미확보,건조,맑음,단일로 - 지하차도(도로)내,승용,남,52세,상해없음,승용,여,56세,경상
2019102300100376,2019년 10월 23일 15시,수요일,경상북도 고령군 대가야읍,중상사고,0,1,0,0,차대차 - 측면충돌,교차로운행방법위반,건조,맑음,교차로 - 교차로안,승용,여,42세,상해없음,이륜,남,86세,중상
2019102300100377,2019년 10월 23일 15시,수요일,경상북도 포항시 남구 해도동,중상사고,0,1,0,0,차대사람 - 횡단중,안전운전불이행,건조,맑음,교차로 - 교차로안,승용,남,61세,상해없음,보행자,남,71세,중상
2019102300100409,2019년 10월 23일 16시,수요일,경상북도 경주시 황성동,경상사고,0,0,1,0,차대차 - 기타,안전운전불이행,건조,맑음,교차로 - 교차로부근,승용,여,44세,상해없음,승용,여,51세,경상
2019102300100410,2019년 10월 23일 16시,수요일,경상북도 의성군 안계면,중상사고,0,1,0,0,차대사람 - 차도통행중,안전운전불이행,건조,맑음,교차로 - 교차로부근,화물,남,82세,상해없음,보행자,남,72세,중상
2019102300100411,2019년 10월 23일 16시,수요일,경상북도 칠곡군 약목면,중상사고,0,1,0,0,차대차 - 추돌,안전운전불이행,건조,맑음,교차로 - 교차로부근,승용,남,68세,상해없음,승용,남,56세,중상
2019102300100412,2019년 10월 23일 16시,수요일,경상북도 군위군 군위읍,경상사고,0,0,1,0,차대사람 - 길가장자리구역통행중,안전운전불이행,건조,맑음,단일로 - 기타,승용,여,58세,상해없음,보행자,여,54세,경상
2019102300100454,2019년 10월 23일 17시,수요일,경상북도 포항시 북구 용흥동,중상사고,0,1,0,0,차대차 - 측면충돌,교차로운행방법위반,건조,맑음,교차로 - 교차로안,승용,여,67세,상해없음,이륜,남,26세,중상
2019102300100455,2019년 10월 23일 17시,수요일,경상북도 상주시 외남면,중상사고,0,1,0,0,차량단독 - 기타,안전운전불이행,건조,맑음,단일로 - 기타,화물,남,57세,상해없음,,,,
2019102300100456,2019년 10월 23일 17시,수요일,경상북도 영천시 임고면,경상사고,0,0,1,0,차대차 - 추돌,안전운전불이행,건조,맑음,교차로 - 교차로부근,화물,남,57세,기타불명,화물,남,58세,상해없음
2019102300100457,2019년 10월 23일 17시,수요일,경상북도 청도군 금천면,경상사고,0,0,1,0,차대차 - 측면충돌,신호위반,건조,맑음,교차로 - 교차로안,승용,남,77세,경상,승용,남,55세,상해없음
2019102300100458,2019년 10월 23일 17시,수요일,경상북도 구미시 공단동,경상사고,0,0,1,0,차대차 - 측면충돌,안전운전불이행,건조,맑음,단일로 - 기타,승합,남,45세,상해없음,승합,남,42세,경상
2019102300100459,2019년 10월 23일 17시,수요일,경상북도 포항시 남구 상도동,경상사고,0,0,1,0,차대차 - 기타,교차로운행방법위반,건조,맑음,교차로 - 교차로부근,승용,남,69세,상해없음,승용,남,38세,경상
2019102300100509,2019년 10월 23일 18시,수요일,경상북도 포항시 북구 죽도동,경상사고,0,0,1,0,차대차 - 추돌,안전거리미확보,건조,맑음,단일로 - 기타,승용,남,60세,상해없음,승용,남,46세,경상
2019102300100510,2019년 10월 23일 18시,수요일,경상북도 영주시 영주동,경상사고,0,0,1,0,차대차 - 측면충돌,안전운전불이행,건조,맑음,교차로 - 교차로안,승용,남,39세,상해없음,이륜,남,16세,경상
2019102300100511,2019년 10월 23일 18시,수요일,경상북도 경산시 삼북동,경상사고,0,0,1,0,차대차 - 측면충돌,신호위반,건조,맑음,교차로 - 교차로안,승용,여,44세,상해없음,승용,여,49세,경상
2019102300100512,2019년 10월 23일 18시,수요일,경상북도 구미시 송정동,경상사고,0,0,1,0,차대차 - 측면충돌,신호위반,건조,맑음,교차로 - 교차로안,승용,여,46세,상해없음,승용,남,25세,경상
2019102300100513,2019년 10월 23일 18시,수요일,경상북도 구미시 임수동,경상사고,0,0,1,0,차대차 - 추돌,안전운전불이행,건조,맑음,단일로 - 기타,승용,여,24세,상해없음,승용,남,26세,경상
2019102300100514,2019년 10월 23일 18시,수요일,경상북도 구미시 비산동,경상사고,0,0,1,0,차대차 - 추돌,안전운전불이행,건조,맑음,단일로 - 기타,이륜,남,19세,경상,승용,여,31세,상해없음
2019102300100568,2019년 10월 23일 19시,수요일,경상북도 경산시 중방동,경상사고,0,0,1,0,차대사람 - 횡단중,보행자보호의무위반,건조,맑음,교차로 - 교차로횡단보도내,승용,남,74세,상해없음,보행자,여,51세,경상
2019102300100569,2019년 10월 23일 19시,수요일,경상북도 포항시 남구 상도동,경상사고,0,0,2,0,차대차 - 기타,안전운전불이행,건조,맑음,단일로 - 기타,승용,남,73세,상해없음,승용,남,50세,경상
2019102300100599,2019년 10월 23일 20시,수요일,경상북도 경산시 사동,경상사고,0,0,2,0,차대차 - 측면충돌,안전운전불이행,건조,맑음,단일로 - 기타,승용,남,55세,상해없음,승용,여,47세,상해없음
2019102300100600,2019년 10월 23일 20시,수요일,경상북도 포항시 남구 해도동,중상사고,0,1,0,0,차대사람 - 기타,안전운전불이행,건조,맑음,단일로 - 기타,승합,남,40세,상해없음,보행자,남,55세,중상
2019102300100633,2019년 10월 23일 21시,수요일,경상북도 상주시 남성동,중상사고,0,1,0,0,차대사람 - 기타,보행자보호의무위반,건조,맑음,교차로 - 교차로횡단보도내,승용,여,59세,상해없음,보행자,남,26세,중상
2019102300100648,2019년 10월 23일 22시,수요일,경상북도 구미시 거의동,경상사고,0,0,1,0,차대차 - 기타,교차로운행방법위반,건조,맑음,교차로 - 교차로안,승합,남,66세,상해없음,원동기,남,19세,경상
2019102300100649,2019년 10월 23일 22시,수요일,경상북도 포항시 남구 효자동,경상사고,0,0,1,0,차대차 - 측면충돌,교차로운행방법위반,젖음/습기,비,교차로 - 교차로안,승용,남,49세,상해없음,승용,남,73세,경상
2019102400100034,2019년 10월 24일 00시,목요일,경상북도 구미시 진평동,중상사고,0,1,0,1,차대차 - 측면충돌,안전운전불이행,건조,맑음,교차로 - 교차로안,승용,남,25세,부상신고,승용,여,28세,중상
2019102400100054,2019년 10월 24일 02시,목요일,경상북도 경주시 동천동,중상사고,0,1,0,0,차대차 - 측면충돌,안전운전불이행,건조,맑음,단일로 - 기타,화물,남,61세,상해없음,승용,남,44세,중상
2019102400100155,2019년 10월 24일 08시,목요일,경상북도 칠곡군 석적읍,경상사고,0,0,1,0,차대차 - 측면충돌,안전운전불이행,건조,맑음,교차로 - 교차로부근,화물,남,53세,상해없음,승용,남,35세,경상
2019102400100156,2019년 10월 24일 08시,목요일,경상북도 경산시 계양동,경상사고,0,0,2,0,차대차 - 측면충돌,안전운전불이행,건조,맑음,교차로 - 교차로안,승용,여,23세,경상,승용,남,29세,경상
2019102400100189,2019년 10월 24일 09시,목요일,경상북도 경주시 마동,중상사고,0,2,0,0,차대차 - 측면충돌,안전운전불이행,젖음/습기,비,단일로 - 지하차도(도로)내,승용,여,48세,상해없음,이륜,남,77세,중상
2019102400100190,2019년 10월 24일 09시,목요일,경상북도 포항시 북구 용흥동,경상사고,0,0,1,0,차대차 - 측면충돌,안전운전불이행,젖음/습기,비,교차로 - 교차로안,화물,남,44세,상해없음,화물,여,56세,경상
2019102400100191,2019년 10월 24일 09시,목요일,경상북도 영양군 영양읍,부상신고사고,0,0,0,1,차대차 - 기타,중앙선침범,건조,맑음,단일로 - 기타,기타불명,기타불명,미분류,기타불명,화물,남,49세,부상신고
2019102400100226,2019년 10월 24일 10시,목요일,경상북도 경주시 강동면,경상사고,0,0,3,0,차대차 - 측면충돌,안전운전불이행,젖음/습기,흐림,단일로 - 기타,승용,여,49세,경상,화물,남,72세,경상
2019102400100227,2019년 10월 24일 10시,목요일,경상북도 안동시 풍산읍,경상사고,0,0,1,0,차대차 - 측면충돌,안전운전불이행,건조,맑음,단일로 - 기타,화물,남,49세,상해없음,화물,남,40세,경상
2019102400100255,2019년 10월 24일 11시,목요일,경상북도 안동시 와룡면,중상사고,0,1,0,0,차대차 - 기타,안전운전불이행,건조,맑음,단일로 - 기타,화물,남,56세,중상,농기계,남,88세,상해없음
2019102400100256,2019년 10월 24일 11시,목요일,경상북도 포항시 남구 동촌동,경상사고,0,0,2,0,차대차 - 측면충돌,안전운전불이행,젖음/습기,비,교차로 - 교차로안,승용,남,47세,경상,승용,여,41세,경상
2019102400100371,2019년 10월 24일 14시,목요일,경상북도 경주시 시래동,경상사고,0,0,1,0,차대차 - 기타,안전운전불이행,건조,기타,교차로 - 교차로안,승용,여,46세,상해없음,승용,남,34세,경상
2019102400100372,2019년 10월 24일 14시,목요일,경상북도 안동시 신안동,경상사고,0,0,1,0,차대차 - 추돌,안전운전불이행,건조,맑음,교차로 - 교차로부근,승용,남,73세,상해없음,승용,여,54세,경상
2019102400100373,2019년 10월 24일 14시,목요일,경상북도 의성군 안계면,중상사고,0,1,0,0,차대사람 - 차도통행중,안전운전불이행,건조,맑음,단일로 - 기타,승용,여,35세,상해없음,보행자,여,72세,중상
2019102400100374,2019년 10월 24일 14시,목요일,경상북도 칠곡군 동명면,경상사고,0,0,2,0,차대차 - 기타,불법유턴,건조,맑음,교차로 - 교차로안,승용,남,58세,상해없음,승용,남,34세,경상
2019102400100375,2019년 10월 24일 14시,목요일,경상북도 영양군 영양읍,중상사고,0,1,1,0,차대차 - 정면충돌,직진우회전진행방해,건조,맑음,교차로 - 교차로안,화물,남,64세,경상,화물,남,41세,중상
2019102400100402,2019년 10월 24일 15시,목요일,경상북도 포항시 북구 동빈1가,경상사고,0,0,1,0,차대차 - 측면충돌,안전운전불이행,젖음/습기,비,단일로 - 기타,승용,남,34세,상해없음,승용,남,34세,경상
2019102400100403,2019년 10월 24일 15시,목요일,경상북도 상주시 화서면,경상사고,0,0,1,0,차대차 - 측면충돌,교차로운행방법위반,건조,맑음,교차로 - 교차로안,이륜,남,64세,경상,화물,남,59세,상해없음
2019102400100451,2019년 10월 24일 16시,목요일,경상북도 경주시 용강동,부상신고사고,0,0,0,2,차대차 - 측면충돌,차로위반,젖음/습기,비,교차로 - 교차로부근,승용,여,58세,부상신고,승용,여,49세,부상신고
2019102400100452,2019년 10월 24일 16시,목요일,경상북도 상주시 공검면,경상사고,0,0,1,0,차량단독 - 공작물충돌,안전운전불이행,건조,맑음,교차로 - 교차로부근,승용,남,55세,경상,,,,
2019102400100453,2019년 10월 24일 16시,목요일,경상북도 의성군 비안면,중상사고,0,1,1,0,차대차 - 추돌,직진우회전진행방해,건조,맑음,교차로 - 교차로안,건설기계,남,52세,경상,농기계,남,64세,중상
2019102400100491,2019년 10월 24일 17시,목요일,경상북도 영주시 휴천동,중상사고,0,1,0,0,차대사람 - 횡단중,보행자보호의무위반,건조,맑음,교차로 - 교차로횡단보도내,승용,여,38세,기타불명,보행자,남,78세,중상
2019102400100492,2019년 10월 24일 17시,목요일,경상북도 영주시 휴천동,경상사고,0,0,1,0,차대차 - 추돌,교차로운행방법위반,건조,맑음,교차로 - 교차로안,승용,남,56세,상해없음,화물,남,37세,경상
2019102400100493,2019년 10월 24일 17시,목요일,경상북도 영주시 평은면,부상신고사고,0,0,0,1,차량단독 - 전도전복 - 전도,안전운전불이행,건조,맑음,단일로 - 기타,이륜,남,76세,부상신고,,,,
2019102400100494,2019년 10월 24일 17시,목요일,경상북도 문경시 모전동,중상사고,0,1,0,0,차대사람 - 차도통행중,안전운전불이행,건조,맑음,단일로 - 기타,승용,여,44세,상해없음,보행자,남,7세,중상
2019102400100495,2019년 10월 24일 17시,목요일,경상북도 예천군 유천면,중상사고,0,1,0,0,차대사람 - 기타,안전운전불이행,건조,맑음,교차로 - 교차로안,승용,여,57세,상해없음,보행자,여,11세,중상
2019102400100496,2019년 10월 24일 17시,목요일,경상북도 구미시 황상동,경상사고,0,0,4,1,차대차 - 기타,안전운전불이행,건조,맑음,단일로 - 기타,승용,여,41세,부상신고,승용,남,50세,경상
2019102400100497,2019년 10월 24일 17시,목요일,경상북도 포항시 남구 해도동,경상사고,0,0,1,0,차대차 - 추돌,안전거리미확보,젖음/습기,비,교차로 - 교차로부근,승용,남,55세,상해없음,승용,남,30세,경상
2019102400100568,2019년 10월 24일 18시,목요일,경상북도 경주시 용강동,부상신고사고,0,0,0,1,차대차 - 추돌,안전운전불이행,젖음/습기,비,단일로 - 지하차도(도로)내,이륜,남,17세,부상신고,승합,남,41세,상해없음
2019102400100569,2019년 10월 24일 18시,목요일,경상북도 포항시 북구 죽도동,경상사고,0,0,2,0,차대차 - 측면충돌,교차로운행방법위반,건조,맑음,교차로 - 교차로부근,승용,여,29세,상해없음,승용,여,31세,경상
2019102400100570,2019년 10월 24일 18시,목요일,경상북도 구미시 송정동,경상사고,0,0,1,0,차대사람 - 횡단중,안전운전불이행,건조,맑음,단일로 - 기타,승용,남,70세,상해없음,보행자,여,53세,경상
2019102400100571,2019년 10월 24일 18시,목요일,경상북도 구미시 사곡동,경상사고,0,0,1,0,차대차 - 후진중충돌,안전운전불이행,건조,맑음,단일로 - 기타,승용,여,57세,상해없음,승용,남,31세,경상
2019102400100619,2019년 10월 24일 19시,목요일,경상북도 경주시 외동읍,중상사고,0,2,0,0,차대차 - 측면충돌,신호위반,젖음/습기,비,교차로 - 교차로안,승용,남,62세,상해없음,승용,남,42세,중상
2019102400100620,2019년 10월 24일 19시,목요일,경상북도 칠곡군 왜관읍,경상사고,0,0,1,0,차대차 - 측면충돌,안전운전불이행,건조,맑음,교차로 - 교차로부근,승합,남,74세,상해없음,승용,여,40세,경상
2019102400100621,2019년 10월 24일 19시,목요일,경상북도 경산시 백천동,경상사고,0,0,1,0,차대차 - 측면충돌,안전운전불이행,건조,맑음,단일로 - 지하차도(도로)내,승용,남,27세,경상,승용,남,59세,상해없음
2019102400100622,2019년 10월 24일 19시,목요일,경상북도 경산시 진량읍,중상사고,0,1,0,0,차대사람 - 횡단중,안전운전불이행,건조,맑음,단일로 - 기타,승용,여,47세,상해없음,보행자,남,53세,중상
2019102400100623,2019년 10월 24일 19시,목요일,경상북도 경산시 하양읍,중상사고,0,1,0,0,차대사람 - 횡단중,보행자보호의무위반,건조,맑음,단일로 - 기타,승합,남,53세,상해없음,보행자,여,16세,중상
2019102400100624,2019년 10월 24일 19시,목요일,경상북도 울진군 울진읍,경상사고,0,0,1,0,차대사람 - 보도통행중,보행자보호의무위반,젖음/습기,흐림,단일로 - 기타,사륜오토바이(ATV),남,77세,상해없음,보행자,여,53세,경상
2019102400100625,2019년 10월 24일 19시,목요일,경상북도 포항시 남구 인덕동,경상사고,0,0,1,0,차대차 - 기타,안전운전불이행,젖음/습기,비,교차로 - 교차로안,승용,남,55세,상해없음,자전거,남,38세,경상
2019102400100710,2019년 10월 24일 21시,목요일,경상북도 포항시 북구 죽장면,경상사고,0,0,1,0,차대사람 - 기타,안전운전불이행,건조,맑음,단일로 - 기타,승용,남,64세,상해없음,보행자,여,15세,경상
2019102400100711,2019년 10월 24일 21시,목요일,경상북도 안동시 길안면,중상사고,0,2,0,0,차대차 - 정면충돌,중앙선침범,건조,맑음,단일로 - 기타,승합,여,54세,중상,승용,여,35세,중상
2019102400100712,2019년 10월 24일 21시,목요일,경상북도 경산시 정평동,중상사고,0,1,0,0,차대차 - 후진중충돌,안전운전불이행,건조,맑음,교차로 - 교차로부근,승합,남,54세,상해없음,승용,남,38세,중상
2019102500100036,2019년 10월 25일 00시,금요일,경상북도 영천시 화산면,경상사고,0,0,5,0,차대차 - 측면충돌,안전운전불이행,건조,맑음,단일로 - 기타,화물,남,50세,경상,화물,남,42세,경상
2019102500100037,2019년 10월 25일 00시,금요일,경상북도 구미시 원평동,경상사고,0,0,1,0,차대사람 - 차도통행중,신호위반,건조,맑음,단일로 - 기타,승용,남,61세,상해없음,보행자,여,19세,경상
2019102500100038,2019년 10월 25일 00시,금요일,경상북도 영천시 화산면,사망사고,1,0,3,0,차대차 - 추돌,안전운전불이행,건조,맑음,단일로 - 기타,화물,남,50세,경상,화물,남,42세,경상
2019102500100061,2019년 10월 25일 02시,금요일,경상북도 경산시 조영동,부상신고사고,0,0,0,1,차대사람 - 횡단중,안전운전불이행,건조,맑음,교차로 - 교차로횡단보도내,기타불명,기타불명,미분류,기타불명,보행자,남,56세,부상신고
2019102500100101,2019년 10월 25일 06시,금요일,경상북도 칠곡군 왜관읍,경상사고,0,0,1,0,차대사람 - 기타,안전운전불이행,건조,맑음,주차장 - 주차장,승용,남,35세,상해없음,보행자,여,47세,경상
2019102500100127,2019년 10월 25일 07시,금요일,경상북도 영주시 순흥면,중상사고,0,1,0,0,차량단독 - 공작물충돌,안전운전불이행,건조,맑음,단일로 - 기타,승용,남,56세,상해없음,,,,
2019102500100128,2019년 10월 25일 07시,금요일,경상북도 예천군 호명면,경상사고,0,0,2,0,차대차 - 측면충돌,안전운전불이행,건조,맑음,교차로 - 교차로부근,승용,여,40세,상해없음,자전거,남,8세,경상
2019102500100159,2019년 10월 25일 08시,금요일,경상북도 영천시 북안면,중상사고,0,1,0,0,차대차 - 추돌,안전운전불이행,건조,맑음,교차로 - 교차로부근,화물,남,58세,상해없음,승용,남,64세,중상
2019102500100160,2019년 10월 25일 08시,금요일,경상북도 봉화군 봉화읍,경상사고,0,0,1,0,차대차 - 측면충돌,안전운전불이행,건조,맑음,단일로 - 기타,화물,남,46세,상해없음,승용,여,50세,경상
2019102500100198,2019년 10월 25일 09시,금요일,경상북도 의성군 사곡면,중상사고,0,1,0,0,차대차 - 측면충돌,안전운전불이행,건조,맑음,단일로 - 기타,승용,여,59세,상해없음,화물,남,65세,상해없음
2019102500100199,2019년 10월 25일 09시,금요일,경상북도 구미시 신평동,경상사고,0,0,1,1,차대차 - 추돌,안전운전불이행,건조,맑음,교차로 - 교차로부근,이륜,남,39세,부상신고,승용,남,33세,경상
2019102500100235,2019년 10월 25일 10시,금요일,경상북도 상주시 공성면,중상사고,0,1,0,0,차대차 - 추돌,안전운전불이행,건조,맑음,단일로 - 기타,이륜,남,81세,중상,화물,남,73세,상해없음
2019102500100257,2019년 10월 25일 11시,금요일,경상북도 의성군 점곡면,경상사고,0,0,1,0,차대차 - 측면충돌,중앙선침범,건조,맑음,교차로 - 교차로안,승용,남,65세,상해없음,승용,남,80세,상해없음
2019102500100291,2019년 10월 25일 12시,금요일,경상북도 문경시 점촌동,경상사고,0,0,1,0,차대차 - 측면충돌,안전운전불이행,건조,맑음,단일로 - 기타,이륜,남,51세,경상,승용,남,59세,상해없음
2019102500100292,2019년 10월 25일 12시,금요일,경상북도 구미시 옥계동,경상사고,0,0,1,0,차대차 - 측면충돌,중앙선침범,건조,맑음,교차로 - 교차로부근,승용,여,28세,상해없음,승용,남,54세,경상
2019102500100338,2019년 10월 25일 13시,금요일,경상북도 안동시 태화동,경상사고,0,0,1,0,차량단독 - 기타,안전운전불이행,건조,맑음,교차로 - 교차로안,승용,남,37세,상해없음,,,,
2019102500100339,2019년 10월 25일 13시,금요일,경상북도 영주시 영주동,부상신고사고,0,0,0,1,차대차 - 측면충돌,안전운전불이행,건조,맑음,단일로 - 기타,승용,여,55세,상해없음,승합,남,62세,부상신고
2019102500100340,2019년 10월 25일 13시,금요일,경상북도 구미시 도량동,중상사고,0,1,3,0,차대차 - 정면충돌,중앙선침범,건조,맑음,단일로 - 기타,승용,남,37세,경상,승용,남,29세,중상
2019102500100385,2019년 10월 25일 14시,금요일,경상북도 경산시 남산면,경상사고,0,0,2,0,차대차 - 측면충돌,직진우회전진행방해,건조,맑음,교차로 - 교차로안,승용,남,41세,경상,승용,남,59세,경상
2019102500100386,2019년 10월 25일 14시,금요일,경상북도 경산시 옥산동,중상사고,0,1,0,0,차대사람 - 기타,안전운전불이행,건조,맑음,단일로 - 기타,승용,여,44세,상해없음,보행자,여,74세,중상
2019102500100431,2019년 10월 25일 15시,금요일,경상북도 경주시 안강읍,경상사고,0,0,1,0,차대사람 - 차도통행중,안전운전불이행,건조,맑음,단일로 - 기타,승용,남,72세,상해없음,보행자,남,55세,경상
2019102500100432,2019년 10월 25일 15시,금요일,경상북도 영주시 휴천동,경상사고,0,0,1,0,차대차 - 측면충돌,안전운전불이행,건조,맑음,기타 - 기타,이륜,남,69세,상해없음,자전거,남,80세,경상
2019102500100433,2019년 10월 25일 15시,금요일,경상북도 구미시 옥계동,중상사고,0,1,2,0,차대차 - 추돌,안전운전불이행,건조,맑음,교차로 - 교차로부근,승용,남,43세,상해없음,승용,남,67세,경상
2019102500100434,2019년 10월 25일 15시,금요일,경상북도 포항시 남구 대송면,경상사고,0,0,1,0,차대차 - 기타,중앙선침범,건조,맑음,교차로 - 교차로부근,승용,남,56세,상해없음,화물,남,57세,경상
2019102500100483,2019년 10월 25일 16시,금요일,경상북도 포항시 북구 환호동,경상사고,0,0,1,0,차대사람 - 기타,안전운전불이행,건조,맑음,단일로 - 기타,화물,남,26세,상해없음,보행자,남,14세,경상
2019102500100484,2019년 10월 25일 16시,금요일,경상북도 청송군 현서면,경상사고,0,0,2,0,차대차 - 측면충돌,교차로운행방법위반,건조,맑음,교차로 - 교차로안,승용,여,60세,상해없음,화물,남,56세,경상
2019102500100528,2019년 10월 25일 17시,금요일,경상북도 경주시 용강동,경상사고,0,0,1,0,차대사람 - 보도통행중,기타,건조,맑음,교차로 - 교차로부근,승용,남,57세,상해없음,보행자,남,60세,경상
2019102500100529,2019년 10월 25일 17시,금요일,경상북도 포항시 북구 흥해읍,경상사고,0,0,3,0,차대차 - 측면충돌,차로위반,건조,맑음,단일로 - 기타,승용,남,53세,기타불명,승용,남,56세,상해없음
2019102500100530,2019년 10월 25일 17시,금요일,경상북도 안동시 금곡동,경상사고,0,0,2,0,차대차 - 추돌,안전거리미확보,건조,맑음,단일로 - 기타,승용,남,81세,상해없음,승용,여,48세,경상
2019102500100531,2019년 10월 25일 17시,금요일,경상북도 고령군 쌍림면,부상신고사고,0,0,0,1,차량단독 - 전도전복 - 전도,안전운전불이행,건조,맑음,단일로 - 기타,이륜,남,82세,부상신고,,,,
2019102500100532,2019년 10월 25일 17시,금요일,경상북도 구미시 지산동,중상사고,0,3,1,0,차대차 - 추돌,안전거리미확보,건조,맑음,단일로 - 기타,승용,남,53세,상해없음,승용,여,49세,중상
2019102500100533,2019년 10월 25일 17시,금요일,경상북도 포항시 남구 인덕동,중상사고,0,1,0,0,차대차 - 추돌,안전운전불이행,건조,맑음,교차로 - 교차로부근,이륜,남,20세,중상,특수,남,60세,상해없음
2019102500100607,2019년 10월 25일 18시,금요일,경상북도 영주시 가흥동,경상사고,0,0,1,0,차대차 - 측면충돌,교차로운행방법위반,건조,맑음,교차로 - 교차로안,승용,남,48세,상해없음,이륜,남,42세,경상
2019102500100608,2019년 10월 25일 18시,금요일,경상북도 영천시 신령면,경상사고,0,0,2,0,차대차 - 측면충돌,안전운전불이행,건조,맑음,교차로 - 교차로안,승용,남,60세,경상,승용,여,62세,경상
2019102500100609,2019년 10월 25일 18시,금요일,경상북도 경산시 자인면,경상사고,0,0,1,0,차량단독 - 공작물충돌,안전운전불이행,건조,맑음,단일로 - 기타,화물,남,76세,경상,,,,
2019102500100610,2019년 10월 25일 18시,금요일,경상북도 군위군 고로면,경상사고,0,0,1,0,차대차 - 측면충돌,중앙선침범,건조,맑음,단일로 - 기타,화물,남,76세,상해없음,승용,남,52세,경상
2019102500100611,2019년 10월 25일 18시,금요일,경상북도 구미시 황상동,경상사고,0,0,1,0,차대사람 - 횡단중,신호위반,건조,맑음,교차로 - 교차로횡단보도내,원동기,남,66세,상해없음,보행자,여,52세,경상