사고번호,사고일시,요일,시군구,사고내용,사망자수,중상자수,경상자수,부상신고자수,사고유형,법규위반,노면상태,기상상태,도로형태,가해운전자 차종,가해운전자 성별,가해운전자 연령,가해운전자 상해정도,피해운전자 차종,피해운전자 성별,피해운전자 연령,피해운전자 상해정도
2019102500100612,2019년 10월 25일 18시,금요일,경상북도 구미시 구포동,경상사고,0,0,1,0,차대차 - 기타,안전운전불이행,건조,맑음,교차로 - 교차로부근,승용,남,57세,상해없음,특수,남,39세,경상
2019102500100613,2019년 10월 25일 18시,금요일,경상북도 포항시 남구 연일읍,경상사고,0,0,1,0,차대차 - 기타,안전운전불이행,건조,맑음,교차로 - 교차로안,승용,남,77세,상해없음,승용,남,58세,경상
2019102500100693,2019년 10월 25일 19시,금요일,경상북도 포항시 북구 장성동,경상사고,0,0,2,0,차대사람 - 횡단중,보행자보호의무위반,건조,맑음,교차로 - 교차로횡단보도내,승용,여,25세,상해없음,보행자,남,69세,경상
2019102500100694,2019년 10월 25일 19시,금요일,경상북도 안동시 옥동,경상사고,0,0,1,0,차대차 - 기타,신호위반,건조,맑음,교차로 - 교차로안,기타불명,기타불명,미분류,기타불명,승용,남,45세,경상
2019102500100695,2019년 10월 25일 19시,금요일,경상북도 경산시 압량면,경상사고,0,0,1,0,차대차 - 측면충돌,안전운전불이행,건조,맑음,교차로 - 교차로부근,이륜,남,56세,경상,승합,남,49세,상해없음
2019102500100696,2019년 10월 25일 19시,금요일,경상북도 성주군 선남면,경상사고,0,0,1,0,차대사람 - 차도통행중,안전운전불이행,건조,맑음,단일로 - 기타,승용,남,38세,상해없음,보행자,여,58세,경상
2019102500100744,2019년 10월 25일 20시,금요일,경상북도 포항시 남구 효자동,경상사고,0,0,1,0,차대차 - 추돌,안전거리미확보,건조,맑음,교차로 - 교차로안,승용,남,62세,상해없음,승용,남,67세,경상
2019102500100777,2019년 10월 25일 21시,금요일,경상북도 영덕군 남정면,경상사고,0,0,2,0,차대차 - 추돌,안전운전불이행,건조,맑음,교차로 - 교차로부근,승용,여,46세,상해없음,승용,남,30세,경상
2019102500100804,2019년 10월 25일 22시,금요일,경상북도 안동시 송현동,경상사고,0,0,4,0,차대차 - 추돌,안전운전불이행,건조,맑음,단일로 - 기타,승용,남,62세,경상,승용,여,44세,상해없음
2019102500100805,2019년 10월 25일 22시,금요일,경상북도 구미시 지산동,경상사고,0,0,3,0,차대차 - 추돌,안전운전불이행,건조,맑음,교차로 - 교차로부근,승용,남,25세,상해없음,승용,남,27세,경상
2019102500100823,2019년 10월 25일 23시,금요일,경상북도 구미시 산동면,중상사고,0,1,2,0,차대차 - 측면충돌,신호위반,건조,맑음,교차로 - 교차로안,승용,여,49세,중상,승용,남,34세,경상
2019102500100824,2019년 10월 25일 23시,금요일,경상북도 구미시 임은동,사망사고,1,0,0,0,차대차 - 측면충돌,신호위반,건조,맑음,교차로 - 교차로안,이륜,남,52세,사망,승합,남,52세,상해없음
2019102600100096,2019년 10월 26일 05시,토요일,경상북도 경주시 용강동,경상사고,0,0,1,0,차대차 - 측면충돌,안전운전불이행,건조,맑음,단일로 - 기타,승용,여,74세,상해없음,화물,남,64세,상해없음
2019102600100133,2019년 10월 26일 07시,토요일,경상북도 영천시 야사동,경상사고,0,0,2,0,차대차 - 측면충돌,교차로운행방법위반,건조,맑음,교차로 - 교차로안,승용,남,58세,경상,승용,남,58세,경상
2019102600100155,2019년 10월 26일 08시,토요일,경상북도 경주시 북군동,중상사고,0,2,0,0,차대차 - 측면충돌,신호위반,건조,맑음,교차로 - 교차로부근,승용,남,65세,중상,화물,남,67세,중상
2019102600100156,2019년 10월 26일 08시,토요일,경상북도 청송군 현서면,중상사고,0,1,0,0,차대차 - 측면충돌,직진우회전진행방해,건조,맑음,교차로 - 교차로횡단보도내,화물,남,41세,상해없음,화물,남,70세,중상
2019102600100216,2019년 10월 26일 10시,토요일,경상북도 포항시 북구 죽도동,경상사고,0,0,3,0,차대차 - 기타,안전운전불이행,건조,맑음,단일로 - 기타,화물,남,56세,상해없음,승용,남,41세,경상
2019102600100217,2019년 10월 26일 10시,토요일,경상북도 칠곡군 약목면,경상사고,0,0,2,0,차대차 - 측면충돌,교차로운행방법위반,건조,맑음,교차로 - 교차로안,화물,남,74세,상해없음,승용,여,38세,경상
2019102600100218,2019년 10월 26일 10시,토요일,경상북도 문경시 문경읍,경상사고,0,0,1,0,차대차 - 추돌,안전운전불이행,건조,맑음,단일로 - 기타,화물,남,49세,상해없음,농기계,남,74세,경상
2019102600100219,2019년 10월 26일 10시,토요일,경상북도 고령군 성산면,중상사고,0,1,0,0,차대차 - 측면충돌,안전운전불이행,건조,맑음,단일로 - 지하차도(도로)내,화물,남,47세,상해없음,자전거,남,67세,중상
2019102600100220,2019년 10월 26일 10시,토요일,경상북도 영천시 임고면,중상사고,0,1,0,0,차대차 - 기타,안전운전불이행,건조,맑음,단일로 - 기타,승용,남,59세,상해없음,승용,여,55세,중상
2019102600100256,2019년 10월 26일 11시,토요일,경상북도 경주시 황오동,중상사고,0,1,0,0,차대차 - 측면충돌,신호위반,건조,맑음,단일로 - 지하차도(도로)내,자전거,남,80세,중상,승용,남,50세,상해없음
2019102600100257,2019년 10월 26일 11시,토요일,경상북도 안동시 용상동,경상사고,0,0,2,0,차대차 - 기타,기타,건조,맑음,단일로 - 기타,화물,남,67세,기타불명,승합,남,57세,상해없음
2019102600100258,2019년 10월 26일 11시,토요일,경상북도 칠곡군 왜관읍,중상사고,0,1,0,0,차대사람 - 기타,안전운전불이행,건조,맑음,단일로 - 기타,승용,남,79세,상해없음,보행자,남,56세,중상
2019102600100259,2019년 10월 26일 11시,토요일,경상북도 문경시 산양면,중상사고,0,1,1,0,차대차 - 측면충돌,직진우회전진행방해,건조,맑음,교차로 - 교차로안,승용,여,46세,상해없음,승용,남,90세 이상,상해없음
2019102600100297,2019년 10월 26일 12시,토요일,경상북도 안동시 운흥동,경상사고,0,0,1,0,차대차 - 추돌,안전운전불이행,건조,맑음,단일로 - 기타,승용,남,40세,상해없음,승용,남,49세,경상
2019102600100298,2019년 10월 26일 12시,토요일,경상북도 의성군 금성면,사망사고,2,0,1,0,차대차 - 정면충돌,중앙선침범,건조,맑음,단일로 - 기타,화물,남,55세,사망,건설기계,남,50세,경상
2019102600100299,2019년 10월 26일 12시,토요일,경상북도 칠곡군 왜관읍,경상사고,0,0,1,0,차대차 - 측면충돌,안전운전불이행,건조,맑음,단일로 - 기타,승용,남,42세,상해없음,이륜,남,81세,경상
2019102600100300,2019년 10월 26일 12시,토요일,경상북도 문경시 점촌동,경상사고,0,0,1,0,차대차 - 측면충돌,안전운전불이행,건조,맑음,교차로 - 교차로안,승용,남,48세,상해없음,이륜,남,36세,경상
2019102600100301,2019년 10월 26일 12시,토요일,경상북도 청도군 각북면,중상사고,0,1,1,0,차대차 - 측면충돌,중앙선침범,건조,맑음,단일로 - 기타,화물,남,82세,상해없음,화물,남,38세,경상
2019102600100341,2019년 10월 26일 13시,토요일,경상북도 포항시 북구 학산동,경상사고,0,0,1,0,차대차 - 기타,중앙선침범,건조,맑음,단일로 - 기타,건설기계,남,53세,상해없음,승용,남,55세,경상
2019102600100380,2019년 10월 26일 14시,토요일,경상북도 경주시 신평동,경상사고,0,0,1,0,차대차 - 후진중충돌,안전운전불이행,건조,맑음,단일로 - 기타,승용,남,46세,상해없음,승용,남,31세,경상
2019102600100381,2019년 10월 26일 14시,토요일,경상북도 경주시 인왕동,중상사고,0,1,0,0,차대차 - 측면충돌,중앙선침범,건조,맑음,단일로 - 기타,승용,남,49세,상해없음,승용,여,24세,중상
2019102600100382,2019년 10월 26일 14시,토요일,경상북도 포항시 북구 항구동,경상사고,0,0,1,0,차대차 - 기타,안전운전불이행,건조,맑음,단일로 - 기타,승용,남,35세,상해없음,승용,남,54세,상해없음
2019102600100383,2019년 10월 26일 14시,토요일,경상북도 포항시 북구 흥해읍,경상사고,0,0,2,0,차대차 - 측면충돌,신호위반,건조,맑음,교차로 - 교차로안,자전거,남,42세,상해없음,승용,남,25세,경상
2019102600100384,2019년 10월 26일 14시,토요일,경상북도 영주시 부석면,중상사고,0,1,0,0,차대사람 - 기타,안전운전불이행,건조,맑음,단일로 - 기타,승용,여,47세,상해없음,보행자,여,62세,중상
2019102600100385,2019년 10월 26일 14시,토요일,경상북도 문경시 모전동,경상사고,0,0,1,0,차대차 - 추돌,안전운전불이행,기타,맑음,교차로 - 교차로안,이륜,여,43세,경상,승용,여,45세,상해없음
2019102600100421,2019년 10월 26일 15시,토요일,경상북도 경주시 성동동,중상사고,0,1,0,0,차대차 - 측면충돌,안전운전불이행,건조,맑음,단일로 - 기타,승용,여,60세,상해없음,자전거,남,79세,중상
2019102600100422,2019년 10월 26일 15시,토요일,경상북도 포항시 북구 죽도동,경상사고,0,0,1,0,차대차 - 측면충돌,안전운전불이행,건조,맑음,단일로 - 기타,승용,남,55세,기타불명,승합,남,57세,상해없음
2019102600100423,2019년 10월 26일 15시,토요일,경상북도 안동시 당북동,경상사고,0,0,1,0,차대차 - 측면충돌,안전운전불이행,건조,맑음,교차로 - 교차로부근,승용,남,65세,상해없음,승용,남,31세,경상
2019102600100424,2019년 10월 26일 15시,토요일,경상북도 청송군 현동면,중상사고,0,1,1,0,차대차 - 측면충돌,교차로운행방법위반,건조,맑음,교차로 - 교차로안,승용,여,62세,경상,화물,남,72세,중상
2019102600100425,2019년 10월 26일 15시,토요일,경상북도 포항시 남구 오천읍,경상사고,0,0,1,0,차대차 - 기타,안전운전불이행,건조,맑음,주차장 - 주차장,승용,남,48세,상해없음,이륜,남,35세,경상
2019102600100464,2019년 10월 26일 16시,토요일,경상북도 안동시 옥동,경상사고,0,0,1,0,차대차 - 기타,안전거리미확보,건조,맑음,단일로 - 기타,승용,남,46세,상해없음,승용,남,40세,경상
2019102600100465,2019년 10월 26일 16시,토요일,경상북도 김천시 농소면,중상사고,0,1,0,0,차대사람 - 보도통행중,안전운전불이행,건조,맑음,단일로 - 기타,승용,남,50세,상해없음,보행자,남,60세,중상
2019102600100466,2019년 10월 26일 16시,토요일,경상북도 영천시 임고면,경상사고,0,0,1,0,차대차 - 기타,안전운전불이행,건조,맑음,단일로 - 기타,승용,여,34세,상해없음,승용,남,34세,상해없음
2019102600100502,2019년 10월 26일 17시,토요일,경상북도 청송군 진보면,중상사고,0,1,0,0,차대사람 - 횡단중,과속,건조,맑음,단일로 - 지하차도(도로)내,화물,남,69세,상해없음,보행자,여,84세,중상
2019102600100503,2019년 10월 26일 17시,토요일,경상북도 구미시 원평동,경상사고,0,0,2,1,차대차 - 기타,안전운전불이행,건조,맑음,주차장 - 주차장,승용,남,63세,부상신고,승용,남,46세,경상
2019102600100553,2019년 10월 26일 18시,토요일,경상북도 안동시 금곡동,경상사고,0,0,1,0,차대차 - 추돌,안전운전불이행,건조,맑음,교차로 - 교차로부근,승용,여,36세,기타불명,승용,남,34세,경상
2019102600100554,2019년 10월 26일 18시,토요일,경상북도 영덕군 축산면,중상사고,0,1,0,0,차대차 - 추돌,안전운전불이행,건조,맑음,단일로 - 기타,승용,남,78세,중상,승용,남,64세,상해없음
2019102600100555,2019년 10월 26일 18시,토요일,경상북도 상주시 낙동면,중상사고,0,1,0,0,차대차 - 기타,안전운전불이행,건조,맑음,단일로 - 기타,기타불명,기타불명,미분류,기타불명,승합,남,62세,상해없음
2019102600100632,2019년 10월 26일 20시,토요일,경상북도 경주시 노서동,경상사고,0,0,1,0,차대사람 - 차도통행중,안전운전불이행,건조,맑음,교차로 - 교차로부근,승용,남,34세,상해없음,보행자,남,63세,경상
2019102600100666,2019년 10월 26일 21시,토요일,경상북도 구미시 상모동,중상사고,0,1,0,0,차대차 - 기타,안전운전불이행,건조,맑음,교차로 - 교차로안,승용,남,31세,상해없음,이륜,남,53세,중상
2019102600100693,2019년 10월 26일 22시,토요일,경상북도 김천시 평화동,경상사고,0,0,2,0,차대차 - 측면충돌,안전운전불이행,건조,맑음,단일로 - 기타,승용,남,64세,상해없음,승용,남,38세,경상
2019102600100694,2019년 10월 26일 22시,토요일,경상북도 군위군 군위읍,중상사고,0,1,0,0,차대차 - 측면충돌,교차로운행방법위반,건조,맑음,교차로 - 교차로안,이륜,남,37세,중상,승용,남,48세,상해없음
2019102600100695,2019년 10월 26일 22시,토요일,경상북도 포항시 남구 대잠동,중상사고,0,1,0,0,차대차 - 측면충돌,신호위반,건조,맑음,교차로 - 교차로안,승용,남,30세,상해없음,이륜,남,20세,중상
2019102700100044,2019년 10월 27일 00시,일요일,경상북도 경산시 계양동,경상사고,0,0,1,0,차대차 - 측면충돌,신호위반,건조,맑음,교차로 - 교차로안,승용,남,59세,상해없음,이륜,남,25세,경상
2019102700100062,2019년 10월 27일 01시,일요일,경상북도 안동시 옥동,중상사고,0,2,0,0,차대사람 - 기타,안전운전불이행,건조,맑음,교차로 - 교차로부근,승용,남,28세,상해없음,보행자,남,40세,중상
2019102700100063,2019년 10월 27일 01시,일요일,경상북도 구미시 공단동,중상사고,0,2,0,0,차대차 - 기타,안전운전불이행,건조,맑음,교차로 - 교차로부근,승용,남,32세,상해없음,승용,남,64세,중상
2019102700100078,2019년 10월 27일 02시,일요일,경상북도 칠곡군 왜관읍,부상신고사고,0,0,0,1,차대차 - 측면충돌,안전운전불이행,건조,맑음,단일로 - 기타,승용,남,44세,부상신고,승용,여,54세,기타불명
2019102700100172,2019년 10월 27일 09시,일요일,경상북도 청도군 청도읍,경상사고,0,0,2,0,차대차 - 측면충돌,안전운전불이행,건조,맑음,교차로 - 교차로안,승용,남,68세,상해없음,승용,남,56세,경상
2019102700100173,2019년 10월 27일 09시,일요일,경상북도 군위군 효령면,사망사고,1,0,0,0,차대차 - 측면충돌,안전운전불이행,건조,맑음,단일로 - 기타,이륜,남,82세,사망,화물,남,52세,상해없음
2019102700100199,2019년 10월 27일 10시,일요일,경상북도 경주시 충효동,경상사고,0,0,1,0,차대차 - 기타,안전운전불이행,건조,맑음,단일로 - 기타,승용,여,57세,상해없음,승용,남,59세,경상
2019102700100200,2019년 10월 27일 10시,일요일,경상북도 청송군 파천면,중상사고,0,1,2,0,차대차 - 기타,안전운전불이행,건조,맑음,단일로 - 기타,승용,남,59세,상해없음,승합,남,51세,상해없음
2019102700100228,2019년 10월 27일 11시,일요일,경상북도 안동시 서후면,부상신고사고,0,0,0,1,차량단독 - 공작물충돌,안전운전불이행,건조,맑음,단일로 - 기타,승용,남,44세,부상신고,,,,
2019102700100229,2019년 10월 27일 11시,일요일,경상북도 안동시 안막동,경상사고,0,0,1,0,차대차 - 추돌,안전거리미확보,건조,맑음,교차로 - 교차로부근,승용,남,84세,상해없음,승용,여,63세,경상
2019102700100230,2019년 10월 27일 11시,일요일,경상북도 포항시 남구 연일읍,중상사고,0,1,8,0,차대차 - 기타,안전운전불이행,건조,맑음,단일로 - 기타,승용,남,55세,상해없음,승용,남,60세,경상
2019102700100257,2019년 10월 27일 12시,일요일,경상북도 구미시 무을면,경상사고,0,0,1,0,차대차 - 정면충돌,교차로운행방법위반,건조,맑음,교차로 - 교차로안,승용,여,54세,상해없음,이륜,남,54세,경상
2019102700100258,2019년 10월 27일 12시,일요일,경상북도 구미시 고아읍,중상사고,0,1,1,0,차대차 - 추돌,안전운전불이행,건조,맑음,단일로 - 기타,승용,여,43세,상해없음,승용,남,32세,중상
2019102700100294,2019년 10월 27일 13시,일요일,경상북도 경주시 황남동,중상사고,0,1,0,0,차대차 - 후진중충돌,안전운전불이행,건조,맑음,기타 - 기타,화물,남,64세,기타불명,승용,남,25세,중상
2019102700100295,2019년 10월 27일 13시,일요일,경상북도 상주시 모서면,경상사고,0,0,3,0,차대차 - 측면충돌,교차로운행방법위반,건조,맑음,교차로 - 교차로안,승용,남,58세,상해없음,승용,남,54세,경상
2019102700100296,2019년 10월 27일 13시,일요일,경상북도 구미시 비산동,부상신고사고,0,0,0,5,차대차 - 추돌,안전거리미확보,건조,맑음,단일로 - 기타,승용,여,28세,부상신고,화물,남,55세,부상신고
2019102700100297,2019년 10월 27일 13시,일요일,경상북도 포항시 남구 구룡포읍,중상사고,0,2,1,0,차대차 - 기타,안전운전불이행,건조,맑음,교차로 - 교차로안,승용,남,59세,경상,승용,남,54세,중상
2019102700100336,2019년 10월 27일 14시,일요일,경상북도 경주시 성건동,경상사고,0,0,3,0,차대차 - 측면충돌,안전운전불이행,건조,맑음,교차로 - 교차로안,승용,여,34세,경상,승용,남,35세,상해없음
2019102700100337,2019년 10월 27일 14시,일요일,경상북도 경산시 옥산동,경상사고,0,0,1,0,차대사람 - 기타,안전운전불이행,건조,맑음,단일로 - 기타,이륜,남,44세,상해없음,보행자,여,16세,경상
2019102700100338,2019년 10월 27일 14시,일요일,경상북도 고령군 성산면,경상사고,0,0,5,0,차대차 - 기타,안전운전불이행,건조,맑음,단일로 - 기타,화물,남,60세,상해없음,승용,여,38세,경상
2019102700100380,2019년 10월 27일 15시,일요일,경상북도 포항시 북구 덕산동,경상사고,0,0,1,0,차대차 - 측면충돌,안전운전불이행,건조,맑음,단일로 - 기타,승용,남,79세,상해없음,자전거,남,88세,경상
2019102700100381,2019년 10월 27일 15시,일요일,경상북도 봉화군 봉성면,중상사고,0,1,1,0,차대차 - 측면충돌,직진우회전진행방해,건조,맑음,교차로 - 교차로안,건설기계,남,44세,경상,화물,남,70세,중상
2019102700100420,2019년 10월 27일 16시,일요일,경상북도 경주시 노서동,중상사고,0,1,0,0,차대사람 - 횡단중,안전운전불이행,건조,맑음,단일로 - 기타,화물,남,66세,상해없음,보행자,여,38세,중상
2019102700100421,2019년 10월 27일 16시,일요일,경상북도 영천시 완산동,경상사고,0,0,4,0,차대차 - 측면충돌,안전운전불이행,건조,맑음,교차로 - 교차로안,승용,남,26세,상해없음,승용,남,30세,경상
2019102700100422,2019년 10월 27일 16시,일요일,경상북도 경산시 옥산동,경상사고,0,0,2,0,차대차 - 측면충돌,안전거리미확보,건조,맑음,단일로 - 기타,승용,남,76세,경상,승용,남,32세,경상
2019102700100452,2019년 10월 27일 17시,일요일,경상북도 구미시 임은동,경상사고,0,0,4,0,차대차 - 기타,안전운전불이행,건조,맑음,단일로 - 기타,승용,남,74세,상해없음,승용,남,31세,경상
2019102700100453,2019년 10월 27일 17시,일요일,경상북도 구미시 광평동,중상사고,0,1,0,0,차대사람 - 기타,안전운전불이행,건조,맑음,단일로 - 기타,원동기,남,25세,상해없음,보행자,여,77세,중상
2019102700100497,2019년 10월 27일 18시,일요일,경상북도 경주시 동천동,경상사고,0,0,2,0,차대차 - 추돌,안전운전불이행,건조,맑음,교차로 - 교차로부근,승용,여,59세,상해없음,승용,남,33세,경상
2019102700100498,2019년 10월 27일 18시,일요일,경상북도 안동시 북후면,중상사고,0,2,2,0,차대차 - 추돌,안전운전불이행,건조,맑음,단일로 - 기타,화물,남,53세,중상,화물,여,50세,경상
2019102700100499,2019년 10월 27일 18시,일요일,경상북도 경산시 압량면,중상사고,0,1,0,0,차대차 - 측면충돌,차로위반,건조,맑음,단일로 - 기타,승용,여,54세,상해없음,이륜,남,30세,중상
2019102700100500,2019년 10월 27일 18시,일요일,경상북도 고령군 쌍림면,중상사고,0,2,0,0,차대차 - 추돌,안전운전불이행,건조,맑음,교차로 - 교차로부근,화물,남,52세,상해없음,승용,여,53세,중상
2019102700100501,2019년 10월 27일 18시,일요일,경상북도 구미시 황상동,경상사고,0,0,1,0,차대사람 - 기타,안전운전불이행,건조,맑음,단일로 - 기타,승용,남,43세,상해없음,보행자,남,6세,경상
2019102700100502,2019년 10월 27일 18시,일요일,경상북도 포항시 남구 오천읍,경상사고,0,0,1,0,차대사람 - 횡단중,보행자보호의무위반,건조,맑음,교차로 - 교차로횡단보도내,이륜,남,41세,상해없음,보행자,여,23세,경상
2019102700100503,2019년 10월 27일 18시,일요일,경상북도 포항시 남구 이동,중상사고,0,1,5,5,차대차 - 추돌,안전거리미확보,건조,맑음,교차로 - 교차로부근,승합,남,56세,상해없음,승용,남,59세,경상
2019102700100504,2019년 10월 27일 18시,일요일,경상북도 포항시 남구 효자동,중상사고,0,1,2,0,차대차 - 측면충돌,교차로운행방법위반,건조,맑음,교차로 - 교차로안,승용,여,48세,상해없음,승용,남,51세,경상
2019102700100540,2019년 10월 27일 19시,일요일,경상북도 안동시 용상동,중상사고,0,1,0,0,차대차 - 추돌,안전운전불이행,건조,맑음,교차로 - 교차로부근,화물,남,24세,상해없음,이륜,여,72세,중상
2019102700100541,2019년 10월 27일 19시,일요일,경상북도 영천시 금노동,경상사고,0,0,1,0,차대차 - 측면충돌,안전운전불이행,건조,맑음,교차로 - 교차로부근,승용,남,59세,상해없음,화물,남,33세,경상
2019102700100542,2019년 10월 27일 19시,일요일,경상북도 포항시 남구 오천읍,경상사고,0,0,1,0,차대차 - 추돌,안전운전불이행,건조,맑음,교차로 - 교차로부근,승용,남,35세,상해없음,승용,여,25세,경상
2019102700100565,2019년 10월 27일 20시,일요일,경상북도 포항시 북구 죽도동,중상사고,0,1,0,0,차대사람 - 기타,안전운전불이행,건조,맑음,교차로 - 교차로부근,이륜,남,17세,상해없음,보행자,남,52세,중상
2019102700100566,2019년 10월 27일 20시,일요일,경상북도 포항시 북구 흥해읍,경상사고,0,0,1,0,차대차 - 후진중충돌,안전운전불이행,건조,맑음,교차로 - 교차로부근,화물,남,60세,상해없음,승용,여,29세,경상
2019102700100634,2019년 10월 27일 23시,일요일,경상북도 구미시 진평동,중상사고,0,1,0,0,차대차 - 기타,안전운전불이행,건조,맑음,교차로 - 교차로안,승용,남,59세,상해없음,승용,남,56세,상해없음
2019102800100048,2019년 10월 28일 03시,월요일,경상북도 경산시 대정동,중상사고,0,1,0,0,차대차 - 측면충돌,신호위반,건조,맑음,교차로 - 교차로안,승용,여,28세,상해없음,승용,남,59세,중상
2019102800100082,2019년 10월 28일 06시,월요일,경상북도 안동시 풍산읍,중상사고,0,1,0,0,차대차 - 추돌,안전거리미확보,젖음/습기,안개,단일로 - 기타,승용,남,49세,상해없음,승용,여,58세,중상
2019102800100083,2019년 10월 28일 06시,월요일,경상북도 안동시 정하동,경상사고,0,0,1,0,차대차 - 추돌,안전거리미확보,젖음/습기,안개,교차로 - 교차로부근,화물,남,50세,상해없음,승용,여,59세,경상
2019102800100101,2019년 10월 28일 07시,월요일,경상북도 칠곡군 석적읍,경상사고,0,0,1,0,차대차 - 측면충돌,중앙선침범,건조,맑음,단일로 - 기타,승용,여,41세,상해없음,승용,남,40세,경상
2019102800100146,2019년 10월 28일 08시,월요일,경상북도 칠곡군 왜관읍,경상사고,0,0,1,2,차대차 - 측면충돌,안전운전불이행,건조,맑음,교차로 - 교차로안,승용,여,45세,상해없음,승용,여,60세,경상
2019102800100147,2019년 10월 28일 08시,월요일,경상북도 경산시 대평동,경상사고,0,0,1,0,차대차 - 측면충돌,신호위반,건조,맑음,교차로 - 교차로안,승용,남,29세,상해없음,이륜,남,30세,경상
2019102800100148,2019년 10월 28일 08시,월요일,경상북도 경산시 와촌면,사망사고,1,0,0,0,차대차 - 측면충돌,과속,건조,맑음,단일로 - 지하차도(도로)내,승용,남,54세,상해없음,자전거,남,77세,사망
2019102800100182,2019년 10월 28일 09시,월요일,경상북도 구미시 옥계동,경상사고,0,0,1,0,차대차 - 추돌,안전운전불이행,건조,맑음,교차로 - 교차로부근,화물,남,59세,상해없음,화물,남,73세,경상
2019102800100183,2019년 10월 28일 09시,월요일,경상북도 경산시 진량읍,사망사고,1,0,1,0,차대차 - 추돌,과속,건조,맑음,단일로 - 기타,승용,남,33세,사망,화물,남,54세,상해없음
2019102800100223,2019년 10월 28일 10시,월요일,경상북도 군위군 군위읍,중상사고,0,1,0,0,차대사람 - 횡단중,안전운전불이행,건조,맑음,교차로 - 교차로안,승용,여,44세,상해없음,보행자,여,82세,중상
2019102800100266,2019년 10월 28일 11시,월요일,경상북도 안동시 정하동,경상사고,0,0,1,0,차대차 - 후진중충돌,안전운전불이행,건조,맑음,단일로 - 기타,승용,남,80세,상해없음,승용,남,58세,상해없음
2019102800100267,2019년 10월 28일 11시,월요일,경상북도 상주시 인평동,중상사고,0,1,0,0,차대차 - 기타,중앙선침범,건조,맑음,단일로 - 기타,승용,여,61세,상해없음,이륜,여,66세,중상
2019102800100268,2019년 10월 28일 11시,월요일,경상북도 성주군 성주읍,중상사고,0,1,0,0,차대차 - 측면충돌,안전운전불이행,건조,맑음,교차로 - 교차로안,자전거,남,87세,중상,승용,여,48세,상해없음
2019102800100304,2019년 10월 28일 12시,월요일,경상북도 안동시 서후면,중상사고,0,1,1,0,차대차 - 정면충돌,중앙선침범,건조,맑음,단일로 - 기타,승용,남,67세,경상,승용,남,53세,중상
2019102800100305,2019년 10월 28일 12시,월요일,경상북도 안동시 풍산읍,경상사고,0,0,2,0,차대차 - 기타,안전운전불이행,건조,맑음,기타 - 기타,화물,남,77세,상해없음,화물,남,31세,경상
2019102800100306,2019년 10월 28일 12시,월요일,경상북도 포항시 남구 상도동,경상사고,0,0,1,0,차대차 - 후진중충돌,안전운전불이행,건조,맑음,단일로 - 기타,승용,여,37세,상해없음,이륜,남,42세,경상
2019102800100341,2019년 10월 28일 13시,월요일,경상북도 고령군 우곡면,경상사고,0,0,1,0,차대차 - 측면충돌,안전운전불이행,건조,맑음,단일로 - 지하차도(도로)내,승용,여,20세,상해없음,화물,남,51세,경상
2019102800100342,2019년 10월 28일 13시,월요일,경상북도 구미시 신평동,경상사고,0,0,1,0,차대차 - 기타,안전거리미확보,건조,맑음,단일로 - 기타,건설기계,남,59세,상해없음,승용,여,52세,경상
2019102800100378,2019년 10월 28일 14시,월요일,경상북도 구미시 남통동,중상사고,0,2,0,0,차대차 - 기타,안전운전불이행,건조,맑음,교차로 - 교차로안,승용,여,51세,상해없음,이륜,남,67세,중상
2019102800100379,2019년 10월 28일 14시,월요일,경상북도 구미시 신평동,중상사고,0,1,0,0,차대사람 - 횡단중,중앙선침범,건조,맑음,교차로 - 교차로부근,이륜,남,25세,상해없음,보행자,여,56세,중상
2019102800100423,2019년 10월 28일 15시,월요일,경상북도 경주시 현곡면,중상사고,0,1,0,0,차대사람 - 횡단중,안전운전불이행,건조,맑음,교차로 - 교차로안,승용,남,37세,상해없음,보행자,여,86세,중상
2019102800100424,2019년 10월 28일 15시,월요일,경상북도 김천시 율곡동,경상사고,0,0,3,0,차대차 - 추돌,안전운전불이행,건조,맑음,교차로 - 교차로부근,승용,여,28세,상해없음,승용,여,34세,경상
2019102800100425,2019년 10월 28일 15시,월요일,경상북도 영주시 휴천동,중상사고,0,1,1,0,차대차 - 기타,직진우회전진행방해,건조,맑음,교차로 - 교차로안,화물,남,74세,경상,승용,여,47세,상해없음
2019102800100426,2019년 10월 28일 15시,월요일,경상북도 경산시 용성면,경상사고,0,0,1,0,차대차 - 기타,안전운전불이행,건조,맑음,단일로 - 기타,화물,남,74세,상해없음,화물,남,81세,경상
2019102800100427,2019년 10월 28일 15시,월요일,경상북도 울진군 기성면,경상사고,0,0,1,0,차대차 - 측면충돌,안전운전불이행,건조,맑음,단일로 - 기타,화물,남,67세,경상,화물,남,53세,상해없음
2019102800100504,2019년 10월 28일 17시,월요일,경상북도 경주시 사정동,중상사고,0,2,8,0,차대차 - 추돌,안전운전불이행,건조,맑음,단일로 - 지하차도(도로)내,화물,남,51세,상해없음,승용,남,29세,경상