사고번호,사고일시,요일,시군구,사고내용,사망자수,중상자수,경상자수,부상신고자수,사고유형,법규위반,노면상태,기상상태,도로형태,가해운전자 차종,가해운전자 성별,가해운전자 연령,가해운전자 상해정도,피해운전자 차종,피해운전자 성별,피해운전자 연령,피해운전자 상해정도
2019103100100461,2019년 10월 31일 16시,목요일,경상북도 구미시 사곡동,경상사고,0,0,2,0,차대차 - 기타,안전운전불이행,건조,맑음,단일로 - 기타,승용,여,36세,상해없음,승용,여,40세,경상
2019103100100510,2019년 10월 31일 17시,목요일,경상북도 경주시 서부동,중상사고,0,1,0,0,차대차 - 측면충돌,안전운전불이행,건조,맑음,교차로 - 교차로안,승용,여,49세,상해없음,자전거,여,67세,중상
2019103100100511,2019년 10월 31일 17시,목요일,경상북도 상주시 남성동,경상사고,0,0,1,0,차대차 - 측면충돌,안전운전불이행,건조,맑음,교차로 - 교차로안,화물,남,66세,상해없음,자전거,여,53세,경상
2019103100100512,2019년 10월 31일 17시,목요일,경상북도 경산시 자인면,경상사고,0,0,1,0,차대차 - 기타,안전운전불이행,건조,맑음,단일로 - 기타,화물,남,26세,기타불명,자전거,여,59세,경상
2019103100100513,2019년 10월 31일 17시,목요일,경상북도 청도군 화양읍,경상사고,0,0,2,0,차대차 - 측면충돌,교차로운행방법위반,건조,흐림,교차로 - 교차로부근,승용,여,61세,경상,승용,남,55세,경상
2019103100100514,2019년 10월 31일 17시,목요일,경상북도 구미시 옥계동,경상사고,0,0,1,0,차대차 - 기타,안전운전불이행,건조,맑음,교차로 - 교차로안,승용,여,45세,상해없음,화물,남,41세,경상
2019103100100515,2019년 10월 31일 17시,목요일,경상북도 포항시 남구 인덕동,경상사고,0,0,2,0,차대차 - 측면충돌,직진우회전진행방해,건조,맑음,교차로 - 교차로안,승용,남,43세,경상,화물,남,64세,경상
2019103100100573,2019년 10월 31일 18시,목요일,경상북도 포항시 북구 흥해읍,경상사고,0,0,4,0,차대차 - 추돌,안전거리미확보,건조,맑음,단일로 - 기타,화물,남,34세,상해없음,승용,여,53세,경상
2019103100100574,2019년 10월 31일 18시,목요일,경상북도 안동시 북후면,경상사고,0,0,3,0,차대차 - 추돌,안전거리미확보,건조,맑음,단일로 - 기타,승용,남,60세,경상,승용,남,29세,경상
2019103100100575,2019년 10월 31일 18시,목요일,경상북도 상주시 신봉동,경상사고,0,0,2,0,차대차 - 측면충돌,교차로운행방법위반,건조,맑음,교차로 - 교차로안,승용,남,62세,상해없음,화물,남,36세,경상
2019103100100576,2019년 10월 31일 18시,목요일,경상북도 영주시 상망동,중상사고,0,1,0,0,차대사람 - 기타,안전운전불이행,건조,맑음,단일로 - 기타,승용,남,58세,상해없음,보행자,여,66세,중상
2019103100100577,2019년 10월 31일 18시,목요일,경상북도 문경시 문경읍,부상신고사고,0,0,0,1,차대차 - 기타,안전운전불이행,건조,맑음,단일로 - 기타,자전거,남,58세,부상신고,승용,여,59세,상해없음
2019103100100615,2019년 10월 31일 19시,목요일,경상북도 포항시 북구 득량동,중상사고,0,1,0,0,차대차 - 측면충돌,직진우회전진행방해,건조,맑음,교차로 - 교차로안,승용,남,36세,상해없음,이륜,남,32세,중상
2019103100100616,2019년 10월 31일 19시,목요일,경상북도 포항시 북구 두호동,경상사고,0,0,1,0,차대차 - 측면충돌,안전운전불이행,건조,맑음,단일로 - 기타,승용,남,82세,상해없음,승용,남,56세,경상
2019103100100617,2019년 10월 31일 19시,목요일,경상북도 구미시 구평동,중상사고,0,1,0,0,차대사람 - 횡단중,안전운전불이행,건조,맑음,단일로 - 기타,화물,남,40세,상해없음,보행자,남,86세,중상
2019103100100662,2019년 10월 31일 20시,목요일,경상북도 구미시 원평동,중상사고,0,1,0,0,차대사람 - 횡단중,안전운전불이행,건조,맑음,단일로 - 기타,승용,남,58세,상해없음,보행자,여,22세,중상
2019103100100744,2019년 10월 31일 23시,목요일,경상북도 상주시 냉림동,중상사고,0,1,0,0,차대차 - 기타,교차로운행방법위반,건조,맑음,교차로 - 교차로안,승용,남,65세,상해없음,자전거,여,69세,중상
2019103100100745,2019년 10월 31일 23시,목요일,경상북도 포항시 남구 대잠동,경상사고,0,0,1,0,차대차 - 기타,직진우회전진행방해,건조,맑음,교차로 - 교차로안,승용,남,59세,상해없음,이륜,남,47세,경상
2019103100100746,2019년 10월 31일 23시,목요일,경상북도 포항시 남구 해도동,중상사고,0,1,2,0,차대차 - 기타,안전운전불이행,건조,맑음,단일로 - 교량,승용,남,26세,상해없음,승용,남,43세,중상
2019110100100130,2019년 11월 1일 07시,금요일,경상북도 예천군 용궁면,중상사고,0,1,0,0,차대사람 - 기타,기타,건조,맑음,교차로 - 교차로부근,승합,남,57세,상해없음,보행자,여,87세,중상
2019110100100131,2019년 11월 1일 07시,금요일,경상북도 구미시 선산읍,중상사고,0,1,0,0,차대차 - 기타,과속,건조,맑음,교차로 - 교차로안,승용,남,26세,상해없음,이륜,여,62세,중상
2019110100100132,2019년 11월 1일 07시,금요일,경상북도 포항시 남구 구룡포읍,경상사고,0,0,1,0,차대차 - 정면충돌,안전운전불이행,건조,맑음,교차로 - 교차로부근,화물,남,54세,상해없음,농기계,남,48세,경상
2019110100100133,2019년 11월 1일 07시,금요일,경상북도 포항시 남구 오천읍,경상사고,0,0,3,0,차대차 - 기타,직진우회전진행방해,건조,맑음,교차로 - 교차로안,승용,여,30세,상해없음,승용,여,41세,경상
2019110100100134,2019년 11월 1일 07시,금요일,경상북도 포항시 남구 연일읍,중상사고,0,1,1,0,차대차 - 측면충돌,신호위반,건조,맑음,교차로 - 교차로안,승용,남,64세,상해없음,승용,남,57세,경상
2019110100100178,2019년 11월 1일 08시,금요일,경상북도 포항시 북구 기계면,경상사고,0,0,1,0,차대차 - 기타,안전운전불이행,건조,맑음,단일로 - 기타,승용,여,55세,상해없음,승용,남,78세,경상
2019110100100179,2019년 11월 1일 08시,금요일,경상북도 포항시 북구 죽도동,경상사고,0,0,1,0,차대차 - 측면충돌,안전운전불이행,건조,맑음,단일로 - 기타,승용,여,44세,상해없음,승용,남,42세,경상
2019110100100180,2019년 11월 1일 08시,금요일,경상북도 김천시 신음동,중상사고,0,1,0,0,차대차 - 측면충돌,교차로운행방법위반,건조,맑음,교차로 - 교차로안,승용,남,79세,상해없음,이륜,남,79세,중상
2019110100100181,2019년 11월 1일 08시,금요일,경상북도 포항시 남구 인덕동,경상사고,0,0,1,0,차대차 - 측면충돌,안전운전불이행,건조,맑음,단일로 - 기타,승용,여,41세,상해없음,승합,남,65세,경상
2019110100100232,2019년 11월 1일 09시,금요일,경상북도 안동시 목성동,중상사고,0,1,0,0,차대사람 - 횡단중,안전운전불이행,건조,맑음,단일로 - 기타,화물,남,72세,상해없음,보행자,여,89세,중상
2019110100100233,2019년 11월 1일 09시,금요일,경상북도 영주시 상망동,경상사고,0,0,1,0,차대차 - 기타,안전운전불이행,건조,맑음,단일로 - 기타,승용,여,64세,상해없음,승용,여,37세,경상
2019110100100234,2019년 11월 1일 09시,금요일,경상북도 경산시 와촌면,중상사고,0,1,0,0,차량단독 - 전도전복 - 전도,안전운전불이행,건조,맑음,단일로 - 기타,이륜,남,86세,중상,,,,
2019110100100235,2019년 11월 1일 09시,금요일,경상북도 청송군 진보면,경상사고,0,0,1,0,차대차 - 후진중충돌,안전운전불이행,건조,맑음,주차장 - 주차장,승용,여,48세,상해없음,이륜,남,68세,경상
2019110100100257,2019년 11월 1일 10시,금요일,경상북도 경주시 안강읍,경상사고,0,0,1,0,차대차 - 기타,신호위반,건조,맑음,교차로 - 교차로안,승용,남,63세,상해없음,화물,남,66세,경상
2019110100100258,2019년 11월 1일 10시,금요일,경상북도 성주군 성주읍,중상사고,0,1,1,0,차대차 - 측면충돌,안전운전불이행,건조,맑음,교차로 - 교차로안,화물,남,48세,상해없음,이륜,남,39세,상해없음
2019110100100299,2019년 11월 1일 11시,금요일,경상북도 경주시 노서동,경상사고,0,0,1,0,차대차 - 측면충돌,안전운전불이행,건조,맑음,교차로 - 교차로안,원동기,남,78세,경상,승용,여,43세,상해없음
2019110100100300,2019년 11월 1일 11시,금요일,경상북도 구미시 봉곡동,경상사고,0,0,2,0,차대차 - 추돌,안전운전불이행,건조,맑음,교차로 - 교차로안,승용,여,19세,상해없음,승용,남,37세,경상
2019110100100301,2019년 11월 1일 11시,금요일,경상북도 포항시 남구 연일읍,경상사고,0,0,2,0,차대차 - 측면충돌,직진우회전진행방해,건조,맑음,교차로 - 교차로안,승용,여,60세,경상,승용,여,59세,경상
2019110100100341,2019년 11월 1일 12시,금요일,경상북도 안동시 옥동,부상신고사고,0,0,0,1,차대차 - 추돌,안전운전불이행,건조,맑음,단일로 - 기타,이륜,남,44세,부상신고,승용,여,66세,상해없음
2019110100100342,2019년 11월 1일 12시,금요일,경상북도 칠곡군 약목면,경상사고,0,0,1,0,차대차 - 추돌,안전거리미확보,건조,맑음,교차로 - 교차로부근,승용,남,71세,상해없음,승용,여,38세,경상
2019110100100343,2019년 11월 1일 12시,금요일,경상북도 경산시 진량읍,경상사고,0,0,1,0,차대차 - 추돌,안전운전불이행,건조,맑음,단일로 - 기타,승용,남,73세,상해없음,화물,남,44세,경상
2019110100100379,2019년 11월 1일 13시,금요일,경상북도 영천시 금호읍,중상사고,0,1,0,0,차대차 - 추돌,안전운전불이행,건조,맑음,단일로 - 기타,승용,남,19세,상해없음,승용,여,48세,중상
2019110100100421,2019년 11월 1일 14시,금요일,경상북도 안동시 옥동,중상사고,0,1,0,0,차대사람 - 기타,안전운전불이행,건조,맑음,주차장 - 주차장,화물,남,47세,상해없음,보행자,여,76세,중상
2019110100100422,2019년 11월 1일 14시,금요일,경상북도 안동시 송천동,경상사고,0,0,1,0,차대차 - 기타,안전운전불이행,건조,맑음,단일로 - 기타,화물,남,76세,상해없음,승용,여,52세,경상
2019110100100423,2019년 11월 1일 14시,금요일,경상북도 안동시 당북동,경상사고,0,0,1,0,차대사람 - 보도통행중,보행자보호의무위반,건조,맑음,교차로 - 교차로횡단보도내,승용,여,36세,상해없음,보행자,남,9세,경상
2019110100100424,2019년 11월 1일 14시,금요일,경상북도 상주시 헌신동,경상사고,0,0,2,0,차대차 - 측면충돌,교차로운행방법위반,건조,맑음,교차로 - 교차로안,승용,남,61세,상해없음,화물,남,61세,경상
2019110100100425,2019년 11월 1일 14시,금요일,경상북도 영주시 영주동,경상사고,0,0,1,0,차대차 - 추돌,안전운전불이행,건조,맑음,교차로 - 교차로부근,승용,남,52세,상해없음,화물,남,42세,경상
2019110100100460,2019년 11월 1일 15시,금요일,경상북도 봉화군 명호면,부상신고사고,0,0,0,1,차대차 - 기타,안전운전불이행,건조,맑음,단일로 - 기타,승용,여,54세,부상신고,승용,남,42세,상해없음
2019110100100461,2019년 11월 1일 15시,금요일,경상북도 구미시 비산동,경상사고,0,0,1,0,차대차 - 추돌,안전거리미확보,건조,맑음,단일로 - 교량,건설기계,남,45세,상해없음,승용,여,38세,경상
2019110100100462,2019년 11월 1일 15시,금요일,경상북도 포항시 남구 효자동,경상사고,0,0,1,0,차대차 - 기타,안전운전불이행,건조,맑음,단일로 - 기타,승용,남,61세,상해없음,이륜,남,16세,경상
2019110100100463,2019년 11월 1일 15시,금요일,경상북도 포항시 남구 구룡포읍,경상사고,0,0,1,0,차대차 - 측면충돌,안전운전불이행,건조,맑음,교차로 - 교차로안,화물,남,67세,상해없음,승용,남,69세,경상
2019110100100498,2019년 11월 1일 16시,금요일,경상북도 문경시 점촌동,경상사고,0,0,1,0,차량단독 - 공작물충돌,안전운전불이행,건조,맑음,단일로 - 기타,승용,남,71세,경상,,,,
2019110100100499,2019년 11월 1일 16시,금요일,경상북도 봉화군 봉화읍,경상사고,0,0,1,0,차대차 - 정면충돌,신호위반,건조,맑음,교차로 - 교차로안,이륜,남,68세,경상,승용,남,71세,상해없음
2019110100100500,2019년 11월 1일 16시,금요일,경상북도 구미시 도량동,경상사고,0,0,1,0,차대차 - 기타,안전운전불이행,건조,맑음,단일로 - 기타,승용,여,28세,상해없음,승용,여,39세,경상
2019110100100551,2019년 11월 1일 17시,금요일,경상북도 경주시 현곡면,경상사고,0,0,2,0,차대차 - 측면충돌,안전운전불이행,건조,맑음,교차로 - 교차로안,승용,여,67세,상해없음,승용,남,37세,경상
2019110100100552,2019년 11월 1일 17시,금요일,경상북도 김천시 부곡동,경상사고,0,0,1,0,차대차 - 측면충돌,교차로운행방법위반,건조,맑음,교차로 - 교차로횡단보도내,승용,남,83세,상해없음,자전거,여,56세,경상
2019110100100553,2019년 11월 1일 17시,금요일,경상북도 칠곡군 약목면,중상사고,0,1,0,0,차대차 - 정면충돌,신호위반,건조,맑음,교차로 - 교차로안,이륜,남,57세,중상,승용,남,60세,상해없음
2019110100100554,2019년 11월 1일 17시,금요일,경상북도 경산시 정평동,경상사고,0,0,1,0,차대사람 - 길가장자리구역통행중,안전운전불이행,건조,맑음,단일로 - 기타,승용,여,52세,상해없음,보행자,여,55세,경상
2019110100100612,2019년 11월 1일 18시,금요일,경상북도 경주시 강동면,중상사고,0,1,0,0,차대차 - 추돌,안전운전불이행,건조,맑음,단일로 - 기타,승용,남,65세,중상,농기계,남,40세,상해없음
2019110100100613,2019년 11월 1일 18시,금요일,경상북도 칠곡군 약목면,경상사고,0,0,5,0,차대차 - 추돌,안전운전불이행,건조,맑음,단일로 - 기타,승용,남,69세,상해없음,승용,여,58세,경상
2019110100100614,2019년 11월 1일 18시,금요일,경상북도 포항시 남구 상도동,경상사고,0,0,1,0,차대사람 - 기타,기타,건조,맑음,단일로 - 기타,이륜,남,40세,상해없음,보행자,남,26세,경상
2019110100100675,2019년 11월 1일 19시,금요일,경상북도 경주시 황성동,경상사고,0,0,1,0,차대차 - 측면충돌,중앙선침범,건조,맑음,단일로 - 기타,승용,남,60세,상해없음,승용,남,41세,경상
2019110100100676,2019년 11월 1일 19시,금요일,경상북도 포항시 남구 오천읍,중상사고,0,2,0,0,차대사람 - 기타,보행자보호의무위반,건조,맑음,단일로 - 기타,승용,남,62세,상해없음,보행자,여,62세,중상
2019110100100677,2019년 11월 1일 19시,금요일,경상북도 포항시 남구 장흥동,경상사고,0,0,2,0,차대차 - 측면충돌,안전운전불이행,건조,맑음,단일로 - 기타,화물,남,47세,상해없음,승용,여,25세,경상
2019110100100721,2019년 11월 1일 20시,금요일,경상북도 경주시 외동읍,중상사고,0,2,1,0,차대차 - 측면충돌,안전운전불이행,건조,맑음,단일로 - 기타,승용,남,24세,경상,화물,남,63세,중상
2019110100100722,2019년 11월 1일 20시,금요일,경상북도 경주시 노서동,경상사고,0,0,1,0,차대차 - 측면충돌,안전운전불이행,건조,맑음,교차로 - 교차로안,승용,여,20세,상해없음,자전거,여,39세,경상
2019110100100723,2019년 11월 1일 20시,금요일,경상북도 경산시 진량읍,중상사고,0,1,0,0,차대사람 - 횡단중,보행자보호의무위반,건조,맑음,교차로 - 교차로횡단보도내,승합,남,37세,상해없음,보행자,남,36세,중상
2019110100100750,2019년 11월 1일 21시,금요일,경상북도 경주시 안강읍,중상사고,0,1,1,0,차대차 - 측면충돌,중앙선침범,건조,맑음,교차로 - 교차로부근,승용,남,61세,중상,승용,남,56세,경상
2019110100100798,2019년 11월 1일 23시,금요일,경상북도 경주시 석장동,경상사고,0,0,1,0,차대차 - 측면충돌,안전운전불이행,건조,맑음,단일로 - 기타,승용,여,52세,상해없음,승용,남,51세,경상
2019110100100799,2019년 11월 1일 23시,금요일,경상북도 구미시 옥계동,경상사고,0,0,1,0,차대차 - 기타,안전운전불이행,건조,맑음,교차로 - 교차로부근,승용,남,26세,상해없음,승용,남,70세,경상
2019110200100047,2019년 11월 2일 01시,토요일,경상북도 문경시 문경읍,경상사고,0,0,1,1,차량단독 - 공작물충돌,안전운전불이행,건조,맑음,단일로 - 기타,승용,여,23세,경상,,,,
2019110200100048,2019년 11월 2일 01시,토요일,경상북도 영덕군 강구면,부상신고사고,0,0,0,1,차량단독 - 공작물충돌,안전운전불이행,건조,맑음,교차로 - 교차로부근,화물,남,43세,부상신고,,,,
2019110200100049,2019년 11월 2일 01시,토요일,경상북도 구미시 구포동,중상사고,0,1,0,0,차대차 - 측면충돌,신호위반,건조,맑음,교차로 - 교차로안,이륜,남,30세,중상,승용,남,26세,상해없음
2019110200100070,2019년 11월 2일 03시,토요일,경상북도 안동시 옥동,경상사고,0,0,1,0,차대차 - 기타,안전운전불이행,건조,맑음,교차로 - 교차로안,승용,남,23세,상해없음,승용,남,33세,경상
2019110200100071,2019년 11월 2일 03시,토요일,경상북도 청도군 청도읍,중상사고,0,1,0,0,차대차 - 기타,안전운전불이행,건조,맑음,기타 - 기타,승용,남,58세,상해없음,자전거,여,70세,중상
2019110200100083,2019년 11월 2일 04시,토요일,경상북도 경주시 강동면,경상사고,0,0,1,0,차량단독 - 공작물충돌,안전운전불이행,건조,맑음,단일로 - 터널,승용,여,39세,경상,,,,
2019110200100118,2019년 11월 2일 06시,토요일,경상북도 안동시 옥야동,중상사고,0,1,1,0,차대차 - 측면충돌,신호위반,젖음/습기,안개,교차로 - 교차로안,승용,남,69세,경상,승합,남,51세,중상
2019110200100119,2019년 11월 2일 06시,토요일,경상북도 칠곡군 왜관읍,경상사고,0,0,1,0,차대차 - 측면충돌,중앙선침범,건조,맑음,단일로 - 기타,승용,남,23세,상해없음,승용,남,42세,경상
2019110200100120,2019년 11월 2일 06시,토요일,경상북도 경산시 사동,중상사고,0,1,0,0,차대사람 - 횡단중,안전운전불이행,건조,맑음,교차로 - 교차로횡단보도내,승용,남,55세,상해없음,보행자,남,51세,중상
2019110200100136,2019년 11월 2일 07시,토요일,경상북도 포항시 북구 용흥동,중상사고,0,1,0,0,차대사람 - 횡단중,안전운전불이행,건조,맑음,단일로 - 기타,승용,여,60세,상해없음,보행자,여,70세,중상
2019110200100137,2019년 11월 2일 07시,토요일,경상북도 칠곡군 북삼읍,부상신고사고,0,0,0,1,차량단독 - 공작물충돌,안전운전불이행,건조,맑음,단일로 - 기타,화물,남,63세,부상신고,,,,
2019110200100157,2019년 11월 2일 08시,토요일,경상북도 칠곡군 지천면,중상사고,0,2,0,0,차대차 - 측면충돌,교차로운행방법위반,건조,맑음,교차로 - 교차로부근,승용,남,76세,상해없음,이륜,남,80세,중상
2019110200100158,2019년 11월 2일 08시,토요일,경상북도 경산시 용성면,중상사고,0,1,0,0,차대사람 - 기타,안전운전불이행,건조,맑음,단일로 - 기타,화물,남,60세,상해없음,보행자,남,58세,중상
2019110200100192,2019년 11월 2일 09시,토요일,경상북도 문경시 산양면,경상사고,0,0,3,0,차대차 - 측면충돌,교차로운행방법위반,건조,맑음,교차로 - 교차로안,화물,남,47세,경상,승용,남,59세,경상
2019110200100233,2019년 11월 2일 10시,토요일,경상북도 경주시 강동면,경상사고,0,0,1,0,차대차 - 후진중충돌,안전운전불이행,건조,맑음,교차로 - 교차로부근,승용,남,72세,상해없음,승용,여,44세,경상
2019110200100234,2019년 11월 2일 10시,토요일,경상북도 포항시 북구 흥해읍,경상사고,0,0,2,0,차대차 - 추돌,안전거리미확보,건조,맑음,단일로 - 기타,승합,남,57세,상해없음,승용,여,60세,경상
2019110200100235,2019년 11월 2일 10시,토요일,경상북도 청도군 풍각면,중상사고,0,1,0,0,차대차 - 정면충돌,기타,건조,맑음,단일로 - 기타,승용,남,54세,상해없음,이륜,여,62세,중상
2019110200100277,2019년 11월 2일 11시,토요일,경상북도 포항시 남구 오천읍,중상사고,0,1,0,0,차대차 - 정면충돌,안전운전불이행,건조,맑음,교차로 - 교차로안,승용,남,59세,상해없음,사륜오토바이(ATV),남,48세,중상
2019110200100278,2019년 11월 2일 11시,토요일,경상북도 포항시 남구 오천읍,경상사고,0,0,1,0,차대차 - 측면충돌,안전운전불이행,건조,맑음,단일로 - 기타,이륜,남,23세,상해없음,승용,여,52세,경상
2019110200100326,2019년 11월 2일 12시,토요일,경상북도 포항시 북구 죽도동,경상사고,0,0,1,0,차대사람 - 횡단중,신호위반,건조,맑음,단일로 - 기타,승용,남,64세,기타불명,보행자,여,38세,경상
2019110200100327,2019년 11월 2일 12시,토요일,경상북도 구미시 장천면,경상사고,0,0,1,0,차대차 - 기타,신호위반,건조,맑음,교차로 - 교차로안,승용,남,57세,상해없음,화물,남,21세,경상
2019110200100363,2019년 11월 2일 13시,토요일,경상북도 포항시 북구 우현동,경상사고,0,0,5,0,차대차 - 추돌,안전거리미확보,건조,맑음,단일로 - 기타,화물,남,78세,상해없음,승용,남,34세,경상
2019110200100364,2019년 11월 2일 13시,토요일,경상북도 김천시 봉산면,중상사고,0,2,1,0,차대차 - 추돌,교차로운행방법위반,건조,맑음,교차로 - 교차로안,승용,남,77세,상해없음,승용,남,63세,중상
2019110200100365,2019년 11월 2일 13시,토요일,경상북도 김천시 율곡동,경상사고,0,0,1,0,차대차 - 기타,안전운전불이행,건조,맑음,주차장 - 주차장,승용,남,61세,상해없음,승용,여,33세,경상
2019110200100366,2019년 11월 2일 13시,토요일,경상북도 경산시 중방동,부상신고사고,0,0,0,1,차대차 - 기타,안전운전불이행,건조,맑음,교차로 - 교차로안,기타불명,기타불명,미분류,기타불명,승용,남,38세,상해없음
2019110200100402,2019년 11월 2일 14시,토요일,경상북도 경주시 황성동,중상사고,0,1,2,0,차대차 - 측면충돌,안전운전불이행,건조,맑음,교차로 - 교차로안,화물,남,51세,상해없음,승합,남,30세,경상
2019110200100403,2019년 11월 2일 14시,토요일,경상북도 경산시 중방동,중상사고,0,1,0,0,차량단독 - 기타,안전운전불이행,건조,맑음,단일로 - 기타,이륜,남,19세,중상,,,,
2019110200100404,2019년 11월 2일 14시,토요일,경상북도 경산시 중방동,경상사고,0,0,1,0,차대차 - 측면충돌,신호위반,건조,맑음,단일로 - 기타,승용,여,61세,상해없음,자전거,남,43세,경상
2019110200100405,2019년 11월 2일 14시,토요일,경상북도 포항시 남구 오천읍,중상사고,0,1,0,0,차대차 - 기타,안전운전불이행,건조,맑음,단일로 - 기타,화물,남,32세,상해없음,승용,남,54세,중상
2019110200100448,2019년 11월 2일 15시,토요일,경상북도 봉화군 석포면,경상사고,0,0,1,0,차대차 - 측면충돌,안전운전불이행,건조,맑음,단일로 - 기타,승용,남,64세,상해없음,자전거,여,52세,경상
2019110200100485,2019년 11월 2일 16시,토요일,경상북도 포항시 남구 대도동,경상사고,0,0,1,0,차대차 - 기타,안전운전불이행,건조,맑음,단일로 - 기타,자전거,남,69세,경상,승용,여,39세,상해없음
2019110200100528,2019년 11월 2일 17시,토요일,경상북도 경주시 진현동,중상사고,0,1,0,0,차대사람 - 횡단중,안전운전불이행,건조,맑음,교차로 - 교차로부근,승용,여,46세,상해없음,보행자,여,30세,중상
2019110200100529,2019년 11월 2일 17시,토요일,경상북도 영주시 가흥동,경상사고,0,0,1,0,차대차 - 기타,중앙선침범,건조,맑음,단일로 - 기타,화물,남,60세,상해없음,자전거,남,63세,경상
2019110200100530,2019년 11월 2일 17시,토요일,경상북도 문경시 문경읍,경상사고,0,0,1,0,차대사람 - 기타,안전운전불이행,건조,맑음,교차로 - 교차로안,승용,여,45세,상해없음,보행자,남,47세,경상
2019110200100531,2019년 11월 2일 17시,토요일,경상북도 성주군 초전면,경상사고,0,0,1,0,차대차 - 기타,안전운전불이행,건조,맑음,교차로 - 교차로안,승용,여,59세,상해없음,이륜,남,49세,상해없음
2019110200100532,2019년 11월 2일 17시,토요일,경상북도 군위군 소보면,사망사고,1,0,0,0,차대사람 - 길가장자리구역통행중,안전운전불이행,건조,맑음,단일로 - 기타,승합,여,50세,상해없음,보행자,여,70세,사망
2019110200100533,2019년 11월 2일 17시,토요일,경상북도 포항시 남구 구룡포읍,경상사고,0,0,2,0,차대차 - 측면충돌,안전운전불이행,건조,맑음,단일로 - 기타,승용,여,25세,경상,승용,남,23세,상해없음
2019110200100578,2019년 11월 2일 18시,토요일,경상북도 포항시 북구 남빈동,경상사고,0,0,1,0,차대사람 - 차도통행중,안전운전불이행,건조,맑음,단일로 - 기타,승합,남,59세,기타불명,보행자,남,21세,경상
2019110200100579,2019년 11월 2일 18시,토요일,경상북도 김천시 봉산면,중상사고,0,1,0,0,차대사람 - 보도통행중,보행자보호의무위반,건조,기타,단일로 - 기타,승용,여,50세,상해없음,보행자,남,69세,중상
2019110200100580,2019년 11월 2일 18시,토요일,경상북도 상주시 남성동,중상사고,0,1,0,0,차대사람 - 횡단중,보행자보호의무위반,건조,맑음,교차로 - 교차로안,승용,여,53세,상해없음,보행자,여,50세,중상
2019110200100581,2019년 11월 2일 18시,토요일,경상북도 상주시 서성동,중상사고,0,1,2,0,차대차 - 추돌,안전운전불이행,건조,맑음,단일로 - 기타,승용,남,41세,상해없음,승용,여,64세,중상
2019110200100582,2019년 11월 2일 18시,토요일,경상북도 영천시 조교동,경상사고,0,0,2,0,차대차 - 추돌,안전운전불이행,건조,맑음,교차로 - 교차로부근,승용,남,72세,상해없음,화물,남,57세,경상
2019110200100630,2019년 11월 2일 19시,토요일,경상북도 김천시 대광동,중상사고,0,1,1,0,차대차 - 추돌,안전운전불이행,건조,기타,단일로 - 기타,화물,남,53세,경상,농기계,남,63세,상해없음
2019110200100631,2019년 11월 2일 19시,토요일,경상북도 상주시 함창읍,중상사고,0,1,1,0,차대차 - 추돌,안전운전불이행,건조,맑음,기타 - 기타,승용,여,54세,경상,농기계,남,55세,중상
2019110200100632,2019년 11월 2일 19시,토요일,경상북도 칠곡군 석적읍,부상신고사고,0,0,0,1,차대차 - 측면충돌,교차로운행방법위반,건조,맑음,교차로 - 교차로안,승용,남,42세,상해없음,이륜,남,28세,부상신고
2019110200100633,2019년 11월 2일 19시,토요일,경상북도 포항시 남구 효자동,경상사고,0,0,1,0,차대차 - 추돌,안전운전불이행,건조,맑음,단일로 - 기타,이륜,남,43세,상해없음,승용,여,63세,경상
2019110200100675,2019년 11월 2일 20시,토요일,경상북도 칠곡군 왜관읍,사망사고,1,0,1,1,차대사람 - 차도통행중,안전운전불이행,건조,맑음,단일로 - 기타,승용,남,45세,부상신고,보행자,여,90세 이상,사망
2019110200100676,2019년 11월 2일 20시,토요일,경상북도 경산시 압량면,경상사고,0,0,1,0,차대차 - 추돌,안전거리미확보,건조,맑음,교차로 - 교차로부근,승용,남,24세,상해없음,승용,여,63세,경상
2019110200100712,2019년 11월 2일 21시,토요일,경상북도 영천시 망정동,중상사고,0,2,1,0,차대차 - 측면충돌,신호위반,건조,맑음,교차로 - 교차로안,승용,남,58세,경상,승용,남,62세,중상
2019110200100733,2019년 11월 2일 22시,토요일,경상북도 김천시 덕곡동,경상사고,0,0,3,0,차대차 - 측면충돌,안전운전불이행,건조,기타,단일로 - 기타,승용,여,41세,상해없음,승용,남,48세,경상
2019110200100734,2019년 11월 2일 22시,토요일,경상북도 의성군 다인면,경상사고,0,0,2,0,차대차 - 기타,신호위반,건조,맑음,교차로 - 교차로안,승용,여,52세,경상,승용,여,67세,경상
2019110200100735,2019년 11월 2일 22시,토요일,경상북도 영주시 영주동,경상사고,0,0,2,0,차대차 - 기타,교차로운행방법위반,건조,맑음,교차로 - 교차로안,승용,남,35세,상해없음,승용,여,48세,경상
2019110200100754,2019년 11월 2일 23시,토요일,경상북도 안동시 북문동,경상사고,0,0,2,0,차대차 - 후진중충돌,안전운전불이행,건조,맑음,단일로 - 기타,승용,남,22세,상해없음,승용,남,22세,경상
2019110200100755,2019년 11월 2일 23시,토요일,경상북도 구미시 원평동,부상신고사고,0,0,0,1,차대차 - 측면충돌,안전운전불이행,건조,맑음,단일로 - 기타,이륜,남,17세,부상신고,승용,남,26세,상해없음
2019110300100039,2019년 11월 3일 00시,일요일,경상북도 포항시 북구 학산동,경상사고,0,0,1,0,차대차 - 측면충돌,신호위반,건조,맑음,교차로 - 교차로안,승용,남,38세,상해없음,승용,남,62세,경상