사고번호,사고일시,요일,시군구,사고내용,사망자수,중상자수,경상자수,부상신고자수,사고유형,법규위반,노면상태,기상상태,도로형태,가해운전자 차종,가해운전자 성별,가해운전자 연령,가해운전자 상해정도,피해운전자 차종,피해운전자 성별,피해운전자 연령,피해운전자 상해정도
2019110700100583,2019년 11월 7일 18시,목요일,경상북도 포항시 북구 흥해읍,경상사고,0,0,1,0,차대차 - 추돌,안전운전불이행,건조,맑음,단일로 - 기타,특수,남,62세,경상,건설기계,남,56세,상해없음
2019110700100584,2019년 11월 7일 18시,목요일,경상북도 상주시 복룡동,중상사고,0,1,0,0,차대차 - 측면충돌,중앙선침범,건조,맑음,단일로 - 기타,승용,남,35세,상해없음,자전거,남,45세,중상
2019110700100585,2019년 11월 7일 18시,목요일,경상북도 경산시 정평동,경상사고,0,0,1,0,차대차 - 측면충돌,안전운전불이행,건조,맑음,단일로 - 기타,자전거,남,55세,경상,이륜,남,49세,상해없음
2019110700100586,2019년 11월 7일 18시,목요일,경상북도 영덕군 영덕읍,중상사고,0,1,0,0,차대차 - 추돌,안전운전불이행,건조,맑음,단일로 - 기타,승용,남,49세,기타불명,승용,남,59세,중상
2019110700100587,2019년 11월 7일 18시,목요일,경상북도 구미시 상모동,경상사고,0,0,2,0,차대차 - 기타,중앙선침범,건조,맑음,단일로 - 기타,승용,여,23세,상해없음,승용,남,48세,경상
2019110700100642,2019년 11월 7일 19시,목요일,경상북도 포항시 북구 흥해읍,사망사고,1,0,0,0,차대사람 - 차도통행중,안전운전불이행,건조,맑음,교차로 - 교차로안,승용,여,39세,상해없음,보행자,남,63세,사망
2019110700100643,2019년 11월 7일 19시,목요일,경상북도 칠곡군 석적읍,경상사고,0,0,1,0,차대사람 - 기타,안전운전불이행,건조,흐림,교차로 - 교차로부근,승용,남,31세,상해없음,보행자,여,69세,경상
2019110700100644,2019년 11월 7일 19시,목요일,경상북도 구미시 광평동,경상사고,0,0,2,0,차대차 - 추돌,안전운전불이행,건조,맑음,교차로 - 교차로부근,승용,남,50세,상해없음,승용,여,60세,경상
2019110700100682,2019년 11월 7일 20시,목요일,경상북도 영천시 고경면,경상사고,0,0,2,0,차대차 - 정면충돌,안전운전불이행,건조,맑음,단일로 - 기타,승용,남,39세,경상,승용,남,31세,경상
2019110700100683,2019년 11월 7일 20시,목요일,경상북도 구미시 인의동,경상사고,0,0,1,0,차대차 - 측면충돌,안전운전불이행,건조,맑음,단일로 - 기타,승용,남,33세,상해없음,승용,남,31세,경상
2019110700100714,2019년 11월 7일 21시,목요일,경상북도 경산시 옥곡동,중상사고,0,1,1,0,차대사람 - 횡단중,보행자보호의무위반,건조,맑음,교차로 - 교차로횡단보도내,승용,여,47세,상해없음,보행자,여,46세,중상
2019110700100748,2019년 11월 7일 22시,목요일,경상북도 경산시 압량면,경상사고,0,0,1,0,차대차 - 측면충돌,신호위반,건조,맑음,단일로 - 기타,승용,남,22세,기타불명,승용,남,55세,경상
2019110700100769,2019년 11월 7일 23시,목요일,경상북도 경산시 하양읍,사망사고,1,0,0,0,차대사람 - 차도통행중,안전운전불이행,건조,맑음,단일로 - 기타,승용,남,24세,상해없음,보행자,남,36세,사망
2019110800100029,2019년 11월 8일 00시,금요일,경상북도 구미시 황상동,경상사고,0,0,1,0,차대차 - 기타,안전운전불이행,건조,맑음,교차로 - 교차로부근,승용,남,29세,상해없음,승용,남,44세,경상
2019110800100053,2019년 11월 8일 02시,금요일,경상북도 상주시 가장동,중상사고,0,1,0,0,차대차 - 측면충돌,안전운전불이행,건조,맑음,교차로 - 교차로안,승용,남,33세,상해없음,개인형이동수단(PM),남,21세,중상
2019110800100076,2019년 11월 8일 05시,금요일,경상북도 경주시 현곡면,경상사고,0,0,2,0,차대차 - 측면충돌,안전운전불이행,건조,맑음,교차로 - 교차로안,승용,여,61세,상해없음,승용,남,27세,경상
2019110800100094,2019년 11월 8일 06시,금요일,경상북도 안동시 정하동,경상사고,0,0,1,0,차대차 - 측면충돌,안전운전불이행,건조,맑음,교차로 - 교차로부근,승용,남,60세,상해없음,승용,남,59세,경상
2019110800100120,2019년 11월 8일 07시,금요일,경상북도 칠곡군 왜관읍,경상사고,0,0,1,0,차대차 - 측면충돌,안전운전불이행,건조,맑음,교차로 - 교차로안,화물,남,48세,상해없음,자전거,여,62세,경상
2019110800100121,2019년 11월 8일 07시,금요일,경상북도 경산시 임당동,중상사고,0,1,0,0,차대차 - 측면충돌,안전운전불이행,건조,맑음,단일로 - 기타,이륜,남,56세,중상,승용,남,29세,상해없음
2019110800100122,2019년 11월 8일 07시,금요일,경상북도 구미시 송정동,부상신고사고,0,0,0,1,차대차 - 기타,안전운전불이행,건조,맑음,단일로 - 기타,기타불명,기타불명,미분류,기타불명,승용,남,58세,부상신고
2019110800100123,2019년 11월 8일 07시,금요일,경상북도 김천시 남면,경상사고,0,0,1,0,차대차 - 측면충돌,안전운전불이행,건조,맑음,단일로 - 기타,승용,남,32세,상해없음,화물,남,36세,경상
2019110800100179,2019년 11월 8일 08시,금요일,경상북도 의성군 춘산면,경상사고,0,0,2,0,차대차 - 측면충돌,안전운전불이행,건조,맑음,단일로 - 기타,화물,남,50세,상해없음,화물,남,61세,경상
2019110800100180,2019년 11월 8일 08시,금요일,경상북도 칠곡군 석적읍,경상사고,0,0,1,0,차대차 - 측면충돌,차로위반,건조,맑음,단일로 - 기타,승용,남,21세,상해없음,승용,여,30세,경상
2019110800100181,2019년 11월 8일 08시,금요일,경상북도 문경시 호계면,경상사고,0,0,1,0,차대차 - 측면충돌,안전운전불이행,건조,맑음,교차로 - 교차로안,건설기계,남,59세,상해없음,승용,남,38세,경상
2019110800100182,2019년 11월 8일 08시,금요일,경상북도 예천군 예천읍,중상사고,0,1,0,0,차대사람 - 차도통행중,안전운전불이행,건조,맑음,단일로 - 기타,승용,여,51세,상해없음,보행자,여,53세,중상
2019110800100183,2019년 11월 8일 08시,금요일,경상북도 군위군 의흥면,중상사고,0,1,0,0,차량단독 - 공작물충돌,안전운전불이행,건조,맑음,기타 - 기타,농기계,남,68세,중상,,,,
2019110800100184,2019년 11월 8일 08시,금요일,경상북도 청송군 부남면,경상사고,0,0,1,0,차대차 - 정면충돌,중앙선침범,건조,맑음,단일로 - 기타,승용,여,32세,상해없음,화물,남,82세,경상
2019110800100232,2019년 11월 8일 09시,금요일,경상북도 예천군 감천면,중상사고,0,1,0,0,차대차 - 후진중충돌,안전운전불이행,건조,맑음,교차로 - 교차로안,화물,남,60세,상해없음,승용,남,84세,중상
2019110800100233,2019년 11월 8일 09시,금요일,경상북도 고령군 쌍림면,중상사고,0,1,0,0,차대차 - 정면충돌,중앙선침범,건조,맑음,교차로 - 교차로부근,건설기계,남,57세,상해없음,화물,남,32세,중상
2019110800100272,2019년 11월 8일 10시,금요일,경상북도 영덕군 강구면,경상사고,0,0,1,0,차대사람 - 기타,안전운전불이행,건조,맑음,교차로 - 교차로부근,승용,여,52세,상해없음,보행자,여,73세,경상
2019110800100273,2019년 11월 8일 10시,금요일,경상북도 포항시 남구 대송면,사망사고,1,0,0,0,차대차 - 측면충돌,교차로운행방법위반,건조,맑음,교차로 - 교차로안,이륜,남,79세,사망,화물,남,45세,상해없음
2019110800100299,2019년 11월 8일 11시,금요일,경상북도 의성군 안평면,중상사고,0,1,0,0,차대사람 - 횡단중,안전운전불이행,건조,맑음,단일로 - 기타,화물,남,58세,상해없음,보행자,여,90세 이상,중상
2019110800100300,2019년 11월 8일 11시,금요일,경상북도 경산시 중방동,경상사고,0,0,1,0,차대차 - 기타,안전운전불이행,건조,맑음,단일로 - 기타,기타불명,기타불명,미분류,기타불명,자전거,남,14세,경상
2019110800100301,2019년 11월 8일 11시,금요일,경상북도 군위군 효령면,경상사고,0,0,2,0,차대차 - 후진중충돌,안전운전불이행,건조,맑음,주차장 - 주차장,승용,남,69세,상해없음,승용,여,54세,경상
2019110800100302,2019년 11월 8일 11시,금요일,경상북도 포항시 남구 대잠동,경상사고,0,0,1,0,차대차 - 기타,안전운전불이행,건조,맑음,교차로 - 교차로부근,화물,남,48세,상해없음,승용,여,45세,경상
2019110800100345,2019년 11월 8일 12시,금요일,경상북도 포항시 북구 두호동,경상사고,0,0,1,0,차대차 - 기타,안전운전불이행,건조,맑음,단일로 - 기타,승용,여,62세,상해없음,승합,남,57세,경상
2019110800100346,2019년 11월 8일 12시,금요일,경상북도 문경시 산양면,중상사고,0,1,0,0,차량단독 - 전도전복 - 전도,안전운전불이행,건조,맑음,단일로 - 기타,사륜오토바이(ATV),여,80세,상해없음,,,,
2019110800100378,2019년 11월 8일 13시,금요일,경상북도 안동시 와룡면,중상사고,0,2,0,0,차대차 - 측면충돌,안전운전불이행,건조,맑음,단일로 - 기타,이륜,남,58세,중상,이륜,남,69세,중상
2019110800100379,2019년 11월 8일 13시,금요일,경상북도 영주시 영주동,부상신고사고,0,0,0,1,차대차 - 기타,안전운전불이행,건조,맑음,교차로 - 교차로안,승용,여,58세,상해없음,이륜,남,40세,부상신고
2019110800100380,2019년 11월 8일 13시,금요일,경상북도 칠곡군 기산면,중상사고,0,1,0,0,차대차 - 추돌,안전운전불이행,건조,맑음,단일로 - 기타,이륜,남,75세,중상,승용,남,23세,기타불명
2019110800100381,2019년 11월 8일 13시,금요일,경상북도 경산시 사정동,중상사고,0,1,1,0,차대차 - 측면충돌,차로위반,기타,맑음,단일로 - 기타,승용,남,46세,상해없음,승용,여,61세,중상
2019110800100426,2019년 11월 8일 14시,금요일,경상북도 경주시 외동읍,경상사고,0,0,3,0,차대차 - 측면충돌,안전운전불이행,건조,맑음,교차로 - 교차로안,승용,여,60세,경상,승용,남,37세,경상
2019110800100427,2019년 11월 8일 14시,금요일,경상북도 고령군 우곡면,사망사고,1,0,0,0,차대차 - 측면충돌,교차로운행방법위반,건조,맑음,교차로 - 교차로안,이륜,여,76세,사망,승합,남,49세,상해없음
2019110800100472,2019년 11월 8일 15시,금요일,경상북도 안동시 송현동,경상사고,0,0,1,0,차대차 - 측면충돌,안전운전불이행,젖음/습기,비,단일로 - 기타,화물,남,63세,상해없음,승용,남,36세,경상
2019110800100473,2019년 11월 8일 15시,금요일,경상북도 영주시 휴천동,부상신고사고,0,0,0,1,차대차 - 기타,안전운전불이행,건조,맑음,교차로 - 교차로안,자전거,남,75세,부상신고,승용,여,43세,상해없음
2019110800100474,2019년 11월 8일 15시,금요일,경상북도 문경시 흥덕동,경상사고,0,0,1,0,차대사람 - 횡단중,안전운전불이행,건조,맑음,교차로 - 교차로안,승용,남,42세,상해없음,보행자,남,67세,경상
2019110800100475,2019년 11월 8일 15시,금요일,경상북도 상주시 지천동,경상사고,0,0,1,0,차대차 - 기타,안전운전불이행,건조,맑음,단일로 - 기타,승용,남,26세,상해없음,화물,남,34세,경상
2019110800100515,2019년 11월 8일 16시,금요일,경상북도 안동시 서후면,경상사고,0,0,4,0,차대차 - 추돌,안전거리미확보,건조,맑음,교차로 - 교차로부근,승용,남,44세,상해없음,승용,여,41세,경상
2019110800100516,2019년 11월 8일 16시,금요일,경상북도 영주시 평은면,경상사고,0,0,2,0,차대차 - 정면충돌,중앙선침범,건조,맑음,단일로 - 기타,화물,남,70세,경상,승용,남,55세,경상
2019110800100517,2019년 11월 8일 16시,금요일,경상북도 칠곡군 왜관읍,경상사고,0,0,3,0,차대차 - 측면충돌,신호위반,건조,맑음,교차로 - 교차로부근,승용,남,54세,경상,승용,여,43세,경상
2019110800100518,2019년 11월 8일 16시,금요일,경상북도 구미시 황상동,경상사고,0,0,2,0,차대차 - 추돌,안전운전불이행,건조,맑음,단일로 - 기타,이륜,남,54세,상해없음,이륜,남,44세,경상
2019110800100519,2019년 11월 8일 16시,금요일,경상북도 포항시 남구 대송면,중상사고,0,1,0,0,차대차 - 측면충돌,안전운전불이행,건조,맑음,단일로 - 기타,승용,남,62세,상해없음,승용,남,48세,중상
2019110800100564,2019년 11월 8일 17시,금요일,경상북도 경주시 율동,부상신고사고,0,0,0,1,차대사람 - 횡단중,안전운전불이행,건조,맑음,단일로 - 기타,이륜,남,55세,부상신고,보행자,남,65세,상해없음
2019110800100565,2019년 11월 8일 17시,금요일,경상북도 안동시 일직면,경상사고,0,0,2,0,차대차 - 측면충돌,안전운전불이행,건조,맑음,단일로 - 교량,화물,남,53세,상해없음,승용,남,56세,경상
2019110800100566,2019년 11월 8일 17시,금요일,경상북도 칠곡군 약목면,경상사고,0,0,1,0,차대차 - 측면충돌,직진우회전진행방해,건조,맑음,교차로 - 교차로안,승용,남,58세,상해없음,이륜,남,52세,경상
2019110800100567,2019년 11월 8일 17시,금요일,경상북도 영천시 금호읍,경상사고,0,0,2,0,차대차 - 기타,신호위반,건조,맑음,교차로 - 교차로안,승용,남,53세,경상,화물,남,40세,경상
2019110800100568,2019년 11월 8일 17시,금요일,경상북도 성주군 성주읍,경상사고,0,0,4,0,차대차 - 추돌,안전운전불이행,건조,맑음,단일로 - 기타,승용,남,24세,경상,승용,남,43세,경상
2019110800100569,2019년 11월 8일 17시,금요일,경상북도 구미시 임은동,중상사고,0,2,1,0,차대사람 - 보도통행중,기타,건조,맑음,단일로 - 기타,승용,여,41세,상해없음,보행자,여,45세,중상
2019110800100636,2019년 11월 8일 18시,금요일,경상북도 김천시 개령면,경상사고,0,0,1,0,차대차 - 기타,안전운전불이행,건조,맑음,단일로 - 기타,이륜,남,79세,경상,승용,남,54세,상해없음
2019110800100637,2019년 11월 8일 18시,금요일,경상북도 상주시 무양동,경상사고,0,0,1,0,차대차 - 측면충돌,안전운전불이행,건조,맑음,단일로 - 기타,화물,남,39세,상해없음,이륜,남,23세,경상
2019110800100638,2019년 11월 8일 18시,금요일,경상북도 칠곡군 동명면,경상사고,0,0,2,0,차대차 - 측면충돌,중앙선침범,건조,맑음,단일로 - 기타,화물,남,50세,상해없음,승용,남,63세,경상
2019110800100639,2019년 11월 8일 18시,금요일,경상북도 칠곡군 동명면,경상사고,0,0,2,0,차대차 - 추돌,안전운전불이행,건조,맑음,단일로 - 기타,승용,여,59세,상해없음,화물,남,49세,경상
2019110800100640,2019년 11월 8일 18시,금요일,경상북도 문경시 모전동,경상사고,0,0,1,0,차대사람 - 횡단중,보행자보호의무위반,건조,맑음,교차로 - 교차로횡단보도내,승용,남,37세,상해없음,보행자,남,7세,경상
2019110800100641,2019년 11월 8일 18시,금요일,경상북도 예천군 호명면,중상사고,0,1,0,0,차대차 - 정면충돌,중앙선침범,건조,맑음,교차로 - 교차로부근,원동기,남,87세,중상,승용,남,43세,상해없음
2019110800100642,2019년 11월 8일 18시,금요일,경상북도 구미시 공단동,중상사고,0,1,0,0,차대사람 - 보도통행중,보행자보호의무위반,건조,맑음,단일로 - 기타,승용,남,29세,상해없음,보행자,남,68세,중상
2019110800100643,2019년 11월 8일 18시,금요일,경상북도 구미시 산동면,경상사고,0,0,1,0,차대차 - 추돌,안전운전불이행,건조,맑음,단일로 - 기타,승용,여,36세,상해없음,승용,여,39세,경상
2019110800100644,2019년 11월 8일 18시,금요일,경상북도 포항시 남구 괴동동,부상신고사고,0,0,0,1,차대차 - 기타,안전운전불이행,건조,맑음,교차로 - 교차로부근,승용,남,62세,상해없음,이륜,남,39세,부상신고
2019110800100704,2019년 11월 8일 19시,금요일,경상북도 안동시 옥동,경상사고,0,0,1,0,차대사람 - 기타,안전운전불이행,건조,맑음,교차로 - 교차로안,승용,남,38세,상해없음,보행자,여,59세,경상
2019110800100705,2019년 11월 8일 19시,금요일,경상북도 김천시 율곡동,중상사고,0,1,0,1,차대차 - 측면충돌,중앙선침범,건조,맑음,단일로 - 기타,승용,여,38세,부상신고,이륜,남,20세,중상
2019110800100706,2019년 11월 8일 19시,금요일,경상북도 상주시 화서면,중상사고,0,1,0,0,차대사람 - 보도통행중,안전운전불이행,건조,흐림,단일로 - 기타,승용,남,65세,기타불명,보행자,남,63세,중상
2019110800100707,2019년 11월 8일 19시,금요일,경상북도 성주군 성주읍,중상사고,0,1,1,0,차대차 - 기타,과속,건조,맑음,교차로 - 교차로안,승용,남,28세,경상,승용,여,64세,중상
2019110800100743,2019년 11월 8일 20시,금요일,경상북도 경주시 내남면,경상사고,0,0,2,0,차대차 - 추돌,안전운전불이행,건조,맑음,교차로 - 교차로부근,화물,남,50세,상해없음,승용,남,46세,경상
2019110800100791,2019년 11월 8일 21시,금요일,경상북도 경주시 신평동,경상사고,0,0,1,0,차대차 - 측면충돌,안전운전불이행,건조,맑음,교차로 - 교차로부근,승용,여,54세,상해없음,이륜,남,26세,경상
2019110800100792,2019년 11월 8일 21시,금요일,경상북도 상주시 낙동면,경상사고,0,0,1,0,차대차 - 기타,기타,건조,맑음,단일로 - 기타,화물,남,63세,상해없음,승용,남,24세,경상
2019110800100819,2019년 11월 8일 22시,금요일,경상북도 포항시 남구 상도동,중상사고,0,1,0,0,차대차 - 기타,교차로운행방법위반,건조,맑음,교차로 - 교차로안,이륜,남,24세,상해없음,개인형이동수단(PM),남,53세,중상
2019110800100839,2019년 11월 8일 23시,금요일,경상북도 포항시 남구 동촌동,경상사고,0,0,1,0,차대차 - 측면충돌,안전운전불이행,건조,맑음,단일로 - 기타,승용,여,40세,상해없음,승용,남,40세,상해없음
2019110900100103,2019년 11월 9일 05시,토요일,경상북도 성주군 성주읍,중상사고,0,1,0,0,차량단독 - 공작물충돌,중앙선침범,건조,맑음,교차로 - 교차로부근,승용,남,27세,중상,,,,
2019110900100104,2019년 11월 9일 05시,토요일,경상북도 칠곡군 지천면,경상사고,0,0,1,0,차대차 - 추돌,안전운전불이행,건조,맑음,단일로 - 기타,승용,남,26세,상해없음,화물,남,34세,경상
2019110900100119,2019년 11월 9일 06시,토요일,경상북도 구미시 선산읍,중상사고,0,1,0,0,차대차 - 기타,안전운전불이행,건조,맑음,교차로 - 교차로안,건설기계,남,56세,상해없음,승용,남,39세,중상
2019110900100154,2019년 11월 9일 08시,토요일,경상북도 상주시 화산동,경상사고,0,0,1,0,차대차 - 측면충돌,신호위반,건조,맑음,교차로 - 교차로안,승용,남,46세,상해없음,승용,남,34세,경상
2019110900100155,2019년 11월 9일 08시,토요일,경상북도 예천군 풍양면,중상사고,0,1,0,0,차대차 - 측면충돌,안전운전불이행,건조,맑음,단일로 - 기타,이륜,여,72세,중상,승합,여,48세,상해없음
2019110900100156,2019년 11월 9일 08시,토요일,경상북도 군위군 효령면,경상사고,0,0,2,0,차대차 - 측면충돌,직진우회전진행방해,건조,맑음,교차로 - 교차로안,승용,남,56세,경상,승용,여,39세,경상
2019110900100187,2019년 11월 9일 09시,토요일,경상북도 영천시 야사동,부상신고사고,0,0,0,1,차대차 - 측면충돌,안전운전불이행,건조,맑음,교차로 - 교차로안,자전거,남,11세,부상신고,승용,남,64세,상해없음
2019110900100188,2019년 11월 9일 09시,토요일,경상북도 경산시 사동,경상사고,0,0,1,1,차대차 - 측면충돌,신호위반,건조,맑음,교차로 - 교차로안,승용,여,41세,상해없음,화물,남,49세,경상
2019110900100189,2019년 11월 9일 09시,토요일,경상북도 영덕군 남정면,중상사고,0,1,1,0,차대차 - 추돌,안전운전불이행,건조,맑음,교차로 - 교차로부근,승합,남,66세,상해없음,승용,남,78세,경상
2019110900100190,2019년 11월 9일 09시,토요일,경상북도 울진군 죽변면,부상신고사고,0,0,0,1,차대차 - 측면충돌,안전운전불이행,건조,맑음,단일로 - 기타,이륜,남,61세,부상신고,승용,여,57세,상해없음
2019110900100191,2019년 11월 9일 09시,토요일,경상북도 구미시 지산동,경상사고,0,0,2,0,차대차 - 측면충돌,안전운전불이행,건조,맑음,단일로 - 기타,승용,여,52세,상해없음,승용,남,41세,경상
2019110900100229,2019년 11월 9일 10시,토요일,경상북도 경주시 노서동,경상사고,0,0,1,0,차대차 - 정면충돌,안전운전불이행,건조,맑음,교차로 - 교차로안,승용,남,28세,상해없음,화물,남,72세,경상
2019110900100230,2019년 11월 9일 10시,토요일,경상북도 경주시 성동동,경상사고,0,0,2,0,차대차 - 추돌,안전운전불이행,건조,맑음,단일로 - 기타,승용,여,36세,상해없음,승용,여,42세,경상
2019110900100231,2019년 11월 9일 10시,토요일,경상북도 구미시 상모동,경상사고,0,0,1,0,차대사람 - 횡단중,보행자보호의무위반,건조,맑음,교차로 - 교차로부근,승용,남,51세,상해없음,보행자,남,5세,경상
2019110900100269,2019년 11월 9일 11시,토요일,경상북도 포항시 북구 우현동,경상사고,0,0,1,0,차대사람 - 기타,신호위반,건조,맑음,교차로 - 교차로부근,승용,남,31세,상해없음,보행자,남,67세,경상
2019110900100270,2019년 11월 9일 11시,토요일,경상북도 칠곡군 북삼읍,경상사고,0,0,1,0,차대차 - 측면충돌,신호위반,건조,맑음,교차로 - 교차로안,승용,남,47세,상해없음,승용,남,57세,경상
2019110900100271,2019년 11월 9일 11시,토요일,경상북도 경산시 하양읍,중상사고,0,1,0,0,차대차 - 측면충돌,교차로운행방법위반,건조,맑음,교차로 - 교차로안,승용,남,68세,상해없음,승용,남,42세,중상
2019110900100272,2019년 11월 9일 11시,토요일,경상북도 경산시 진량읍,경상사고,0,0,1,0,차대차 - 후진중충돌,안전운전불이행,건조,맑음,단일로 - 기타,승용,남,34세,상해없음,이륜,남,27세,경상
2019110900100273,2019년 11월 9일 11시,토요일,경상북도 포항시 남구 오천읍,경상사고,0,0,2,0,차대차 - 측면충돌,안전운전불이행,건조,맑음,교차로 - 교차로안,승용,여,34세,경상,승용,남,48세,경상
2019110900100324,2019년 11월 9일 12시,토요일,경상북도 포항시 북구 우현동,경상사고,0,0,3,0,차대차 - 추돌,안전거리미확보,건조,맑음,교차로 - 교차로부근,승용,남,50세,기타불명,승용,남,61세,경상
2019110900100363,2019년 11월 9일 13시,토요일,경상북도 안동시 옥야동,중상사고,0,1,0,0,차대사람 - 기타,안전운전불이행,건조,맑음,단일로 - 기타,승용,여,22세,상해없음,보행자,남,70세,중상
2019110900100364,2019년 11월 9일 13시,토요일,경상북도 김천시 교동,중상사고,0,1,1,0,차대사람 - 기타,안전운전불이행,건조,맑음,단일로 - 기타,이륜,남,22세,경상,보행자,남,67세,중상
2019110900100417,2019년 11월 9일 14시,토요일,경상북도 영천시 문외동,경상사고,0,0,2,0,차대차 - 추돌,안전운전불이행,건조,맑음,교차로 - 교차로부근,이륜,남,44세,경상,승용,남,48세,경상
2019110900100418,2019년 11월 9일 14시,토요일,경상북도 구미시 시미동,중상사고,0,1,0,0,차대차 - 추돌,안전운전불이행,건조,맑음,단일로 - 기타,승용,남,50세,상해없음,승용,남,34세,중상
2019110900100419,2019년 11월 9일 14시,토요일,경상북도 포항시 남구 대도동,중상사고,0,1,0,0,차대차 - 측면충돌,안전운전불이행,건조,맑음,교차로 - 교차로안,자전거,여,69세,중상,승용,남,48세,상해없음
2019110900100420,2019년 11월 9일 14시,토요일,경상북도 포항시 남구 해도동,경상사고,0,0,1,0,차대차 - 추돌,안전운전불이행,건조,맑음,기타 - 기타,승용,남,39세,상해없음,승용,여,61세,경상
2019110900100466,2019년 11월 9일 15시,토요일,경상북도 경주시 양남면,경상사고,0,0,1,0,차대차 - 정면충돌,중앙선침범,건조,맑음,단일로 - 기타,승용,남,25세,상해없음,화물,남,42세,경상
2019110900100467,2019년 11월 9일 15시,토요일,경상북도 고령군 대가야읍,경상사고,0,0,1,0,차대사람 - 기타,안전운전불이행,건조,맑음,단일로 - 기타,자전거,남,5세,상해없음,보행자,남,5세,경상
2019110900100502,2019년 11월 9일 16시,토요일,경상북도 청도군 이서면,경상사고,0,0,3,0,차대차 - 추돌,안전운전불이행,건조,맑음,교차로 - 교차로부근,승용,남,62세,경상,화물,남,62세,경상
2019110900100503,2019년 11월 9일 16시,토요일,경상북도 구미시 고아읍,중상사고,0,2,1,0,차대차 - 추돌,안전운전불이행,건조,맑음,단일로 - 기타,화물,남,54세,중상,화물,남,37세,경상
2019110900100540,2019년 11월 9일 17시,토요일,경상북도 경산시 옥곡동,중상사고,0,1,0,0,차량단독 - 전도전복 - 전도,안전운전불이행,건조,맑음,단일로 - 기타,자전거,여,74세,중상,,,,
2019110900100541,2019년 11월 9일 17시,토요일,경상북도 구미시 임수동,경상사고,0,0,2,0,차대차 - 추돌,안전운전불이행,건조,맑음,교차로 - 교차로부근,승용,남,60세,상해없음,승용,남,48세,경상
2019110900100606,2019년 11월 9일 18시,토요일,경상북도 안동시 와룡면,부상신고사고,0,0,0,1,차대차 - 기타,안전운전불이행,건조,맑음,단일로 - 기타,승용,남,72세,부상신고,화물,남,54세,상해없음
2019110900100607,2019년 11월 9일 18시,토요일,경상북도 칠곡군 동명면,경상사고,0,0,1,0,차대차 - 측면충돌,안전운전불이행,건조,맑음,교차로 - 교차로안,승합,남,52세,상해없음,승용,남,25세,경상
2019110900100608,2019년 11월 9일 18시,토요일,경상북도 문경시 산북면,부상신고사고,0,0,0,1,차대차 - 추돌,안전운전불이행,건조,맑음,단일로 - 기타,화물,남,67세,부상신고,승용,남,61세,상해없음
2019110900100609,2019년 11월 9일 18시,토요일,경상북도 경산시 옥산동,중상사고,0,1,0,0,차대사람 - 횡단중,안전운전불이행,건조,맑음,교차로 - 교차로안,승용,여,52세,상해없음,보행자,여,80세,중상
2019110900100610,2019년 11월 9일 18시,토요일,경상북도 고령군 다산면,경상사고,0,0,1,0,차대차 - 추돌,안전거리미확보,건조,맑음,단일로 - 기타,승용,남,43세,상해없음,승용,남,57세,경상
2019110900100669,2019년 11월 9일 20시,토요일,경상북도 안동시 수상동,경상사고,0,0,1,0,차대차 - 측면충돌,신호위반,건조,맑음,교차로 - 교차로안,승용,여,43세,상해없음,승용,남,34세,경상
2019110900100670,2019년 11월 9일 20시,토요일,경상북도 울진군 근남면,중상사고,0,1,0,0,차대차 - 추돌,안전운전불이행,건조,맑음,단일로 - 기타,승용,여,53세,상해없음,기타불명,남,58세,중상
2019110900100698,2019년 11월 9일 21시,토요일,경상북도 영천시 망정동,경상사고,0,0,1,0,차대사람 - 차도통행중,안전운전불이행,건조,맑음,단일로 - 기타,승용,남,50세,상해없음,보행자,여,64세,경상
2019110900100720,2019년 11월 9일 22시,토요일,경상북도 포항시 남구 지곡동,경상사고,0,0,1,0,차대차 - 추돌,안전거리미확보,건조,맑음,교차로 - 교차로부근,승용,남,67세,상해없음,승용,남,28세,경상
2019110900100731,2019년 11월 9일 23시,토요일,경상북도 영주시 안정면,경상사고,0,0,2,0,차대차 - 기타,안전운전불이행,건조,맑음,단일로 - 기타,승용,남,25세,상해없음,화물,남,55세,경상
2019110900100732,2019년 11월 9일 23시,토요일,경상북도 포항시 남구 오천읍,중상사고,0,1,0,0,차대차 - 측면충돌,직진우회전진행방해,건조,맑음,교차로 - 교차로안,승용,남,47세,상해없음,이륜,남,35세,중상
2019111000100050,2019년 11월 10일 01시,일요일,경상북도 경주시 용강동,경상사고,0,0,1,0,차대차 - 추돌,안전운전불이행,건조,맑음,교차로 - 교차로부근,승용,남,30세,상해없음,승용,남,42세,경상
2019111000100051,2019년 11월 10일 01시,일요일,경상북도 칠곡군 석적읍,중상사고,0,1,0,0,차량단독 - 공작물충돌,안전운전불이행,건조,맑음,주차장 - 주차장,승용,남,35세,상해없음,,,,
2019111000100076,2019년 11월 10일 03시,일요일,경상북도 의성군 안계면,사망사고,1,2,0,0,차대차 - 정면충돌,중앙선침범,건조,맑음,단일로 - 기타,승용,남,25세,사망,농기계,남,60세,중상
2019111000100077,2019년 11월 10일 03시,일요일,경상북도 구미시 인의동,경상사고,0,0,1,0,차대차 - 측면충돌,안전운전불이행,건조,맑음,교차로 - 교차로안,승용,남,50세,상해없음,이륜,남,21세,경상