사고번호,사고일시,요일,시군구,사고내용,사망자수,중상자수,경상자수,부상신고자수,사고유형,법규위반,노면상태,기상상태,도로형태,가해운전자 차종,가해운전자 성별,가해운전자 연령,가해운전자 상해정도,피해운전자 차종,피해운전자 성별,피해운전자 연령,피해운전자 상해정도
2019111000100090,2019년 11월 10일 04시,일요일,경상북도 영천시 문내동,경상사고,0,0,1,0,차대차 - 추돌,안전운전불이행,건조,맑음,단일로 - 기타,화물,남,22세,상해없음,승용,남,48세,경상
2019111000100118,2019년 11월 10일 07시,일요일,경상북도 포항시 북구 용흥동,경상사고,0,0,1,0,차대사람 - 기타,안전운전불이행,건조,맑음,교차로 - 교차로부근,승용,남,46세,상해없음,보행자,여,64세,경상
2019111000100119,2019년 11월 10일 07시,일요일,경상북도 상주시 화동면,중상사고,0,1,0,0,차대차 - 측면충돌,안전운전불이행,건조,맑음,교차로 - 교차로안,화물,여,70세,중상,건설기계,남,45세,상해없음
2019111000100120,2019년 11월 10일 07시,일요일,경상북도 청송군 현동면,중상사고,0,1,0,0,차대차 - 측면충돌,중앙선침범,건조,맑음,단일로 - 지하차도(도로)내,승용,여,67세,상해없음,승용,여,56세,중상
2019111000100132,2019년 11월 10일 08시,일요일,경상북도 안동시 운흥동,경상사고,0,0,1,0,차대차 - 측면충돌,안전운전불이행,건조,맑음,교차로 - 교차로안,이륜,남,73세,경상,승용,남,73세,상해없음
2019111000100133,2019년 11월 10일 08시,일요일,경상북도 경산시 사정동,중상사고,0,2,1,0,차대차 - 정면충돌,중앙선침범,기타,맑음,단일로 - 기타,승용,여,54세,기타불명,승용,남,65세,경상
2019111000100155,2019년 11월 10일 09시,일요일,경상북도 성주군 성주읍,중상사고,0,1,0,0,차대차 - 기타,안전운전불이행,건조,맑음,단일로 - 기타,승용,남,52세,상해없음,자전거,여,32세,중상
2019111000100156,2019년 11월 10일 09시,일요일,경상북도 구미시 봉곡동,중상사고,0,1,0,1,차대차 - 기타,안전거리미확보,건조,맑음,단일로 - 기타,승용,남,77세,상해없음,승용,여,52세,중상
2019111000100175,2019년 11월 10일 10시,일요일,경상북도 경주시 노서동,경상사고,0,0,1,0,차대차 - 측면충돌,안전운전불이행,건조,맑음,교차로 - 교차로안,이륜,남,68세,경상,화물,남,57세,상해없음
2019111000100176,2019년 11월 10일 10시,일요일,경상북도 포항시 북구 죽도동,경상사고,0,0,1,0,차대사람 - 횡단중,신호위반,건조,맑음,단일로 - 기타,승용,남,59세,상해없음,보행자,여,77세,경상
2019111000100177,2019년 11월 10일 10시,일요일,경상북도 영천시 망정동,중상사고,0,1,1,0,차대차 - 기타,안전운전불이행,건조,맑음,교차로 - 교차로안,승용,남,55세,상해없음,승용,남,34세,중상
2019111000100178,2019년 11월 10일 10시,일요일,경상북도 구미시 황상동,경상사고,0,0,1,0,차대사람 - 기타,안전운전불이행,건조,맑음,교차로 - 교차로안,승용,여,25세,상해없음,보행자,여,16세,경상
2019111000100204,2019년 11월 10일 11시,일요일,경상북도 경주시 동천동,중상사고,0,1,1,0,차대차 - 측면충돌,안전운전불이행,건조,맑음,교차로 - 교차로안,승용,남,52세,상해없음,승용,남,44세,중상
2019111000100205,2019년 11월 10일 11시,일요일,경상북도 봉화군 소천면,중상사고,0,1,4,0,차대차 - 추돌,안전운전불이행,건조,맑음,단일로 - 터널,승용,남,36세,상해없음,승용,남,68세,중상
2019111000100217,2019년 11월 10일 12시,일요일,경상북도 경주시 덕동,경상사고,0,0,1,0,차량단독 - 전도전복 - 전도,안전운전불이행,건조,맑음,단일로 - 기타,이륜,남,84세,경상,,,,
2019111000100218,2019년 11월 10일 12시,일요일,경상북도 경산시 하양읍,중상사고,0,3,3,0,차대차 - 측면충돌,안전운전불이행,건조,맑음,교차로 - 교차로안,승용,여,53세,경상,승용,남,48세,중상
2019111000100247,2019년 11월 10일 13시,일요일,경상북도 김천시 구성면,중상사고,0,1,0,1,차량단독 - 공작물충돌,안전운전불이행,건조,맑음,단일로 - 기타,승용,여,54세,부상신고,,,,
2019111000100248,2019년 11월 10일 13시,일요일,경상북도 포항시 남구 해도동,경상사고,0,0,1,0,차대차 - 기타,안전운전불이행,건조,맑음,교차로 - 교차로안,승용,남,24세,상해없음,승용,남,61세,경상
2019111000100278,2019년 11월 10일 14시,일요일,경상북도 안동시 옥동,경상사고,0,0,1,0,차대사람 - 기타,보행자보호의무위반,건조,맑음,교차로 - 교차로부근,승용,남,54세,상해없음,보행자,남,57세,경상
2019111000100279,2019년 11월 10일 14시,일요일,경상북도 청송군 현동면,중상사고,0,1,0,0,차대차 - 정면충돌,중앙선침범,건조,맑음,단일로 - 지하차도(도로)내,이륜,남,45세,중상,승용,남,48세,상해없음
2019111000100308,2019년 11월 10일 15시,일요일,경상북도 안동시 용상동,경상사고,0,0,1,0,차대사람 - 차도통행중,안전운전불이행,건조,맑음,단일로 - 기타,화물,남,69세,상해없음,보행자,여,72세,경상
2019111000100333,2019년 11월 10일 16시,일요일,경상북도 경주시 서악동,경상사고,0,0,1,0,차대차 - 기타,신호위반,건조,맑음,교차로 - 교차로안,승합,남,49세,상해없음,승용,남,62세,경상
2019111000100334,2019년 11월 10일 16시,일요일,경상북도 상주시 성하동,경상사고,0,0,1,0,차대차 - 측면충돌,안전거리미확보,건조,맑음,단일로 - 기타,이륜,남,85세,경상,승용,여,51세,상해없음
2019111000100367,2019년 11월 10일 17시,일요일,경상북도 김천시 지좌동,경상사고,0,0,1,0,차대차 - 추돌,안전운전불이행,건조,맑음,교차로 - 교차로부근,승용,남,75세,상해없음,승용,남,66세,경상
2019111000100368,2019년 11월 10일 17시,일요일,경상북도 칠곡군 북삼읍,중상사고,0,2,0,0,차대차 - 추돌,안전운전불이행,건조,맑음,단일로 - 기타,승용,남,32세,중상,승용,남,37세,중상
2019111000100369,2019년 11월 10일 17시,일요일,경상북도 경산시 와촌면,경상사고,0,0,2,0,차대차 - 추돌,안전운전불이행,건조,맑음,단일로 - 기타,승용,남,52세,상해없음,승용,여,58세,경상
2019111000100370,2019년 11월 10일 17시,일요일,경상북도 예천군 용문면,중상사고,0,1,2,0,차량단독 - 공작물충돌,안전운전불이행,건조,맑음,단일로 - 기타,승용,남,24세,상해없음,,,,
2019111000100371,2019년 11월 10일 17시,일요일,경상북도 포항시 남구 대잠동,경상사고,0,0,2,0,차대차 - 측면충돌,안전운전불이행,건조,맑음,교차로 - 교차로부근,이륜,남,17세,경상,승용,여,42세,경상
2019111000100422,2019년 11월 10일 18시,일요일,경상북도 안동시 정하동,경상사고,0,0,1,0,차대차 - 정면충돌,안전운전불이행,건조,맑음,단일로 - 기타,승용,남,47세,상해없음,이륜,남,17세,경상
2019111000100423,2019년 11월 10일 18시,일요일,경상북도 안동시 정하동,경상사고,0,0,1,0,차대차 - 기타,중앙선침범,건조,맑음,단일로 - 기타,승합,남,57세,상해없음,자전거,남,38세,경상
2019111000100424,2019년 11월 10일 18시,일요일,경상북도 구미시 임수동,경상사고,0,0,1,0,차대사람 - 기타,신호위반,건조,맑음,교차로 - 교차로부근,승용,남,34세,상해없음,보행자,남,23세,경상
2019111000100488,2019년 11월 10일 19시,일요일,경상북도 경주시 천군동,경상사고,0,0,1,0,차대차 - 측면충돌,안전운전불이행,건조,맑음,단일로 - 기타,기타불명,기타불명,미분류,기타불명,승용,남,37세,경상
2019111000100489,2019년 11월 10일 19시,일요일,경상북도 구미시 선기동,중상사고,0,1,0,0,차대사람 - 기타,안전운전불이행,건조,맑음,단일로 - 기타,승용,남,38세,상해없음,보행자,남,84세,중상
2019111000100490,2019년 11월 10일 19시,일요일,경상북도 포항시 남구 오천읍,경상사고,0,0,1,0,차대차 - 기타,직진우회전진행방해,건조,맑음,교차로 - 교차로안,이륜,남,44세,상해없음,승용,남,48세,경상
2019111000100552,2019년 11월 10일 20시,일요일,경상북도 경주시 동천동,경상사고,0,0,1,0,차대차 - 측면충돌,안전운전불이행,건조,맑음,단일로 - 기타,승용,남,38세,상해없음,자전거,남,50세,경상
2019111000100586,2019년 11월 10일 21시,일요일,경상북도 안동시 운안동,경상사고,0,0,2,1,차대차 - 측면충돌,안전운전불이행,건조,흐림,교차로 - 교차로안,승용,남,80세,상해없음,승용,남,64세,경상
2019111000100587,2019년 11월 10일 21시,일요일,경상북도 경산시 옥산동,경상사고,0,0,3,1,차대차 - 측면충돌,신호위반,건조,맑음,교차로 - 교차로안,승용,남,20세,경상,승용,남,24세,경상
2019111000100588,2019년 11월 10일 21시,일요일,경상북도 경산시 대동,중상사고,0,1,0,0,차대사람 - 기타,기타,기타,맑음,단일로 - 기타,승합,남,45세,상해없음,보행자,남,19세,중상
2019111000100589,2019년 11월 10일 21시,일요일,경상북도 구미시 원평동,경상사고,0,0,2,0,차대차 - 측면충돌,안전거리미확보,젖음/습기,비,단일로 - 기타,특수,남,24세,상해없음,승용,남,31세,경상
2019111000100618,2019년 11월 10일 22시,일요일,경상북도 의성군 봉양면,경상사고,0,0,4,0,차대차 - 측면충돌,중앙선침범,건조,기타,단일로 - 기타,승용,남,74세,상해없음,승용,남,36세,경상
2019111000100619,2019년 11월 10일 22시,일요일,경상북도 칠곡군 약목면,부상신고사고,0,0,0,1,차량단독 - 공작물충돌,안전운전불이행,건조,맑음,교차로 - 교차로부근,승용,남,57세,부상신고,,,,
2019111000100620,2019년 11월 10일 22시,일요일,경상북도 영천시 망정동,중상사고,0,1,0,0,차대사람 - 횡단중,안전운전불이행,젖음/습기,비,단일로 - 기타,승용,남,56세,상해없음,보행자,남,43세,중상
2019111000100621,2019년 11월 10일 22시,일요일,경상북도 성주군 성주읍,경상사고,0,0,1,0,차량단독 - 공작물충돌,안전운전불이행,젖음/습기,비,기타 - 기타,승용,남,36세,경상,,,,
2019111000100643,2019년 11월 10일 23시,일요일,경상북도 김천시 율곡동,경상사고,0,0,1,0,차대차 - 기타,신호위반,젖음/습기,비,교차로 - 교차로안,승용,남,34세,상해없음,승용,남,27세,경상
2019111000100644,2019년 11월 10일 23시,일요일,경상북도 경산시 진량읍,중상사고,0,1,0,0,차량단독 - 공작물충돌,안전운전불이행,젖음/습기,비,교차로 - 교차로부근,승용,남,24세,중상,,,,
2019111100100048,2019년 11월 11일 01시,월요일,경상북도 의성군 다인면,경상사고,0,0,1,0,차량단독 - 공작물충돌,안전운전불이행,건조,맑음,교차로 - 교차로부근,승용,남,25세,경상,,,,
2019111100100055,2019년 11월 11일 02시,월요일,경상북도 경산시 진량읍,중상사고,0,1,0,0,차대차 - 측면충돌,교차로운행방법위반,젖음/습기,비,교차로 - 교차로안,승용,여,52세,상해없음,이륜,남,19세,중상
2019111100100060,2019년 11월 11일 03시,월요일,경상북도 경산시 하양읍,경상사고,0,0,1,0,차대차 - 측면충돌,안전운전불이행,젖음/습기,비,교차로 - 교차로안,기타불명,기타불명,미분류,기타불명,이륜,남,48세,경상
2019111100100073,2019년 11월 11일 05시,월요일,경상북도 상주시 가장동,경상사고,0,0,1,0,차량단독 - 공작물충돌,안전운전불이행,젖음/습기,비,교차로 - 교차로안,화물,남,69세,경상,,,,
2019111100100093,2019년 11월 11일 06시,월요일,경상북도 구미시 광평동,경상사고,0,0,2,0,차대차 - 추돌,안전거리미확보,젖음/습기,흐림,단일로 - 기타,화물,남,41세,상해없음,승합,남,33세,경상
2019111100100094,2019년 11월 11일 06시,월요일,경상북도 포항시 남구 동해면,경상사고,0,0,1,0,차대사람 - 기타,보행자보호의무위반,건조,맑음,교차로 - 교차로횡단보도내,승용,남,43세,상해없음,보행자,여,75세,경상
2019111100100095,2019년 11월 11일 06시,월요일,경상북도 포항시 남구 연일읍,중상사고,0,1,0,0,차대차 - 추돌,안전운전불이행,건조,맑음,단일로 - 기타,화물,남,41세,상해없음,자전거,남,89세,중상
2019111100100120,2019년 11월 11일 07시,월요일,경상북도 구미시 고아읍,경상사고,0,0,3,0,차대차 - 측면충돌,안전운전불이행,건조,맑음,주차장 - 주차장,승용,남,55세,경상,승용,여,48세,경상
2019111100100171,2019년 11월 11일 08시,월요일,경상북도 경주시 강동면,경상사고,0,0,1,0,차대차 - 측면충돌,신호위반,건조,맑음,교차로 - 교차로안,승용,남,30세,상해없음,승용,여,48세,경상
2019111100100172,2019년 11월 11일 08시,월요일,경상북도 경산시 하양읍,경상사고,0,0,1,0,차량단독 - 전도전복 - 전도,안전운전불이행,젖음/습기,흐림,단일로 - 기타,이륜,남,18세,경상,,,,
2019111100100173,2019년 11월 11일 08시,월요일,경상북도 경산시 백천동,경상사고,0,0,2,0,차대차 - 추돌,안전거리미확보,건조,맑음,단일로 - 기타,승용,여,52세,경상,화물,남,56세,경상
2019111100100174,2019년 11월 11일 08시,월요일,경상북도 성주군 성주읍,경상사고,0,0,1,0,차대차 - 기타,안전운전불이행,건조,맑음,교차로 - 교차로부근,승용,여,59세,상해없음,자전거,남,53세,경상
2019111100100212,2019년 11월 11일 09시,월요일,경상북도 칠곡군 석적읍,경상사고,0,0,1,0,차대차 - 측면충돌,안전운전불이행,건조,맑음,교차로 - 교차로부근,승용,여,34세,경상,승용,여,39세,상해없음
2019111100100256,2019년 11월 11일 10시,월요일,경상북도 경주시 양북면,경상사고,0,0,1,0,차대차 - 측면충돌,안전운전불이행,건조,맑음,교차로 - 교차로안,승용,남,56세,상해없음,승용,여,34세,경상
2019111100100257,2019년 11월 11일 10시,월요일,경상북도 구미시 봉곡동,중상사고,0,1,0,0,차대차 - 추돌,안전거리미확보,건조,맑음,교차로 - 교차로안,승용,여,31세,상해없음,승용,남,29세,중상
2019111100100258,2019년 11월 11일 10시,월요일,경상북도 구미시 사곡동,경상사고,0,0,1,1,차대차 - 기타,안전거리미확보,건조,맑음,교차로 - 교차로부근,승용,남,39세,부상신고,승용,남,29세,경상
2019111100100296,2019년 11월 11일 11시,월요일,경상북도 문경시 문경읍,경상사고,0,0,3,0,차대차 - 측면충돌,기타,젖음/습기,흐림,교차로 - 교차로안,승용,여,68세,경상,승용,남,29세,경상
2019111100100331,2019년 11월 11일 12시,월요일,경상북도 경주시 양북면,경상사고,0,0,1,0,차대사람 - 차도통행중,안전운전불이행,건조,맑음,주차장 - 주차장,승합,남,59세,상해없음,보행자,여,69세,경상
2019111100100332,2019년 11월 11일 12시,월요일,경상북도 영주시 가흥동,중상사고,0,1,0,0,차대사람 - 기타,안전운전불이행,건조,맑음,주차장 - 주차장,승용,여,49세,상해없음,보행자,여,65세,중상
2019111100100333,2019년 11월 11일 12시,월요일,경상북도 군위군 산성면,경상사고,0,0,1,0,차대차 - 측면충돌,안전거리미확보,건조,맑음,단일로 - 기타,승용,남,57세,경상,화물,남,70세,상해없음
2019111100100334,2019년 11월 11일 12시,월요일,경상북도 구미시 구평동,중상사고,0,1,0,0,차대차 - 기타,신호위반,건조,맑음,교차로 - 교차로부근,승용,남,47세,상해없음,이륜,남,34세,중상
2019111100100372,2019년 11월 11일 13시,월요일,경상북도 경주시 동천동,중상사고,0,1,0,0,차대차 - 추돌,안전운전불이행,건조,맑음,교차로 - 교차로부근,승용,남,65세,상해없음,승용,남,37세,중상
2019111100100373,2019년 11월 11일 13시,월요일,경상북도 영주시 하망동,중상사고,0,1,0,0,차대차 - 기타,안전운전불이행,건조,맑음,교차로 - 교차로안,이륜,남,59세,상해없음,자전거,남,78세,중상
2019111100100374,2019년 11월 11일 13시,월요일,경상북도 영천시 작산동,중상사고,0,1,0,0,차대차 - 추돌,안전거리미확보,건조,맑음,단일로 - 기타,특수,남,52세,상해없음,승용,남,82세,중상
2019111100100375,2019년 11월 11일 13시,월요일,경상북도 경산시 하양읍,경상사고,0,0,1,0,차대사람 - 횡단중,안전운전불이행,건조,맑음,단일로 - 기타,승용,여,48세,상해없음,보행자,여,68세,경상
2019111100100376,2019년 11월 11일 13시,월요일,경상북도 경산시 서상동,경상사고,0,0,1,0,차대차 - 정면충돌,신호위반,건조,맑음,교차로 - 교차로안,이륜,남,23세,상해없음,승용,여,37세,경상
2019111100100377,2019년 11월 11일 13시,월요일,경상북도 포항시 남구 대잠동,경상사고,0,0,1,0,차대차 - 측면충돌,안전운전불이행,건조,맑음,교차로 - 교차로안,승용,여,40세,경상,승합,남,53세,상해없음
2019111100100415,2019년 11월 11일 14시,월요일,경상북도 예천군 개포면,중상사고,0,1,0,0,차대차 - 측면충돌,안전운전불이행,건조,맑음,교차로 - 교차로안,승용,남,62세,상해없음,사륜오토바이(ATV),여,69세,중상
2019111100100453,2019년 11월 11일 15시,월요일,경상북도 경주시 시래동,경상사고,0,0,1,0,차대차 - 추돌,안전운전불이행,건조,맑음,단일로 - 기타,승용,기타불명,미분류,기타불명,승용,남,41세,경상
2019111100100454,2019년 11월 11일 15시,월요일,경상북도 상주시 낙양동,경상사고,0,0,1,0,차량단독 - 전도전복 - 전도,안전운전불이행,건조,맑음,교차로 - 교차로부근,이륜,남,60세,경상,,,,
2019111100100455,2019년 11월 11일 15시,월요일,경상북도 영주시 영주동,중상사고,0,1,0,0,차대차 - 정면충돌,안전운전불이행,건조,맑음,교차로 - 교차로안,승용,남,78세,상해없음,이륜,남,18세,중상
2019111100100456,2019년 11월 11일 15시,월요일,경상북도 영천시 화룡동,경상사고,0,0,1,0,차대차 - 추돌,안전운전불이행,건조,맑음,단일로 - 기타,승용,남,31세,상해없음,승용,여,24세,경상
2019111100100457,2019년 11월 11일 15시,월요일,경상북도 성주군 성주읍,경상사고,0,0,1,0,차대차 - 추돌,안전운전불이행,건조,맑음,교차로 - 교차로안,승용,여,38세,기타불명,승용,여,32세,경상
2019111100100458,2019년 11월 11일 15시,월요일,경상북도 구미시 임수동,경상사고,0,0,1,0,차대차 - 측면충돌,신호위반,건조,맑음,교차로 - 교차로안,승용,남,27세,상해없음,승용,남,46세,경상
2019111100100459,2019년 11월 11일 15시,월요일,경상북도 포항시 남구 오천읍,경상사고,0,0,1,0,차대차 - 추돌,안전운전불이행,건조,맑음,단일로 - 기타,이륜,남,49세,기타불명,승용,여,54세,경상
2019111100100496,2019년 11월 11일 16시,월요일,경상북도 경주시 탑동,경상사고,0,0,6,0,차대차 - 측면충돌,안전운전불이행,건조,맑음,교차로 - 교차로안,승용,남,82세,경상,승합,남,67세,상해없음
2019111100100497,2019년 11월 11일 16시,월요일,경상북도 안동시 법흥동,경상사고,0,0,2,0,차대차 - 측면충돌,신호위반,건조,맑음,교차로 - 교차로안,승용,남,65세,경상,승용,남,76세,경상
2019111100100498,2019년 11월 11일 16시,월요일,경상북도 의성군 봉양면,경상사고,0,0,1,0,차대차 - 측면충돌,신호위반,건조,맑음,교차로 - 교차로안,승용,남,69세,상해없음,화물,남,32세,경상
2019111100100499,2019년 11월 11일 16시,월요일,경상북도 칠곡군 가산면,중상사고,0,4,3,0,차대차 - 추돌,안전운전불이행,건조,맑음,교차로 - 교차로안,승용,남,44세,상해없음,승용,남,53세,중상
2019111100100500,2019년 11월 11일 16시,월요일,경상북도 구미시 원평동,경상사고,0,0,4,0,차대차 - 기타,안전거리미확보,건조,맑음,단일로 - 기타,화물,여,58세,경상,화물,남,43세,경상
2019111100100501,2019년 11월 11일 16시,월요일,경상북도 구미시 선산읍,중상사고,0,1,0,0,차대사람 - 길가장자리구역통행중,안전운전불이행,건조,맑음,단일로 - 기타,승용,여,35세,상해없음,보행자,여,79세,중상
2019111100100551,2019년 11월 11일 17시,월요일,경상북도 경주시 동천동,중상사고,0,1,1,0,차대차 - 측면충돌,교차로운행방법위반,건조,맑음,교차로 - 교차로안,이륜,남,72세,중상,승용,여,54세,경상
2019111100100552,2019년 11월 11일 17시,월요일,경상북도 경주시 건천읍,중상사고,0,1,0,0,차대차 - 측면충돌,중앙선침범,건조,맑음,단일로 - 기타,승용,남,72세,상해없음,이륜,남,58세,중상
2019111100100553,2019년 11월 11일 17시,월요일,경상북도 경주시 동천동,경상사고,0,0,1,0,차대사람 - 기타,기타,건조,맑음,교차로 - 교차로부근,화물,남,60세,상해없음,보행자,여,22세,경상
2019111100100554,2019년 11월 11일 17시,월요일,경상북도 안동시 옥동,경상사고,0,0,1,0,차대차 - 측면충돌,안전운전불이행,건조,맑음,단일로 - 기타,승용,남,45세,경상,화물,남,54세,상해없음
2019111100100555,2019년 11월 11일 17시,월요일,경상북도 칠곡군 왜관읍,중상사고,0,1,2,0,차대차 - 측면충돌,안전운전불이행,건조,맑음,교차로 - 교차로부근,이륜,남,82세,중상,승합,여,45세,경상
2019111100100556,2019년 11월 11일 17시,월요일,경상북도 고령군 대가야읍,사망사고,1,0,0,0,차대차 - 추돌,안전운전불이행,건조,맑음,단일로 - 기타,승용,남,33세,상해없음,농기계,남,70세,사망
2019111100100557,2019년 11월 11일 17시,월요일,경상북도 구미시 신동,경상사고,0,0,1,0,차대차 - 기타,중앙선침범,건조,맑음,단일로 - 기타,특수,남,24세,상해없음,승용,남,50세,경상
2019111100100599,2019년 11월 11일 18시,월요일,경상북도 김천시 모암동,경상사고,0,0,1,0,차대사람 - 기타,안전운전불이행,건조,맑음,단일로 - 기타,승용,남,60세,상해없음,보행자,남,50세,경상
2019111100100600,2019년 11월 11일 18시,월요일,경상북도 김천시 신음동,중상사고,0,1,0,0,차대사람 - 기타,안전운전불이행,건조,맑음,기타 - 기타,승용,여,59세,상해없음,보행자,여,61세,중상
2019111100100601,2019년 11월 11일 18시,월요일,경상북도 영주시 가흥동,중상사고,0,1,0,0,차대사람 - 기타,안전운전불이행,건조,맑음,단일로 - 기타,승용,여,62세,상해없음,보행자,여,56세,중상
2019111100100602,2019년 11월 11일 18시,월요일,경상북도 포항시 남구 대송면,경상사고,0,0,2,0,차대차 - 측면충돌,안전운전불이행,건조,맑음,교차로 - 교차로부근,승용,여,24세,경상,승용,남,28세,경상
2019111100100603,2019년 11월 11일 18시,월요일,경상북도 포항시 북구 기계면,경상사고,0,0,2,0,차대차 - 추돌,안전운전불이행,건조,맑음,단일로 - 기타,승용,남,44세,기타불명,승용,여,44세,경상
2019111100100604,2019년 11월 11일 18시,월요일,경상북도 군위군 부계면,경상사고,0,0,1,0,차대차 - 추돌,안전운전불이행,건조,맑음,기타 - 기타,특수,남,55세,상해없음,특수,남,45세,경상
2019111100100645,2019년 11월 11일 19시,월요일,경상북도 포항시 북구 죽도동,중상사고,0,1,0,0,차대차 - 기타,신호위반,건조,맑음,교차로 - 교차로부근,이륜,남,28세,중상,승용,여,48세,상해없음
2019111100100646,2019년 11월 11일 19시,월요일,경상북도 경산시 하양읍,경상사고,0,0,1,0,차대사람 - 기타,안전운전불이행,건조,맑음,단일로 - 기타,승용,남,46세,기타불명,보행자,남,19세,경상
2019111100100677,2019년 11월 11일 20시,월요일,경상북도 경주시 서부동,중상사고,0,1,1,0,차대사람 - 횡단중,안전운전불이행,건조,맑음,단일로 - 기타,이륜,남,22세,경상,보행자,남,53세,중상
2019111100100678,2019년 11월 11일 20시,월요일,경상북도 영주시 가흥동,경상사고,0,0,1,0,차대차 - 기타,교차로운행방법위반,건조,맑음,교차로 - 교차로안,승용,여,46세,상해없음,승용,여,54세,경상
2019111100100679,2019년 11월 11일 20시,월요일,경상북도 포항시 남구 구룡포읍,중상사고,0,1,1,0,차대사람 - 횡단중,안전운전불이행,건조,맑음,단일로 - 기타,이륜,남,62세,경상,보행자,여,76세,중상
2019111100100680,2019년 11월 11일 20시,월요일,경상북도 칠곡군 석적읍,경상사고,0,0,1,0,차대차 - 기타,안전운전불이행,건조,맑음,단일로 - 기타,승합,남,43세,상해없음,승용,남,58세,경상
2019111100100713,2019년 11월 11일 21시,월요일,경상북도 포항시 북구 득량동,경상사고,0,0,1,0,차대차 - 추돌,안전운전불이행,건조,맑음,단일로 - 기타,화물,남,51세,상해없음,승용,남,37세,경상
2019111100100714,2019년 11월 11일 21시,월요일,경상북도 영천시 금노동,중상사고,0,2,2,0,차대차 - 측면충돌,안전운전불이행,건조,맑음,단일로 - 기타,화물,여,65세,경상,승용,남,57세,경상
2019111100100715,2019년 11월 11일 21시,월요일,경상북도 경산시 정평동,경상사고,0,0,4,0,차대차 - 추돌,안전운전불이행,건조,맑음,교차로 - 교차로부근,승용,남,25세,상해없음,승용,여,37세,경상
2019111100100716,2019년 11월 11일 21시,월요일,경상북도 경산시 진량읍,경상사고,0,0,1,0,차대차 - 측면충돌,차로위반,건조,맑음,교차로 - 교차로부근,승용,여,55세,상해없음,승용,남,32세,경상
2019111100100717,2019년 11월 11일 21시,월요일,경상북도 봉화군 상운면,경상사고,0,0,2,0,차량단독 - 도로외이탈 - 기타,안전운전불이행,건조,맑음,단일로 - 기타,승용,남,19세,경상,,,,
2019111100100718,2019년 11월 11일 21시,월요일,경상북도 구미시 인의동,사망사고,1,0,0,0,차대사람 - 보도통행중,보행자보호의무위반,건조,맑음,교차로 - 교차로횡단보도내,승합,남,62세,상해없음,보행자,남,56세,사망
2019111100100719,2019년 11월 11일 21시,월요일,경상북도 포항시 남구 연일읍,경상사고,0,0,2,0,차대차 - 측면충돌,신호위반,건조,맑음,교차로 - 교차로안,승용,남,66세,상해없음,승용,남,59세,경상
2019111200100042,2019년 11월 12일 01시,화요일,경상북도 포항시 남구 대잠동,경상사고,0,0,1,0,차대사람 - 횡단중,안전운전불이행,건조,맑음,교차로 - 교차로부근,승용,남,37세,상해없음,보행자,남,39세,경상
2019111200100055,2019년 11월 12일 03시,화요일,경상북도 구미시 산동면,경상사고,0,0,1,0,차대차 - 측면충돌,신호위반,건조,맑음,교차로 - 교차로안,화물,남,48세,상해없음,승용,여,41세,경상
2019111200100083,2019년 11월 12일 06시,화요일,경상북도 김천시 율곡동,중상사고,0,1,0,0,차대사람 - 횡단중,보행자보호의무위반,건조,맑음,교차로 - 교차로횡단보도내,승용,남,62세,상해없음,보행자,남,60세,중상
2019111200100084,2019년 11월 12일 06시,화요일,경상북도 김천시 지좌동,중상사고,0,1,0,0,차대차 - 추돌,안전운전불이행,건조,흐림,단일로 - 기타,화물,남,59세,상해없음,자전거,남,61세,중상
2019111200100100,2019년 11월 12일 07시,화요일,경상북도 경주시 강동면,사망사고,1,0,0,0,차대차 - 측면충돌,안전운전불이행,건조,맑음,단일로 - 기타,승용,남,45세,상해없음,자전거,남,90세 이상,사망
2019111200100145,2019년 11월 12일 08시,화요일,경상북도 안동시 옥동,경상사고,0,0,1,0,차대차 - 추돌,안전운전불이행,건조,맑음,교차로 - 교차로부근,화물,남,58세,상해없음,승용,남,43세,경상
2019111200100146,2019년 11월 12일 08시,화요일,경상북도 상주시 낙양동,경상사고,0,0,1,0,차대차 - 기타,안전운전불이행,건조,맑음,단일로 - 기타,승용,여,61세,상해없음,자전거,남,19세,경상
2019111200100147,2019년 11월 12일 08시,화요일,경상북도 구미시 황상동,경상사고,0,0,1,0,차대사람 - 기타,안전운전불이행,건조,맑음,교차로 - 교차로부근,승용,여,42세,상해없음,보행자,여,22세,경상
2019111200100148,2019년 11월 12일 08시,화요일,경상북도 구미시 원평동,중상사고,0,2,3,0,차대차 - 추돌,안전운전불이행,건조,맑음,단일로 - 기타,승용,남,41세,상해없음,승용,여,48세,중상
2019111200100149,2019년 11월 12일 08시,화요일,경상북도 포항시 남구 이동,중상사고,0,1,1,0,차대차 - 측면충돌,신호위반,건조,맑음,교차로 - 교차로안,승용,여,23세,경상,승용,여,26세,중상
2019111200100188,2019년 11월 12일 09시,화요일,경상북도 경주시 용강동,중상사고,0,1,0,0,차대차 - 측면충돌,안전운전불이행,건조,맑음,교차로 - 교차로안,승용,남,66세,상해없음,승용,여,44세,중상