사고번호,사고일시,요일,시군구,사고내용,사망자수,중상자수,경상자수,부상신고자수,사고유형,법규위반,노면상태,기상상태,도로형태,가해운전자 차종,가해운전자 성별,가해운전자 연령,가해운전자 상해정도,피해운전자 차종,피해운전자 성별,피해운전자 연령,피해운전자 상해정도
2019111200100189,2019년 11월 12일 09시,화요일,경상북도 영주시 하망동,부상신고사고,0,0,0,1,차대차 - 측면충돌,안전운전불이행,건조,맑음,교차로 - 교차로안,승용,남,64세,상해없음,이륜,남,59세,부상신고
2019111200100190,2019년 11월 12일 09시,화요일,경상북도 경산시 사동,중상사고,0,1,0,0,차대차 - 측면충돌,교차로운행방법위반,건조,맑음,교차로 - 교차로안,승용,남,35세,상해없음,자전거,여,40세,중상
2019111200100191,2019년 11월 12일 09시,화요일,경상북도 영덕군 강구면,경상사고,0,0,1,0,차대차 - 후진중충돌,안전운전불이행,건조,맑음,단일로 - 기타,화물,남,51세,상해없음,이륜,남,38세,경상
2019111200100219,2019년 11월 12일 10시,화요일,경상북도 포항시 북구 대신동,경상사고,0,0,1,0,차대차 - 기타,신호위반,건조,맑음,교차로 - 교차로부근,승합,남,52세,상해없음,승용,여,43세,경상
2019111200100220,2019년 11월 12일 10시,화요일,경상북도 영천시 금노동,중상사고,0,1,0,0,차대사람 - 횡단중,안전운전불이행,건조,맑음,교차로 - 교차로안,승용,남,52세,상해없음,보행자,여,90세 이상,중상
2019111200100221,2019년 11월 12일 10시,화요일,경상북도 포항시 남구 오천읍,경상사고,0,0,1,0,차대차 - 기타,안전운전불이행,건조,맑음,단일로 - 기타,특수,남,36세,상해없음,자전거,남,55세,경상
2019111200100244,2019년 11월 12일 11시,화요일,경상북도 경주시 동천동,경상사고,0,0,1,0,차대차 - 기타,신호위반,건조,맑음,교차로 - 교차로안,승용,여,66세,기타불명,승용,남,74세,경상
2019111200100245,2019년 11월 12일 11시,화요일,경상북도 경주시 인왕동,경상사고,0,0,1,0,차대차 - 측면충돌,안전운전불이행,건조,맑음,단일로 - 기타,승용,남,62세,상해없음,자전거,남,74세,경상
2019111200100246,2019년 11월 12일 11시,화요일,경상북도 구미시 산동면,중상사고,0,1,0,0,차대차 - 정면충돌,직진우회전진행방해,건조,맑음,교차로 - 교차로안,승용,남,39세,상해없음,원동기,남,45세,중상
2019111200100247,2019년 11월 12일 11시,화요일,경상북도 구미시 송정동,경상사고,0,0,1,0,차대차 - 기타,안전운전불이행,건조,맑음,교차로 - 교차로부근,승용,여,49세,상해없음,이륜,남,18세,경상
2019111200100310,2019년 11월 12일 13시,화요일,경상북도 경주시 동천동,경상사고,0,0,2,0,차대차 - 측면충돌,안전운전불이행,건조,맑음,교차로 - 교차로안,승용,남,71세,경상,승용,여,39세,경상
2019111200100311,2019년 11월 12일 13시,화요일,경상북도 포항시 북구 죽도동,부상신고사고,0,0,0,1,차대사람 - 횡단중,보행자보호의무위반,건조,맑음,교차로 - 교차로안,승합,남,57세,상해없음,보행자,남,49세,부상신고
2019111200100337,2019년 11월 12일 14시,화요일,경상북도 포항시 북구 흥해읍,경상사고,0,0,2,0,차대차 - 기타,직진우회전진행방해,건조,맑음,교차로 - 교차로안,승용,남,56세,상해없음,승용,남,35세,경상
2019111200100338,2019년 11월 12일 14시,화요일,경상북도 영주시 영주동,중상사고,0,1,0,0,차대사람 - 기타,안전운전불이행,건조,맑음,단일로 - 기타,승용,남,29세,상해없음,보행자,여,87세,중상
2019111200100339,2019년 11월 12일 14시,화요일,경상북도 고령군 쌍림면,경상사고,0,0,3,0,차대차 - 측면충돌,신호위반,건조,맑음,교차로 - 교차로안,승용,여,57세,상해없음,승용,여,41세,경상
2019111200100368,2019년 11월 12일 15시,화요일,경상북도 포항시 북구 죽도동,경상사고,0,0,1,0,차대차 - 측면충돌,신호위반,건조,맑음,교차로 - 교차로안,승용,여,26세,상해없음,승용,남,49세,경상
2019111200100369,2019년 11월 12일 15시,화요일,경상북도 상주시 부원동,중상사고,0,1,1,0,차대차 - 측면충돌,교차로운행방법위반,건조,맑음,교차로 - 교차로안,화물,남,37세,상해없음,승용,남,58세,중상
2019111200100370,2019년 11월 12일 15시,화요일,경상북도 영주시 상망동,사망사고,1,0,0,0,차대사람 - 기타,안전운전불이행,건조,맑음,단일로 - 기타,승합,남,42세,상해없음,보행자,남,59세,사망
2019111200100371,2019년 11월 12일 15시,화요일,경상북도 구미시 공단동,경상사고,0,0,2,0,차대차 - 측면충돌,신호위반,건조,맑음,교차로 - 교차로안,승용,남,23세,상해없음,화물,남,32세,경상
2019111200100409,2019년 11월 12일 16시,화요일,경상북도 경산시 하양읍,경상사고,0,0,1,0,차대사람 - 횡단중,안전운전불이행,건조,맑음,단일로 - 기타,승합,여,64세,상해없음,보행자,남,9세,경상
2019111200100410,2019년 11월 12일 16시,화요일,경상북도 봉화군 법전면,경상사고,0,0,1,0,차대사람 - 기타,안전운전불이행,건조,맑음,단일로 - 기타,승용,남,62세,상해없음,보행자,여,66세,경상
2019111200100458,2019년 11월 12일 17시,화요일,경상북도 김천시 감문면,중상사고,0,1,1,0,차대차 - 기타,과속,건조,맑음,교차로 - 교차로안,승용,남,35세,경상,승용,여,47세,중상
2019111200100459,2019년 11월 12일 17시,화요일,경상북도 칠곡군 약목면,경상사고,0,0,2,0,차대차 - 기타,안전운전불이행,건조,흐림,단일로 - 기타,특수,남,61세,상해없음,승용,남,51세,경상
2019111200100460,2019년 11월 12일 17시,화요일,경상북도 문경시 영순면,중상사고,0,1,0,0,차대차 - 측면충돌,직진우회전진행방해,건조,맑음,교차로 - 교차로안,농기계,남,69세,중상,승용,남,72세,상해없음
2019111200100461,2019년 11월 12일 17시,화요일,경상북도 경산시 중방동,중상사고,0,2,2,0,차대차 - 측면충돌,교차로운행방법위반,건조,맑음,교차로 - 교차로안,승용,남,24세,상해없음,승용,여,64세,중상
2019111200100462,2019년 11월 12일 17시,화요일,경상북도 구미시 상모동,경상사고,0,0,2,0,차대차 - 기타,안전운전불이행,건조,맑음,단일로 - 기타,화물,남,55세,상해없음,승용,여,37세,경상
2019111200100516,2019년 11월 12일 18시,화요일,경상북도 포항시 남구 이동,부상신고사고,0,0,0,1,차대차 - 추돌,안전운전불이행,건조,맑음,교차로 - 교차로부근,승용,여,27세,상해없음,승용,남,45세,부상신고
2019111200100590,2019년 11월 12일 20시,화요일,경상북도 고령군 성산면,부상신고사고,0,0,0,1,차대사람 - 길가장자리구역통행중,안전운전불이행,건조,맑음,단일로 - 기타,기타불명,기타불명,미분류,기타불명,보행자,여,77세,부상신고
2019111200100615,2019년 11월 12일 21시,화요일,경상북도 포항시 북구 득량동,경상사고,0,0,1,0,차대차 - 기타,안전운전불이행,건조,맑음,단일로 - 기타,승용,남,51세,상해없음,이륜,남,46세,경상
2019111200100616,2019년 11월 12일 21시,화요일,경상북도 포항시 남구 오천읍,중상사고,0,1,0,0,차대차 - 기타,직진우회전진행방해,건조,맑음,교차로 - 교차로안,승용,남,42세,상해없음,이륜,남,27세,중상
2019111300100033,2019년 11월 13일 00시,수요일,경상북도 경주시 성건동,경상사고,0,0,1,0,차대차 - 측면충돌,안전운전불이행,건조,맑음,교차로 - 교차로부근,승용,여,47세,상해없음,승용,남,21세,경상
2019111300100041,2019년 11월 13일 01시,수요일,경상북도 구미시 황상동,경상사고,0,0,1,0,차대차 - 추돌,안전운전불이행,건조,맑음,교차로 - 교차로부근,승용,남,46세,상해없음,승용,남,51세,경상
2019111300100048,2019년 11월 13일 02시,수요일,경상북도 안동시 옥야동,경상사고,0,0,3,0,차대차 - 측면충돌,안전운전불이행,건조,맑음,단일로 - 기타,승용,남,29세,경상,승용,남,23세,경상
2019111300100086,2019년 11월 13일 06시,수요일,경상북도 구미시 송정동,중상사고,0,1,0,0,차대사람 - 횡단중,보행자보호의무위반,건조,맑음,교차로 - 교차로횡단보도내,승용,남,57세,상해없음,보행자,여,77세,중상
2019111300100145,2019년 11월 13일 08시,수요일,경상북도 상주시 만산동,경상사고,0,0,3,0,차대차 - 측면충돌,교차로운행방법위반,건조,맑음,교차로 - 교차로안,승용,여,42세,경상,승용,남,71세,경상
2019111300100146,2019년 11월 13일 08시,수요일,경상북도 영주시 가흥동,중상사고,0,1,0,0,차대차 - 측면충돌,교차로운행방법위반,건조,맑음,교차로 - 교차로안,승용,여,39세,상해없음,승용,여,46세,중상
2019111300100147,2019년 11월 13일 08시,수요일,경상북도 문경시 마성면,경상사고,0,0,1,0,차대차 - 측면충돌,안전거리미확보,건조,맑음,단일로 - 기타,화물,남,49세,상해없음,승용,여,53세,경상
2019111300100148,2019년 11월 13일 08시,수요일,경상북도 구미시 오태동,경상사고,0,0,2,0,차대차 - 측면충돌,교차로운행방법위반,건조,맑음,교차로 - 교차로안,승합,남,58세,상해없음,승용,여,46세,경상
2019111300100149,2019년 11월 13일 08시,수요일,경상북도 포항시 남구 장기면,경상사고,0,0,2,0,차대차 - 측면충돌,안전운전불이행,건조,맑음,단일로 - 기타,화물,남,62세,상해없음,화물,여,66세,경상
2019111300100177,2019년 11월 13일 09시,수요일,경상북도 경산시 평산동,경상사고,0,0,2,0,차대차 - 측면충돌,안전거리미확보,건조,맑음,단일로 - 기타,화물,남,31세,상해없음,승용,여,40세,경상
2019111300100231,2019년 11월 13일 11시,수요일,경상북도 경주시 황성동,경상사고,0,0,1,0,차대차 - 측면충돌,안전운전불이행,건조,맑음,교차로 - 교차로안,이륜,남,23세,경상,승용,남,48세,상해없음
2019111300100232,2019년 11월 13일 11시,수요일,경상북도 안동시 안기동,경상사고,0,0,1,0,차대차 - 기타,안전운전불이행,건조,맑음,단일로 - 기타,승용,여,60세,상해없음,화물,남,48세,상해없음
2019111300100233,2019년 11월 13일 11시,수요일,경상북도 상주시 함창읍,경상사고,0,0,1,0,차대차 - 측면충돌,안전운전불이행,건조,맑음,교차로 - 교차로안,화물,남,60세,상해없음,화물,남,79세,경상
2019111300100234,2019년 11월 13일 11시,수요일,경상북도 영양군 석보면,경상사고,0,0,1,1,차대차 - 정면충돌,직진우회전진행방해,건조,맑음,교차로 - 교차로안,승용,남,44세,부상신고,승용,남,58세,경상
2019111300100262,2019년 11월 13일 12시,수요일,경상북도 영천시 완산동,경상사고,0,0,1,0,차대사람 - 보도통행중,안전운전불이행,건조,맑음,교차로 - 교차로부근,승합,남,56세,상해없음,보행자,남,6세,경상
2019111300100263,2019년 11월 13일 12시,수요일,경상북도 청도군 청도읍,경상사고,0,0,1,0,차대사람 - 횡단중,보행자보호의무위반,건조,맑음,단일로 - 기타,승용,남,64세,상해없음,보행자,여,72세,경상
2019111300100298,2019년 11월 13일 13시,수요일,경상북도 포항시 북구 용흥동,중상사고,0,1,0,0,차대차 - 측면충돌,교차로운행방법위반,건조,맑음,교차로 - 교차로안,승용,여,69세,기타불명,승용,여,72세,중상
2019111300100299,2019년 11월 13일 13시,수요일,경상북도 상주시 만산동,경상사고,0,0,1,0,차대차 - 측면충돌,신호위반,건조,맑음,교차로 - 교차로안,승용,여,60세,상해없음,승용,남,71세,경상
2019111300100324,2019년 11월 13일 14시,수요일,경상북도 봉화군 춘양면,경상사고,0,0,1,0,차대차 - 정면충돌,안전운전불이행,건조,맑음,단일로 - 기타,승용,여,50세,상해없음,이륜,남,79세,경상
2019111300100325,2019년 11월 13일 14시,수요일,경상북도 포항시 남구 인덕동,경상사고,0,0,2,0,차대차 - 기타,신호위반,건조,맑음,교차로 - 교차로안,화물,남,64세,경상,승용,여,44세,경상
2019111300100359,2019년 11월 13일 15시,수요일,경상북도 상주시 함창읍,중상사고,0,1,0,0,차대차 - 측면충돌,교차로운행방법위반,건조,맑음,교차로 - 교차로안,건설기계,남,60세,상해없음,승용,남,57세,중상
2019111300100360,2019년 11월 13일 15시,수요일,경상북도 상주시 서성동,경상사고,0,0,3,0,차대차 - 추돌,안전운전불이행,건조,맑음,단일로 - 기타,화물,남,56세,상해없음,승용,여,57세,경상
2019111300100361,2019년 11월 13일 15시,수요일,경상북도 칠곡군 동명면,경상사고,0,0,1,0,차대차 - 측면충돌,안전운전불이행,건조,맑음,단일로 - 기타,승합,여,50세,상해없음,승용,여,47세,경상
2019111300100446,2019년 11월 13일 17시,수요일,경상북도 김천시 지좌동,경상사고,0,0,2,0,차대차 - 측면충돌,차로위반,건조,맑음,단일로 - 기타,승용,남,48세,상해없음,승용,남,32세,경상
2019111300100447,2019년 11월 13일 17시,수요일,경상북도 군위군 부계면,경상사고,0,0,2,0,차대차 - 측면충돌,교차로운행방법위반,건조,맑음,교차로 - 교차로안,승용,남,41세,경상,화물,남,54세,상해없음
2019111300100448,2019년 11월 13일 17시,수요일,경상북도 구미시 형곡동,경상사고,0,0,1,0,차대차 - 후진중충돌,안전운전불이행,건조,맑음,교차로 - 교차로부근,승용,여,58세,상해없음,승용,남,30세,경상
2019111300100521,2019년 11월 13일 18시,수요일,경상북도 안동시 운안동,경상사고,0,0,1,0,차대차 - 추돌,안전거리미확보,건조,맑음,단일로 - 기타,승용,남,81세,상해없음,승용,남,27세,경상
2019111300100522,2019년 11월 13일 18시,수요일,경상북도 봉화군 법전면,경상사고,0,0,1,0,차량단독 - 기타,안전운전불이행,젖음/습기,비,단일로 - 기타,승용,남,44세,경상,,,,
2019111300100523,2019년 11월 13일 18시,수요일,경상북도 구미시 인의동,경상사고,0,0,2,0,차대차 - 측면충돌,신호위반,건조,맑음,교차로 - 교차로안,이륜,남,24세,경상,승용,여,42세,경상
2019111300100524,2019년 11월 13일 18시,수요일,경상북도 구미시 도량동,중상사고,0,1,0,0,차대차 - 기타,안전운전불이행,건조,맑음,단일로 - 기타,이륜,남,22세,상해없음,이륜,남,65세,중상
2019111300100525,2019년 11월 13일 18시,수요일,경상북도 포항시 남구 인덕동,중상사고,0,1,0,0,차대사람 - 차도통행중,안전운전불이행,건조,맑음,교차로 - 교차로부근,이륜,남,59세,기타불명,보행자,남,74세,중상
2019111300100592,2019년 11월 13일 19시,수요일,경상북도 안동시 법상동,경상사고,0,0,1,0,차대차 - 기타,안전운전불이행,젖음/습기,비,단일로 - 기타,승용,남,24세,상해없음,이륜,남,40세,경상
2019111300100593,2019년 11월 13일 19시,수요일,경상북도 경산시 중방동,경상사고,0,0,1,0,차대차 - 정면충돌,교차로운행방법위반,건조,맑음,교차로 - 교차로안,이륜,남,23세,경상,승합,남,54세,상해없음
2019111300100594,2019년 11월 13일 19시,수요일,경상북도 구미시 원평동,중상사고,0,1,0,0,차대사람 - 횡단중,신호위반,건조,맑음,단일로 - 기타,승용,여,53세,상해없음,보행자,남,35세,중상
2019111300100651,2019년 11월 13일 20시,수요일,경상북도 의성군 봉양면,중상사고,0,1,2,0,차량단독 - 공작물충돌,안전운전불이행,건조,맑음,단일로 - 기타,승용,남,18세,경상,,,,
2019111300100652,2019년 11월 13일 20시,수요일,경상북도 영천시 망정동,경상사고,0,0,4,0,차대차 - 측면충돌,안전운전불이행,건조,맑음,교차로 - 교차로안,승용,여,48세,상해없음,승용,남,19세,경상
2019111300100653,2019년 11월 13일 20시,수요일,경상북도 구미시 지산동,부상신고사고,0,0,0,1,차대사람 - 기타,안전운전불이행,건조,맑음,기타 - 기타,기타불명,기타불명,미분류,기타불명,보행자,여,66세,부상신고
2019111300100683,2019년 11월 13일 21시,수요일,경상북도 포항시 북구 신광면,중상사고,0,1,1,0,차량단독 - 기타,안전운전불이행,건조,맑음,단일로 - 기타,화물,여,59세,경상,,,,
2019111300100684,2019년 11월 13일 21시,수요일,경상북도 구미시 원평동,경상사고,0,0,1,0,차대차 - 기타,안전운전불이행,건조,맑음,단일로 - 기타,승용,여,62세,상해없음,승용,여,57세,경상
2019111300100685,2019년 11월 13일 21시,수요일,경상북도 포항시 남구 효자동,경상사고,0,0,3,0,차대차 - 추돌,안전운전불이행,건조,맑음,교차로 - 교차로안,이륜,남,17세,상해없음,승용,남,40세,경상
2019111400100068,2019년 11월 14일 05시,목요일,경상북도 포항시 북구 덕산동,중상사고,0,1,0,0,차대차 - 측면충돌,신호위반,건조,맑음,교차로 - 교차로안,자전거,남,68세,중상,화물,남,67세,상해없음
2019111400100101,2019년 11월 14일 07시,목요일,경상북도 경주시 황성동,경상사고,0,0,2,0,차대차 - 추돌,안전운전불이행,건조,맑음,교차로 - 교차로부근,승용,남,37세,상해없음,승용,남,44세,경상
2019111400100137,2019년 11월 14일 08시,목요일,경상북도 경주시 성건동,중상사고,0,1,0,0,차대차 - 정면충돌,중앙선침범,건조,맑음,교차로 - 교차로부근,자전거,남,63세,중상,승용,남,53세,상해없음
2019111400100138,2019년 11월 14일 08시,목요일,경상북도 의성군 봉양면,중상사고,0,1,0,0,차대사람 - 기타,안전운전불이행,건조,맑음,단일로 - 기타,승합,남,52세,상해없음,보행자,여,61세,중상
2019111400100139,2019년 11월 14일 08시,목요일,경상북도 칠곡군 북삼읍,경상사고,0,0,1,0,차대차 - 추돌,안전거리미확보,건조,맑음,단일로 - 기타,승용,남,33세,상해없음,승용,여,25세,경상
2019111400100140,2019년 11월 14일 08시,목요일,경상북도 영천시 문외동,경상사고,0,0,2,1,차대차 - 측면충돌,신호위반,건조,맑음,교차로 - 교차로안,승용,남,35세,상해없음,승용,남,26세,경상
2019111400100141,2019년 11월 14일 08시,목요일,경상북도 경산시 진량읍,경상사고,0,0,1,2,차대차 - 측면충돌,교차로운행방법위반,기타,맑음,교차로 - 교차로부근,승용,남,30세,상해없음,승용,여,31세,경상
2019111400100142,2019년 11월 14일 08시,목요일,경상북도 고령군 성산면,경상사고,0,0,1,0,차대차 - 측면충돌,교차로운행방법위반,건조,맑음,교차로 - 교차로부근,이륜,남,84세,경상,화물,남,49세,상해없음
2019111400100143,2019년 11월 14일 08시,목요일,경상북도 포항시 남구 대도동,중상사고,0,1,0,0,차대사람 - 기타,중앙선침범,건조,맑음,단일로 - 기타,화물,남,47세,상해없음,보행자,여,57세,중상
2019111400100201,2019년 11월 14일 09시,목요일,경상북도 안동시 풍천면,경상사고,0,0,1,0,차대차 - 측면충돌,안전운전불이행,건조,맑음,단일로 - 기타,승용,남,28세,경상,승용,남,46세,상해없음
2019111400100202,2019년 11월 14일 09시,목요일,경상북도 의성군 봉양면,경상사고,0,0,1,0,차대차 - 기타,안전운전불이행,건조,맑음,단일로 - 기타,건설기계,남,51세,상해없음,승용,남,71세,경상
2019111400100203,2019년 11월 14일 09시,목요일,경상북도 영덕군 영덕읍,경상사고,0,0,1,0,차대차 - 측면충돌,교차로운행방법위반,건조,맑음,교차로 - 교차로안,승용,남,61세,상해없음,승용,남,60세,상해없음
2019111400100204,2019년 11월 14일 09시,목요일,경상북도 포항시 남구 대송면,경상사고,0,0,1,0,차대사람 - 차도통행중,안전운전불이행,건조,맑음,교차로 - 교차로부근,승용,여,57세,상해없음,보행자,여,86세,경상
2019111400100205,2019년 11월 14일 09시,목요일,경상북도 포항시 남구 해도동,경상사고,0,0,1,0,차대차 - 측면충돌,안전운전불이행,건조,맑음,교차로 - 교차로부근,승용,남,68세,상해없음,승용,여,36세,경상
2019111400100242,2019년 11월 14일 10시,목요일,경상북도 영주시 안정면,중상사고,0,1,2,0,차대차 - 정면충돌,중앙선침범,건조,맑음,교차로 - 교차로안,화물,남,68세,상해없음,승용,남,75세,경상
2019111400100243,2019년 11월 14일 10시,목요일,경상북도 경산시 평산동,중상사고,0,1,1,0,차대차 - 측면충돌,교차로운행방법위반,건조,맑음,교차로 - 교차로안,승용,여,47세,상해없음,승용,남,49세,중상
2019111400100244,2019년 11월 14일 10시,목요일,경상북도 구미시 공단동,경상사고,0,0,1,0,차대차 - 측면충돌,안전거리미확보,건조,맑음,단일로 - 기타,화물,남,36세,상해없음,승용,여,38세,경상
2019111400100319,2019년 11월 14일 12시,목요일,경상북도 구미시 고아읍,경상사고,0,0,1,0,차대차 - 측면충돌,안전운전불이행,건조,맑음,교차로 - 교차로안,승용,남,63세,상해없음,승용,여,29세,경상
2019111400100320,2019년 11월 14일 12시,목요일,경상북도 구미시 비산동,경상사고,0,0,2,0,차대차 - 기타,기타,건조,맑음,교차로 - 교차로부근,승용,남,32세,상해없음,승용,남,35세,경상
2019111400100361,2019년 11월 14일 13시,목요일,경상북도 의성군 봉양면,경상사고,0,0,1,0,차량단독 - 공작물충돌,안전운전불이행,건조,맑음,단일로 - 기타,승용,남,25세,경상,,,,
2019111400100404,2019년 11월 14일 14시,목요일,경상북도 영주시 문수면,부상신고사고,0,0,0,1,차량단독 - 도로외이탈 - 추락,안전운전불이행,건조,맑음,단일로 - 기타,승용,남,65세,부상신고,,,,
2019111400100405,2019년 11월 14일 14시,목요일,경상북도 칠곡군 약목면,중상사고,0,1,0,0,차대차 - 기타,안전운전불이행,건조,맑음,교차로 - 교차로안,화물,남,71세,상해없음,승용,여,23세,중상
2019111400100406,2019년 11월 14일 14시,목요일,경상북도 문경시 점촌동,중상사고,0,1,2,0,차대차 - 측면충돌,직진우회전진행방해,건조,맑음,교차로 - 교차로안,승용,여,56세,경상,승용,남,28세,경상
2019111400100407,2019년 11월 14일 14시,목요일,경상북도 청송군 주왕산면,경상사고,0,0,2,0,차대차 - 측면충돌,교차로운행방법위반,건조,맑음,교차로 - 교차로안,화물,남,59세,경상,화물,남,32세,경상
2019111400100408,2019년 11월 14일 14시,목요일,경상북도 구미시 산동면,경상사고,0,0,4,0,차대차 - 기타,안전운전불이행,건조,맑음,교차로 - 교차로안,화물,남,51세,경상,승용,여,41세,경상
2019111400100409,2019년 11월 14일 14시,목요일,경상북도 포항시 남구 장기면,중상사고,0,1,0,0,차대사람 - 기타,안전운전불이행,건조,맑음,교차로 - 교차로안,화물,여,46세,상해없음,보행자,남,86세,중상
2019111400100442,2019년 11월 14일 15시,목요일,경상북도 상주시 성동동,경상사고,0,0,1,0,차대차 - 기타,안전운전불이행,건조,맑음,단일로 - 기타,화물,남,44세,상해없음,자전거,여,70세,경상
2019111400100443,2019년 11월 14일 15시,목요일,경상북도 경산시 옥산동,부상신고사고,0,0,0,1,차대사람 - 기타,안전운전불이행,건조,맑음,교차로 - 교차로안,승용,여,67세,상해없음,보행자,여,56세,부상신고
2019111400100489,2019년 11월 14일 16시,목요일,경상북도 포항시 북구 두호동,경상사고,0,0,1,0,차대차 - 측면충돌,안전운전불이행,건조,맑음,단일로 - 기타,승용,여,53세,상해없음,이륜,남,35세,경상
2019111400100490,2019년 11월 14일 16시,목요일,경상북도 의성군 의성읍,중상사고,0,1,0,0,차대차 - 추돌,안전운전불이행,건조,맑음,단일로 - 터널,건설기계,남,48세,상해없음,농기계,남,61세,중상
2019111400100491,2019년 11월 14일 16시,목요일,경상북도 경산시 조영동,부상신고사고,0,0,0,1,차대사람 - 기타,안전운전불이행,건조,맑음,단일로 - 기타,승용,남,61세,상해없음,보행자,남,23세,부상신고
2019111400100553,2019년 11월 14일 17시,목요일,경상북도 상주시 서성동,경상사고,0,0,1,0,차대차 - 측면충돌,교차로운행방법위반,건조,맑음,교차로 - 교차로안,승용,여,49세,상해없음,이륜,남,33세,경상
2019111400100554,2019년 11월 14일 17시,목요일,경상북도 경산시 대정동,중상사고,0,1,1,0,차대차 - 추돌,안전운전불이행,건조,맑음,단일로 - 기타,화물,남,41세,상해없음,자전거,남,76세,중상
2019111400100555,2019년 11월 14일 17시,목요일,경상북도 구미시 공단동,경상사고,0,0,2,0,차대차 - 측면충돌,교차로운행방법위반,건조,맑음,교차로 - 교차로안,승용,여,39세,상해없음,승용,남,69세,경상
2019111400100556,2019년 11월 14일 17시,목요일,경상북도 포항시 남구 청림동,경상사고,0,0,1,0,차대차 - 추돌,안전운전불이행,건조,맑음,교차로 - 교차로부근,승용,남,51세,상해없음,승용,남,62세,경상
2019111400100614,2019년 11월 14일 18시,목요일,경상북도 경주시 건천읍,사망사고,1,0,0,0,차대사람 - 횡단중,안전운전불이행,건조,맑음,교차로 - 교차로횡단보도내,화물,남,62세,상해없음,보행자,여,80세,사망
2019111400100615,2019년 11월 14일 18시,목요일,경상북도 경주시 양남면,경상사고,0,0,1,0,차대차 - 측면충돌,안전운전불이행,건조,맑음,교차로 - 교차로안,화물,남,64세,상해없음,승용,여,22세,경상
2019111400100616,2019년 11월 14일 18시,목요일,경상북도 김천시 황금동,경상사고,0,0,1,0,차대차 - 기타,안전운전불이행,건조,맑음,교차로 - 교차로부근,이륜,남,16세,경상,승용,남,53세,상해없음
2019111400100617,2019년 11월 14일 18시,목요일,경상북도 상주시 무양동,경상사고,0,0,1,0,차대사람 - 차도통행중,안전운전불이행,건조,맑음,교차로 - 교차로부근,승용,남,64세,상해없음,보행자,여,44세,경상
2019111400100618,2019년 11월 14일 18시,목요일,경상북도 영주시 영주동,중상사고,0,1,0,0,차대차 - 측면충돌,안전운전불이행,건조,맑음,교차로 - 교차로부근,승용,여,59세,상해없음,이륜,여,68세,중상
2019111400100619,2019년 11월 14일 18시,목요일,경상북도 경산시 중방동,중상사고,0,1,0,0,차대차 - 추돌,안전운전불이행,건조,맑음,단일로 - 기타,승용,남,40세,상해없음,이륜,남,31세,중상
2019111400100620,2019년 11월 14일 18시,목요일,경상북도 경산시 대동,부상신고사고,0,0,0,1,차대차 - 측면충돌,안전운전불이행,건조,맑음,단일로 - 기타,이륜,남,47세,상해없음,승용,여,22세,상해없음
2019111400100621,2019년 11월 14일 18시,목요일,경상북도 구미시 송정동,경상사고,0,0,2,0,차대차 - 기타,신호위반,건조,맑음,교차로 - 교차로부근,승용,여,32세,상해없음,승용,남,32세,경상
2019111400100622,2019년 11월 14일 18시,목요일,경상북도 구미시 구평동,중상사고,0,1,0,0,차대차 - 기타,안전운전불이행,건조,맑음,교차로 - 교차로부근,이륜,남,41세,중상,승용,남,34세,상해없음
2019111400100623,2019년 11월 14일 18시,목요일,경상북도 포항시 남구 대도동,경상사고,0,0,1,0,차대차 - 기타,안전운전불이행,건조,맑음,교차로 - 교차로부근,승용,남,31세,상해없음,승용,여,30세,경상
2019111400100716,2019년 11월 14일 20시,목요일,경상북도 칠곡군 석적읍,중상사고,0,1,0,0,차대차 - 기타,교차로운행방법위반,건조,맑음,교차로 - 교차로안,승용,남,47세,상해없음,이륜,남,24세,중상
2019111400100717,2019년 11월 14일 20시,목요일,경상북도 구미시 임수동,중상사고,0,1,1,0,차대차 - 추돌,안전운전불이행,건조,맑음,교차로 - 교차로부근,승용,남,53세,상해없음,승용,남,40세,경상
2019111400100740,2019년 11월 14일 21시,목요일,경상북도 경주시 현곡면,경상사고,0,0,1,0,차대차 - 기타,신호위반,건조,맑음,교차로 - 교차로안,승용,남,22세,상해없음,승용,남,43세,경상
2019111400100769,2019년 11월 14일 22시,목요일,경상북도 포항시 남구 대도동,경상사고,0,0,2,0,차대차 - 추돌,안전운전불이행,건조,맑음,교차로 - 교차로부근,승용,남,42세,상해없음,승용,남,55세,경상
2019111400100786,2019년 11월 14일 23시,목요일,경상북도 구미시 옥계동,중상사고,0,1,2,0,차대차 - 기타,안전운전불이행,건조,맑음,교차로 - 교차로안,승용,남,64세,상해없음,승용,남,39세,경상
2019111500100034,2019년 11월 15일 00시,금요일,경상북도 안동시 풍산읍,경상사고,0,0,1,0,차량단독 - 공작물충돌,안전운전불이행,건조,맑음,단일로 - 기타,화물,남,39세,경상,,,,
2019111500100059,2019년 11월 15일 03시,금요일,경상북도 구미시 진평동,경상사고,0,0,1,0,차대차 - 기타,안전운전불이행,건조,맑음,기타 - 기타,승용,남,20세,상해없음,승용,여,46세,경상