사고번호,사고일시,요일,시군구,사고내용,사망자수,중상자수,경상자수,부상신고자수,사고유형,법규위반,노면상태,기상상태,도로형태,가해운전자 차종,가해운전자 성별,가해운전자 연령,가해운전자 상해정도,피해운전자 차종,피해운전자 성별,피해운전자 연령,피해운전자 상해정도
2019111700100550,2019년 11월 17일 21시,일요일,경상북도 칠곡군 석적읍,부상신고사고,0,0,0,1,차량단독 - 공작물충돌,안전운전불이행,젖음/습기,맑음,단일로 - 기타,승용,여,30세,부상신고,,,,
2019111700100551,2019년 11월 17일 21시,일요일,경상북도 구미시 도량동,경상사고,0,0,1,0,차대차 - 기타,안전운전불이행,건조,맑음,교차로 - 교차로안,승용,남,57세,상해없음,이륜,남,17세,경상
2019111700100552,2019년 11월 17일 21시,일요일,경상북도 포항시 남구 이동,경상사고,0,0,3,0,차대차 - 정면충돌,안전운전불이행,건조,맑음,교차로 - 교차로안,승용,남,24세,경상,승용,남,49세,경상
2019111800100037,2019년 11월 18일 00시,월요일,경상북도 경주시 외동읍,중상사고,0,1,0,0,차대차 - 측면충돌,신호위반,건조,맑음,교차로 - 교차로안,승용,남,39세,상해없음,승용,남,52세,중상
2019111800100050,2019년 11월 18일 01시,월요일,경상북도 경주시 용강동,중상사고,0,1,0,0,차량단독 - 공작물충돌,안전운전불이행,건조,맑음,주차장 - 주차장,승용,남,46세,상해없음,,,,
2019111800100059,2019년 11월 18일 02시,월요일,경상북도 구미시 신평동,중상사고,0,1,0,0,차대사람 - 기타,안전운전불이행,젖음/습기,맑음,교차로 - 교차로안,승용,남,26세,상해없음,보행자,남,60세,중상
2019111800100063,2019년 11월 18일 03시,월요일,경상북도 경산시 옥산동,중상사고,0,1,0,0,차대차 - 추돌,안전운전불이행,건조,맑음,교차로 - 교차로부근,승용,여,41세,상해없음,승용,남,22세,중상
2019111800100091,2019년 11월 18일 06시,월요일,경상북도 경주시 건천읍,중상사고,0,1,0,0,차대차 - 추돌,안전운전불이행,젖음/습기,맑음,단일로 - 기타,승용,남,65세,상해없음,자전거,여,74세,중상
2019111800100092,2019년 11월 18일 06시,월요일,경상북도 구미시 황상동,경상사고,0,0,2,0,차대차 - 기타,안전운전불이행,젖음/습기,비,단일로 - 기타,승합,남,48세,상해없음,이륜,남,76세,경상
2019111800100121,2019년 11월 18일 07시,월요일,경상북도 경주시 황성동,경상사고,0,0,1,0,차대차 - 기타,신호위반,건조,맑음,교차로 - 교차로안,승용,남,22세,상해없음,승용,남,50세,경상
2019111800100122,2019년 11월 18일 07시,월요일,경상북도 경산시 진량읍,경상사고,0,0,1,0,차대차 - 측면충돌,안전운전불이행,젖음/습기,비,교차로 - 교차로부근,승용,여,54세,상해없음,이륜,남,40세,경상
2019111800100163,2019년 11월 18일 08시,월요일,경상북도 포항시 북구 죽도동,중상사고,0,1,0,0,차대차 - 기타,안전운전불이행,건조,맑음,단일로 - 기타,이륜,남,54세,상해없음,이륜,남,48세,중상
2019111800100164,2019년 11월 18일 08시,월요일,경상북도 안동시 평화동,경상사고,0,0,1,0,차대차 - 측면충돌,직진우회전진행방해,건조,맑음,교차로 - 교차로안,승용,남,61세,상해없음,승용,남,39세,경상
2019111800100165,2019년 11월 18일 08시,월요일,경상북도 영천시 야사동,중상사고,0,1,1,0,차대사람 - 횡단중,안전운전불이행,건조,맑음,교차로 - 교차로안,승용,여,55세,상해없음,보행자,여,42세,경상
2019111800100166,2019년 11월 18일 08시,월요일,경상북도 구미시 황상동,경상사고,0,0,1,0,차대사람 - 횡단중,안전운전불이행,건조,맑음,기타 - 기타,승용,여,53세,상해없음,보행자,여,57세,경상
2019111800100167,2019년 11월 18일 08시,월요일,경상북도 구미시 진평동,경상사고,0,0,3,1,차대차 - 기타,교차로운행방법위반,건조,맑음,교차로 - 교차로안,승용,남,35세,부상신고,승용,여,43세,경상
2019111800100168,2019년 11월 18일 08시,월요일,경상북도 구미시 진평동,중상사고,0,1,2,0,차대차 - 기타,교차로운행방법위반,건조,맑음,교차로 - 교차로안,승용,여,37세,상해없음,승용,여,37세,중상
2019111800100209,2019년 11월 18일 09시,월요일,경상북도 경주시 성동동,경상사고,0,0,1,0,차대차 - 측면충돌,안전운전불이행,건조,맑음,교차로 - 교차로횡단보도내,승용,남,77세,상해없음,자전거,여,72세,경상
2019111800100210,2019년 11월 18일 09시,월요일,경상북도 문경시 모전동,경상사고,0,0,1,0,차대차 - 측면충돌,안전운전불이행,건조,맑음,교차로 - 교차로부근,승용,여,52세,경상,화물,남,52세,상해없음
2019111800100243,2019년 11월 18일 10시,월요일,경상북도 경주시 천북면,경상사고,0,0,3,0,차대차 - 추돌,안전운전불이행,건조,맑음,단일로 - 기타,승용,남,54세,상해없음,승용,남,64세,상해없음
2019111800100244,2019년 11월 18일 10시,월요일,경상북도 청송군 현동면,중상사고,0,3,0,0,차대차 - 측면충돌,교차로운행방법위반,건조,맑음,교차로 - 교차로안,승용,여,52세,중상,화물,남,71세,중상
2019111800100271,2019년 11월 18일 11시,월요일,경상북도 영주시 풍기읍,중상사고,0,1,0,0,차대사람 - 기타,안전운전불이행,건조,맑음,단일로 - 기타,승용,여,62세,상해없음,보행자,여,75세,중상
2019111800100272,2019년 11월 18일 11시,월요일,경상북도 구미시 옥계동,경상사고,0,0,1,0,차대차 - 추돌,안전운전불이행,건조,맑음,교차로 - 교차로부근,승용,남,32세,상해없음,승용,여,24세,경상
2019111800100273,2019년 11월 18일 11시,월요일,경상북도 포항시 남구 대잠동,경상사고,0,0,1,0,차대차 - 기타,안전운전불이행,건조,맑음,주차장 - 주차장,승용,여,37세,상해없음,승용,여,35세,경상
2019111800100303,2019년 11월 18일 12시,월요일,경상북도 의성군 안계면,중상사고,0,1,0,0,차대차 - 측면충돌,직진우회전진행방해,건조,맑음,교차로 - 교차로안,화물,여,66세,상해없음,이륜,남,84세,중상
2019111800100304,2019년 11월 18일 12시,월요일,경상북도 경산시 계양동,경상사고,0,0,1,0,차대차 - 측면충돌,교차로운행방법위반,건조,맑음,교차로 - 교차로안,승용,남,59세,상해없음,승용,여,59세,경상
2019111800100328,2019년 11월 18일 13시,월요일,경상북도 경주시 황오동,경상사고,0,0,1,0,차대차 - 측면충돌,안전운전불이행,건조,맑음,단일로 - 지하차도(도로)내,승용,여,52세,상해없음,승용,남,33세,경상
2019111800100329,2019년 11월 18일 13시,월요일,경상북도 칠곡군 동명면,경상사고,0,0,2,0,차대차 - 추돌,안전운전불이행,건조,맑음,교차로 - 교차로부근,승용,남,57세,상해없음,승용,여,45세,경상
2019111800100330,2019년 11월 18일 13시,월요일,경상북도 경산시 하양읍,중상사고,0,1,1,0,차대차 - 측면충돌,신호위반,건조,맑음,교차로 - 교차로안,승용,남,27세,경상,승용,남,33세,중상
2019111800100331,2019년 11월 18일 13시,월요일,경상북도 청도군 각북면,경상사고,0,0,3,0,차대차 - 후진중충돌,안전운전불이행,건조,맑음,단일로 - 기타,승용,여,61세,상해없음,승용,남,44세,경상
2019111800100419,2019년 11월 18일 15시,월요일,경상북도 경산시 와촌면,중상사고,0,1,1,0,차대차 - 측면충돌,안전운전불이행,건조,맑음,단일로 - 기타,승용,남,60세,상해없음,승용,여,58세,경상
2019111800100451,2019년 11월 18일 16시,월요일,경상북도 안동시 옥동,중상사고,0,1,0,0,차대차 - 정면충돌,안전운전불이행,건조,맑음,교차로 - 교차로안,승용,여,39세,상해없음,이륜,남,47세,중상
2019111800100452,2019년 11월 18일 16시,월요일,경상북도 의성군 의성읍,경상사고,0,0,2,0,차대차 - 측면충돌,신호위반,건조,맑음,교차로 - 교차로안,화물,남,79세,상해없음,승용,여,61세,경상
2019111800100453,2019년 11월 18일 16시,월요일,경상북도 포항시 남구 동촌동,경상사고,0,0,1,0,차대차 - 측면충돌,직진우회전진행방해,건조,맑음,단일로 - 기타,건설기계,남,60세,상해없음,승용,남,69세,경상
2019111800100494,2019년 11월 18일 17시,월요일,경상북도 경주시 안강읍,경상사고,0,0,1,0,차대사람 - 차도통행중,안전운전불이행,건조,맑음,교차로 - 교차로부근,승용,여,40세,상해없음,보행자,남,71세,경상
2019111800100495,2019년 11월 18일 17시,월요일,경상북도 상주시 함창읍,경상사고,0,0,1,0,차대차 - 추돌,안전운전불이행,건조,맑음,교차로 - 교차로안,화물,남,56세,상해없음,승용,여,48세,경상
2019111800100496,2019년 11월 18일 17시,월요일,경상북도 의성군 의성읍,중상사고,0,1,0,0,차대차 - 측면충돌,안전운전불이행,건조,맑음,단일로 - 기타,승용,남,34세,상해없음,자전거,여,72세,중상
2019111800100497,2019년 11월 18일 17시,월요일,경상북도 경산시 진량읍,중상사고,0,1,0,0,차대차 - 측면충돌,신호위반,건조,맑음,교차로 - 교차로안,화물,남,50세,상해없음,이륜,남,25세,중상
2019111800100498,2019년 11월 18일 17시,월요일,경상북도 포항시 남구 괴동동,사망사고,1,0,0,0,차대사람 - 횡단중,보행자보호의무위반,건조,맑음,단일로 - 기타,승합,남,64세,상해없음,보행자,남,71세,사망
2019111800100564,2019년 11월 18일 18시,월요일,경상북도 포항시 북구 항구동,경상사고,0,0,1,0,차대차 - 추돌,안전거리미확보,건조,맑음,단일로 - 기타,승용,여,52세,기타불명,승용,남,61세,경상
2019111800100565,2019년 11월 18일 18시,월요일,경상북도 포항시 북구 창포동,경상사고,0,0,1,0,차대차 - 측면충돌,안전운전불이행,건조,맑음,교차로 - 교차로안,승용,여,56세,상해없음,승용,남,28세,경상
2019111800100566,2019년 11월 18일 18시,월요일,경상북도 안동시 운안동,경상사고,0,0,1,0,차대사람 - 기타,안전운전불이행,건조,맑음,단일로 - 기타,승용,남,33세,기타불명,보행자,여,21세,경상
2019111800100567,2019년 11월 18일 18시,월요일,경상북도 구미시 공단동,경상사고,0,0,1,1,차대차 - 측면충돌,직진우회전진행방해,건조,맑음,교차로 - 교차로안,승용,여,39세,부상신고,화물,남,49세,경상
2019111800100615,2019년 11월 18일 19시,월요일,경상북도 경주시 동천동,경상사고,0,0,1,0,차대차 - 측면충돌,안전운전불이행,건조,맑음,단일로 - 기타,자전거,남,45세,경상,승합,남,66세,상해없음
2019111800100616,2019년 11월 18일 19시,월요일,경상북도 경주시 안강읍,경상사고,0,0,1,0,차대사람 - 차도통행중,기타,건조,맑음,단일로 - 기타,승용,여,41세,상해없음,보행자,여,18세,경상
2019111800100617,2019년 11월 18일 19시,월요일,경상북도 포항시 북구 두호동,경상사고,0,0,1,0,차대차 - 기타,안전운전불이행,건조,맑음,단일로 - 기타,승용,남,55세,상해없음,승용,여,43세,경상
2019111800100618,2019년 11월 18일 19시,월요일,경상북도 안동시 옥야동,중상사고,0,1,0,0,차대차 - 측면충돌,안전운전불이행,건조,맑음,교차로 - 교차로부근,승용,여,46세,상해없음,이륜,남,43세,중상
2019111800100648,2019년 11월 18일 20시,월요일,경상북도 칠곡군 왜관읍,사망사고,1,0,0,0,차대차 - 측면충돌,안전운전불이행,건조,맑음,단일로 - 기타,승용,남,22세,상해없음,자전거,남,61세,사망
2019111800100649,2019년 11월 18일 20시,월요일,경상북도 구미시 원평동,경상사고,0,0,1,0,차대차 - 기타,교차로운행방법위반,건조,맑음,교차로 - 교차로부근,승용,남,38세,상해없음,이륜,남,20세,경상
2019111800100672,2019년 11월 18일 21시,월요일,경상북도 김천시 율곡동,경상사고,0,0,4,0,차대차 - 추돌,안전운전불이행,건조,맑음,교차로 - 교차로안,화물,남,32세,상해없음,승용,남,38세,경상
2019111800100692,2019년 11월 18일 22시,월요일,경상북도 경산시 임당동,부상신고사고,0,0,0,1,차대사람 - 기타,안전운전불이행,건조,맑음,단일로 - 기타,기타불명,기타불명,미분류,기타불명,보행자,남,73세,부상신고
2019111800100708,2019년 11월 18일 23시,월요일,경상북도 포항시 북구 두호동,중상사고,0,1,0,0,차대사람 - 차도통행중,중앙선침범,건조,맑음,단일로 - 기타,승용,여,36세,상해없음,보행자,남,37세,중상
2019111800100709,2019년 11월 18일 23시,월요일,경상북도 김천시 신음동,중상사고,0,1,0,0,차대차 - 기타,교차로운행방법위반,건조,맑음,교차로 - 교차로안,승용,남,52세,상해없음,이륜,남,19세,중상
2019111900100036,2019년 11월 19일 00시,화요일,경상북도 김천시 신음동,경상사고,0,0,1,0,차대차 - 정면충돌,안전운전불이행,건조,맑음,교차로 - 교차로안,이륜,남,16세,경상,승용,남,53세,상해없음
2019111900100037,2019년 11월 19일 00시,화요일,경상북도 구미시 공단동,중상사고,0,1,0,0,차대차 - 기타,신호위반,건조,맑음,교차로 - 교차로안,화물,남,56세,상해없음,화물,남,29세,중상
2019111900100038,2019년 11월 19일 00시,화요일,경상북도 구미시 옥계동,경상사고,0,0,3,0,차대차 - 추돌,안전운전불이행,건조,맑음,교차로 - 교차로부근,승용,남,34세,상해없음,승용,남,51세,경상
2019111900100050,2019년 11월 19일 01시,화요일,경상북도 경산시 남천면,중상사고,0,1,0,0,차대차 - 정면충돌,안전운전불이행,건조,맑음,단일로 - 기타,승용,남,49세,중상,특수,남,58세,상해없음
2019111900100121,2019년 11월 19일 07시,화요일,경상북도 김천시 아포읍,중상사고,0,1,0,0,차량단독 - 공작물충돌,안전운전불이행,서리/결빙,맑음,단일로 - 기타,승용,여,27세,중상,,,,
2019111900100122,2019년 11월 19일 07시,화요일,경상북도 영천시 오미동,경상사고,0,0,2,0,차대차 - 측면충돌,신호위반,건조,맑음,교차로 - 교차로안,화물,남,34세,경상,승용,남,29세,경상
2019111900100123,2019년 11월 19일 07시,화요일,경상북도 포항시 남구 상도동,경상사고,0,0,1,0,차대사람 - 기타,안전운전불이행,건조,맑음,단일로 - 기타,자전거,남,37세,상해없음,보행자,여,73세,경상
2019111900100172,2019년 11월 19일 08시,화요일,경상북도 구미시 원평동,경상사고,0,0,1,0,차대사람 - 기타,신호위반,건조,맑음,단일로 - 기타,승용,여,51세,상해없음,보행자,남,27세,경상
2019111900100173,2019년 11월 19일 08시,화요일,경상북도 구미시 구평동,부상신고사고,0,0,0,1,차대사람 - 횡단중,안전운전불이행,건조,맑음,교차로 - 교차로횡단보도내,기타불명,기타불명,미분류,기타불명,보행자,남,8세,부상신고
2019111900100261,2019년 11월 19일 10시,화요일,경상북도 상주시 남성동,경상사고,0,0,1,0,차대사람 - 기타,안전운전불이행,건조,맑음,주차장 - 주차장,승용,여,65세,상해없음,보행자,여,75세,경상
2019111900100262,2019년 11월 19일 10시,화요일,경상북도 상주시 인봉동,경상사고,0,0,1,0,차대차 - 측면충돌,중앙선침범,건조,맑음,단일로 - 기타,자전거,여,75세,경상,화물,남,63세,상해없음
2019111900100263,2019년 11월 19일 10시,화요일,경상북도 문경시 문경읍,경상사고,0,0,1,0,차대차 - 측면충돌,안전운전불이행,건조,맑음,교차로 - 교차로안,화물,남,61세,상해없음,이륜,여,78세,경상
2019111900100305,2019년 11월 19일 11시,화요일,경상북도 포항시 북구 대신동,부상신고사고,0,0,0,1,차대차 - 정면충돌,직진우회전진행방해,건조,맑음,교차로 - 교차로안,자전거,남,68세,부상신고,특수,남,36세,상해없음
2019111900100306,2019년 11월 19일 11시,화요일,경상북도 포항시 북구 장성동,경상사고,0,0,2,0,차대차 - 기타,안전운전불이행,건조,맑음,교차로 - 교차로부근,승용,여,65세,상해없음,승용,남,71세,경상
2019111900100343,2019년 11월 19일 12시,화요일,경상북도 칠곡군 석적읍,중상사고,0,1,0,0,차대차 - 측면충돌,교차로운행방법위반,건조,맑음,교차로 - 교차로안,승용,여,41세,상해없음,이륜,남,40세,중상
2019111900100344,2019년 11월 19일 12시,화요일,경상북도 성주군 선남면,중상사고,0,1,0,0,차대사람 - 기타,안전운전불이행,건조,맑음,기타 - 기타,승용,남,58세,상해없음,보행자,여,58세,중상
2019111900100345,2019년 11월 19일 12시,화요일,경상북도 구미시 도량동,중상사고,0,1,0,0,차대차 - 측면충돌,안전운전불이행,건조,맑음,교차로 - 교차로안,승용,남,63세,상해없음,자전거,남,81세,중상
2019111900100379,2019년 11월 19일 13시,화요일,경상북도 포항시 북구 장성동,경상사고,0,0,1,0,차대차 - 정면충돌,신호위반,건조,맑음,교차로 - 교차로안,승용,여,52세,상해없음,승용,여,42세,경상
2019111900100380,2019년 11월 19일 13시,화요일,경상북도 의성군 다인면,중상사고,0,1,0,0,차대차 - 기타,안전운전불이행,건조,맑음,단일로 - 기타,이륜,남,86세,상해없음,승용,여,56세,중상
2019111900100381,2019년 11월 19일 13시,화요일,경상북도 구미시 공단동,경상사고,0,0,1,0,차대차 - 기타,안전운전불이행,건조,맑음,단일로 - 기타,건설기계,남,43세,상해없음,승용,남,26세,경상
2019111900100413,2019년 11월 19일 14시,화요일,경상북도 안동시 풍천면,경상사고,0,0,2,0,차대차 - 측면충돌,직진우회전진행방해,건조,맑음,교차로 - 교차로안,화물,남,52세,상해없음,승용,남,41세,경상
2019111900100458,2019년 11월 19일 15시,화요일,경상북도 경산시 중방동,중상사고,0,1,0,0,차대차 - 측면충돌,차로위반,건조,맑음,단일로 - 기타,승용,남,66세,상해없음,승용,남,64세,중상
2019111900100459,2019년 11월 19일 15시,화요일,경상북도 경산시 하양읍,경상사고,0,0,1,0,차대사람 - 보도통행중,기타,건조,맑음,단일로 - 기타,승용,여,53세,상해없음,보행자,여,22세,경상
2019111900100460,2019년 11월 19일 15시,화요일,경상북도 경산시 하양읍,경상사고,0,0,1,0,차대차 - 측면충돌,안전운전불이행,건조,맑음,단일로 - 기타,승합,남,59세,상해없음,자전거,남,71세,경상
2019111900100461,2019년 11월 19일 15시,화요일,경상북도 구미시 임은동,경상사고,0,0,2,0,차대차 - 기타,기타,건조,맑음,단일로 - 기타,승용,여,49세,경상,이륜,여,51세,경상
2019111900100530,2019년 11월 19일 17시,화요일,경상북도 경주시 석장동,중상사고,0,1,0,0,차대사람 - 횡단중,신호위반,건조,맑음,교차로 - 교차로부근,승용,남,63세,상해없음,보행자,남,40세,중상
2019111900100531,2019년 11월 19일 17시,화요일,경상북도 김천시 양천동,경상사고,0,0,1,0,차대차 - 측면충돌,안전운전불이행,건조,맑음,단일로 - 기타,화물,남,54세,상해없음,승용,여,65세,경상
2019111900100532,2019년 11월 19일 17시,화요일,경상북도 문경시 모전동,경상사고,0,0,1,0,차대사람 - 기타,안전운전불이행,건조,맑음,교차로 - 교차로횡단보도내,승용,여,58세,상해없음,보행자,여,16세,경상
2019111900100533,2019년 11월 19일 17시,화요일,경상북도 구미시 고아읍,중상사고,0,2,0,0,차대차 - 기타,신호위반,건조,맑음,교차로 - 교차로부근,승용,남,45세,중상,승용,남,56세,중상
2019111900100603,2019년 11월 19일 18시,화요일,경상북도 경주시 현곡면,경상사고,0,0,1,1,차대차 - 측면충돌,신호위반,건조,맑음,교차로 - 교차로안,이륜,남,16세,부상신고,승용,남,60세,상해없음
2019111900100604,2019년 11월 19일 18시,화요일,경상북도 영주시 영주동,경상사고,0,0,1,0,차대차 - 추돌,안전운전불이행,건조,맑음,단일로 - 기타,승용,여,54세,상해없음,승합,남,40세,상해없음
2019111900100662,2019년 11월 19일 19시,화요일,경상북도 김천시 지좌동,경상사고,0,0,1,0,차대차 - 추돌,안전거리미확보,건조,기타,단일로 - 기타,승용,남,46세,상해없음,화물,남,32세,경상
2019111900100698,2019년 11월 19일 20시,화요일,경상북도 안동시 용상동,경상사고,0,0,1,0,차대차 - 정면충돌,신호위반,건조,맑음,교차로 - 교차로안,승용,남,72세,상해없음,승용,남,47세,경상
2019111900100699,2019년 11월 19일 20시,화요일,경상북도 경산시 옥산동,중상사고,0,1,0,0,차대사람 - 횡단중,안전운전불이행,건조,맑음,단일로 - 기타,승용,여,33세,상해없음,보행자,여,48세,중상
2019111900100700,2019년 11월 19일 20시,화요일,경상북도 구미시 상모동,중상사고,0,1,0,0,차대차 - 측면충돌,교차로운행방법위반,건조,맑음,교차로 - 교차로안,이륜,남,35세,중상,승용,남,48세,상해없음
2019111900100737,2019년 11월 19일 21시,화요일,경상북도 김천시 부곡동,중상사고,0,1,0,0,차대사람 - 보도통행중,안전운전불이행,건조,기타,교차로 - 교차로횡단보도내,승용,남,49세,상해없음,보행자,여,53세,중상
2019111900100738,2019년 11월 19일 21시,화요일,경상북도 포항시 남구 상도동,경상사고,0,0,2,2,차대차 - 기타,교차로운행방법위반,건조,맑음,교차로 - 교차로안,승용,남,40세,상해없음,승용,남,44세,상해없음
2019111900100765,2019년 11월 19일 22시,화요일,경상북도 경주시 용강동,경상사고,0,0,1,0,차대차 - 추돌,안전운전불이행,건조,맑음,단일로 - 기타,승용,여,41세,상해없음,승용,남,44세,경상
2019111900100766,2019년 11월 19일 22시,화요일,경상북도 구미시 원평동,경상사고,0,0,1,0,차대차 - 기타,안전운전불이행,건조,맑음,교차로 - 교차로부근,기타불명,기타불명,미분류,기타불명,자전거,남,67세,경상
2019112000100039,2019년 11월 20일 00시,수요일,경상북도 안동시 길안면,경상사고,0,0,2,0,차대차 - 정면충돌,직진우회전진행방해,건조,맑음,교차로 - 교차로안,승용,여,58세,경상,승용,남,50세,경상
2019112000100040,2019년 11월 20일 00시,수요일,경상북도 구미시 구포동,경상사고,0,0,4,0,차대차 - 측면충돌,신호위반,건조,맑음,교차로 - 교차로안,승용,남,32세,경상,승용,남,23세,경상
2019112000100062,2019년 11월 20일 02시,수요일,경상북도 안동시 풍천면,경상사고,0,0,4,0,차대차 - 측면충돌,직진우회전진행방해,건조,맑음,교차로 - 교차로안,승용,여,35세,경상,승합,남,39세,경상
2019112000100101,2019년 11월 20일 06시,수요일,경상북도 포항시 남구 지곡동,경상사고,0,0,1,0,차량단독 - 주/정차차량 충돌,안전운전불이행,건조,맑음,단일로 - 기타,승용,남,44세,경상,,,,
2019112000100125,2019년 11월 20일 07시,수요일,경상북도 경산시 진량읍,경상사고,0,0,1,0,차대차 - 정면충돌,중앙선침범,건조,맑음,단일로 - 기타,자전거,남,17세,경상,승용,여,48세,상해없음
2019112000100126,2019년 11월 20일 07시,수요일,경상북도 구미시 진평동,경상사고,0,0,1,0,차대차 - 기타,안전운전불이행,건조,맑음,단일로 - 기타,기타불명,기타불명,미분류,기타불명,승용,여,31세,경상
2019112000100127,2019년 11월 20일 07시,수요일,경상북도 구미시 비산동,경상사고,0,0,1,0,차대차 - 기타,안전운전불이행,건조,맑음,교차로 - 교차로부근,승용,남,46세,상해없음,자전거,남,15세,경상
2019112000100176,2019년 11월 20일 08시,수요일,경상북도 경주시 외동읍,경상사고,0,0,1,0,차대차 - 추돌,안전운전불이행,건조,맑음,교차로 - 교차로부근,승용,남,51세,상해없음,승용,여,38세,경상
2019112000100177,2019년 11월 20일 08시,수요일,경상북도 포항시 북구 용흥동,경상사고,0,0,5,0,차대차 - 추돌,안전거리미확보,건조,맑음,교차로 - 교차로부근,화물,남,67세,상해없음,화물,남,52세,경상
2019112000100178,2019년 11월 20일 08시,수요일,경상북도 영천시 봉동,경상사고,0,0,1,0,차대차 - 측면충돌,신호위반,건조,맑음,교차로 - 교차로안,승용,남,33세,상해없음,승용,여,46세,경상
2019112000100179,2019년 11월 20일 08시,수요일,경상북도 영천시 성내동,경상사고,0,0,1,2,차대차 - 측면충돌,안전운전불이행,건조,맑음,교차로 - 교차로안,승용,여,27세,부상신고,승용,남,58세,경상
2019112000100180,2019년 11월 20일 08시,수요일,경상북도 구미시 도개면,중상사고,0,1,0,0,차대차 - 추돌,안전운전불이행,건조,맑음,단일로 - 기타,화물,남,53세,상해없음,화물,남,52세,상해없음
2019112000100220,2019년 11월 20일 09시,수요일,경상북도 안동시 용상동,중상사고,0,1,0,0,차대차 - 측면충돌,안전운전불이행,건조,맑음,단일로 - 기타,승용,남,76세,상해없음,자전거,여,67세,중상
2019112000100221,2019년 11월 20일 09시,수요일,경상북도 김천시 구성면,경상사고,0,0,1,0,차대차 - 측면충돌,직진우회전진행방해,건조,맑음,교차로 - 교차로안,승용,남,29세,상해없음,이륜,남,59세,경상
2019112000100222,2019년 11월 20일 09시,수요일,경상북도 경산시 옥산동,중상사고,0,1,0,0,차대차 - 측면충돌,교차로운행방법위반,건조,맑음,교차로 - 교차로안,승용,남,45세,상해없음,이륜,남,21세,중상
2019112000100261,2019년 11월 20일 10시,수요일,경상북도 경주시 외동읍,경상사고,0,0,2,0,차대차 - 측면충돌,신호위반,건조,맑음,교차로 - 교차로안,승용,여,53세,경상,승용,남,53세,경상
2019112000100262,2019년 11월 20일 10시,수요일,경상북도 포항시 북구 흥해읍,경상사고,0,0,3,0,차대차 - 추돌,안전운전불이행,건조,맑음,기타 - 기타,승용,남,42세,경상,승용,여,43세,경상
2019112000100263,2019년 11월 20일 10시,수요일,경상북도 안동시 송현동,중상사고,0,1,0,0,차대차 - 측면충돌,안전운전불이행,건조,맑음,교차로 - 교차로부근,승용,남,72세,상해없음,승용,여,80세,중상
2019112000100264,2019년 11월 20일 10시,수요일,경상북도 상주시 냉림동,경상사고,0,0,1,0,차대사람 - 길가장자리구역통행중,안전운전불이행,건조,맑음,단일로 - 기타,승용,여,62세,상해없음,보행자,여,42세,경상
2019112000100297,2019년 11월 20일 11시,수요일,경상북도 안동시 정하동,경상사고,0,0,1,0,차대차 - 측면충돌,교차로운행방법위반,건조,맑음,교차로 - 교차로안,승용,남,34세,상해없음,승용,여,27세,경상
2019112000100338,2019년 11월 20일 12시,수요일,경상북도 김천시 삼락동,경상사고,0,0,1,0,차량단독 - 전도전복 - 전도,안전운전불이행,건조,맑음,교차로 - 교차로부근,이륜,남,22세,경상,,,,
2019112000100376,2019년 11월 20일 13시,수요일,경상북도 상주시 남성동,중상사고,0,1,0,0,차대사람 - 횡단중,보행자보호의무위반,건조,맑음,교차로 - 교차로횡단보도내,승용,여,47세,상해없음,보행자,여,79세,중상
2019112000100377,2019년 11월 20일 13시,수요일,경상북도 상주시 냉림동,경상사고,0,0,1,0,차대차 - 측면충돌,신호위반,건조,맑음,교차로 - 교차로안,이륜,여,60세,경상,승용,여,33세,상해없음
2019112000100378,2019년 11월 20일 13시,수요일,경상북도 영천시 성내동,부상신고사고,0,0,0,1,차대사람 - 기타,안전운전불이행,건조,맑음,교차로 - 교차로부근,승용,여,43세,상해없음,보행자,남,56세,부상신고
2019112000100379,2019년 11월 20일 13시,수요일,경상북도 문경시 점촌동,경상사고,0,0,1,0,차대차 - 측면충돌,안전운전불이행,건조,맑음,교차로 - 교차로안,승용,남,42세,상해없음,사륜오토바이(ATV),남,79세,경상
2019112000100380,2019년 11월 20일 13시,수요일,경상북도 봉화군 상운면,경상사고,0,0,2,0,차대차 - 추돌,안전운전불이행,건조,맑음,단일로 - 기타,승용,남,78세,상해없음,승용,여,62세,경상
2019112000100381,2019년 11월 20일 13시,수요일,경상북도 구미시 오태동,경상사고,0,0,1,0,차대차 - 추돌,안전운전불이행,건조,맑음,단일로 - 기타,승용,남,34세,상해없음,승용,남,52세,경상
2019112000100382,2019년 11월 20일 13시,수요일,경상북도 구미시 고아읍,경상사고,0,0,1,0,차대차 - 추돌,안전운전불이행,건조,맑음,단일로 - 기타,승용,여,50세,상해없음,승용,남,77세,경상
2019112000100412,2019년 11월 20일 14시,수요일,경상북도 경주시 안강읍,중상사고,0,1,0,0,차대사람 - 횡단중,신호위반,건조,맑음,교차로 - 교차로안,화물,여,63세,상해없음,보행자,남,83세,중상
2019112000100413,2019년 11월 20일 14시,수요일,경상북도 영천시 망정동,경상사고,0,0,2,0,차대차 - 측면충돌,교차로운행방법위반,건조,맑음,교차로 - 교차로안,승용,여,22세,경상,승용,남,36세,경상