사고번호,사고일시,요일,시군구,사고내용,사망자수,중상자수,경상자수,부상신고자수,사고유형,법규위반,노면상태,기상상태,도로형태,가해운전자 차종,가해운전자 성별,가해운전자 연령,가해운전자 상해정도,피해운전자 차종,피해운전자 성별,피해운전자 연령,피해운전자 상해정도
2019112200100399,2019년 11월 22일 14시,금요일,경상북도 구미시 옥성면,경상사고,0,0,2,0,차대차 - 측면충돌,안전운전불이행,건조,맑음,단일로 - 기타,승용,여,64세,상해없음,승용,남,37세,경상
2019112200100450,2019년 11월 22일 15시,금요일,경상북도 김천시 평화동,중상사고,0,1,0,0,차대사람 - 기타,안전운전불이행,건조,맑음,단일로 - 기타,승용,남,78세,상해없음,보행자,여,77세,중상
2019112200100451,2019년 11월 22일 15시,금요일,경상북도 김천시 봉산면,경상사고,0,0,1,0,차대차 - 측면충돌,기타,건조,맑음,교차로 - 교차로안,이륜,남,51세,상해없음,승용,여,42세,경상
2019112200100507,2019년 11월 22일 16시,금요일,경상북도 안동시 태화동,중상사고,0,1,0,0,차대사람 - 횡단중,안전운전불이행,건조,맑음,단일로 - 기타,승용,남,58세,상해없음,보행자,남,70세,중상
2019112200100566,2019년 11월 22일 17시,금요일,경상북도 경주시 사정동,경상사고,0,0,2,0,차대차 - 측면충돌,신호위반,건조,맑음,교차로 - 교차로안,건설기계,남,59세,상해없음,화물,남,69세,경상
2019112200100567,2019년 11월 22일 17시,금요일,경상북도 김천시 율곡동,경상사고,0,0,2,0,차대차 - 측면충돌,안전운전불이행,건조,맑음,교차로 - 교차로안,승합,남,59세,상해없음,승용,여,74세,경상
2019112200100568,2019년 11월 22일 17시,금요일,경상북도 의성군 안계면,경상사고,0,0,1,0,차량단독 - 전도전복 - 전도,안전운전불이행,건조,맑음,단일로 - 기타,이륜,남,70세,경상,,,,
2019112200100569,2019년 11월 22일 17시,금요일,경상북도 칠곡군 왜관읍,중상사고,0,1,0,0,차대사람 - 횡단중,안전운전불이행,건조,맑음,단일로 - 기타,승용,여,46세,상해없음,보행자,남,58세,중상
2019112200100570,2019년 11월 22일 17시,금요일,경상북도 문경시 모전동,중상사고,0,1,0,0,차대차 - 측면충돌,안전운전불이행,건조,맑음,교차로 - 교차로부근,이륜,남,59세,중상,승용,남,56세,상해없음
2019112200100571,2019년 11월 22일 17시,금요일,경상북도 경산시 진량읍,중상사고,0,1,0,0,차대사람 - 횡단중,안전운전불이행,건조,맑음,단일로 - 기타,승용,여,68세,상해없음,보행자,여,67세,중상
2019112200100572,2019년 11월 22일 17시,금요일,경상북도 구미시 봉곡동,경상사고,0,0,1,0,차대차 - 기타,안전운전불이행,건조,맑음,교차로 - 교차로부근,승합,남,75세,상해없음,승용,여,45세,경상
2019112200100573,2019년 11월 22일 17시,금요일,경상북도 포항시 남구 해도동,경상사고,0,0,1,0,차대사람 - 기타,안전운전불이행,건조,맑음,단일로 - 기타,승용,여,37세,상해없음,보행자,여,64세,경상
2019112200100635,2019년 11월 22일 18시,금요일,경상북도 안동시 풍산읍,경상사고,0,0,2,0,차대차 - 추돌,안전거리미확보,건조,맑음,단일로 - 기타,승용,남,28세,상해없음,화물,남,59세,경상
2019112200100636,2019년 11월 22일 18시,금요일,경상북도 의성군 다인면,중상사고,0,1,1,0,차대차 - 추돌,안전거리미확보,건조,맑음,단일로 - 기타,화물,남,50세,경상,농기계,남,67세,중상
2019112200100692,2019년 11월 22일 19시,금요일,경상북도 경주시 안강읍,경상사고,0,0,1,0,차대차 - 측면충돌,안전운전불이행,건조,맑음,교차로 - 교차로안,승용,남,36세,경상,화물,여,62세,상해없음
2019112200100693,2019년 11월 22일 19시,금요일,경상북도 경산시 하양읍,중상사고,0,1,0,0,차대사람 - 차도통행중,안전운전불이행,건조,맑음,교차로 - 교차로안,승용,여,57세,상해없음,보행자,여,79세,중상
2019112200100694,2019년 11월 22일 19시,금요일,경상북도 구미시 송정동,경상사고,0,0,3,0,차대차 - 추돌,안전운전불이행,건조,맑음,교차로 - 교차로부근,승합,남,57세,상해없음,승용,여,44세,경상
2019112200100737,2019년 11월 22일 20시,금요일,경상북도 구미시 광평동,중상사고,0,1,0,0,차대차 - 추돌,안전운전불이행,건조,맑음,교차로 - 교차로안,승용,여,42세,상해없음,승용,남,45세,중상
2019112200100738,2019년 11월 22일 20시,금요일,경상북도 포항시 남구 지곡동,경상사고,0,0,3,0,차대차 - 측면충돌,안전운전불이행,건조,맑음,단일로 - 기타,승용,여,68세,경상,승용,남,26세,경상
2019112200100799,2019년 11월 22일 22시,금요일,경상북도 안동시 법흥동,경상사고,0,0,4,0,차대차 - 추돌,안전운전불이행,건조,맑음,교차로 - 교차로안,승용,남,42세,상해없음,승용,여,38세,경상
2019112300100035,2019년 11월 23일 00시,토요일,경상북도 포항시 북구 죽도동,경상사고,0,0,1,0,차대차 - 측면충돌,신호위반,건조,맑음,교차로 - 교차로안,승용,남,29세,상해없음,승용,남,58세,경상
2019112300100036,2019년 11월 23일 00시,토요일,경상북도 경산시 진량읍,경상사고,0,0,1,0,차대차 - 측면충돌,신호위반,건조,맑음,교차로 - 교차로안,승용,남,18세,상해없음,승용,남,67세,경상
2019112300100096,2019년 11월 23일 05시,토요일,경상북도 칠곡군 석적읍,중상사고,0,1,0,0,차대차 - 추돌,안전운전불이행,건조,맑음,단일로 - 기타,승용,남,41세,상해없음,승용,남,30세,중상
2019112300100109,2019년 11월 23일 06시,토요일,경상북도 청도군 이서면,중상사고,0,1,1,0,차대차 - 추돌,안전운전불이행,젖음/습기,안개,단일로 - 기타,화물,남,62세,경상,승용,남,64세,상해없음
2019112300100115,2019년 11월 23일 07시,토요일,경상북도 경주시 성동동,중상사고,0,1,1,0,차량단독 - 기타,안전운전불이행,건조,맑음,교차로 - 교차로부근,승용,여,50세,경상,,,,
2019112300100116,2019년 11월 23일 07시,토요일,경상북도 영천시 청통면,경상사고,0,0,1,0,차량단독 - 공작물충돌,안전운전불이행,건조,맑음,교차로 - 교차로안,승용,남,59세,경상,,,,
2019112300100144,2019년 11월 23일 08시,토요일,경상북도 봉화군 석포면,중상사고,0,1,4,0,차량단독 - 공작물충돌,안전운전불이행,건조,맑음,단일로 - 기타,승합,남,58세,상해없음,,,,
2019112300100177,2019년 11월 23일 09시,토요일,경상북도 경주시 건천읍,부상신고사고,0,0,0,1,차대차 - 측면충돌,안전운전불이행,건조,맑음,단일로 - 기타,승용,남,22세,부상신고,승합,남,50세,상해없음
2019112300100210,2019년 11월 23일 10시,토요일,경상북도 경주시 동천동,경상사고,0,0,2,0,차대차 - 측면충돌,안전운전불이행,건조,맑음,교차로 - 교차로부근,승용,여,40세,상해없음,승용,여,67세,경상
2019112300100211,2019년 11월 23일 10시,토요일,경상북도 의성군 가음면,경상사고,0,0,1,0,차대차 - 기타,기타,건조,맑음,교차로 - 교차로안,승용,여,40세,상해없음,이륜,남,74세,경상
2019112300100253,2019년 11월 23일 11시,토요일,경상북도 안동시 수상동,경상사고,0,0,2,0,차대차 - 추돌,안전거리미확보,건조,맑음,단일로 - 기타,승용,남,45세,상해없음,승용,남,31세,경상
2019112300100254,2019년 11월 23일 11시,토요일,경상북도 영주시 영주동,경상사고,0,0,1,0,차대차 - 기타,안전운전불이행,건조,맑음,기타 - 기타,승용,남,77세,상해없음,자전거,남,77세,경상
2019112300100288,2019년 11월 23일 12시,토요일,경상북도 영천시 신령면,경상사고,0,0,6,0,차대차 - 측면충돌,중앙선침범,건조,맑음,단일로 - 기타,화물,남,83세,경상,승용,여,42세,경상
2019112300100289,2019년 11월 23일 12시,토요일,경상북도 경산시 진량읍,중상사고,0,1,0,0,차대차 - 측면충돌,안전운전불이행,건조,맑음,교차로 - 교차로안,승용,남,49세,상해없음,승용,남,54세,중상
2019112300100290,2019년 11월 23일 12시,토요일,경상북도 구미시 선산읍,중상사고,0,1,1,0,차대차 - 기타,직진우회전진행방해,건조,맑음,교차로 - 교차로안,승용,여,56세,경상,화물,남,70세,중상
2019112300100338,2019년 11월 23일 13시,토요일,경상북도 경산시 계양동,중상사고,0,1,0,0,차대차 - 정면충돌,신호위반,건조,맑음,교차로 - 교차로안,승용,남,65세,상해없음,이륜,남,50세,중상
2019112300100339,2019년 11월 23일 13시,토요일,경상북도 경산시 중방동,경상사고,0,0,1,0,차대차 - 측면충돌,안전운전불이행,건조,맑음,단일로 - 기타,승용,남,52세,상해없음,화물,남,55세,경상
2019112300100340,2019년 11월 23일 13시,토요일,경상북도 구미시 신평동,경상사고,0,0,1,1,차대차 - 측면충돌,신호위반,건조,맑음,단일로 - 기타,승용,남,51세,상해없음,이륜,남,28세,경상
2019112300100341,2019년 11월 23일 13시,토요일,경상북도 포항시 남구 대도동,경상사고,0,0,1,0,차대차 - 기타,신호위반,건조,맑음,단일로 - 기타,승용,여,56세,상해없음,원동기,남,26세,경상
2019112300100342,2019년 11월 23일 13시,토요일,경상북도 포항시 남구 연일읍,경상사고,0,0,1,0,차대차 - 추돌,안전운전불이행,건조,맑음,교차로 - 교차로안,이륜,남,48세,경상,승용,여,53세,상해없음
2019112300100395,2019년 11월 23일 14시,토요일,경상북도 포항시 북구 득량동,경상사고,0,0,1,0,차대차 - 측면충돌,중앙선침범,건조,맑음,단일로 - 기타,이륜,남,58세,상해없음,승용,남,70세,상해없음
2019112300100421,2019년 11월 23일 15시,토요일,경상북도 영천시 문외동,경상사고,0,0,2,0,차대차 - 측면충돌,안전운전불이행,건조,맑음,단일로 - 기타,승용,여,22세,경상,이륜,남,23세,경상
2019112300100422,2019년 11월 23일 15시,토요일,경상북도 경산시 진량읍,중상사고,0,1,0,0,차대차 - 측면충돌,신호위반,기타,맑음,단일로 - 기타,화물,남,61세,상해없음,이륜,여,62세,중상
2019112300100464,2019년 11월 23일 16시,토요일,경상북도 포항시 남구 오천읍,경상사고,0,0,1,0,차대차 - 추돌,안전운전불이행,건조,맑음,단일로 - 기타,특수,남,56세,상해없음,승용,여,71세,경상
2019112300100503,2019년 11월 23일 17시,토요일,경상북도 칠곡군 왜관읍,경상사고,0,0,1,0,차대차 - 측면충돌,안전운전불이행,건조,맑음,교차로 - 교차로부근,승용,남,42세,상해없음,이륜,남,58세,경상
2019112300100504,2019년 11월 23일 17시,토요일,경상북도 칠곡군 북삼읍,부상신고사고,0,0,0,1,차대차 - 기타,안전운전불이행,건조,흐림,교차로 - 교차로안,이륜,남,39세,부상신고,승용,남,56세,상해없음
2019112300100505,2019년 11월 23일 17시,토요일,경상북도 경산시 자인면,중상사고,0,1,0,0,차대차 - 측면충돌,안전운전불이행,건조,맑음,교차로 - 교차로부근,자전거,남,56세,중상,승합,남,38세,상해없음
2019112300100506,2019년 11월 23일 17시,토요일,경상북도 구미시 고아읍,경상사고,0,0,1,0,차대사람 - 기타,안전운전불이행,건조,맑음,단일로 - 기타,기타불명,기타불명,미분류,기타불명,보행자,남,61세,경상
2019112300100507,2019년 11월 23일 17시,토요일,경상북도 구미시 신평동,경상사고,0,0,1,0,차대차 - 추돌,안전운전불이행,건조,맑음,단일로 - 기타,승용,남,58세,상해없음,승용,남,33세,상해없음
2019112300100508,2019년 11월 23일 17시,토요일,경상북도 구미시 원평동,경상사고,0,0,1,0,차대사람 - 기타,신호위반,건조,맑음,단일로 - 기타,승용,여,60세,상해없음,보행자,여,64세,경상
2019112300100564,2019년 11월 23일 18시,토요일,경상북도 포항시 북구 득량동,중상사고,0,1,1,0,차대사람 - 횡단중,보행자보호의무위반,건조,맑음,교차로 - 교차로부근,승용,여,43세,상해없음,보행자,남,37세,경상
2019112300100565,2019년 11월 23일 18시,토요일,경상북도 김천시 지좌동,중상사고,0,1,0,0,차대차 - 측면충돌,차로위반,건조,맑음,단일로 - 고가도로위,승용,남,51세,상해없음,승용,남,53세,중상
2019112300100566,2019년 11월 23일 18시,토요일,경상북도 청도군 청도읍,중상사고,0,1,0,0,차대사람 - 차도통행중,보행자보호의무위반,건조,흐림,단일로 - 기타,승용,여,46세,상해없음,보행자,여,67세,중상
2019112300100613,2019년 11월 23일 19시,토요일,경상북도 경주시 황오동,경상사고,0,0,3,0,차대차 - 추돌,안전운전불이행,건조,맑음,교차로 - 교차로부근,승용,남,65세,상해없음,승용,남,41세,경상
2019112300100614,2019년 11월 23일 19시,토요일,경상북도 안동시 수상동,경상사고,0,0,1,0,차대차 - 기타,안전운전불이행,건조,맑음,단일로 - 기타,승용,남,59세,상해없음,승용,남,21세,경상
2019112300100615,2019년 11월 23일 19시,토요일,경상북도 구미시 신평동,경상사고,0,0,1,0,차대차 - 기타,안전거리미확보,건조,맑음,단일로 - 기타,이륜,남,27세,경상,승용,남,29세,상해없음
2019112300100655,2019년 11월 23일 20시,토요일,경상북도 포항시 북구 동빈1가,경상사고,0,0,6,0,차대차 - 측면충돌,안전운전불이행,건조,맑음,단일로 - 기타,승용,남,65세,경상,승용,남,61세,상해없음
2019112300100656,2019년 11월 23일 20시,토요일,경상북도 영천시 청통면,경상사고,0,0,3,0,차대차 - 기타,안전운전불이행,건조,맑음,교차로 - 교차로안,승용,남,54세,상해없음,승용,남,40세,경상
2019112300100689,2019년 11월 23일 21시,토요일,경상북도 상주시 신봉동,중상사고,0,1,0,0,차량단독 - 공작물충돌,안전운전불이행,건조,맑음,교차로 - 교차로안,이륜,남,22세,중상,,,,
2019112300100690,2019년 11월 23일 21시,토요일,경상북도 예천군 예천읍,중상사고,0,2,0,0,차대차 - 추돌,안전운전불이행,건조,맑음,단일로 - 기타,화물,남,61세,중상,화물,남,51세,중상
2019112300100711,2019년 11월 23일 22시,토요일,경상북도 경주시 성건동,경상사고,0,0,1,0,차대차 - 추돌,안전운전불이행,건조,맑음,교차로 - 교차로부근,이륜,남,22세,경상,승용,남,22세,상해없음
2019112300100712,2019년 11월 23일 22시,토요일,경상북도 경주시 성건동,중상사고,0,1,0,0,차대사람 - 횡단중,신호위반,건조,맑음,교차로 - 교차로안,승용,여,42세,상해없음,보행자,여,29세,중상
2019112300100733,2019년 11월 23일 23시,토요일,경상북도 영덕군 강구면,경상사고,0,0,2,0,차대차 - 추돌,안전운전불이행,건조,맑음,교차로 - 교차로부근,승용,남,30세,상해없음,승용,여,34세,경상
2019112400100030,2019년 11월 24일 00시,일요일,경상북도 경산시 옥산동,경상사고,0,0,1,0,차대사람 - 기타,안전운전불이행,건조,맑음,교차로 - 교차로안,승용,남,63세,상해없음,보행자,여,36세,경상
2019112400100050,2019년 11월 24일 02시,일요일,경상북도 구미시 진평동,경상사고,0,0,1,0,차대차 - 기타,안전운전불이행,건조,맑음,교차로 - 교차로안,승용,여,42세,상해없음,승용,남,26세,경상
2019112400100051,2019년 11월 24일 02시,일요일,경상북도 포항시 남구 오천읍,중상사고,0,1,1,0,차대차 - 추돌,안전운전불이행,건조,맑음,교차로 - 교차로부근,승용,남,24세,상해없음,승용,남,52세,중상
2019112400100066,2019년 11월 24일 03시,일요일,경상북도 포항시 북구 죽도동,경상사고,0,0,1,0,차대차 - 측면충돌,안전운전불이행,건조,맑음,단일로 - 기타,화물,남,32세,상해없음,승합,남,56세,상해없음
2019112400100067,2019년 11월 24일 03시,일요일,경상북도 구미시 원평동,경상사고,0,0,2,0,차대차 - 기타,신호위반,건조,맑음,교차로 - 교차로안,승용,남,36세,기타불명,승용,남,56세,경상
2019112400100077,2019년 11월 24일 04시,일요일,경상북도 영천시 고경면,경상사고,0,0,1,0,차대차 - 추돌,안전운전불이행,건조,맑음,교차로 - 교차로안,승용,여,49세,상해없음,승용,여,58세,경상
2019112400100078,2019년 11월 24일 04시,일요일,경상북도 구미시 공단동,부상신고사고,0,0,0,1,차량단독 - 공작물충돌,안전운전불이행,건조,맑음,단일로 - 기타,승용,여,67세,부상신고,,,,
2019112400100090,2019년 11월 24일 05시,일요일,경상북도 경주시 외동읍,중상사고,0,1,0,0,차대차 - 추돌,안전운전불이행,건조,맑음,단일로 - 지하차도(도로)내,승용,남,85세,상해없음,이륜,남,27세,중상
2019112400100091,2019년 11월 24일 05시,일요일,경상북도 포항시 남구 이동,경상사고,0,0,3,0,차대차 - 측면충돌,직진우회전진행방해,건조,맑음,교차로 - 교차로안,승용,남,64세,경상,승용,남,65세,경상
2019112400100103,2019년 11월 24일 06시,일요일,경상북도 상주시 낙양동,중상사고,0,1,1,0,차대사람 - 횡단중,안전운전불이행,건조,맑음,교차로 - 교차로안,승용,남,69세,경상,보행자,남,24세,중상
2019112400100104,2019년 11월 24일 06시,일요일,경상북도 포항시 남구 해도동,중상사고,0,1,0,0,차대차 - 측면충돌,불법유턴,젖음/습기,비,단일로 - 기타,승용,남,37세,상해없음,이륜,남,39세,중상
2019112400100117,2019년 11월 24일 07시,일요일,경상북도 포항시 북구 죽도동,경상사고,0,0,1,0,차대차 - 측면충돌,안전운전불이행,건조,맑음,단일로 - 기타,승용,남,23세,상해없음,승용,남,72세,경상
2019112400100132,2019년 11월 24일 09시,일요일,경상북도 영천시 야사동,경상사고,0,0,1,0,차대차 - 측면충돌,안전운전불이행,건조,맑음,단일로 - 기타,화물,남,49세,상해없음,자전거,남,66세,경상
2019112400100179,2019년 11월 24일 11시,일요일,경상북도 청도군 운문면,중상사고,0,1,8,0,차대차 - 추돌,안전운전불이행,건조,맑음,교차로 - 교차로부근,승용,여,59세,경상,승용,여,53세,경상
2019112400100180,2019년 11월 24일 11시,일요일,경상북도 포항시 남구 대잠동,중상사고,0,1,0,0,차대차 - 기타,신호위반,건조,맑음,교차로 - 교차로안,승용,여,24세,상해없음,이륜,남,26세,중상
2019112400100198,2019년 11월 24일 12시,일요일,경상북도 경주시 성건동,경상사고,0,0,1,0,차대차 - 기타,중앙선침범,건조,맑음,교차로 - 교차로부근,승용,여,48세,상해없음,이륜,남,36세,경상
2019112400100199,2019년 11월 24일 12시,일요일,경상북도 경산시 백천동,중상사고,0,1,0,0,차대사람 - 횡단중,안전운전불이행,건조,맑음,단일로 - 기타,승용,남,64세,상해없음,보행자,여,52세,중상
2019112400100200,2019년 11월 24일 12시,일요일,경상북도 예천군 풍양면,경상사고,0,0,1,0,차대차 - 측면충돌,안전운전불이행,건조,맑음,교차로 - 교차로안,승용,여,30세,상해없음,이륜,여,67세,경상
2019112400100226,2019년 11월 24일 13시,일요일,경상북도 구미시 옥계동,중상사고,0,1,0,0,차대차 - 측면충돌,교차로운행방법위반,건조,맑음,교차로 - 교차로안,이륜,남,48세,중상,승용,남,30세,상해없음
2019112400100253,2019년 11월 24일 14시,일요일,경상북도 경주시 현곡면,경상사고,0,0,3,0,차대차 - 측면충돌,직진우회전진행방해,건조,맑음,교차로 - 교차로안,승용,남,35세,경상,승용,남,29세,경상
2019112400100254,2019년 11월 24일 14시,일요일,경상북도 경산시 조영동,경상사고,0,0,1,0,차대차 - 측면충돌,안전운전불이행,건조,맑음,단일로 - 기타,이륜,남,37세,상해없음,승용,남,56세,경상
2019112400100283,2019년 11월 24일 15시,일요일,경상북도 경주시 동천동,경상사고,0,0,1,0,차대차 - 측면충돌,안전운전불이행,건조,맑음,단일로 - 기타,승합,남,64세,상해없음,승용,남,52세,경상
2019112400100284,2019년 11월 24일 15시,일요일,경상북도 경주시 천북면,경상사고,0,0,1,0,차대차 - 측면충돌,안전운전불이행,건조,맑음,교차로 - 교차로안,승용,남,64세,상해없음,승용,남,36세,경상
2019112400100325,2019년 11월 24일 16시,일요일,경상북도 칠곡군 왜관읍,경상사고,0,0,1,0,차대차 - 측면충돌,안전운전불이행,건조,맑음,교차로 - 교차로안,승용,남,76세,상해없음,이륜,남,32세,경상
2019112400100367,2019년 11월 24일 17시,일요일,경상북도 구미시 봉곡동,중상사고,0,1,0,0,차대차 - 추돌,안전운전불이행,건조,맑음,단일로 - 기타,승용,여,36세,상해없음,승용,남,37세,중상
2019112400100420,2019년 11월 24일 18시,일요일,경상북도 경주시 동천동,중상사고,0,1,0,0,차대차 - 측면충돌,안전운전불이행,건조,맑음,단일로 - 기타,승합,남,43세,상해없음,이륜,남,39세,중상
2019112400100421,2019년 11월 24일 18시,일요일,경상북도 포항시 북구 죽장면,사망사고,1,0,0,0,차대사람 - 횡단중,안전운전불이행,건조,맑음,단일로 - 기타,승용,여,56세,상해없음,보행자,여,76세,사망
2019112400100422,2019년 11월 24일 18시,일요일,경상북도 영천시 금호읍,경상사고,0,0,1,0,차대차 - 측면충돌,교차로운행방법위반,건조,맑음,교차로 - 교차로안,승용,여,62세,상해없음,이륜,남,44세,경상
2019112400100472,2019년 11월 24일 19시,일요일,경상북도 안동시 안흥동,경상사고,0,0,1,0,차대차 - 측면충돌,안전운전불이행,건조,맑음,단일로 - 고가도로위,승용,남,44세,상해없음,승용,남,38세,상해없음
2019112400100473,2019년 11월 24일 19시,일요일,경상북도 상주시 낙양동,경상사고,0,0,1,0,차대차 - 측면충돌,안전운전불이행,젖음/습기,비,단일로 - 기타,승용,여,47세,상해없음,이륜,남,50세,경상
2019112400100524,2019년 11월 24일 21시,일요일,경상북도 영천시 야사동,경상사고,0,0,1,0,차대사람 - 길가장자리구역통행중,안전운전불이행,건조,맑음,교차로 - 교차로부근,승용,여,32세,상해없음,보행자,남,45세,경상
2019112400100541,2019년 11월 24일 22시,일요일,경상북도 포항시 남구 오천읍,경상사고,0,0,2,0,차대차 - 기타,신호위반,건조,맑음,교차로 - 교차로안,승용,여,59세,경상,승용,남,38세,경상
2019112400100552,2019년 11월 24일 23시,일요일,경상북도 경주시 충효동,경상사고,0,0,2,0,차대차 - 측면충돌,안전운전불이행,건조,맑음,교차로 - 교차로부근,승용,남,24세,상해없음,승용,남,51세,상해없음
2019112500100051,2019년 11월 25일 03시,월요일,경상북도 영주시 가흥동,중상사고,0,1,0,0,차량단독 - 공작물충돌,안전운전불이행,건조,흐림,단일로 - 기타,화물,남,43세,중상,,,,
2019112500100061,2019년 11월 25일 05시,월요일,경상북도 안동시 용상동,경상사고,0,0,1,0,차량단독 - 공작물충돌,안전운전불이행,건조,맑음,교차로 - 교차로안,승용,남,67세,경상,,,,
2019112500100062,2019년 11월 25일 05시,월요일,경상북도 구미시 인의동,중상사고,0,1,0,0,차대차 - 측면충돌,안전운전불이행,건조,맑음,교차로 - 교차로부근,승용,남,31세,상해없음,승용,남,36세,중상
2019112500100077,2019년 11월 25일 06시,월요일,경상북도 성주군 선남면,경상사고,0,0,1,0,차량단독 - 기타,안전운전불이행,건조,맑음,단일로 - 기타,승용,남,42세,경상,,,,
2019112500100109,2019년 11월 25일 07시,월요일,경상북도 영천시 오미동,중상사고,0,1,0,0,차대차 - 측면충돌,안전운전불이행,건조,맑음,교차로 - 교차로안,화물,남,45세,상해없음,승용,여,49세,중상
2019112500100143,2019년 11월 25일 08시,월요일,경상북도 구미시 임은동,경상사고,0,0,1,0,차대사람 - 기타,안전운전불이행,건조,맑음,교차로 - 교차로안,승용,여,43세,상해없음,보행자,남,14세,경상
2019112500100144,2019년 11월 25일 08시,월요일,경상북도 포항시 남구 오천읍,경상사고,0,0,2,0,차대차 - 기타,직진우회전진행방해,건조,흐림,교차로 - 교차로안,승용,여,42세,경상,승용,여,42세,경상
2019112500100191,2019년 11월 25일 09시,월요일,경상북도 경주시 구정동,경상사고,0,0,1,0,차대사람 - 기타,안전운전불이행,건조,맑음,단일로 - 기타,승용,남,63세,상해없음,보행자,남,61세,경상
2019112500100192,2019년 11월 25일 09시,월요일,경상북도 고령군 성산면,경상사고,0,0,1,0,차대차 - 측면충돌,교차로운행방법위반,건조,맑음,교차로 - 교차로부근,화물,남,46세,경상,건설기계,남,58세,상해없음
2019112500100193,2019년 11월 25일 09시,월요일,경상북도 영양군 영양읍,경상사고,0,0,1,0,차대차 - 측면충돌,기타,건조,맑음,교차로 - 교차로안,승용,여,37세,상해없음,이륜,남,79세,경상
2019112500100228,2019년 11월 25일 10시,월요일,경상북도 경주시 시래동,중상사고,0,1,0,0,차대차 - 추돌,안전운전불이행,젖음/습기,흐림,단일로 - 기타,화물,남,67세,상해없음,이륜,남,84세,중상
2019112500100229,2019년 11월 25일 10시,월요일,경상북도 안동시 북후면,경상사고,0,0,1,0,차대차 - 측면충돌,안전운전불이행,건조,맑음,교차로 - 교차로안,승용,여,57세,상해없음,이륜,남,32세,경상
2019112500100230,2019년 11월 25일 10시,월요일,경상북도 군위군 우보면,사망사고,1,1,1,0,차대차 - 정면충돌,중앙선침범,건조,맑음,단일로 - 기타,화물,남,77세,경상,화물,남,60세,사망
2019112500100258,2019년 11월 25일 11시,월요일,경상북도 포항시 남구 대도동,부상신고사고,0,0,0,2,차대차 - 측면충돌,안전운전불이행,건조,맑음,단일로 - 기타,승용,남,52세,상해없음,승용,여,64세,부상신고
2019112500100280,2019년 11월 25일 12시,월요일,경상북도 의성군 점곡면,경상사고,0,0,1,0,차대사람 - 기타,안전운전불이행,건조,맑음,단일로 - 기타,건설기계,남,67세,상해없음,보행자,여,66세,경상
2019112500100314,2019년 11월 25일 13시,월요일,경상북도 경주시 성건동,부상신고사고,0,0,0,1,차대차 - 추돌,안전운전불이행,건조,맑음,단일로 - 기타,승용,남,58세,상해없음,승용,남,65세,상해없음
2019112500100315,2019년 11월 25일 13시,월요일,경상북도 경산시 중방동,중상사고,0,1,0,0,차대사람 - 횡단중,보행자보호의무위반,건조,맑음,교차로 - 교차로안,건설기계,남,60세,상해없음,보행자,여,84세,중상
2019112500100316,2019년 11월 25일 13시,월요일,경상북도 경산시 갑제동,경상사고,0,0,1,0,차대사람 - 기타,안전운전불이행,건조,맑음,교차로 - 교차로횡단보도내,기타불명,기타불명,미분류,기타불명,보행자,여,20세,경상
2019112500100317,2019년 11월 25일 13시,월요일,경상북도 구미시 산동면,부상신고사고,0,0,0,1,차량단독 - 공작물충돌,안전운전불이행,건조,맑음,교차로 - 교차로부근,화물,남,41세,부상신고,,,,
2019112500100318,2019년 11월 25일 13시,월요일,경상북도 포항시 남구 오천읍,경상사고,0,0,2,0,차대차 - 기타,직진우회전진행방해,젖음/습기,비,교차로 - 교차로안,승용,남,70세,경상,승용,여,68세,경상
2019112500100347,2019년 11월 25일 14시,월요일,경상북도 예천군 예천읍,중상사고,0,2,1,0,차대차 - 추돌,안전운전불이행,건조,맑음,단일로 - 기타,화물,남,76세,중상,승용,남,61세,중상
2019112500100348,2019년 11월 25일 14시,월요일,경상북도 울진군 후포면,중상사고,0,1,0,0,차대차 - 측면충돌,중앙선침범,건조,맑음,교차로 - 교차로안,이륜,남,71세,중상,화물,남,59세,상해없음
2019112500100380,2019년 11월 25일 15시,월요일,경상북도 포항시 남구 오천읍,경상사고,0,0,1,0,차량단독 - 공작물충돌,안전운전불이행,건조,맑음,교차로 - 교차로안,승용,남,60세,경상,,,,
2019112500100381,2019년 11월 25일 15시,월요일,경상북도 포항시 남구 오천읍,경상사고,0,0,1,0,차대차 - 측면충돌,안전운전불이행,젖음/습기,비,단일로 - 기타,화물,남,47세,상해없음,이륜,남,18세,경상
2019112500100468,2019년 11월 25일 17시,월요일,경상북도 경주시 양남면,중상사고,0,2,1,0,차량단독 - 공작물충돌,안전운전불이행,젖음/습기,비,단일로 - 기타,승용,여,66세,경상,,,,
2019112500100469,2019년 11월 25일 17시,월요일,경상북도 포항시 북구 덕산동,경상사고,0,0,1,0,차대사람 - 기타,안전운전불이행,젖음/습기,비,단일로 - 기타,승합,남,51세,상해없음,보행자,남,70세,경상
2019112500100470,2019년 11월 25일 17시,월요일,경상북도 성주군 대가면,경상사고,0,0,2,0,차대차 - 기타,안전운전불이행,건조,맑음,단일로 - 기타,승용,남,57세,상해없음,화물,남,50세,경상