사고번호,사고일시,요일,시군구,사고내용,사망자수,중상자수,경상자수,부상신고자수,사고유형,법규위반,노면상태,기상상태,도로형태,가해운전자 차종,가해운전자 성별,가해운전자 연령,가해운전자 상해정도,피해운전자 차종,피해운전자 성별,피해운전자 연령,피해운전자 상해정도
2019112500100471,2019년 11월 25일 17시,월요일,경상북도 성주군 대가면,중상사고,0,1,0,0,차대차 - 추돌,안전운전불이행,건조,맑음,단일로 - 기타,화물,남,41세,상해없음,화물,남,48세,중상
2019112500100472,2019년 11월 25일 17시,월요일,경상북도 포항시 남구 오천읍,중상사고,0,1,0,0,차대차 - 기타,차로위반,젖음/습기,비,단일로 - 기타,승용,여,59세,상해없음,이륜,남,61세,중상
2019112500100473,2019년 11월 25일 17시,월요일,경상북도 포항시 남구 대잠동,경상사고,0,0,2,0,차대차 - 기타,안전운전불이행,젖음/습기,비,단일로 - 기타,승용,남,70세,경상,승용,남,33세,경상
2019112500100539,2019년 11월 25일 18시,월요일,경상북도 경산시 대동,경상사고,0,0,1,0,차대차 - 측면충돌,안전운전불이행,건조,맑음,교차로 - 교차로안,승용,여,43세,상해없음,자전거,여,54세,경상
2019112500100540,2019년 11월 25일 18시,월요일,경상북도 포항시 남구 효자동,경상사고,0,0,2,0,차대차 - 정면충돌,안전운전불이행,젖음/습기,비,단일로 - 기타,승용,여,34세,경상,승용,여,64세,경상
2019112500100541,2019년 11월 25일 18시,월요일,경상북도 포항시 남구 대도동,경상사고,0,0,2,0,차대차 - 측면충돌,신호위반,젖음/습기,비,교차로 - 교차로안,승용,남,54세,상해없음,승용,여,57세,경상
2019112500100542,2019년 11월 25일 18시,월요일,경상북도 포항시 남구 대잠동,경상사고,0,0,1,0,차대차 - 기타,신호위반,건조,맑음,교차로 - 교차로안,승용,여,31세,상해없음,승용,여,23세,경상
2019112500100591,2019년 11월 25일 19시,월요일,경상북도 포항시 북구 장성동,경상사고,0,0,2,0,차대차 - 추돌,안전운전불이행,젖음/습기,비,단일로 - 기타,승용,남,49세,상해없음,승용,여,40세,경상
2019112500100592,2019년 11월 25일 19시,월요일,경상북도 영주시 하망동,중상사고,0,1,0,0,차대사람 - 기타,안전운전불이행,건조,맑음,교차로 - 교차로안,승용,남,58세,상해없음,보행자,여,56세,중상
2019112500100593,2019년 11월 25일 19시,월요일,경상북도 칠곡군 지천면,중상사고,0,1,0,0,차대사람 - 기타,안전운전불이행,건조,맑음,단일로 - 기타,승용,남,52세,상해없음,보행자,남,74세,중상
2019112500100594,2019년 11월 25일 19시,월요일,경상북도 경산시 사동,경상사고,0,0,1,0,차대사람 - 횡단중,안전운전불이행,건조,맑음,교차로 - 교차로안,승용,여,30세,상해없음,보행자,남,59세,경상
2019112500100595,2019년 11월 25일 19시,월요일,경상북도 예천군 예천읍,중상사고,0,1,0,0,차대차 - 정면충돌,중앙선침범,건조,맑음,단일로 - 기타,화물,남,76세,상해없음,승용,남,53세,중상
2019112500100633,2019년 11월 25일 20시,월요일,경상북도 경주시 사정동,경상사고,0,0,1,0,차대차 - 측면충돌,신호위반,건조,맑음,교차로 - 교차로안,자전거,남,14세,경상,승용,남,50세,상해없음
2019112500100634,2019년 11월 25일 20시,월요일,경상북도 문경시 점촌동,경상사고,0,0,1,0,차대사람 - 기타,기타,건조,맑음,단일로 - 기타,승용,남,62세,상해없음,보행자,남,78세,경상
2019112500100683,2019년 11월 25일 22시,월요일,경상북도 청송군 현동면,사망사고,1,1,0,0,차대차 - 정면충돌,중앙선침범,건조,흐림,단일로 - 지하차도(도로)내,승용,남,26세,중상,승용,남,57세,사망
2019112500100684,2019년 11월 25일 22시,월요일,경상북도 포항시 남구 대송면,경상사고,0,0,1,1,차대차 - 측면충돌,안전운전불이행,젖음/습기,흐림,교차로 - 교차로안,승용,여,28세,경상,승용,남,29세,부상신고
2019112500100706,2019년 11월 25일 23시,월요일,경상북도 포항시 북구 장성동,경상사고,0,0,2,0,차대차 - 기타,신호위반,젖음/습기,비,교차로 - 교차로안,승용,남,33세,상해없음,승용,남,63세,경상
2019112500100707,2019년 11월 25일 23시,월요일,경상북도 포항시 남구 대잠동,중상사고,0,1,0,0,차대차 - 추돌,안전운전불이행,젖음/습기,비,교차로 - 교차로부근,승용,남,32세,상해없음,승용,남,46세,중상
2019112600100054,2019년 11월 26일 01시,화요일,경상북도 영주시 휴천동,경상사고,0,0,1,0,차대차 - 측면충돌,안전운전불이행,건조,맑음,단일로 - 기타,승용,여,44세,상해없음,승용,여,43세,경상
2019112600100072,2019년 11월 26일 04시,화요일,경상북도 포항시 북구 죽도동,사망사고,1,0,0,0,차대사람 - 차도통행중,안전운전불이행,젖음/습기,비,단일로 - 기타,승용,여,46세,상해없음,보행자,남,64세,사망
2019112600100085,2019년 11월 26일 05시,화요일,경상북도 구미시 인의동,경상사고,0,0,3,0,차대차 - 측면충돌,안전운전불이행,건조,맑음,단일로 - 기타,승용,남,35세,상해없음,승용,남,21세,경상
2019112600100099,2019년 11월 26일 06시,화요일,경상북도 포항시 북구 용흥동,중상사고,0,1,0,0,차대차 - 기타,중앙선침범,건조,맑음,단일로 - 기타,승용,남,48세,상해없음,화물,남,35세,중상
2019112600100100,2019년 11월 26일 06시,화요일,경상북도 포항시 남구 해도동,경상사고,0,0,2,0,차대차 - 기타,직진우회전진행방해,건조,맑음,교차로 - 교차로안,승용,남,50세,상해없음,승용,남,61세,상해없음
2019112600100125,2019년 11월 26일 07시,화요일,경상북도 고령군 다산면,경상사고,0,0,1,0,차대차 - 측면충돌,안전운전불이행,건조,맑음,단일로 - 기타,승용,남,32세,상해없음,승용,남,33세,경상
2019112600100156,2019년 11월 26일 08시,화요일,경상북도 의성군 봉양면,중상사고,0,1,0,0,차대차 - 정면충돌,신호위반,건조,맑음,교차로 - 교차로안,승용,남,57세,상해없음,승용,여,44세,중상
2019112600100189,2019년 11월 26일 09시,화요일,경상북도 경주시 서악동,경상사고,0,0,1,0,차대차 - 추돌,안전운전불이행,건조,맑음,단일로 - 교량,승용,여,30세,상해없음,승용,여,49세,상해없음
2019112600100190,2019년 11월 26일 09시,화요일,경상북도 포항시 북구 창포동,경상사고,0,0,2,0,차대차 - 기타,안전운전불이행,건조,맑음,단일로 - 기타,승용,여,50세,상해없음,화물,남,51세,경상
2019112600100191,2019년 11월 26일 09시,화요일,경상북도 안동시 옥동,중상사고,0,1,1,0,차대차 - 측면충돌,안전운전불이행,건조,맑음,교차로 - 교차로안,승용,남,80세,경상,승합,남,50세,중상
2019112600100228,2019년 11월 26일 10시,화요일,경상북도 경주시 성동동,중상사고,0,1,0,0,차대차 - 측면충돌,기타,건조,맑음,교차로 - 교차로안,승합,남,49세,상해없음,자전거,여,61세,중상
2019112600100262,2019년 11월 26일 11시,화요일,경상북도 의성군 안계면,중상사고,0,2,1,0,차대차 - 추돌,안전운전불이행,건조,맑음,교차로 - 교차로부근,화물,남,64세,상해없음,승용,여,64세,중상
2019112600100263,2019년 11월 26일 11시,화요일,경상북도 영덕군 창수면,중상사고,0,1,0,0,차량단독 - 전도전복 - 전도,안전운전불이행,젖음/습기,비,교차로 - 교차로부근,화물,남,51세,상해없음,,,,
2019112600100264,2019년 11월 26일 11시,화요일,경상북도 성주군 초전면,경상사고,0,0,1,0,차량단독 - 도로외이탈 - 추락,안전운전불이행,건조,맑음,단일로 - 기타,승합,남,69세,경상,,,,
2019112600100300,2019년 11월 26일 12시,화요일,경상북도 경주시 성동동,경상사고,0,0,1,0,차대차 - 후진중충돌,안전운전불이행,건조,맑음,단일로 - 지하차도(도로)내,승용,여,53세,상해없음,이륜,남,31세,경상
2019112600100301,2019년 11월 26일 12시,화요일,경상북도 상주시 서문동,경상사고,0,0,1,0,차대차 - 측면충돌,안전운전불이행,건조,맑음,교차로 - 교차로횡단보도내,승용,남,71세,상해없음,자전거,남,69세,경상
2019112600100334,2019년 11월 26일 13시,화요일,경상북도 안동시 풍천면,중상사고,0,1,0,0,차량단독 - 전도전복 - 전도,안전운전불이행,건조,맑음,교차로 - 교차로안,농기계,남,74세,중상,,,,
2019112600100335,2019년 11월 26일 13시,화요일,경상북도 안동시 태화동,경상사고,0,0,1,0,차대차 - 기타,차로위반,건조,맑음,단일로 - 기타,승용,여,62세,상해없음,승합,남,42세,상해없음
2019112600100363,2019년 11월 26일 14시,화요일,경상북도 안동시 풍산읍,경상사고,0,0,1,0,차대차 - 측면충돌,안전운전불이행,건조,맑음,단일로 - 기타,승용,여,47세,상해없음,승용,남,22세,상해없음
2019112600100364,2019년 11월 26일 14시,화요일,경상북도 상주시 서성동,중상사고,0,1,0,0,차대차 - 측면충돌,안전운전불이행,건조,맑음,단일로 - 기타,화물,남,72세,상해없음,자전거,남,77세,중상
2019112600100401,2019년 11월 26일 15시,화요일,경상북도 영주시 휴천동,부상신고사고,0,0,0,1,차대차 - 측면충돌,안전운전불이행,건조,맑음,단일로 - 기타,승용,여,52세,부상신고,화물,남,38세,상해없음
2019112600100402,2019년 11월 26일 15시,화요일,경상북도 구미시 인의동,중상사고,0,1,0,0,차대차 - 기타,교차로운행방법위반,건조,맑음,교차로 - 교차로안,승용,여,45세,상해없음,이륜,남,80세,중상
2019112600100403,2019년 11월 26일 15시,화요일,경상북도 포항시 남구 상도동,중상사고,0,1,0,0,차대사람 - 횡단중,안전운전불이행,건조,맑음,교차로 - 교차로부근,승용,여,59세,상해없음,보행자,여,57세,중상
2019112600100446,2019년 11월 26일 16시,화요일,경상북도 영천시 야사동,경상사고,0,0,1,0,차대사람 - 횡단중,안전운전불이행,건조,맑음,교차로 - 교차로횡단보도내,승용,여,27세,상해없음,보행자,여,30세,경상
2019112600100447,2019년 11월 26일 16시,화요일,경상북도 경산시 사동,경상사고,0,0,1,0,차대사람 - 기타,안전운전불이행,건조,맑음,단일로 - 기타,승용,여,34세,상해없음,보행자,여,7세,경상
2019112600100448,2019년 11월 26일 16시,화요일,경상북도 포항시 남구 해도동,경상사고,0,0,1,0,차대사람 - 횡단중,보행자보호의무위반,건조,맑음,교차로 - 교차로안,승용,남,59세,상해없음,보행자,남,45세,경상
2019112600100488,2019년 11월 26일 17시,화요일,경상북도 경주시 사정동,경상사고,0,0,1,0,차대사람 - 횡단중,보행자보호의무위반,건조,맑음,교차로 - 교차로부근,승용,여,26세,상해없음,보행자,남,84세,경상
2019112600100489,2019년 11월 26일 17시,화요일,경상북도 경주시 북군동,중상사고,0,3,0,0,차대차 - 측면충돌,신호위반,건조,맑음,교차로 - 교차로안,승용,여,32세,중상,승용,남,54세,중상
2019112600100490,2019년 11월 26일 17시,화요일,경상북도 경주시 천북면,중상사고,0,1,0,0,차대사람 - 횡단중,보행자보호의무위반,건조,맑음,교차로 - 교차로횡단보도내,승용,여,71세,상해없음,보행자,여,84세,중상
2019112600100491,2019년 11월 26일 17시,화요일,경상북도 영덕군 강구면,경상사고,0,0,1,0,차대사람 - 보도통행중,안전운전불이행,건조,맑음,단일로 - 기타,이륜,남,64세,상해없음,보행자,여,56세,경상
2019112600100492,2019년 11월 26일 17시,화요일,경상북도 성주군 선남면,중상사고,0,1,1,0,차대차 - 기타,안전운전불이행,건조,맑음,교차로 - 교차로안,승용,남,47세,상해없음,승용,남,36세,중상
2019112600100493,2019년 11월 26일 17시,화요일,경상북도 군위군 우보면,경상사고,0,0,1,0,차대차 - 추돌,안전운전불이행,건조,기타,단일로 - 기타,화물,남,70세,경상,화물,남,61세,상해없음
2019112600100494,2019년 11월 26일 17시,화요일,경상북도 포항시 남구 대잠동,경상사고,0,0,2,0,차대차 - 추돌,안전거리미확보,건조,맑음,교차로 - 교차로부근,승용,남,61세,상해없음,승용,여,67세,경상
2019112600100541,2019년 11월 26일 18시,화요일,경상북도 경주시 배반동,경상사고,0,0,4,0,차대차 - 측면충돌,안전운전불이행,건조,맑음,교차로 - 교차로부근,화물,남,57세,경상,승용,남,36세,경상
2019112600100542,2019년 11월 26일 18시,화요일,경상북도 안동시 당북동,중상사고,0,1,0,0,차대사람 - 횡단중,안전운전불이행,건조,맑음,단일로 - 기타,승용,남,81세,상해없음,보행자,남,84세,중상
2019112600100543,2019년 11월 26일 18시,화요일,경상북도 영주시 가흥동,중상사고,0,1,2,0,차대차 - 추돌,안전운전불이행,건조,맑음,단일로 - 기타,화물,남,47세,상해없음,승용,남,48세,경상
2019112600100595,2019년 11월 26일 19시,화요일,경상북도 칠곡군 약목면,경상사고,0,0,2,0,차대차 - 측면충돌,교차로운행방법위반,건조,맑음,교차로 - 교차로안,승용,여,66세,기타불명,승용,남,42세,경상
2019112600100628,2019년 11월 26일 20시,화요일,경상북도 상주시 서문동,경상사고,0,0,1,0,차대차 - 측면충돌,안전운전불이행,건조,맑음,교차로 - 교차로안,승용,남,28세,상해없음,승용,여,45세,경상
2019112600100629,2019년 11월 26일 20시,화요일,경상북도 영주시 영주동,경상사고,0,0,1,0,차량단독 - 전도전복 - 전도,안전운전불이행,건조,맑음,단일로 - 기타,이륜,남,55세,경상,,,,
2019112600100630,2019년 11월 26일 20시,화요일,경상북도 경산시 하양읍,경상사고,0,0,1,0,차대차 - 정면충돌,안전운전불이행,건조,맑음,미분류 - 미분류,승용,남,21세,상해없음,승용,여,46세,경상
2019112600100631,2019년 11월 26일 20시,화요일,경상북도 경산시 사동,중상사고,0,1,0,0,차대사람 - 횡단중,보행자보호의무위반,건조,맑음,교차로 - 교차로횡단보도내,승용,남,27세,상해없음,보행자,남,63세,중상
2019112600100665,2019년 11월 26일 21시,화요일,경상북도 경주시 성건동,중상사고,0,1,0,0,차대사람 - 횡단중,보행자보호의무위반,건조,맑음,교차로 - 교차로횡단보도내,승용,남,56세,상해없음,보행자,남,41세,중상
2019112600100666,2019년 11월 26일 21시,화요일,경상북도 포항시 북구 창포동,경상사고,0,0,2,0,차대차 - 추돌,안전거리미확보,건조,맑음,단일로 - 기타,승용,남,52세,상해없음,승용,여,46세,경상
2019112600100667,2019년 11월 26일 21시,화요일,경상북도 청송군 진보면,경상사고,0,0,1,0,차대차 - 측면충돌,안전운전불이행,건조,맑음,단일로 - 지하차도(도로)내,화물,남,54세,경상,승합,남,39세,기타불명
2019112600100668,2019년 11월 26일 21시,화요일,경상북도 구미시 장천면,중상사고,0,1,0,0,차량단독 - 도로외이탈 - 기타,안전운전불이행,건조,맑음,단일로 - 기타,이륜,남,49세,중상,,,,
2019112600100669,2019년 11월 26일 21시,화요일,경상북도 포항시 남구 오천읍,중상사고,0,1,0,0,차대사람 - 기타,보행자보호의무위반,건조,맑음,교차로 - 교차로횡단보도내,승용,남,63세,상해없음,보행자,남,22세,중상
2019112600100716,2019년 11월 26일 23시,화요일,경상북도 경주시 신평동,중상사고,0,1,0,0,차대사람 - 차도통행중,안전운전불이행,건조,맑음,교차로 - 교차로부근,승용,남,34세,상해없음,보행자,남,51세,중상
2019112700100079,2019년 11월 27일 06시,수요일,경상북도 경산시 하양읍,경상사고,0,0,2,0,차대차 - 추돌,안전거리미확보,건조,맑음,단일로 - 기타,승용,남,34세,상해없음,화물,남,44세,경상
2019112700100145,2019년 11월 27일 08시,수요일,경상북도 경산시 진량읍,경상사고,0,0,1,0,차대사람 - 횡단중,보행자보호의무위반,건조,맑음,교차로 - 교차로안,승용,남,23세,상해없음,보행자,남,11세,경상
2019112700100146,2019년 11월 27일 08시,수요일,경상북도 예천군 호명면,중상사고,0,3,1,0,차대차 - 추돌,안전운전불이행,건조,맑음,단일로 - 기타,승용,남,51세,중상,승용,여,56세,경상
2019112700100147,2019년 11월 27일 08시,수요일,경상북도 울진군 울진읍,부상신고사고,0,0,0,1,차대차 - 기타,직진우회전진행방해,건조,맑음,교차로 - 교차로안,승용,남,36세,부상신고,화물,남,50세,상해없음
2019112700100148,2019년 11월 27일 08시,수요일,경상북도 포항시 남구 송도동,중상사고,0,1,0,0,차대사람 - 기타,안전운전불이행,건조,맑음,단일로 - 기타,승용,남,44세,상해없음,보행자,여,64세,중상
2019112700100149,2019년 11월 27일 08시,수요일,경상북도 포항시 남구 대도동,경상사고,0,0,2,0,차대차 - 추돌,안전운전불이행,건조,맑음,교차로 - 교차로부근,승용,남,39세,상해없음,승용,여,50세,경상
2019112700100176,2019년 11월 27일 09시,수요일,경상북도 김천시 대항면,경상사고,0,0,2,0,차대차 - 측면충돌,차로위반,건조,맑음,교차로 - 교차로부근,건설기계,남,45세,상해없음,승용,여,61세,경상
2019112700100177,2019년 11월 27일 09시,수요일,경상북도 상주시 낙동면,경상사고,0,0,2,0,차량단독 - 공작물충돌,안전운전불이행,건조,맑음,단일로 - 기타,이륜,남,66세,경상,,,,
2019112700100178,2019년 11월 27일 09시,수요일,경상북도 영덕군 강구면,경상사고,0,0,1,1,차대차 - 추돌,안전거리미확보,건조,맑음,교차로 - 교차로안,승용,여,74세,부상신고,승용,여,30세,경상
2019112700100205,2019년 11월 27일 10시,수요일,경상북도 김천시 부항면,경상사고,0,0,2,0,차대차 - 측면충돌,중앙선침범,건조,맑음,교차로 - 교차로안,농기계,남,66세,상해없음,승용,남,80세,경상
2019112700100206,2019년 11월 27일 10시,수요일,경상북도 영천시 완산동,경상사고,0,0,1,0,차대차 - 기타,안전운전불이행,건조,맑음,교차로 - 교차로부근,승용,여,59세,상해없음,승용,남,61세,경상
2019112700100207,2019년 11월 27일 10시,수요일,경상북도 구미시 공단동,중상사고,0,1,0,0,차대사람 - 횡단중,보행자보호의무위반,건조,맑음,단일로 - 기타,승용,남,67세,상해없음,보행자,남,62세,중상
2019112700100233,2019년 11월 27일 11시,수요일,경상북도 경산시 자인면,경상사고,0,0,1,0,차대차 - 기타,안전운전불이행,건조,맑음,교차로 - 교차로부근,기타불명,기타불명,미분류,기타불명,이륜,남,77세,경상
2019112700100268,2019년 11월 27일 12시,수요일,경상북도 경산시 자인면,경상사고,0,0,2,0,차대차 - 측면충돌,신호위반,건조,맑음,교차로 - 교차로안,화물,남,72세,상해없음,승용,남,45세,경상
2019112700100299,2019년 11월 27일 13시,수요일,경상북도 안동시 이천동,경상사고,0,0,1,0,차대차 - 측면충돌,교차로운행방법위반,건조,맑음,교차로 - 교차로안,승용,여,73세,상해없음,승용,남,71세,경상
2019112700100300,2019년 11월 27일 13시,수요일,경상북도 상주시 초산동,경상사고,0,0,1,0,차대차 - 추돌,안전운전불이행,건조,맑음,단일로 - 기타,화물,남,45세,상해없음,화물,남,29세,경상
2019112700100301,2019년 11월 27일 13시,수요일,경상북도 영주시 휴천동,경상사고,0,0,1,0,차대차 - 기타,안전운전불이행,건조,맑음,기타 - 기타,승용,남,63세,상해없음,승합,남,47세,상해없음
2019112700100302,2019년 11월 27일 13시,수요일,경상북도 영주시 풍기읍,경상사고,0,0,1,0,차대사람 - 차도통행중,안전운전불이행,건조,맑음,단일로 - 기타,화물,남,49세,기타불명,보행자,여,82세,경상
2019112700100303,2019년 11월 27일 13시,수요일,경상북도 칠곡군 석적읍,경상사고,0,0,3,0,차대차 - 측면충돌,안전운전불이행,건조,맑음,교차로 - 교차로안,승용,여,26세,상해없음,승용,여,48세,경상
2019112700100304,2019년 11월 27일 13시,수요일,경상북도 예천군 예천읍,중상사고,0,1,0,0,차대차 - 측면충돌,안전운전불이행,건조,맑음,교차로 - 교차로안,승용,여,47세,상해없음,이륜,여,71세,중상
2019112700100348,2019년 11월 27일 14시,수요일,경상북도 경산시 남천면,중상사고,0,1,0,0,차대차 - 추돌,안전운전불이행,건조,맑음,단일로 - 기타,화물,남,54세,상해없음,이륜,남,72세,중상
2019112700100349,2019년 11월 27일 14시,수요일,경상북도 포항시 남구 대도동,경상사고,0,0,1,0,차대차 - 측면충돌,안전운전불이행,건조,맑음,교차로 - 교차로부근,건설기계,남,65세,상해없음,승용,여,30세,경상
2019112700100387,2019년 11월 27일 15시,수요일,경상북도 경주시 양남면,경상사고,0,0,1,0,차대차 - 측면충돌,안전운전불이행,건조,맑음,교차로 - 교차로부근,화물,남,68세,상해없음,승용,여,62세,경상
2019112700100388,2019년 11월 27일 15시,수요일,경상북도 김천시 삼락동,중상사고,0,1,0,0,차대차 - 측면충돌,안전거리미확보,건조,맑음,단일로 - 기타,승용,남,60세,상해없음,승용,여,49세,중상
2019112700100389,2019년 11월 27일 15시,수요일,경상북도 청도군 청도읍,경상사고,0,0,1,0,차대차 - 측면충돌,안전운전불이행,건조,맑음,단일로 - 지하차도(도로)내,화물,남,77세,상해없음,승용,여,58세,경상
2019112700100390,2019년 11월 27일 15시,수요일,경상북도 구미시 인의동,경상사고,0,0,1,0,차대차 - 기타,안전거리미확보,건조,맑음,교차로 - 교차로부근,승용,남,60세,상해없음,승용,남,37세,경상
2019112700100391,2019년 11월 27일 15시,수요일,경상북도 구미시 송정동,경상사고,0,0,3,0,차대차 - 기타,중앙선침범,건조,맑음,교차로 - 교차로부근,승용,여,37세,상해없음,승용,남,24세,경상
2019112700100460,2019년 11월 27일 17시,수요일,경상북도 문경시 불정동,사망사고,1,0,0,0,차대사람 - 차도통행중,안전운전불이행,건조,맑음,단일로 - 기타,승용,여,67세,상해없음,보행자,여,90세 이상,사망
2019112700100461,2019년 11월 27일 17시,수요일,경상북도 문경시 모전동,경상사고,0,0,1,0,차대차 - 기타,안전운전불이행,건조,맑음,단일로 - 기타,승용,남,30세,상해없음,자전거,남,15세,경상
2019112700100462,2019년 11월 27일 17시,수요일,경상북도 울릉군 울릉읍,중상사고,0,1,0,0,차대사람 - 차도통행중,안전운전불이행,젖음/습기,비,단일로 - 기타,승용,남,64세,상해없음,보행자,남,62세,중상
2019112700100463,2019년 11월 27일 17시,수요일,경상북도 구미시 거의동,중상사고,0,1,0,0,차대사람 - 기타,안전운전불이행,건조,맑음,단일로 - 기타,승용,남,39세,상해없음,보행자,남,27세,중상
2019112700100522,2019년 11월 27일 18시,수요일,경상북도 포항시 북구 장성동,경상사고,0,0,4,0,차대차 - 측면충돌,안전운전불이행,건조,맑음,교차로 - 교차로안,승용,남,32세,상해없음,승용,남,49세,경상
2019112700100523,2019년 11월 27일 18시,수요일,경상북도 구미시 산동면,중상사고,0,1,0,0,차대사람 - 기타,보행자보호의무위반,건조,맑음,교차로 - 교차로안,화물,남,58세,기타불명,보행자,남,45세,중상
2019112700100524,2019년 11월 27일 18시,수요일,경상북도 포항시 남구 해도동,중상사고,0,1,1,0,차대차 - 측면충돌,직진우회전진행방해,건조,맑음,교차로 - 교차로안,승용,여,40세,경상,이륜,남,35세,중상
2019112700100636,2019년 11월 27일 21시,수요일,경상북도 경주시 성건동,경상사고,0,0,1,0,차대차 - 측면충돌,안전운전불이행,건조,맑음,교차로 - 교차로안,이륜,남,29세,경상,승용,남,38세,상해없음
2019112700100637,2019년 11월 27일 21시,수요일,경상북도 안동시 일직면,경상사고,0,0,2,0,차대차 - 정면충돌,안전운전불이행,건조,맑음,교차로 - 교차로안,승용,여,50세,경상,승용,남,40세,경상
2019112700100638,2019년 11월 27일 21시,수요일,경상북도 경산시 하양읍,경상사고,0,0,1,0,차대차 - 기타,안전운전불이행,건조,맑음,기타 - 기타,기타불명,기타불명,미분류,기타불명,승합,남,45세,상해없음
2019112700100639,2019년 11월 27일 21시,수요일,경상북도 구미시 거의동,경상사고,0,0,1,0,차대차 - 측면충돌,안전운전불이행,건조,맑음,단일로 - 기타,승용,남,25세,상해없음,자전거,남,33세,경상
2019112700100640,2019년 11월 27일 21시,수요일,경상북도 구미시 옥계동,중상사고,0,1,0,0,차대사람 - 횡단중,안전운전불이행,건조,맑음,교차로 - 교차로횡단보도내,승용,남,50세,상해없음,보행자,남,25세,중상
2019112700100641,2019년 11월 27일 21시,수요일,경상북도 포항시 남구 해도동,경상사고,0,0,1,0,차대사람 - 횡단중,안전운전불이행,건조,맑음,단일로 - 기타,승용,남,33세,상해없음,보행자,남,68세,경상
2019112700100666,2019년 11월 27일 22시,수요일,경상북도 김천시 덕곡동,경상사고,0,0,1,0,차대차 - 측면충돌,중앙선침범,건조,맑음,단일로 - 기타,승용,남,24세,상해없음,승용,남,24세,경상
2019112700100667,2019년 11월 27일 22시,수요일,경상북도 경산시 하양읍,경상사고,0,0,3,0,차대차 - 측면충돌,안전운전불이행,건조,맑음,교차로 - 교차로안,승용,남,43세,경상,승용,여,43세,경상
2019112800100030,2019년 11월 28일 00시,목요일,경상북도 김천시 남면,경상사고,0,0,1,0,차량단독 - 도로외이탈 - 추락,안전운전불이행,건조,맑음,단일로 - 교량,승용,남,47세,경상,,,,
2019112800100031,2019년 11월 28일 00시,목요일,경상북도 포항시 남구 상도동,경상사고,0,0,1,0,차대사람 - 기타,신호위반,건조,흐림,단일로 - 기타,승용,남,56세,상해없음,보행자,남,35세,경상
2019112800100039,2019년 11월 28일 01시,목요일,경상북도 구미시 임수동,경상사고,0,0,3,0,차대차 - 추돌,안전운전불이행,건조,맑음,단일로 - 기타,승용,남,29세,상해없음,승용,남,44세,경상
2019112800100053,2019년 11월 28일 04시,목요일,경상북도 포항시 북구 대흥동,경상사고,0,0,2,0,차대차 - 측면충돌,신호위반,젖음/습기,비,교차로 - 교차로안,승용,여,47세,상해없음,승용,남,55세,경상
2019112800100073,2019년 11월 28일 06시,목요일,경상북도 경산시 옥산동,경상사고,0,0,1,0,차대차 - 측면충돌,안전운전불이행,건조,맑음,교차로 - 교차로부근,건설기계,남,60세,상해없음,승용,남,31세,경상
2019112800100074,2019년 11월 28일 06시,목요일,경상북도 포항시 남구 동해면,중상사고,0,1,0,0,차대사람 - 보도통행중,보행자보호의무위반,젖음/습기,비,교차로 - 교차로횡단보도내,승용,남,53세,상해없음,보행자,여,74세,중상
2019112800100098,2019년 11월 28일 07시,목요일,경상북도 안동시 풍산읍,경상사고,0,0,2,0,차대차 - 측면충돌,신호위반,건조,맑음,교차로 - 교차로안,승용,남,29세,경상,화물,남,77세,경상
2019112800100099,2019년 11월 28일 07시,목요일,경상북도 포항시 남구 청림동,경상사고,0,0,1,0,차대차 - 측면충돌,교차로운행방법위반,젖음/습기,비,교차로 - 교차로안,승용,여,55세,상해없음,특수,남,54세,경상
2019112800100140,2019년 11월 28일 08시,목요일,경상북도 경주시 충효동,경상사고,0,0,1,0,차대차 - 측면충돌,중앙선침범,젖음/습기,비,교차로 - 교차로안,승용,여,61세,상해없음,승용,여,61세,경상
2019112800100141,2019년 11월 28일 08시,목요일,경상북도 안동시 옥야동,중상사고,0,1,0,0,차대차 - 측면충돌,안전거리미확보,건조,맑음,교차로 - 교차로부근,자전거,남,77세,중상,승용,여,34세,상해없음
2019112800100142,2019년 11월 28일 08시,목요일,경상북도 상주시 화북면,경상사고,0,0,1,0,차대사람 - 횡단중,안전운전불이행,건조,맑음,단일로 - 기타,승합,남,46세,상해없음,보행자,남,20세,경상
2019112800100143,2019년 11월 28일 08시,목요일,경상북도 문경시 산양면,중상사고,0,2,0,0,차대차 - 후진중충돌,안전운전불이행,건조,맑음,단일로 - 기타,화물,남,57세,상해없음,이륜,남,73세,중상
2019112800100144,2019년 11월 28일 08시,목요일,경상북도 경산시 압량면,경상사고,0,0,1,0,차대차 - 추돌,중앙선침범,건조,맑음,교차로 - 교차로안,승용,남,32세,상해없음,화물,남,46세,경상
2019112800100145,2019년 11월 28일 08시,목요일,경상북도 영덕군 강구면,경상사고,0,0,2,0,차대차 - 추돌,안전운전불이행,젖음/습기,비,단일로 - 기타,화물,남,57세,상해없음,승용,여,47세,경상
2019112800100146,2019년 11월 28일 08시,목요일,경상북도 성주군 성주읍,경상사고,0,0,2,0,차대차 - 정면충돌,안전운전불이행,건조,맑음,교차로 - 교차로안,화물,남,62세,상해없음,이륜,남,41세,경상