사고번호,사고일시,요일,시군구,사고내용,사망자수,중상자수,경상자수,부상신고자수,사고유형,법규위반,노면상태,기상상태,도로형태,가해운전자 차종,가해운전자 성별,가해운전자 연령,가해운전자 상해정도,피해운전자 차종,피해운전자 성별,피해운전자 연령,피해운전자 상해정도
2019120300100464,2019년 12월 3일 17시,화요일,경상북도 포항시 남구 청림동,경상사고,0,0,4,0,차대차 - 추돌,안전운전불이행,건조,맑음,교차로 - 교차로부근,화물,남,53세,기타불명,승용,남,43세,경상
2019120300100515,2019년 12월 3일 18시,화요일,경상북도 상주시 가장동,경상사고,0,0,1,0,차대차 - 측면충돌,교차로운행방법위반,건조,맑음,교차로 - 교차로안,승용,남,58세,상해없음,승용,여,36세,경상
2019120300100516,2019년 12월 3일 18시,화요일,경상북도 포항시 남구 대잠동,경상사고,0,0,1,0,차대차 - 측면충돌,교차로운행방법위반,건조,맑음,교차로 - 교차로안,승용,여,31세,상해없음,승용,여,46세,경상
2019120300100556,2019년 12월 3일 19시,화요일,경상북도 김천시 신음동,경상사고,0,0,1,0,차대차 - 측면충돌,안전운전불이행,건조,맑음,교차로 - 교차로안,승용,남,53세,상해없음,이륜,남,20세,경상
2019120300100557,2019년 12월 3일 19시,화요일,경상북도 영천시 문내동,경상사고,0,0,1,0,차대차 - 측면충돌,안전운전불이행,건조,맑음,교차로 - 교차로안,승용,여,26세,상해없음,승용,남,58세,경상
2019120300100613,2019년 12월 3일 21시,화요일,경상북도 예천군 호명면,중상사고,0,3,0,0,차대차 - 정면충돌,중앙선침범,건조,맑음,단일로 - 기타,승용,남,22세,중상,승용,남,50세,중상
2019120300100614,2019년 12월 3일 21시,화요일,경상북도 구미시 형곡동,부상신고사고,0,0,0,1,차대차 - 기타,안전운전불이행,건조,맑음,교차로 - 교차로안,이륜,남,16세,부상신고,승용,남,19세,상해없음
2019120300100615,2019년 12월 3일 21시,화요일,경상북도 구미시 구평동,경상사고,0,0,1,0,차대차 - 추돌,안전운전불이행,건조,맑음,교차로 - 교차로부근,승용,남,46세,상해없음,승용,남,45세,경상
2019120300100668,2019년 12월 3일 23시,화요일,경상북도 영주시 장수면,경상사고,0,0,1,0,차대차 - 측면충돌,안전운전불이행,건조,맑음,단일로 - 기타,승용,남,27세,경상,화물,남,42세,상해없음
2019120300100669,2019년 12월 3일 23시,화요일,경상북도 칠곡군 약목면,중상사고,0,1,1,0,차량단독 - 공작물충돌,안전운전불이행,건조,흐림,교차로 - 교차로부근,승용,남,15세,상해없음,,,,
2019120400100074,2019년 12월 4일 03시,수요일,경상북도 청송군 현서면,중상사고,0,1,0,0,차량단독 - 도로외이탈 - 추락,안전운전불이행,건조,맑음,단일로 - 지하차도(도로)내,화물,남,48세,중상,,,,
2019120400100084,2019년 12월 4일 04시,수요일,경상북도 포항시 북구 흥해읍,경상사고,0,0,1,0,차대차 - 측면충돌,신호위반,건조,맑음,교차로 - 교차로안,화물,여,56세,상해없음,승용,남,44세,경상
2019120400100173,2019년 12월 4일 07시,수요일,경상북도 영주시 풍기읍,중상사고,0,1,0,0,차대사람 - 길가장자리구역통행중,안전운전불이행,건조,맑음,단일로 - 기타,승용,여,35세,상해없음,보행자,여,64세,중상
2019120400100174,2019년 12월 4일 07시,수요일,경상북도 포항시 남구 오천읍,경상사고,0,0,1,0,차대차 - 측면충돌,신호위반,건조,맑음,교차로 - 교차로안,승용,남,22세,상해없음,승용,여,52세,경상
2019120400100175,2019년 12월 4일 07시,수요일,경상북도 포항시 남구 송내동,경상사고,0,0,1,0,차대차 - 측면충돌,교차로운행방법위반,건조,맑음,교차로 - 교차로안,승용,남,60세,상해없음,자전거,남,25세,경상
2019120400100216,2019년 12월 4일 08시,수요일,경상북도 울진군 후포면,경상사고,0,0,1,0,차대차 - 측면충돌,중앙선침범,건조,맑음,단일로 - 기타,자전거,남,14세,경상,화물,남,47세,상해없음
2019120400100297,2019년 12월 4일 10시,수요일,경상북도 포항시 북구 대신동,중상사고,0,1,0,0,차대사람 - 횡단중,보행자보호의무위반,건조,맑음,교차로 - 교차로횡단보도내,승용,여,50세,상해없음,보행자,여,42세,중상
2019120400100298,2019년 12월 4일 10시,수요일,경상북도 문경시 모전동,경상사고,0,0,2,0,차대차 - 측면충돌,기타,건조,맑음,교차로 - 교차로안,승용,여,48세,경상,승용,여,51세,경상
2019120400100344,2019년 12월 4일 11시,수요일,경상북도 칠곡군 왜관읍,중상사고,0,1,0,0,차대차 - 추돌,안전거리미확보,건조,맑음,단일로 - 기타,승용,남,33세,상해없음,승용,여,54세,중상
2019120400100345,2019년 12월 4일 11시,수요일,경상북도 경산시 정평동,중상사고,0,1,0,0,차대차 - 측면충돌,직진우회전진행방해,건조,맑음,교차로 - 교차로안,화물,남,65세,상해없음,이륜,남,36세,중상
2019120400100378,2019년 12월 4일 12시,수요일,경상북도 안동시 대석동,경상사고,0,0,1,0,차대차 - 측면충돌,안전운전불이행,건조,맑음,교차로 - 교차로안,이륜,남,46세,경상,승용,남,67세,상해없음
2019120400100409,2019년 12월 4일 13시,수요일,경상북도 안동시 정하동,경상사고,0,0,1,0,차대차 - 측면충돌,안전운전불이행,건조,맑음,단일로 - 기타,승용,남,30세,상해없음,이륜,남,39세,경상
2019120400100431,2019년 12월 4일 14시,수요일,경상북도 포항시 남구 오천읍,부상신고사고,0,0,0,2,차대차 - 측면충돌,기타,건조,맑음,교차로 - 교차로안,이륜,남,19세,부상신고,화물,남,54세,상해없음
2019120400100460,2019년 12월 4일 15시,수요일,경상북도 문경시 점촌동,경상사고,0,0,1,0,차대차 - 측면충돌,안전운전불이행,건조,맑음,교차로 - 교차로안,승합,남,64세,상해없음,원동기,남,80세,경상
2019120400100492,2019년 12월 4일 16시,수요일,경상북도 김천시 양천동,경상사고,0,0,1,0,차대차 - 추돌,안전거리미확보,건조,맑음,교차로 - 교차로안,승합,남,53세,상해없음,승용,여,55세,경상
2019120400100493,2019년 12월 4일 16시,수요일,경상북도 칠곡군 왜관읍,경상사고,0,0,1,1,차대차 - 후진중충돌,안전운전불이행,건조,맑음,주차장 - 주차장,승용,여,52세,부상신고,승용,여,47세,경상
2019120400100494,2019년 12월 4일 16시,수요일,경상북도 영천시 완산동,경상사고,0,0,1,0,차대차 - 기타,안전운전불이행,건조,맑음,교차로 - 교차로안,승용,남,68세,상해없음,승용,여,32세,경상
2019120400100495,2019년 12월 4일 16시,수요일,경상북도 군위군 효령면,경상사고,0,0,1,0,차대사람 - 기타,안전운전불이행,건조,맑음,기타 - 기타,승용,남,40세,상해없음,보행자,여,62세,경상
2019120400100496,2019년 12월 4일 16시,수요일,경상북도 구미시 선산읍,중상사고,0,1,0,0,차대사람 - 보도통행중,안전운전불이행,건조,맑음,교차로 - 교차로부근,사륜오토바이(ATV),남,75세,상해없음,보행자,남,32세,중상
2019120400100538,2019년 12월 4일 17시,수요일,경상북도 경주시 황성동,경상사고,0,0,2,0,차대차 - 측면충돌,안전운전불이행,건조,맑음,교차로 - 교차로안,화물,남,46세,상해없음,승용,여,64세,경상
2019120400100539,2019년 12월 4일 17시,수요일,경상북도 김천시 성내동,사망사고,1,0,0,0,차대사람 - 횡단중,안전운전불이행,건조,맑음,교차로 - 교차로안,승용,남,80세,상해없음,보행자,남,85세,사망
2019120400100540,2019년 12월 4일 17시,수요일,경상북도 영덕군 영해면,경상사고,0,0,1,0,차대차 - 측면충돌,신호위반,건조,맑음,교차로 - 교차로안,화물,남,67세,상해없음,승용,남,64세,경상
2019120400100541,2019년 12월 4일 17시,수요일,경상북도 포항시 남구 송내동,중상사고,0,1,0,0,차대차 - 기타,안전운전불이행,건조,맑음,교차로 - 교차로안,승용,남,53세,상해없음,자전거,남,60세,중상
2019120400100593,2019년 12월 4일 18시,수요일,경상북도 경주시 성동동,중상사고,0,1,0,0,차대차 - 측면충돌,직진우회전진행방해,건조,맑음,교차로 - 교차로안,승용,여,32세,상해없음,이륜,남,36세,중상
2019120400100594,2019년 12월 4일 18시,수요일,경상북도 포항시 북구 두호동,경상사고,0,0,1,0,차대차 - 기타,안전운전불이행,건조,맑음,단일로 - 기타,승용,여,47세,상해없음,승용,남,49세,경상
2019120400100595,2019년 12월 4일 18시,수요일,경상북도 경산시 사동,경상사고,0,0,1,0,차대사람 - 기타,안전운전불이행,건조,맑음,단일로 - 기타,화물,남,58세,상해없음,보행자,남,34세,경상
2019120400100596,2019년 12월 4일 18시,수요일,경상북도 영덕군 병곡면,경상사고,0,0,1,0,차대차 - 기타,안전운전불이행,건조,맑음,단일로 - 기타,승용,남,66세,상해없음,승용,남,53세,경상
2019120400100597,2019년 12월 4일 18시,수요일,경상북도 봉화군 명호면,경상사고,0,0,1,0,차량단독 - 전도전복 - 전도,안전운전불이행,건조,맑음,단일로 - 기타,승용,남,61세,경상,,,,
2019120400100598,2019년 12월 4일 18시,수요일,경상북도 영천시 고경면,사망사고,1,0,2,0,차대차 - 기타,안전운전불이행,건조,맑음,단일로 - 기타,화물,남,57세,사망,화물,남,29세,경상
2019120400100741,2019년 12월 4일 23시,수요일,경상북도 영주시 휴천동,경상사고,0,0,2,0,차대차 - 측면충돌,안전운전불이행,건조,맑음,단일로 - 기타,승용,여,51세,경상,승용,남,58세,경상
2019120400100742,2019년 12월 4일 23시,수요일,경상북도 경산시 자인면,경상사고,0,0,1,0,차대차 - 추돌,안전운전불이행,건조,맑음,교차로 - 교차로안,승용,남,67세,상해없음,승용,여,56세,경상
2019120400100743,2019년 12월 4일 23시,수요일,경상북도 경산시 평산동,경상사고,0,0,1,0,차대차 - 정면충돌,중앙선침범,건조,맑음,단일로 - 기타,승용,여,51세,상해없음,승용,남,50세,경상
2019120500100093,2019년 12월 5일 06시,목요일,경상북도 영주시 하망동,중상사고,0,1,0,0,차대사람 - 기타,안전운전불이행,건조,맑음,교차로 - 교차로안,승용,남,58세,상해없음,보행자,남,80세,중상
2019120500100116,2019년 12월 5일 07시,목요일,경상북도 경주시 황오동,경상사고,0,0,3,0,차대차 - 측면충돌,중앙선침범,건조,맑음,교차로 - 교차로안,승용,남,71세,경상,승용,남,37세,경상
2019120500100117,2019년 12월 5일 07시,목요일,경상북도 영주시 휴천동,중상사고,0,1,0,0,차대차 - 기타,교차로운행방법위반,건조,맑음,교차로 - 교차로안,승용,남,58세,상해없음,이륜,남,81세,중상
2019120500100155,2019년 12월 5일 08시,목요일,경상북도 의성군 의성읍,경상사고,0,0,1,0,차대차 - 측면충돌,안전운전불이행,건조,맑음,단일로 - 교량,건설기계,남,52세,상해없음,자전거,남,90세 이상,경상
2019120500100193,2019년 12월 5일 09시,목요일,경상북도 안동시 풍산읍,중상사고,0,2,0,0,차대차 - 측면충돌,안전운전불이행,건조,맑음,단일로 - 기타,승용,남,27세,상해없음,승용,여,50세,중상
2019120500100194,2019년 12월 5일 09시,목요일,경상북도 문경시 모전동,중상사고,0,1,0,0,차대사람 - 횡단중,보행자보호의무위반,건조,맑음,교차로 - 교차로안,화물,여,62세,상해없음,보행자,여,80세,중상
2019120500100195,2019년 12월 5일 09시,목요일,경상북도 고령군 대가야읍,경상사고,0,0,2,0,차대차 - 측면충돌,직진우회전진행방해,건조,맑음,교차로 - 교차로안,화물,남,52세,상해없음,이륜,여,41세,경상
2019120500100222,2019년 12월 5일 10시,목요일,경상북도 영천시 금호읍,경상사고,0,0,2,0,차대차 - 측면충돌,안전운전불이행,건조,맑음,단일로 - 기타,승용,남,50세,상해없음,화물,남,53세,경상
2019120500100223,2019년 12월 5일 10시,목요일,경상북도 구미시 공단동,경상사고,0,0,4,0,차대차 - 추돌,안전운전불이행,건조,맑음,교차로 - 교차로부근,승합,남,29세,상해없음,승용,남,67세,경상
2019120500100249,2019년 12월 5일 11시,목요일,경상북도 경주시 안강읍,경상사고,0,0,1,0,차대사람 - 차도통행중,안전운전불이행,건조,맑음,교차로 - 교차로부근,화물,남,55세,상해없음,보행자,여,85세,경상
2019120500100250,2019년 12월 5일 11시,목요일,경상북도 포항시 남구 오천읍,경상사고,0,0,1,0,차대차 - 추돌,안전거리미확보,건조,맑음,교차로 - 교차로안,승용,남,65세,상해없음,승용,여,56세,경상
2019120500100286,2019년 12월 5일 12시,목요일,경상북도 상주시 화서면,경상사고,0,0,3,0,차대차 - 측면충돌,교차로운행방법위반,건조,맑음,교차로 - 교차로안,승용,여,59세,상해없음,승용,남,41세,경상
2019120500100313,2019년 12월 5일 13시,목요일,경상북도 포항시 북구 죽도동,중상사고,0,1,0,0,차대사람 - 횡단중,신호위반,건조,맑음,교차로 - 교차로안,승용,여,28세,상해없음,보행자,여,70세,중상
2019120500100314,2019년 12월 5일 13시,목요일,경상북도 영주시 봉현면,경상사고,0,0,1,0,차대차 - 측면충돌,교차로운행방법위반,건조,맑음,교차로 - 교차로안,건설기계,남,57세,상해없음,승용,여,56세,경상
2019120500100315,2019년 12월 5일 13시,목요일,경상북도 영천시 망정동,경상사고,0,0,1,0,차대사람 - 기타,기타,건조,맑음,주차장 - 주차장,화물,남,80세,상해없음,보행자,남,19세,경상
2019120500100316,2019년 12월 5일 13시,목요일,경상북도 경산시 중방동,중상사고,0,1,0,0,차대사람 - 횡단중,신호위반,건조,맑음,단일로 - 기타,승용,여,56세,상해없음,보행자,여,50세,중상
2019120500100317,2019년 12월 5일 13시,목요일,경상북도 성주군 성주읍,중상사고,0,1,0,0,차대차 - 추돌,안전거리미확보,건조,맑음,교차로 - 교차로부근,화물,남,43세,상해없음,승용,여,65세,중상
2019120500100350,2019년 12월 5일 14시,목요일,경상북도 예천군 예천읍,중상사고,0,1,0,0,차대차 - 측면충돌,안전운전불이행,건조,맑음,교차로 - 교차로안,승용,남,63세,상해없음,자전거,남,78세,중상
2019120500100387,2019년 12월 5일 15시,목요일,경상북도 경산시 백천동,경상사고,0,0,1,0,차대차 - 측면충돌,안전운전불이행,건조,맑음,단일로 - 기타,이륜,여,49세,상해없음,화물,남,58세,경상
2019120500100388,2019년 12월 5일 15시,목요일,경상북도 경산시 하양읍,부상신고사고,0,0,0,1,차대사람 - 차도통행중,안전운전불이행,건조,맑음,교차로 - 교차로부근,승용,남,29세,상해없음,보행자,남,27세,부상신고
2019120500100389,2019년 12월 5일 15시,목요일,경상북도 봉화군 봉화읍,경상사고,0,0,1,0,차대사람 - 횡단중,보행자보호의무위반,건조,맑음,교차로 - 교차로횡단보도내,원동기,남,32세,상해없음,보행자,여,13세,경상
2019120500100390,2019년 12월 5일 15시,목요일,경상북도 구미시 옥계동,경상사고,0,0,1,0,차대차 - 측면충돌,안전운전불이행,건조,맑음,단일로 - 기타,승용,여,49세,기타불명,승용,여,40세,경상
2019120500100423,2019년 12월 5일 16시,목요일,경상북도 경주시 노동동,중상사고,0,3,3,0,차대차 - 측면충돌,중앙선침범,건조,맑음,교차로 - 교차로부근,승용,남,18세,상해없음,승용,여,33세,중상
2019120500100424,2019년 12월 5일 16시,목요일,경상북도 칠곡군 북삼읍,경상사고,0,0,1,0,차대차 - 기타,안전운전불이행,건조,맑음,단일로 - 기타,화물,남,49세,상해없음,화물,남,55세,경상
2019120500100425,2019년 12월 5일 16시,목요일,경상북도 포항시 남구 일월동,중상사고,0,1,4,0,차대차 - 기타,안전운전불이행,건조,맑음,단일로 - 기타,승용,여,59세,상해없음,승합,남,52세,경상
2019120500100479,2019년 12월 5일 17시,목요일,경상북도 안동시 안기동,중상사고,0,1,0,0,차대사람 - 횡단중,안전운전불이행,건조,맑음,단일로 - 기타,승용,남,58세,상해없음,보행자,여,82세,중상
2019120500100480,2019년 12월 5일 17시,목요일,경상북도 김천시 지좌동,경상사고,0,0,1,0,차대사람 - 횡단중,보행자보호의무위반,건조,맑음,교차로 - 교차로횡단보도내,화물,남,35세,상해없음,보행자,여,15세,경상
2019120500100481,2019년 12월 5일 17시,목요일,경상북도 영주시 가흥동,중상사고,0,1,2,0,차대차 - 측면충돌,안전운전불이행,건조,맑음,기타 - 기타,화물,남,57세,상해없음,승용,남,23세,중상
2019120500100482,2019년 12월 5일 17시,목요일,경상북도 경산시 옥산동,경상사고,0,0,1,0,차대차 - 측면충돌,교차로운행방법위반,건조,맑음,교차로 - 교차로안,승용,여,46세,기타불명,이륜,남,23세,경상
2019120500100532,2019년 12월 5일 18시,목요일,경상북도 경주시 서악동,경상사고,0,0,1,0,차대차 - 측면충돌,안전운전불이행,건조,맑음,단일로 - 기타,건설기계,남,57세,상해없음,승용,여,36세,경상
2019120500100533,2019년 12월 5일 18시,목요일,경상북도 포항시 북구 장성동,경상사고,0,0,1,0,차대차 - 정면충돌,직진우회전진행방해,건조,맑음,교차로 - 교차로안,이륜,남,48세,상해없음,승용,남,50세,경상
2019120500100534,2019년 12월 5일 18시,목요일,경상북도 칠곡군 석적읍,경상사고,0,0,1,0,차대차 - 후진중충돌,안전운전불이행,건조,맑음,교차로 - 교차로부근,승합,남,64세,상해없음,승용,여,33세,경상
2019120500100577,2019년 12월 5일 19시,목요일,경상북도 김천시 신음동,중상사고,0,1,0,0,차대사람 - 횡단중,보행자보호의무위반,건조,맑음,단일로 - 기타,승용,남,25세,상해없음,보행자,남,77세,중상
2019120500100578,2019년 12월 5일 19시,목요일,경상북도 상주시 함창읍,경상사고,0,0,2,0,차대차 - 측면충돌,교차로운행방법위반,건조,맑음,교차로 - 교차로안,승용,여,50세,경상,승용,여,65세,경상
2019120500100656,2019년 12월 5일 22시,목요일,경상북도 칠곡군 석적읍,경상사고,0,0,1,1,차대차 - 측면충돌,교차로운행방법위반,건조,맑음,교차로 - 교차로안,승용,남,34세,부상신고,승용,남,37세,경상
2019120500100657,2019년 12월 5일 22시,목요일,경상북도 구미시 옥계동,경상사고,0,0,1,0,차대차 - 측면충돌,안전운전불이행,건조,맑음,단일로 - 기타,승용,남,22세,상해없음,이륜,남,51세,경상
2019120500100677,2019년 12월 5일 23시,목요일,경상북도 포항시 북구 장성동,중상사고,0,1,0,0,차대사람 - 횡단중,안전운전불이행,건조,맑음,단일로 - 기타,이륜,남,20세,상해없음,보행자,남,36세,중상
2019120500100678,2019년 12월 5일 23시,목요일,경상북도 구미시 인의동,경상사고,0,0,1,0,차대차 - 측면충돌,교차로운행방법위반,건조,맑음,교차로 - 교차로안,승용,남,29세,상해없음,승용,여,49세,경상
2019120500100679,2019년 12월 5일 23시,목요일,경상북도 구미시 원평동,중상사고,0,1,0,0,차대차 - 측면충돌,안전운전불이행,건조,맑음,교차로 - 교차로안,승용,남,30세,상해없음,승용,남,54세,중상
2019120600100088,2019년 12월 6일 06시,금요일,경상북도 경주시 서악동,경상사고,0,0,1,0,차대사람 - 차도통행중,안전운전불이행,건조,맑음,단일로 - 기타,승용,여,58세,상해없음,보행자,남,79세,경상
2019120600100154,2019년 12월 6일 08시,금요일,경상북도 칠곡군 석적읍,경상사고,0,0,1,0,차량단독 - 공작물충돌,안전운전불이행,건조,맑음,단일로 - 기타,승용,남,30세,경상,,,,
2019120600100227,2019년 12월 6일 10시,금요일,경상북도 경주시 외동읍,경상사고,0,0,3,0,차대차 - 측면충돌,안전운전불이행,건조,맑음,단일로 - 기타,승용,여,32세,경상,승용,여,28세,경상
2019120600100228,2019년 12월 6일 10시,금요일,경상북도 포항시 북구 죽도동,경상사고,0,0,2,0,차대차 - 후진중충돌,안전운전불이행,건조,맑음,단일로 - 기타,승용,남,66세,상해없음,화물,남,43세,경상
2019120600100229,2019년 12월 6일 10시,금요일,경상북도 경산시 사동,경상사고,0,0,1,0,차대차 - 측면충돌,안전운전불이행,건조,맑음,교차로 - 교차로안,건설기계,남,66세,경상,승용,남,64세,상해없음
2019120600100258,2019년 12월 6일 11시,금요일,경상북도 경주시 사정동,중상사고,0,1,2,0,차대차 - 측면충돌,안전운전불이행,건조,맑음,교차로 - 교차로안,화물,남,66세,상해없음,승용,남,58세,중상
2019120600100259,2019년 12월 6일 11시,금요일,경상북도 청도군 청도읍,중상사고,0,2,0,0,차대차 - 추돌,안전거리미확보,건조,맑음,교차로 - 교차로안,승용,여,61세,상해없음,승용,여,36세,중상
2019120600100260,2019년 12월 6일 11시,금요일,경상북도 상주시 내서면,중상사고,0,2,1,0,차대차 - 측면충돌,안전운전불이행,건조,맑음,단일로 - 기타,화물,남,64세,상해없음,승용,여,64세,중상
2019120600100298,2019년 12월 6일 12시,금요일,경상북도 포항시 북구 송라면,중상사고,0,1,0,0,차대차 - 추돌,안전운전불이행,건조,맑음,단일로 - 기타,화물,남,59세,상해없음,승용,남,45세,중상
2019120600100299,2019년 12월 6일 12시,금요일,경상북도 포항시 북구 장성동,경상사고,0,0,1,0,차대차 - 기타,직진우회전진행방해,건조,맑음,교차로 - 교차로안,승용,여,48세,상해없음,이륜,남,34세,경상
2019120600100300,2019년 12월 6일 12시,금요일,경상북도 포항시 북구 장성동,경상사고,0,0,1,0,차대차 - 기타,직진우회전진행방해,건조,맑음,교차로 - 교차로안,승용,여,51세,상해없음,승용,남,61세,경상
2019120600100301,2019년 12월 6일 12시,금요일,경상북도 경산시 하양읍,경상사고,0,0,1,0,차대사람 - 기타,안전운전불이행,건조,맑음,교차로 - 교차로부근,승용,남,52세,기타불명,보행자,여,22세,경상
2019120600100302,2019년 12월 6일 12시,금요일,경상북도 경산시 중방동,중상사고,0,1,1,0,차대차 - 측면충돌,중앙선침범,건조,맑음,교차로 - 교차로안,이륜,남,49세,중상,승용,남,39세,경상
2019120600100329,2019년 12월 6일 13시,금요일,경상북도 김천시 신음동,경상사고,0,0,1,0,차대사람 - 기타,안전운전불이행,건조,맑음,기타 - 기타,화물,남,54세,상해없음,보행자,남,34세,경상
2019120600100330,2019년 12월 6일 13시,금요일,경상북도 예천군 유천면,중상사고,0,1,1,0,차량단독 - 도로외이탈 - 추락,안전운전불이행,건조,맑음,단일로 - 기타,승용,남,68세,상해없음,,,,
2019120600100364,2019년 12월 6일 14시,금요일,경상북도 안동시 용상동,중상사고,0,1,0,0,차대사람 - 보도통행중,보행자보호의무위반,건조,맑음,단일로 - 기타,승용,여,58세,상해없음,보행자,남,7세,중상
2019120600100365,2019년 12월 6일 14시,금요일,경상북도 포항시 남구 연일읍,경상사고,0,0,1,0,차대차 - 추돌,안전운전불이행,건조,맑음,단일로 - 기타,승용,남,63세,상해없음,자전거,남,68세,경상
2019120600100405,2019년 12월 6일 15시,금요일,경상북도 경주시 황오동,경상사고,0,0,2,0,차대차 - 측면충돌,안전운전불이행,건조,맑음,단일로 - 기타,승용,여,66세,상해없음,승용,여,49세,경상
2019120600100406,2019년 12월 6일 15시,금요일,경상북도 구미시 형곡동,경상사고,0,0,1,0,차대차 - 측면충돌,안전거리미확보,건조,맑음,교차로 - 교차로부근,승용,남,52세,상해없음,승용,남,39세,경상
2019120600100433,2019년 12월 6일 16시,금요일,경상북도 안동시 옥동,부상신고사고,0,0,0,1,차대사람 - 길가장자리구역통행중,안전운전불이행,건조,맑음,단일로 - 기타,승용,남,66세,상해없음,보행자,여,52세,부상신고
2019120600100434,2019년 12월 6일 16시,금요일,경상북도 영천시 금노동,경상사고,0,0,1,0,차대차 - 후진중충돌,안전운전불이행,건조,맑음,교차로 - 교차로안,승용,남,66세,상해없음,화물,남,39세,경상
2019120600100435,2019년 12월 6일 16시,금요일,경상북도 경산시 하양읍,중상사고,0,1,0,0,차대사람 - 횡단중,신호위반,건조,맑음,단일로 - 기타,승용,남,50세,상해없음,보행자,여,73세,중상
2019120600100436,2019년 12월 6일 16시,금요일,경상북도 예천군 예천읍,경상사고,0,0,1,0,차대차 - 추돌,안전운전불이행,건조,맑음,교차로 - 교차로부근,승용,여,51세,상해없음,승용,여,59세,경상
2019120600100478,2019년 12월 6일 17시,금요일,경상북도 포항시 북구 죽도동,경상사고,0,0,1,0,차대차 - 측면충돌,안전운전불이행,건조,맑음,교차로 - 교차로안,화물,남,27세,상해없음,승용,여,32세,경상
2019120600100479,2019년 12월 6일 17시,금요일,경상북도 포항시 북구 용흥동,경상사고,0,0,1,0,차대사람 - 횡단중,안전운전불이행,건조,흐림,단일로 - 기타,승용,남,76세,상해없음,보행자,남,66세,경상
2019120600100480,2019년 12월 6일 17시,금요일,경상북도 칠곡군 석적읍,경상사고,0,0,1,0,차대차 - 측면충돌,안전운전불이행,건조,맑음,교차로 - 교차로안,승용,남,51세,상해없음,이륜,남,39세,경상
2019120600100481,2019년 12월 6일 17시,금요일,경상북도 칠곡군 왜관읍,경상사고,0,0,1,0,차대차 - 추돌,안전운전불이행,건조,맑음,교차로 - 교차로부근,승용,남,23세,상해없음,화물,남,61세,경상
2019120600100482,2019년 12월 6일 17시,금요일,경상북도 포항시 남구 오천읍,중상사고,0,1,0,0,차대차 - 측면충돌,안전운전불이행,건조,맑음,단일로 - 기타,화물,남,47세,상해없음,자전거,남,67세,중상
2019120600100542,2019년 12월 6일 18시,금요일,경상북도 안동시 정하동,경상사고,0,0,1,0,차대차 - 측면충돌,안전운전불이행,건조,맑음,교차로 - 교차로부근,승용,남,46세,상해없음,승용,여,44세,경상
2019120600100543,2019년 12월 6일 18시,금요일,경상북도 청도군 운문면,경상사고,0,0,1,0,차량단독 - 공작물충돌,안전운전불이행,건조,맑음,단일로 - 지하차도(도로)내,승용,남,27세,경상,,,,
2019120600100544,2019년 12월 6일 18시,금요일,경상북도 구미시 원평동,경상사고,0,0,1,0,차대차 - 측면충돌,안전운전불이행,건조,맑음,교차로 - 교차로안,승용,여,45세,상해없음,승용,여,47세,경상
2019120600100651,2019년 12월 6일 20시,금요일,경상북도 칠곡군 지천면,경상사고,0,0,1,1,차대차 - 추돌,안전거리미확보,건조,맑음,단일로 - 기타,승용,남,39세,상해없음,승용,여,36세,부상신고
2019120600100652,2019년 12월 6일 20시,금요일,경상북도 칠곡군 왜관읍,경상사고,0,0,2,0,차대차 - 기타,안전운전불이행,건조,맑음,교차로 - 교차로부근,승용,남,37세,상해없음,승합,남,24세,경상
2019120600100691,2019년 12월 6일 21시,금요일,경상북도 칠곡군 왜관읍,중상사고,0,2,0,0,차대사람 - 횡단중,보행자보호의무위반,건조,맑음,교차로 - 교차로횡단보도내,승용,여,29세,상해없음,보행자,남,43세,중상
2019120600100692,2019년 12월 6일 21시,금요일,경상북도 포항시 남구 연일읍,부상신고사고,0,0,0,1,차대차 - 측면충돌,교차로운행방법위반,건조,맑음,교차로 - 교차로안,화물,남,49세,상해없음,자전거,여,70세,부상신고
2019120600100723,2019년 12월 6일 22시,금요일,경상북도 구미시 지산동,경상사고,0,0,1,0,차대차 - 추돌,안전운전불이행,건조,맑음,교차로 - 교차로부근,승용,남,53세,상해없음,승용,여,26세,경상
2019120600100754,2019년 12월 6일 23시,금요일,경상북도 포항시 남구 효자동,경상사고,0,0,1,0,차대차 - 측면충돌,교차로운행방법위반,건조,맑음,교차로 - 교차로안,승용,남,61세,상해없음,승용,남,32세,경상
2019120700100054,2019년 12월 7일 01시,토요일,경상북도 포항시 북구 죽도동,경상사고,0,0,1,0,차대차 - 정면충돌,신호위반,건조,맑음,교차로 - 교차로안,승용,남,61세,상해없음,승용,남,62세,상해없음
2019120700100055,2019년 12월 7일 01시,토요일,경상북도 포항시 남구 오천읍,경상사고,0,0,2,0,차대차 - 기타,안전운전불이행,건조,맑음,교차로 - 교차로부근,승용,남,27세,상해없음,승용,남,59세,경상
2019120700100082,2019년 12월 7일 04시,토요일,경상북도 경주시 건천읍,경상사고,0,0,1,0,차대차 - 기타,안전운전불이행,건조,맑음,단일로 - 기타,화물,남,61세,상해없음,화물,남,53세,경상
2019120700100083,2019년 12월 7일 04시,토요일,경상북도 군위군 효령면,경상사고,0,0,1,0,차대차 - 정면충돌,중앙선침범,건조,기타,단일로 - 기타,화물,남,52세,상해없음,승용,남,29세,경상
2019120700100084,2019년 12월 7일 04시,토요일,경상북도 포항시 남구 오천읍,경상사고,0,0,1,0,차대차 - 추돌,안전운전불이행,젖음/습기,맑음,교차로 - 교차로부근,승용,남,55세,상해없음,화물,남,40세,경상