사고번호,사고일시,요일,시군구,사고내용,사망자수,중상자수,경상자수,부상신고자수,사고유형,법규위반,노면상태,기상상태,도로형태,가해운전자 차종,가해운전자 성별,가해운전자 연령,가해운전자 상해정도,피해운전자 차종,피해운전자 성별,피해운전자 연령,피해운전자 상해정도
2019121300100280,2019년 12월 13일 12시,금요일,경상북도 영천시 망정동,경상사고,0,0,1,0,차대차 - 측면충돌,안전운전불이행,건조,맑음,단일로 - 기타,승용,여,56세,상해없음,화물,남,33세,경상
2019121300100281,2019년 12월 13일 12시,금요일,경상북도 구미시 인의동,경상사고,0,0,1,0,차대차 - 기타,안전운전불이행,건조,맑음,기타 - 기타,승용,여,44세,상해없음,이륜,남,29세,경상
2019121300100282,2019년 12월 13일 12시,금요일,경상북도 칠곡군 왜관읍,중상사고,0,1,0,0,차대차 - 기타,안전운전불이행,건조,맑음,단일로 - 기타,특수,남,50세,상해없음,승용,여,76세,중상
2019121300100338,2019년 12월 13일 14시,금요일,경상북도 안동시 송현동,중상사고,0,1,0,0,차대차 - 측면충돌,안전운전불이행,건조,맑음,교차로 - 교차로안,승용,남,83세,상해없음,승용,여,58세,중상
2019121300100339,2019년 12월 13일 14시,금요일,경상북도 안동시 태화동,중상사고,0,1,0,0,차대차 - 측면충돌,안전거리미확보,건조,맑음,단일로 - 기타,화물,남,58세,상해없음,이륜,남,24세,중상
2019121300100340,2019년 12월 13일 14시,금요일,경상북도 구미시 진평동,경상사고,0,0,1,0,차대차 - 추돌,안전운전불이행,건조,맑음,교차로 - 교차로부근,승용,여,64세,상해없음,승용,남,27세,경상
2019121300100341,2019년 12월 13일 14시,금요일,경상북도 포항시 남구 해도동,경상사고,0,0,1,0,차대차 - 기타,직진우회전진행방해,건조,맑음,교차로 - 교차로안,화물,남,52세,상해없음,이륜,남,67세,경상
2019121300100379,2019년 12월 13일 15시,금요일,경상북도 경주시 현곡면,중상사고,0,1,0,0,차대사람 - 차도통행중,안전운전불이행,건조,맑음,교차로 - 교차로안,승용,여,46세,상해없음,보행자,여,84세,중상
2019121300100380,2019년 12월 13일 15시,금요일,경상북도 영천시 완산동,경상사고,0,0,2,0,차대차 - 기타,안전운전불이행,건조,맑음,교차로 - 교차로안,화물,남,54세,상해없음,승용,남,20세,상해없음
2019121300100381,2019년 12월 13일 15시,금요일,경상북도 경산시 진량읍,부상신고사고,0,0,0,1,차대사람 - 기타,안전운전불이행,건조,맑음,단일로 - 기타,기타불명,기타불명,미분류,기타불명,보행자,남,49세,부상신고
2019121300100382,2019년 12월 13일 15시,금요일,경상북도 성주군 금수면,사망사고,2,0,0,0,차대차 - 측면충돌,안전운전불이행,건조,맑음,교차로 - 교차로안,화물,남,54세,상해없음,이륜,남,81세,사망
2019121300100383,2019년 12월 13일 15시,금요일,경상북도 영양군 영양읍,중상사고,0,1,0,0,차대사람 - 횡단중,안전운전불이행,기타,맑음,단일로 - 기타,건설기계,남,63세,상해없음,보행자,남,64세,중상
2019121300100384,2019년 12월 13일 15시,금요일,경상북도 구미시 송정동,경상사고,0,0,1,0,차대차 - 추돌,안전운전불이행,건조,맑음,교차로 - 교차로부근,승용,남,62세,상해없음,승용,남,43세,경상
2019121300100434,2019년 12월 13일 16시,금요일,경상북도 경주시 용강동,경상사고,0,0,2,0,차대사람 - 횡단중,안전운전불이행,건조,맑음,단일로 - 기타,승용,여,61세,상해없음,보행자,여,37세,경상
2019121300100435,2019년 12월 13일 16시,금요일,경상북도 포항시 북구 장성동,경상사고,0,0,1,0,차대차 - 측면충돌,안전운전불이행,건조,맑음,단일로 - 기타,승용,여,59세,상해없음,승용,여,41세,경상
2019121300100436,2019년 12월 13일 16시,금요일,경상북도 구미시 송정동,중상사고,0,2,1,0,차대차 - 기타,중앙선침범,건조,맑음,단일로 - 기타,원동기,남,24세,경상,승용,남,60세,상해없음
2019121300100495,2019년 12월 13일 17시,금요일,경상북도 상주시 낙동면,경상사고,0,0,1,0,차대차 - 측면충돌,중앙선침범,건조,맑음,단일로 - 기타,승용,남,44세,상해없음,화물,남,39세,경상
2019121300100496,2019년 12월 13일 17시,금요일,경상북도 영주시 가흥동,경상사고,0,0,1,0,차대차 - 측면충돌,신호위반,건조,맑음,교차로 - 교차로안,승용,남,63세,상해없음,승용,여,63세,경상
2019121300100497,2019년 12월 13일 17시,금요일,경상북도 문경시 호계면,경상사고,0,0,1,0,차대차 - 추돌,안전운전불이행,건조,맑음,단일로 - 기타,화물,남,69세,상해없음,승용,남,48세,경상
2019121300100498,2019년 12월 13일 17시,금요일,경상북도 경산시 중방동,경상사고,0,0,1,0,차대차 - 기타,교차로운행방법위반,건조,맑음,교차로 - 교차로안,승용,여,66세,상해없음,승용,여,35세,경상
2019121300100499,2019년 12월 13일 17시,금요일,경상북도 포항시 남구 이동,사망사고,1,0,1,0,차대차 - 정면충돌,신호위반,건조,맑음,교차로 - 교차로안,이륜,남,72세,사망,승용,남,63세,경상
2019121300100563,2019년 12월 13일 18시,금요일,경상북도 포항시 북구 흥해읍,경상사고,0,0,1,0,차대사람 - 기타,안전운전불이행,건조,맑음,단일로 - 기타,승합,남,55세,상해없음,보행자,여,64세,경상
2019121300100564,2019년 12월 13일 18시,금요일,경상북도 상주시 서성동,경상사고,0,0,1,0,차대차 - 측면충돌,교차로운행방법위반,건조,맑음,교차로 - 교차로안,승용,남,31세,상해없음,이륜,남,19세,경상
2019121300100565,2019년 12월 13일 18시,금요일,경상북도 고령군 대가야읍,중상사고,0,1,0,0,차대사람 - 보도통행중,안전운전불이행,건조,맑음,단일로 - 기타,화물,남,39세,상해없음,보행자,여,78세,중상
2019121300100629,2019년 12월 13일 19시,금요일,경상북도 안동시 정하동,경상사고,0,0,1,0,차대차 - 정면충돌,교차로운행방법위반,건조,맑음,교차로 - 교차로안,승합,남,51세,상해없음,이륜,남,27세,경상
2019121300100674,2019년 12월 13일 20시,금요일,경상북도 경주시 외동읍,경상사고,0,0,1,0,차대차 - 측면충돌,신호위반,건조,맑음,교차로 - 교차로부근,화물,남,66세,상해없음,승용,남,37세,경상
2019121300100675,2019년 12월 13일 20시,금요일,경상북도 안동시 송현동,경상사고,0,0,1,0,차대차 - 추돌,안전운전불이행,건조,맑음,단일로 - 기타,승용,남,37세,상해없음,승용,남,44세,경상
2019121300100676,2019년 12월 13일 20시,금요일,경상북도 경산시 대동,중상사고,0,1,1,0,차대차 - 측면충돌,안전운전불이행,건조,맑음,단일로 - 기타,승용,남,56세,경상,이륜,남,24세,중상
2019121300100677,2019년 12월 13일 20시,금요일,경상북도 구미시 진평동,경상사고,0,0,2,0,차대차 - 추돌,안전운전불이행,젖음/습기,맑음,교차로 - 교차로부근,승용,여,40세,상해없음,승용,남,26세,경상
2019121300100743,2019년 12월 13일 22시,금요일,경상북도 구미시 인의동,중상사고,0,1,0,0,차대사람 - 횡단중,안전운전불이행,건조,맑음,교차로 - 교차로부근,승용,여,21세,상해없음,보행자,여,27세,중상
2019121300100798,2019년 12월 13일 23시,금요일,경상북도 성주군 초전면,경상사고,0,0,1,0,차대차 - 기타,중앙선침범,건조,맑음,단일로 - 기타,화물,여,44세,상해없음,승용,남,47세,경상
2019121400100099,2019년 12월 14일 04시,토요일,경상북도 경주시 동천동,중상사고,0,1,0,1,차대차 - 측면충돌,신호위반,건조,맑음,교차로 - 교차로안,화물,남,46세,상해없음,승용,여,70세,중상
2019121400100100,2019년 12월 14일 04시,토요일,경상북도 경주시 천북면,사망사고,1,1,0,0,차대차 - 정면충돌,중앙선침범,건조,맑음,단일로 - 지하차도(도로)내,승용,여,27세,사망,화물,남,44세,중상
2019121400100101,2019년 12월 14일 04시,토요일,경상북도 구미시 광평동,경상사고,0,0,1,0,차대차 - 기타,안전운전불이행,젖음/습기,비,교차로 - 교차로안,승용,남,22세,상해없음,승용,남,39세,경상
2019121400100102,2019년 12월 14일 04시,토요일,경상북도 군위군 소보면,사망사고,6,13,12,0,차대차 - 기타,안전운전불이행,서리/결빙,비,단일로 - 기타,승용,남,22세,상해없음,승용,남,55세,중상
2019121400100103,2019년 12월 14일 04시,토요일,경상북도 군위군 소보면,사망사고,1,11,5,0,차대차 - 추돌,안전운전불이행,서리/결빙,비,단일로 - 교량,화물,남,39세,상해없음,특수,남,60세,상해없음
2019121400100114,2019년 12월 14일 05시,토요일,경상북도 김천시 개령면,중상사고,0,1,0,0,차대차 - 추돌,안전운전불이행,서리/결빙,비,단일로 - 교량,승용,남,42세,중상,화물,남,51세,상해없음
2019121400100115,2019년 12월 14일 05시,토요일,경상북도 구미시 산동면,부상신고사고,0,0,0,2,차대차 - 기타,안전운전불이행,서리/결빙,흐림,단일로 - 기타,화물,남,24세,부상신고,승용,여,33세,부상신고
2019121400100116,2019년 12월 14일 05시,토요일,경상북도 구미시 산동면,중상사고,0,2,2,0,차대차 - 기타,안전운전불이행,서리/결빙,기타,단일로 - 기타,건설기계,남,48세,상해없음,화물,남,57세,중상
2019121400100117,2019년 12월 14일 05시,토요일,경상북도 구미시 산동면,중상사고,0,1,1,0,차대차 - 기타,안전운전불이행,서리/결빙,흐림,단일로 - 기타,화물,남,52세,상해없음,승용,남,43세,중상
2019121400100118,2019년 12월 14일 05시,토요일,경상북도 군위군 소보면,부상신고사고,0,0,0,1,차대차 - 기타,안전운전불이행,서리/결빙,비,단일로 - 기타,승용,남,50세,상해없음,특수,남,39세,부상신고
2019121400100144,2019년 12월 14일 06시,토요일,경상북도 상주시 사벌면,중상사고,0,2,2,0,차대차 - 정면충돌,안전운전불이행,서리/결빙,흐림,단일로 - 교량,승용,남,51세,상해없음,화물,남,59세,중상
2019121400100145,2019년 12월 14일 06시,토요일,경상북도 상주시 외서면,중상사고,0,1,4,0,차대차 - 측면충돌,안전운전불이행,서리/결빙,흐림,단일로 - 교량,승합,남,43세,상해없음,승용,남,64세,경상
2019121400100146,2019년 12월 14일 06시,토요일,경상북도 칠곡군 가산면,경상사고,0,0,2,0,차대차 - 측면충돌,중앙선침범,서리/결빙,비,단일로 - 기타,화물,남,56세,경상,승용,남,31세,경상
2019121400100147,2019년 12월 14일 06시,토요일,경상북도 칠곡군 가산면,경상사고,0,0,3,0,차대차 - 기타,안전운전불이행,서리/결빙,맑음,단일로 - 기타,화물,남,62세,경상,화물,남,52세,경상
2019121400100148,2019년 12월 14일 06시,토요일,경상북도 군위군 효령면,경상사고,0,0,1,0,차대차 - 기타,안전운전불이행,서리/결빙,비,단일로 - 기타,승용,남,54세,경상,화물,남,63세,기타불명
2019121400100149,2019년 12월 14일 06시,토요일,경상북도 구미시 금전동,경상사고,0,0,1,0,차대차 - 측면충돌,안전운전불이행,서리/결빙,흐림,단일로 - 기타,화물,남,59세,상해없음,승용,남,48세,경상
2019121400100150,2019년 12월 14일 06시,토요일,경상북도 구미시 산동면,경상사고,0,0,2,1,차대차 - 측면충돌,안전운전불이행,서리/결빙,흐림,단일로 - 기타,승용,남,47세,부상신고,화물,남,58세,경상
2019121400100180,2019년 12월 14일 07시,토요일,경상북도 김천시 지좌동,중상사고,0,1,0,0,차대사람 - 기타,안전운전불이행,건조,맑음,교차로 - 교차로부근,승용,남,44세,상해없음,보행자,여,81세,중상
2019121400100181,2019년 12월 14일 07시,토요일,경상북도 성주군 선남면,경상사고,0,0,1,0,차량단독 - 기타,안전운전불이행,젖음/습기,비,단일로 - 기타,이륜,남,50세,경상,,,,
2019121400100182,2019년 12월 14일 07시,토요일,경상북도 구미시 옥성면,중상사고,0,1,0,0,차대차 - 추돌,안전운전불이행,젖음/습기,흐림,단일로 - 기타,승용,여,63세,상해없음,화물,남,61세,중상
2019121400100214,2019년 12월 14일 08시,토요일,경상북도 안동시 풍산읍,중상사고,0,2,0,0,차대차 - 정면충돌,안전운전불이행,서리/결빙,맑음,단일로 - 교량,화물,남,77세,상해없음,화물,남,67세,중상
2019121400100215,2019년 12월 14일 08시,토요일,경상북도 의성군 단밀면,중상사고,0,1,0,0,차대차 - 측면충돌,안전운전불이행,건조,맑음,단일로 - 기타,화물,남,46세,상해없음,승용,여,53세,중상
2019121400100216,2019년 12월 14일 08시,토요일,경상북도 군위군 의흥면,중상사고,0,1,1,0,차대차 - 정면충돌,안전운전불이행,서리/결빙,맑음,교차로 - 교차로부근,승용,남,69세,중상,건설기계,남,46세,경상
2019121400100217,2019년 12월 14일 08시,토요일,경상북도 군위군 효령면,경상사고,0,0,1,0,차대차 - 추돌,안전운전불이행,서리/결빙,기타,단일로 - 교량,승용,남,49세,상해없음,승용,남,62세,경상
2019121400100218,2019년 12월 14일 08시,토요일,경상북도 청송군 청송읍,중상사고,0,2,0,0,차대차 - 정면충돌,중앙선침범,해빙,흐림,단일로 - 지하차도(도로)내,화물,남,67세,중상,화물,남,40세,중상
2019121400100247,2019년 12월 14일 09시,토요일,경상북도 안동시 일직면,사망사고,1,0,0,0,차량단독 - 공작물충돌,안전운전불이행,서리/결빙,맑음,단일로 - 기타,화물,남,55세,사망,,,,
2019121400100248,2019년 12월 14일 09시,토요일,경상북도 칠곡군 가산면,중상사고,0,9,5,1,차대차 - 추돌,안전운전불이행,건조,맑음,단일로 - 기타,승합,남,47세,상해없음,화물,남,48세,상해없음
2019121400100249,2019년 12월 14일 09시,토요일,경상북도 경산시 중산동,경상사고,0,0,2,0,차대차 - 후진중충돌,안전운전불이행,기타,맑음,단일로 - 기타,승용,남,36세,상해없음,승용,여,45세,경상
2019121400100250,2019년 12월 14일 09시,토요일,경상북도 군위군 의흥면,경상사고,0,0,1,0,차량단독 - 공작물충돌,안전운전불이행,서리/결빙,맑음,단일로 - 기타,승합,남,56세,상해없음,,,,
2019121400100251,2019년 12월 14일 09시,토요일,경상북도 구미시 금전동,중상사고,0,1,1,0,차대차 - 기타,안전운전불이행,서리/결빙,흐림,단일로 - 기타,승용,여,28세,상해없음,승용,남,49세,중상
2019121400100286,2019년 12월 14일 10시,토요일,경상북도 경주시 동천동,경상사고,0,0,1,1,차대차 - 측면충돌,직진우회전진행방해,건조,맑음,교차로 - 교차로안,화물,남,61세,부상신고,승용,남,64세,경상
2019121400100319,2019년 12월 14일 11시,토요일,경상북도 청도군 이서면,경상사고,0,0,2,0,차대차 - 측면충돌,신호위반,건조,맑음,교차로 - 교차로안,승용,여,56세,경상,이륜,남,79세,경상
2019121400100320,2019년 12월 14일 11시,토요일,경상북도 구미시 옥계동,경상사고,0,0,1,1,차대차 - 측면충돌,교차로운행방법위반,건조,맑음,단일로 - 기타,승용,남,49세,부상신고,승용,여,35세,경상
2019121400100321,2019년 12월 14일 11시,토요일,경상북도 구미시 선산읍,중상사고,0,1,4,0,차대차 - 측면충돌,중앙선침범,건조,맑음,단일로 - 기타,승용,남,40세,상해없음,승용,남,38세,경상
2019121400100355,2019년 12월 14일 12시,토요일,경상북도 포항시 남구 괴동동,경상사고,0,0,1,0,차대차 - 측면충돌,안전운전불이행,건조,맑음,단일로 - 기타,화물,남,59세,상해없음,이륜,남,48세,경상
2019121400100392,2019년 12월 14일 13시,토요일,경상북도 경주시 양남면,경상사고,0,0,2,2,차대차 - 추돌,안전운전불이행,건조,맑음,교차로 - 교차로부근,승용,남,57세,상해없음,승용,여,35세,경상
2019121400100393,2019년 12월 14일 13시,토요일,경상북도 상주시 청리면,경상사고,0,0,1,0,차량단독 - 전도전복 - 전도,안전운전불이행,건조,맑음,단일로 - 기타,사륜오토바이(ATV),남,75세,경상,,,,
2019121400100394,2019년 12월 14일 13시,토요일,경상북도 상주시 낙동면,중상사고,0,1,1,0,차대차 - 측면충돌,교차로운행방법위반,건조,맑음,교차로 - 교차로안,이륜,남,78세,중상,승용,남,33세,경상
2019121400100395,2019년 12월 14일 13시,토요일,경상북도 문경시 산양면,부상신고사고,0,0,0,2,차대차 - 측면충돌,안전운전불이행,건조,맑음,교차로 - 교차로부근,화물,남,76세,상해없음,승용,여,27세,부상신고
2019121400100396,2019년 12월 14일 13시,토요일,경상북도 포항시 남구 송내동,경상사고,0,0,1,0,차대차 - 기타,안전운전불이행,건조,맑음,교차로 - 교차로안,기타불명,기타불명,미분류,기타불명,승용,여,63세,경상
2019121400100397,2019년 12월 14일 13시,토요일,경상북도 포항시 남구 대잠동,중상사고,0,1,0,0,차대차 - 측면충돌,신호위반,건조,맑음,단일로 - 기타,승용,남,71세,상해없음,이륜,남,47세,중상
2019121400100440,2019년 12월 14일 14시,토요일,경상북도 김천시 남면,중상사고,0,1,0,0,차대차 - 기타,교차로운행방법위반,건조,맑음,교차로 - 교차로안,승용,남,31세,중상,승합,남,49세,상해없음
2019121400100441,2019년 12월 14일 14시,토요일,경상북도 포항시 남구 상도동,경상사고,0,0,2,0,차대차 - 기타,안전운전불이행,건조,맑음,단일로 - 기타,승용,남,36세,상해없음,승합,남,51세,경상
2019121400100442,2019년 12월 14일 14시,토요일,경상북도 포항시 남구 대도동,경상사고,0,0,1,0,차대차 - 측면충돌,직진우회전진행방해,건조,맑음,교차로 - 교차로안,승용,남,26세,상해없음,승용,남,26세,경상
2019121400100478,2019년 12월 14일 15시,토요일,경상북도 경주시 건천읍,경상사고,0,0,1,0,차량단독 - 전도전복 - 전도,안전운전불이행,건조,맑음,단일로 - 기타,이륜,남,64세,경상,,,,
2019121400100479,2019년 12월 14일 15시,토요일,경상북도 경주시 외동읍,경상사고,0,0,1,0,차대차 - 측면충돌,안전운전불이행,건조,맑음,교차로 - 교차로부근,화물,남,39세,상해없음,승용,여,37세,경상
2019121400100480,2019년 12월 14일 15시,토요일,경상북도 포항시 북구 기계면,경상사고,0,0,2,0,차대차 - 추돌,안전운전불이행,건조,맑음,교차로 - 교차로부근,승용,남,46세,상해없음,승용,남,45세,경상
2019121400100481,2019년 12월 14일 15시,토요일,경상북도 청도군 청도읍,경상사고,0,0,1,0,차대차 - 측면충돌,안전운전불이행,건조,맑음,교차로 - 교차로안,이륜,남,68세,경상,화물,남,30세,상해없음
2019121400100520,2019년 12월 14일 16시,토요일,경상북도 상주시 만산동,경상사고,0,0,1,0,차대차 - 측면충돌,안전운전불이행,건조,맑음,단일로 - 기타,승용,여,60세,상해없음,승용,남,21세,경상
2019121400100521,2019년 12월 14일 16시,토요일,경상북도 경산시 하양읍,중상사고,0,1,0,0,차대사람 - 차도통행중,안전운전불이행,건조,맑음,교차로 - 교차로안,특수,남,52세,상해없음,보행자,여,81세,중상
2019121400100522,2019년 12월 14일 16시,토요일,경상북도 봉화군 소천면,경상사고,0,0,1,0,차대차 - 정면충돌,중앙선침범,건조,맑음,단일로 - 기타,승용,여,45세,상해없음,승용,남,40세,경상
2019121400100523,2019년 12월 14일 16시,토요일,경상북도 구미시 진평동,경상사고,0,0,1,0,차대차 - 기타,안전운전불이행,건조,맑음,교차로 - 교차로부근,승용,남,17세,상해없음,승용,남,30세,경상
2019121400100524,2019년 12월 14일 16시,토요일,경상북도 포항시 남구 오천읍,경상사고,0,0,1,0,차대차 - 추돌,안전운전불이행,건조,맑음,단일로 - 기타,이륜,남,44세,상해없음,승용,남,27세,경상
2019121400100571,2019년 12월 14일 17시,토요일,경상북도 포항시 북구 동빈1가,경상사고,0,0,1,0,차대차 - 측면충돌,안전운전불이행,건조,맑음,교차로 - 교차로안,승용,남,52세,상해없음,이륜,남,38세,경상
2019121400100572,2019년 12월 14일 17시,토요일,경상북도 포항시 북구 우현동,경상사고,0,0,1,0,차대차 - 측면충돌,안전운전불이행,건조,맑음,교차로 - 교차로안,승용,남,43세,상해없음,승용,여,49세,경상
2019121400100573,2019년 12월 14일 17시,토요일,경상북도 포항시 북구 흥해읍,경상사고,0,0,1,0,차대차 - 추돌,안전거리미확보,건조,맑음,교차로 - 교차로부근,승용,여,26세,상해없음,승용,여,41세,경상
2019121400100574,2019년 12월 14일 17시,토요일,경상북도 김천시 아포읍,중상사고,0,1,0,0,차대차 - 추돌,안전운전불이행,건조,맑음,단일로 - 기타,승용,남,73세,상해없음,자전거,남,71세,중상
2019121400100575,2019년 12월 14일 17시,토요일,경상북도 영천시 청통면,중상사고,0,1,0,0,차대사람 - 횡단중,보행자보호의무위반,건조,맑음,교차로 - 교차로부근,화물,남,71세,상해없음,보행자,남,71세,중상
2019121400100629,2019년 12월 14일 18시,토요일,경상북도 안동시 정하동,경상사고,0,0,2,0,차대차 - 기타,직진우회전진행방해,건조,맑음,교차로 - 교차로안,승용,남,19세,상해없음,승용,여,70세,경상
2019121400100630,2019년 12월 14일 18시,토요일,경상북도 의성군 의성읍,경상사고,0,0,1,0,차대사람 - 보도통행중,안전운전불이행,건조,맑음,주차장 - 주차장,승합,여,55세,상해없음,보행자,남,63세,경상
2019121400100631,2019년 12월 14일 18시,토요일,경상북도 구미시 형곡동,경상사고,0,0,3,0,차대차 - 측면충돌,안전운전불이행,건조,맑음,단일로 - 기타,승용,남,56세,상해없음,승용,남,46세,경상
2019121400100680,2019년 12월 14일 19시,토요일,경상북도 포항시 북구 동빈2가,중상사고,0,1,0,0,차대차 - 측면충돌,안전운전불이행,건조,맑음,교차로 - 교차로안,승용,남,56세,상해없음,승용,여,57세,중상
2019121400100681,2019년 12월 14일 19시,토요일,경상북도 안동시 광석동,경상사고,0,0,1,0,차대사람 - 기타,안전운전불이행,건조,맑음,단일로 - 기타,승용,남,52세,상해없음,보행자,여,67세,경상
2019121400100682,2019년 12월 14일 19시,토요일,경상북도 안동시 운안동,경상사고,0,0,2,0,차대차 - 추돌,안전거리미확보,건조,맑음,교차로 - 교차로부근,승용,남,59세,상해없음,승용,남,64세,경상
2019121400100683,2019년 12월 14일 19시,토요일,경상북도 구미시 선기동,중상사고,0,2,1,0,차대차 - 기타,신호위반,건조,맑음,교차로 - 교차로안,승용,남,63세,중상,승용,남,32세,상해없음
2019121400100806,2019년 12월 14일 23시,토요일,경상북도 고령군 다산면,경상사고,0,0,3,0,차대차 - 측면충돌,교차로운행방법위반,건조,맑음,교차로 - 교차로안,승용,남,65세,상해없음,승용,남,54세,경상
2019121500100026,2019년 12월 15일 00시,일요일,경상북도 영주시 가흥동,경상사고,0,0,1,0,차대차 - 기타,안전운전불이행,건조,맑음,교차로 - 교차로안,승용,여,45세,상해없음,승용,남,59세,경상
2019121500100027,2019년 12월 15일 00시,일요일,경상북도 포항시 남구 오천읍,중상사고,0,1,1,0,차대차 - 측면충돌,안전운전불이행,젖음/습기,비,단일로 - 기타,승용,여,22세,경상,승용,남,56세,중상
2019121500100075,2019년 12월 15일 03시,일요일,경상북도 경주시 용강동,중상사고,0,1,0,0,차대차 - 측면충돌,안전운전불이행,건조,맑음,단일로 - 기타,승용,남,54세,상해없음,승용,여,50세,중상
2019121500100084,2019년 12월 15일 04시,일요일,경상북도 포항시 북구 죽도동,경상사고,0,0,1,0,차대사람 - 기타,안전운전불이행,건조,맑음,교차로 - 교차로횡단보도내,승용,남,38세,상해없음,보행자,남,20세,경상
2019121500100097,2019년 12월 15일 05시,일요일,경상북도 영덕군 강구면,경상사고,0,0,1,0,차대차 - 측면충돌,중앙선침범,건조,맑음,단일로 - 기타,화물,여,60세,경상,승용,남,27세,상해없음
2019121500100098,2019년 12월 15일 05시,일요일,경상북도 구미시 임수동,경상사고,0,0,1,0,차대차 - 추돌,안전운전불이행,건조,맑음,교차로 - 교차로부근,승용,남,36세,상해없음,승용,남,51세,경상
2019121500100123,2019년 12월 15일 07시,일요일,경상북도 울진군 후포면,경상사고,0,0,1,0,차대차 - 측면충돌,교차로운행방법위반,건조,맑음,교차로 - 교차로안,승용,여,58세,경상,승용,남,55세,상해없음
2019121500100124,2019년 12월 15일 07시,일요일,경상북도 포항시 남구 연일읍,경상사고,0,0,1,0,차량단독 - 기타,안전운전불이행,건조,맑음,단일로 - 기타,승용,여,56세,경상,,,,
2019121500100125,2019년 12월 15일 07시,일요일,경상북도 포항시 남구 연일읍,경상사고,0,0,2,0,차대차 - 측면충돌,안전운전불이행,건조,흐림,단일로 - 기타,화물,남,63세,상해없음,승용,남,69세,경상
2019121500100136,2019년 12월 15일 08시,일요일,경상북도 경주시 천북면,경상사고,0,0,1,0,차대차 - 측면충돌,중앙선침범,건조,맑음,단일로 - 기타,화물,남,32세,상해없음,사륜오토바이(ATV),여,77세,경상
2019121500100137,2019년 12월 15일 08시,일요일,경상북도 포항시 북구 흥해읍,중상사고,0,1,0,0,차대차 - 측면충돌,중앙선침범,건조,맑음,단일로 - 기타,승용,남,22세,상해없음,승용,여,57세,중상
2019121500100138,2019년 12월 15일 08시,일요일,경상북도 구미시 공단동,경상사고,0,0,1,0,차량단독 - 공작물충돌,안전운전불이행,건조,맑음,교차로 - 교차로안,승용,여,42세,경상,,,,
2019121500100157,2019년 12월 15일 09시,일요일,경상북도 안동시 풍천면,경상사고,0,0,1,0,차대차 - 측면충돌,신호위반,건조,맑음,교차로 - 교차로안,화물,남,69세,상해없음,승용,남,30세,경상
2019121500100158,2019년 12월 15일 09시,일요일,경상북도 구미시 송정동,중상사고,0,1,0,0,차대사람 - 횡단중,안전운전불이행,건조,맑음,교차로 - 교차로부근,승용,남,27세,상해없음,보행자,여,40세,중상
2019121500100159,2019년 12월 15일 09시,일요일,경상북도 포항시 남구 구룡포읍,중상사고,0,1,0,0,차대사람 - 기타,안전운전불이행,건조,맑음,단일로 - 기타,이륜,남,77세,상해없음,보행자,여,70세,중상
2019121500100188,2019년 12월 15일 10시,일요일,경상북도 안동시 평화동,경상사고,0,0,2,0,차대차 - 정면충돌,안전운전불이행,건조,맑음,교차로 - 교차로부근,승용,남,62세,경상,승용,남,50세,경상
2019121500100189,2019년 12월 15일 10시,일요일,경상북도 칠곡군 왜관읍,중상사고,0,1,0,0,차대차 - 측면충돌,안전운전불이행,건조,맑음,교차로 - 교차로안,승용,남,63세,상해없음,승용,남,45세,중상
2019121500100209,2019년 12월 15일 11시,일요일,경상북도 칠곡군 석적읍,중상사고,0,1,0,0,차대차 - 측면충돌,안전운전불이행,건조,맑음,교차로 - 교차로안,승용,남,29세,상해없음,자전거,남,10세,중상
2019121500100232,2019년 12월 15일 12시,일요일,경상북도 울진군 울진읍,경상사고,0,0,2,0,차대차 - 정면충돌,직진우회전진행방해,건조,맑음,교차로 - 교차로안,이륜,남,25세,경상,이륜,남,78세,경상
2019121500100233,2019년 12월 15일 12시,일요일,경상북도 고령군 운수면,경상사고,0,0,3,0,차대차 - 추돌,안전운전불이행,건조,맑음,단일로 - 기타,승용,여,45세,경상,승용,남,58세,경상
2019121500100234,2019년 12월 15일 12시,일요일,경상북도 포항시 남구 오천읍,경상사고,0,0,2,0,차대차 - 기타,기타,건조,맑음,교차로 - 교차로안,승용,여,48세,상해없음,승용,남,35세,경상
2019121500100290,2019년 12월 15일 14시,일요일,경상북도 영주시 아지동,중상사고,0,1,0,0,차대차 - 추돌,안전운전불이행,건조,맑음,단일로 - 기타,승용,남,29세,상해없음,농기계,남,71세,중상
2019121500100325,2019년 12월 15일 15시,일요일,경상북도 경주시 현곡면,경상사고,0,0,1,0,차대차 - 추돌,안전운전불이행,건조,맑음,단일로 - 지하차도(도로)내,승용,여,65세,상해없음,승용,남,56세,경상
2019121500100326,2019년 12월 15일 15시,일요일,경상북도 영천시 금호읍,경상사고,0,0,1,0,차대차 - 측면충돌,중앙선침범,건조,맑음,교차로 - 교차로부근,승용,남,71세,상해없음,승용,남,54세,경상
2019121500100356,2019년 12월 15일 16시,일요일,경상북도 구미시 공단동,중상사고,0,1,0,0,차대차 - 측면충돌,안전거리미확보,건조,맑음,단일로 - 기타,승용,남,31세,상해없음,이륜,남,53세,중상