사고번호,사고일시,요일,시군구,사고내용,사망자수,중상자수,경상자수,부상신고자수,사고유형,법규위반,노면상태,기상상태,도로형태,가해운전자 차종,가해운전자 성별,가해운전자 연령,가해운전자 상해정도,피해운전자 차종,피해운전자 성별,피해운전자 연령,피해운전자 상해정도
2019121500100357,2019년 12월 15일 16시,일요일,경상북도 구미시 도량동,경상사고,0,0,2,0,차대차 - 기타,안전운전불이행,건조,맑음,교차로 - 교차로부근,승용,여,27세,상해없음,승용,여,32세,경상
2019121500100387,2019년 12월 15일 17시,일요일,경상북도 경산시 압량면,중상사고,0,1,0,0,차대차 - 추돌,안전거리미확보,건조,맑음,단일로 - 기타,승용,남,22세,상해없음,승용,여,27세,중상
2019121500100425,2019년 12월 15일 18시,일요일,경상북도 김천시 삼락동,경상사고,0,0,1,0,차대사람 - 횡단중,신호위반,건조,기타,교차로 - 교차로횡단보도내,승용,여,49세,상해없음,보행자,남,19세,경상
2019121500100426,2019년 12월 15일 18시,일요일,경상북도 의성군 금성면,중상사고,0,1,0,0,차대사람 - 횡단중,안전운전불이행,건조,맑음,단일로 - 기타,승용,남,22세,상해없음,보행자,여,75세,중상
2019121500100427,2019년 12월 15일 18시,일요일,경상북도 영덕군 남정면,중상사고,0,1,0,0,차대사람 - 기타,안전운전불이행,건조,맑음,기타 - 기타,승용,남,61세,상해없음,보행자,남,76세,중상
2019121500100428,2019년 12월 15일 18시,일요일,경상북도 청도군 청도읍,경상사고,0,0,1,0,차대차 - 기타,안전운전불이행,건조,맑음,교차로 - 교차로부근,승용,남,72세,상해없음,승용,남,62세,경상
2019121500100429,2019년 12월 15일 18시,일요일,경상북도 구미시 인의동,경상사고,0,0,2,0,차대차 - 기타,안전운전불이행,건조,맑음,교차로 - 교차로안,승용,남,50세,상해없음,승용,여,62세,경상
2019121500100463,2019년 12월 15일 19시,일요일,경상북도 구미시 남통동,중상사고,0,1,0,1,차대차 - 측면충돌,안전운전불이행,건조,맑음,교차로 - 교차로부근,승용,여,61세,부상신고,승용,여,44세,중상
2019121500100464,2019년 12월 15일 19시,일요일,경상북도 포항시 남구 대잠동,중상사고,0,1,0,0,차대차 - 기타,신호위반,건조,맑음,단일로 - 기타,기타불명,기타불명,미분류,기타불명,이륜,남,26세,중상
2019121500100505,2019년 12월 15일 21시,일요일,경상북도 포항시 북구 흥해읍,경상사고,0,0,2,0,차대차 - 측면충돌,직진우회전진행방해,건조,맑음,단일로 - 기타,승용,남,59세,상해없음,승용,남,30세,경상
2019121500100506,2019년 12월 15일 21시,일요일,경상북도 구미시 진평동,경상사고,0,0,1,0,차대사람 - 기타,안전운전불이행,건조,맑음,교차로 - 교차로부근,승용,여,59세,상해없음,보행자,여,57세,경상
2019121500100539,2019년 12월 15일 23시,일요일,경상북도 성주군 성주읍,중상사고,0,1,1,0,차대차 - 측면충돌,신호위반,건조,맑음,교차로 - 교차로안,승용,남,38세,상해없음,승용,남,60세,중상
2019121600100037,2019년 12월 16일 00시,월요일,경상북도 포항시 북구 흥해읍,경상사고,0,0,2,0,차대차 - 추돌,안전운전불이행,건조,맑음,교차로 - 교차로부근,승용,남,25세,상해없음,승용,남,39세,경상
2019121600100038,2019년 12월 16일 00시,월요일,경상북도 구미시 황상동,중상사고,0,1,0,0,차대차 - 측면충돌,차로위반,건조,맑음,교차로 - 교차로안,승용,남,28세,상해없음,화물,남,32세,중상
2019121600100045,2019년 12월 16일 01시,월요일,경상북도 안동시 송천동,경상사고,0,0,1,0,차대차 - 기타,안전운전불이행,건조,맑음,단일로 - 기타,승용,남,26세,상해없음,화물,남,42세,경상
2019121600100046,2019년 12월 16일 01시,월요일,경상북도 상주시 이안면,중상사고,0,1,2,0,차대차 - 정면충돌,중앙선침범,건조,맑음,단일로 - 기타,승용,여,45세,중상,승용,남,47세,경상
2019121600100091,2019년 12월 16일 06시,월요일,경상북도 경주시 내남면,경상사고,0,0,1,0,차대차 - 측면충돌,중앙선침범,건조,맑음,단일로 - 지하차도(도로)내,승용,여,29세,상해없음,화물,남,40세,상해없음
2019121600100120,2019년 12월 16일 07시,월요일,경상북도 경주시 건천읍,중상사고,0,1,0,0,차대차 - 측면충돌,안전운전불이행,건조,맑음,단일로 - 기타,화물,남,66세,상해없음,이륜,남,43세,중상
2019121600100121,2019년 12월 16일 07시,월요일,경상북도 영주시 영주동,중상사고,0,1,0,0,차대차 - 측면충돌,안전운전불이행,건조,맑음,교차로 - 교차로안,승용,여,53세,상해없음,자전거,남,67세,중상
2019121600100122,2019년 12월 16일 07시,월요일,경상북도 영덕군 영해면,경상사고,0,0,7,0,차대차 - 측면충돌,직진우회전진행방해,건조,맑음,교차로 - 교차로안,승용,남,43세,상해없음,승합,남,75세,경상
2019121600100156,2019년 12월 16일 08시,월요일,경상북도 경주시 안강읍,중상사고,0,1,0,0,차대차 - 측면충돌,직진우회전진행방해,건조,맑음,교차로 - 교차로안,승용,여,51세,상해없음,자전거,남,76세,중상
2019121600100157,2019년 12월 16일 08시,월요일,경상북도 안동시 임동면,경상사고,0,0,1,0,차량단독 - 전도전복 - 전복,안전운전불이행,서리/결빙,맑음,단일로 - 기타,화물,남,49세,경상,,,,
2019121600100196,2019년 12월 16일 09시,월요일,경상북도 성주군 대가면,경상사고,0,0,2,0,차대차 - 기타,안전운전불이행,건조,맑음,단일로 - 기타,화물,남,55세,상해없음,이륜,남,76세,경상
2019121600100234,2019년 12월 16일 10시,월요일,경상북도 포항시 남구 상도동,경상사고,0,0,1,0,차대사람 - 기타,안전운전불이행,건조,맑음,교차로 - 교차로부근,승용,남,26세,상해없음,보행자,남,66세,경상
2019121600100235,2019년 12월 16일 10시,월요일,경상북도 포항시 남구 대도동,중상사고,0,1,0,0,차대차 - 측면충돌,안전운전불이행,건조,맑음,단일로 - 기타,승용,여,41세,상해없음,자전거,여,59세,중상
2019121600100236,2019년 12월 16일 10시,월요일,경상북도 포항시 남구 오천읍,경상사고,0,0,3,0,차대차 - 기타,직진우회전진행방해,건조,맑음,교차로 - 교차로안,승용,여,54세,경상,승용,남,77세,경상
2019121600100265,2019년 12월 16일 11시,월요일,경상북도 경주시 황오동,경상사고,0,0,1,0,차대사람 - 차도통행중,안전운전불이행,건조,맑음,단일로 - 기타,승용,여,58세,상해없음,보행자,여,65세,경상
2019121600100266,2019년 12월 16일 11시,월요일,경상북도 김천시 평화동,경상사고,0,0,1,0,차대차 - 기타,교차로운행방법위반,건조,맑음,교차로 - 교차로안,화물,남,66세,상해없음,자전거,남,70세,경상
2019121600100267,2019년 12월 16일 11시,월요일,경상북도 구미시 오태동,중상사고,0,1,0,0,차대사람 - 횡단중,안전운전불이행,건조,맑음,단일로 - 기타,승용,여,57세,상해없음,보행자,남,83세,중상
2019121600100299,2019년 12월 16일 12시,월요일,경상북도 상주시 낙양동,중상사고,0,1,2,0,차대차 - 추돌,안전거리미확보,건조,맑음,교차로 - 교차로안,승합,남,56세,상해없음,승용,남,60세,상해없음
2019121600100300,2019년 12월 16일 12시,월요일,경상북도 봉화군 소천면,경상사고,0,0,1,0,차량단독 - 기타,안전운전불이행,서리/결빙,맑음,단일로 - 기타,화물,여,49세,경상,,,,
2019121600100327,2019년 12월 16일 13시,월요일,경상북도 울릉군 울릉읍,경상사고,0,0,1,0,차량단독 - 전도전복 - 전도,안전운전불이행,건조,맑음,교차로 - 교차로부근,이륜,남,79세,경상,,,,
2019121600100363,2019년 12월 16일 14시,월요일,경상북도 경주시 성건동,중상사고,0,1,0,0,차대차 - 측면충돌,안전운전불이행,건조,맑음,교차로 - 교차로안,승용,남,45세,상해없음,자전거,남,87세,중상
2019121600100364,2019년 12월 16일 14시,월요일,경상북도 경주시 배동,중상사고,0,1,4,0,차대차 - 측면충돌,직진우회전진행방해,건조,맑음,교차로 - 교차로안,승용,남,76세,상해없음,승용,남,42세,경상
2019121600100365,2019년 12월 16일 14시,월요일,경상북도 포항시 북구 대흥동,경상사고,0,0,1,0,차대사람 - 기타,안전운전불이행,건조,맑음,단일로 - 기타,승용,남,77세,상해없음,보행자,여,24세,경상
2019121600100366,2019년 12월 16일 14시,월요일,경상북도 안동시 풍천면,경상사고,0,0,2,0,차대차 - 측면충돌,직진우회전진행방해,건조,맑음,교차로 - 교차로안,화물,남,50세,상해없음,승용,여,33세,경상
2019121600100402,2019년 12월 16일 15시,월요일,경상북도 영주시 영주동,경상사고,0,0,1,0,차대차 - 측면충돌,교차로운행방법위반,건조,맑음,교차로 - 교차로부근,화물,남,64세,상해없음,승용,남,65세,경상
2019121600100403,2019년 12월 16일 15시,월요일,경상북도 칠곡군 지천면,경상사고,0,0,1,0,차대차 - 측면충돌,중앙선침범,건조,맑음,단일로 - 기타,화물,남,62세,상해없음,화물,남,50세,경상
2019121600100404,2019년 12월 16일 15시,월요일,경상북도 영천시 임고면,경상사고,0,0,1,0,차대차 - 측면충돌,안전운전불이행,건조,맑음,교차로 - 교차로부근,화물,남,55세,상해없음,화물,남,42세,경상
2019121600100444,2019년 12월 16일 16시,월요일,경상북도 영주시 휴천동,부상신고사고,0,0,0,1,차대사람 - 차도통행중,안전운전불이행,건조,맑음,단일로 - 기타,화물,남,46세,상해없음,보행자,남,54세,부상신고
2019121600100484,2019년 12월 16일 17시,월요일,경상북도 경주시 서부동,중상사고,0,1,0,0,차대차 - 측면충돌,안전운전불이행,건조,맑음,교차로 - 교차로횡단보도내,승용,여,61세,상해없음,자전거,남,76세,중상
2019121600100485,2019년 12월 16일 17시,월요일,경상북도 경주시 인왕동,경상사고,0,0,2,4,차대차 - 측면충돌,안전운전불이행,건조,맑음,교차로 - 교차로부근,승용,남,28세,경상,승합,남,57세,부상신고
2019121600100486,2019년 12월 16일 17시,월요일,경상북도 경산시 하양읍,경상사고,0,0,1,0,차대차 - 측면충돌,안전운전불이행,건조,맑음,교차로 - 교차로부근,농기계,남,81세,상해없음,승용,남,57세,경상
2019121600100487,2019년 12월 16일 17시,월요일,경상북도 봉화군 봉화읍,경상사고,0,0,1,0,차대사람 - 기타,안전운전불이행,건조,맑음,단일로 - 기타,화물,남,39세,상해없음,보행자,남,54세,경상
2019121600100488,2019년 12월 16일 17시,월요일,경상북도 구미시 진평동,경상사고,0,0,2,0,차대차 - 기타,안전운전불이행,건조,맑음,단일로 - 기타,원동기,남,39세,경상,승용,남,47세,경상
2019121600100489,2019년 12월 16일 17시,월요일,경상북도 포항시 남구 상도동,경상사고,0,0,1,0,차대차 - 측면충돌,안전운전불이행,건조,맑음,단일로 - 기타,승용,남,56세,상해없음,원동기,남,36세,경상
2019121600100490,2019년 12월 16일 17시,월요일,경상북도 포항시 남구 해도동,중상사고,0,1,0,0,차대차 - 기타,교차로운행방법위반,건조,맑음,교차로 - 교차로안,화물,남,38세,상해없음,이륜,남,34세,중상
2019121600100547,2019년 12월 16일 18시,월요일,경상북도 경주시 구황동,중상사고,0,1,0,0,차대차 - 측면충돌,안전운전불이행,건조,맑음,교차로 - 교차로안,승합,남,73세,상해없음,승용,남,51세,중상
2019121600100548,2019년 12월 16일 18시,월요일,경상북도 안동시 운흥동,중상사고,0,1,2,0,차대차 - 추돌,안전운전불이행,건조,맑음,단일로 - 기타,승용,여,52세,상해없음,화물,남,48세,중상
2019121600100549,2019년 12월 16일 18시,월요일,경상북도 경산시 자인면,중상사고,0,1,0,0,차대차 - 추돌,안전거리미확보,건조,맑음,교차로 - 교차로부근,승용,남,63세,상해없음,승용,여,42세,중상
2019121600100550,2019년 12월 16일 18시,월요일,경상북도 구미시 도량동,중상사고,0,1,0,0,차대차 - 측면충돌,안전운전불이행,건조,맑음,교차로 - 교차로안,승용,남,65세,상해없음,이륜,남,70세,중상
2019121600100595,2019년 12월 16일 19시,월요일,경상북도 포항시 북구 덕산동,경상사고,0,0,1,0,차대차 - 기타,안전운전불이행,건조,맑음,단일로 - 기타,승용,남,23세,상해없음,이륜,남,33세,경상
2019121600100596,2019년 12월 16일 19시,월요일,경상북도 청송군 현동면,부상신고사고,0,0,0,1,차량단독 - 공작물충돌,안전운전불이행,건조,맑음,단일로 - 지하차도(도로)내,승용,남,67세,부상신고,,,,
2019121600100597,2019년 12월 16일 19시,월요일,경상북도 포항시 남구 상도동,경상사고,0,0,1,0,차대차 - 정면충돌,안전운전불이행,건조,맑음,단일로 - 기타,승용,남,72세,경상,승용,남,63세,상해없음
2019121600100623,2019년 12월 16일 20시,월요일,경상북도 포항시 북구 장성동,경상사고,0,0,1,0,차대차 - 기타,직진우회전진행방해,건조,맑음,교차로 - 교차로횡단보도내,승용,남,44세,상해없음,자전거,남,13세,경상
2019121600100624,2019년 12월 16일 20시,월요일,경상북도 포항시 남구 상도동,경상사고,0,0,2,0,차대차 - 기타,안전운전불이행,건조,맑음,단일로 - 기타,승용,남,59세,경상,이륜,남,24세,경상
2019121600100640,2019년 12월 16일 21시,월요일,경상북도 경주시 외동읍,경상사고,0,0,1,0,차대사람 - 차도통행중,안전운전불이행,건조,맑음,교차로 - 교차로안,승용,남,47세,상해없음,보행자,남,58세,경상
2019121600100641,2019년 12월 16일 21시,월요일,경상북도 김천시 부곡동,경상사고,0,0,1,0,차대차 - 기타,신호위반,건조,기타,단일로 - 기타,승용,남,64세,상해없음,자전거,남,53세,경상
2019121600100658,2019년 12월 16일 22시,월요일,경상북도 영천시 조교동,경상사고,0,0,1,0,차대차 - 추돌,안전운전불이행,건조,맑음,교차로 - 교차로안,승용,남,39세,상해없음,승용,남,47세,경상
2019121600100659,2019년 12월 16일 22시,월요일,경상북도 포항시 남구 오천읍,경상사고,0,0,1,0,차대사람 - 기타,안전운전불이행,건조,맑음,단일로 - 기타,승용,남,30세,상해없음,보행자,남,42세,경상
2019121600100682,2019년 12월 16일 23시,월요일,경상북도 포항시 북구 죽도동,중상사고,0,1,0,0,차대차 - 추돌,안전운전불이행,건조,맑음,단일로 - 기타,승용,남,57세,상해없음,승용,여,50세,중상
2019121700100022,2019년 12월 17일 00시,화요일,경상북도 경산시 조영동,경상사고,0,0,1,0,차대차 - 추돌,안전거리미확보,건조,흐림,단일로 - 지하차도(도로)내,승용,여,30세,상해없음,승용,남,62세,경상
2019121700100039,2019년 12월 17일 02시,화요일,경상북도 경주시 동천동,경상사고,0,0,2,0,차대차 - 측면충돌,안전운전불이행,건조,맑음,교차로 - 교차로안,승용,남,53세,경상,승용,남,32세,경상
2019121700100055,2019년 12월 17일 05시,화요일,경상북도 영주시 가흥동,경상사고,0,0,1,0,차대차 - 후진중충돌,중앙선침범,건조,맑음,교차로 - 교차로부근,승합,남,62세,상해없음,승용,남,42세,경상
2019121700100056,2019년 12월 17일 05시,화요일,경상북도 포항시 남구 동해면,중상사고,0,1,0,0,차대차 - 기타,안전운전불이행,건조,맑음,단일로 - 기타,승합,남,38세,중상,승용,남,50세,상해없음
2019121700100134,2019년 12월 17일 08시,화요일,경상북도 안동시 태화동,경상사고,0,0,1,0,차대차 - 정면충돌,신호위반,젖음/습기,흐림,교차로 - 교차로안,화물,남,52세,상해없음,승용,남,53세,경상
2019121700100135,2019년 12월 17일 08시,화요일,경상북도 영양군 일월면,중상사고,0,1,0,0,차량단독 - 공작물충돌,안전운전불이행,서리/결빙,흐림,단일로 - 기타,승용,남,30세,중상,,,,
2019121700100136,2019년 12월 17일 08시,화요일,경상북도 구미시 도량동,경상사고,0,0,1,0,차대차 - 기타,안전운전불이행,건조,맑음,교차로 - 교차로횡단보도내,승용,남,53세,상해없음,자전거,여,71세,경상
2019121700100177,2019년 12월 17일 09시,화요일,경상북도 경주시 사정동,중상사고,0,1,1,2,차대차 - 추돌,안전운전불이행,건조,맑음,교차로 - 교차로부근,승용,여,46세,부상신고,승용,여,35세,경상
2019121700100178,2019년 12월 17일 09시,화요일,경상북도 예천군 호명면,경상사고,0,0,2,0,차대차 - 추돌,안전운전불이행,젖음/습기,비,교차로 - 교차로부근,승용,남,25세,경상,승용,남,71세,경상
2019121700100179,2019년 12월 17일 09시,화요일,경상북도 청도군 운문면,부상신고사고,0,0,0,1,차대차 - 기타,기타,건조,맑음,교차로 - 교차로부근,이륜,여,63세,부상신고,승용,남,77세,상해없음
2019121700100180,2019년 12월 17일 09시,화요일,경상북도 구미시 공단동,경상사고,0,0,2,0,차대차 - 추돌,신호위반,젖음/습기,비,교차로 - 교차로부근,화물,남,27세,상해없음,승용,여,37세,경상
2019121700100181,2019년 12월 17일 09시,화요일,경상북도 구미시 고아읍,중상사고,0,1,0,0,차대차 - 추돌,안전운전불이행,젖음/습기,비,교차로 - 교차로부근,특수,남,47세,상해없음,승용,여,41세,중상
2019121700100213,2019년 12월 17일 10시,화요일,경상북도 청도군 이서면,중상사고,0,2,0,0,차대차 - 측면충돌,안전운전불이행,건조,맑음,단일로 - 기타,화물,여,54세,상해없음,승용,남,65세,중상
2019121700100242,2019년 12월 17일 11시,화요일,경상북도 안동시 평화동,경상사고,0,0,1,0,차대사람 - 기타,안전운전불이행,건조,맑음,교차로 - 교차로안,승용,여,62세,상해없음,보행자,여,66세,경상
2019121700100243,2019년 12월 17일 11시,화요일,경상북도 김천시 남산동,중상사고,0,1,0,0,차대차 - 측면충돌,안전운전불이행,젖음/습기,맑음,교차로 - 교차로안,이륜,남,51세,상해없음,이륜,남,79세,중상
2019121700100244,2019년 12월 17일 11시,화요일,경상북도 구미시 원평동,중상사고,0,1,0,0,차대차 - 추돌,신호위반,건조,맑음,교차로 - 교차로안,승합,남,33세,상해없음,승용,남,58세,중상
2019121700100267,2019년 12월 17일 12시,화요일,경상북도 경산시 계양동,경상사고,0,0,1,0,차대차 - 기타,안전운전불이행,건조,맑음,교차로 - 교차로안,승용,여,52세,상해없음,승용,여,38세,경상
2019121700100268,2019년 12월 17일 12시,화요일,경상북도 구미시 송정동,중상사고,0,1,0,0,차대차 - 기타,안전운전불이행,건조,맑음,교차로 - 교차로안,승용,여,46세,상해없음,화물,남,55세,중상
2019121700100295,2019년 12월 17일 13시,화요일,경상북도 영주시 안정면,부상신고사고,0,0,0,1,차대차 - 측면충돌,안전운전불이행,건조,맑음,교차로 - 교차로부근,화물,남,51세,부상신고,승용,여,59세,상해없음
2019121700100296,2019년 12월 17일 13시,화요일,경상북도 칠곡군 왜관읍,중상사고,0,1,0,1,차대차 - 측면충돌,안전운전불이행,건조,맑음,교차로 - 교차로부근,승용,남,84세,부상신고,화물,남,40세,중상
2019121700100329,2019년 12월 17일 14시,화요일,경상북도 영주시 가흥동,경상사고,0,0,1,0,차대차 - 추돌,안전운전불이행,건조,맑음,교차로 - 교차로부근,화물,남,49세,상해없음,승용,남,29세,경상
2019121700100330,2019년 12월 17일 14시,화요일,경상북도 영천시 야사동,경상사고,0,0,1,0,차대사람 - 길가장자리구역통행중,안전운전불이행,건조,맑음,단일로 - 기타,승용,여,43세,상해없음,보행자,여,20세,경상
2019121700100331,2019년 12월 17일 14시,화요일,경상북도 경산시 하양읍,중상사고,0,1,0,0,차대사람 - 기타,안전운전불이행,건조,맑음,단일로 - 기타,승용,여,50세,기타불명,보행자,남,7세,중상
2019121700100359,2019년 12월 17일 15시,화요일,경상북도 포항시 북구 죽도동,경상사고,0,0,1,0,차대차 - 추돌,안전운전불이행,건조,맑음,단일로 - 기타,승용,남,49세,상해없음,승용,여,58세,경상
2019121700100360,2019년 12월 17일 15시,화요일,경상북도 상주시 신봉동,경상사고,0,0,1,0,차대차 - 추돌,안전운전불이행,젖음/습기,비,단일로 - 기타,화물,남,27세,상해없음,화물,남,37세,경상
2019121700100403,2019년 12월 17일 16시,화요일,경상북도 경주시 강동면,중상사고,0,1,1,0,차량단독 - 공작물충돌,안전운전불이행,건조,맑음,단일로 - 터널,승용,여,47세,경상,,,,
2019121700100404,2019년 12월 17일 16시,화요일,경상북도 경주시 황성동,경상사고,0,0,1,0,차대사람 - 횡단중,안전운전불이행,건조,맑음,교차로 - 교차로부근,승용,여,47세,상해없음,보행자,여,23세,경상
2019121700100405,2019년 12월 17일 16시,화요일,경상북도 포항시 북구 대신동,경상사고,0,0,1,0,차대차 - 측면충돌,교차로운행방법위반,건조,흐림,교차로 - 교차로안,승용,남,36세,상해없음,승용,여,46세,경상
2019121700100406,2019년 12월 17일 16시,화요일,경상북도 영주시 평은면,경상사고,0,0,2,0,차대차 - 측면충돌,안전운전불이행,건조,맑음,교차로 - 교차로안,화물,남,72세,상해없음,승합,남,48세,경상
2019121700100407,2019년 12월 17일 16시,화요일,경상북도 영주시 휴천동,경상사고,0,0,1,0,차대차 - 측면충돌,교차로운행방법위반,건조,맑음,교차로 - 교차로안,승용,남,36세,상해없음,승용,여,48세,경상
2019121700100408,2019년 12월 17일 16시,화요일,경상북도 영천시 금호읍,경상사고,0,0,2,0,차대차 - 측면충돌,과속,건조,흐림,교차로 - 교차로안,승용,남,55세,경상,승용,남,48세,경상
2019121700100409,2019년 12월 17일 16시,화요일,경상북도 고령군 다산면,경상사고,0,0,1,0,차대차 - 측면충돌,교차로운행방법위반,건조,맑음,교차로 - 교차로안,승용,남,65세,상해없음,화물,남,35세,경상
2019121700100443,2019년 12월 17일 17시,화요일,경상북도 영덕군 영덕읍,중상사고,0,1,0,0,차대차 - 측면충돌,중앙선침범,건조,맑음,단일로 - 기타,화물,남,49세,상해없음,이륜,남,77세,중상
2019121700100481,2019년 12월 17일 18시,화요일,경상북도 안동시 태화동,경상사고,0,0,1,1,차대차 - 측면충돌,안전운전불이행,건조,맑음,단일로 - 기타,승용,남,57세,부상신고,승용,남,38세,경상
2019121700100482,2019년 12월 17일 18시,화요일,경상북도 포항시 남구 연일읍,경상사고,0,0,2,1,차대차 - 측면충돌,과속,건조,맑음,교차로 - 교차로안,승용,남,22세,경상,승용,남,57세,경상
2019121700100483,2019년 12월 17일 18시,화요일,경상북도 포항시 남구 구룡포읍,경상사고,0,0,1,0,차량단독 - 기타,안전운전불이행,건조,맑음,단일로 - 기타,이륜,남,80세,상해없음,,,,
2019121700100527,2019년 12월 17일 19시,화요일,경상북도 포항시 북구 대흥동,경상사고,0,0,1,0,차대차 - 기타,안전운전불이행,건조,맑음,단일로 - 기타,승용,남,24세,상해없음,이륜,남,51세,경상
2019121700100528,2019년 12월 17일 19시,화요일,경상북도 구미시 비산동,중상사고,0,1,0,0,차대사람 - 횡단중,안전운전불이행,건조,맑음,단일로 - 기타,승용,남,52세,상해없음,보행자,남,54세,중상
2019121700100529,2019년 12월 17일 19시,화요일,경상북도 포항시 남구 오천읍,경상사고,0,0,3,0,차대차 - 기타,안전운전불이행,건조,맑음,교차로 - 교차로안,이륜,남,21세,경상,화물,남,41세,경상
2019121700100558,2019년 12월 17일 20시,화요일,경상북도 경산시 삼남동,중상사고,0,1,0,0,차대사람 - 길가장자리구역통행중,안전운전불이행,건조,맑음,교차로 - 교차로부근,승용,남,27세,상해없음,보행자,여,74세,중상
2019121700100559,2019년 12월 17일 20시,화요일,경상북도 포항시 남구 상도동,경상사고,0,0,1,0,차대차 - 기타,안전거리미확보,건조,맑음,단일로 - 기타,승용,남,66세,상해없음,승용,여,49세,경상
2019121700100584,2019년 12월 17일 21시,화요일,경상북도 포항시 북구 죽도동,경상사고,0,0,1,0,차대사람 - 기타,안전운전불이행,건조,맑음,교차로 - 교차로안,화물,남,54세,기타불명,보행자,여,27세,경상
2019121700100616,2019년 12월 17일 22시,화요일,경상북도 경산시 삼풍동,경상사고,0,0,2,0,차대차 - 추돌,안전운전불이행,건조,맑음,교차로 - 교차로부근,화물,남,46세,상해없음,승용,여,23세,경상
2019121700100647,2019년 12월 17일 23시,화요일,경상북도 포항시 남구 대잠동,중상사고,0,2,2,0,차대차 - 기타,안전운전불이행,건조,맑음,교차로 - 교차로안,승용,남,35세,상해없음,승용,남,63세,경상
2019121800100045,2019년 12월 18일 01시,수요일,경상북도 경주시 배반동,중상사고,0,1,1,0,차대차 - 측면충돌,안전운전불이행,건조,맑음,단일로 - 지하차도(도로)내,승용,남,32세,중상,특수,남,37세,경상
2019121800100151,2019년 12월 18일 09시,수요일,경상북도 안동시 북후면,경상사고,0,0,1,0,차량단독 - 도로외이탈 - 기타,안전운전불이행,서리/결빙,맑음,단일로 - 기타,승용,여,47세,경상,,,,
2019121800100152,2019년 12월 18일 09시,수요일,경상북도 경산시 하양읍,경상사고,0,0,1,0,차대사람 - 횡단중,안전운전불이행,건조,맑음,교차로 - 교차로안,승용,남,67세,상해없음,보행자,여,72세,경상
2019121800100201,2019년 12월 18일 11시,수요일,경상북도 포항시 북구 대흥동,경상사고,0,0,1,0,차대차 - 측면충돌,안전거리미확보,건조,맑음,단일로 - 기타,승용,남,76세,상해없음,화물,남,38세,경상
2019121800100202,2019년 12월 18일 11시,수요일,경상북도 포항시 남구 연일읍,중상사고,0,1,0,0,차대사람 - 기타,안전운전불이행,건조,맑음,교차로 - 교차로부근,화물,여,57세,상해없음,보행자,여,67세,중상
2019121800100233,2019년 12월 18일 12시,수요일,경상북도 영천시 야사동,경상사고,0,0,1,0,차대사람 - 길가장자리구역통행중,안전운전불이행,건조,맑음,단일로 - 기타,승용,여,58세,상해없음,보행자,여,32세,경상
2019121800100234,2019년 12월 18일 12시,수요일,경상북도 경산시 진량읍,경상사고,0,0,1,0,차대사람 - 기타,안전운전불이행,건조,맑음,단일로 - 기타,이륜,남,42세,상해없음,보행자,남,50세,경상
2019121800100270,2019년 12월 18일 13시,수요일,경상북도 상주시 화서면,중상사고,0,1,0,0,차대사람 - 길가장자리구역통행중,안전운전불이행,건조,맑음,교차로 - 교차로부근,승용,남,76세,상해없음,보행자,여,59세,중상
2019121800100271,2019년 12월 18일 13시,수요일,경상북도 영주시 풍기읍,부상신고사고,0,0,0,1,차대차 - 정면충돌,교차로운행방법위반,건조,맑음,교차로 - 교차로안,승용,여,53세,상해없음,승용,남,25세,부상신고
2019121800100301,2019년 12월 18일 14시,수요일,경상북도 봉화군 석포면,경상사고,0,0,4,1,차량단독 - 공작물충돌,안전운전불이행,젖음/습기,맑음,단일로 - 교량,승용,남,25세,부상신고,,,,
2019121800100328,2019년 12월 18일 15시,수요일,경상북도 포항시 북구 대신동,중상사고,0,1,0,0,차대차 - 측면충돌,중앙선침범,건조,맑음,단일로 - 기타,승용,남,59세,상해없음,이륜,남,21세,중상
2019121800100329,2019년 12월 18일 15시,수요일,경상북도 의성군 안계면,경상사고,0,0,1,0,차량단독 - 전도전복 - 전복,안전운전불이행,건조,맑음,단일로 - 기타,사륜오토바이(ATV),남,77세,경상,,,,
2019121800100330,2019년 12월 18일 15시,수요일,경상북도 칠곡군 왜관읍,경상사고,0,0,2,0,차대차 - 측면충돌,교차로운행방법위반,건조,맑음,교차로 - 교차로안,승용,여,28세,경상,승용,여,48세,경상
2019121800100331,2019년 12월 18일 15시,수요일,경상북도 성주군 성주읍,경상사고,0,0,2,0,차대차 - 후진중충돌,안전운전불이행,건조,맑음,단일로 - 기타,승용,여,60세,상해없음,승용,남,26세,경상
2019121800100358,2019년 12월 18일 16시,수요일,경상북도 김천시 부곡동,경상사고,0,0,1,0,차대차 - 측면충돌,안전운전불이행,건조,맑음,교차로 - 교차로부근,화물,남,33세,상해없음,이륜,여,54세,경상
2019121800100359,2019년 12월 18일 16시,수요일,경상북도 포항시 남구 대도동,경상사고,0,0,2,0,차대차 - 기타,차로위반,건조,맑음,단일로 - 기타,승용,여,53세,상해없음,승용,여,37세,경상
2019121800100453,2019년 12월 18일 18시,수요일,경상북도 포항시 북구 두호동,경상사고,0,0,2,0,차대차 - 추돌,안전운전불이행,건조,맑음,단일로 - 기타,승용,남,62세,상해없음,승용,남,27세,경상