사고번호,사고일시,요일,시군구,사고내용,사망자수,중상자수,경상자수,부상신고자수,사고유형,법규위반,노면상태,기상상태,도로형태,가해운전자 차종,가해운전자 성별,가해운전자 연령,가해운전자 상해정도,피해운전자 차종,피해운전자 성별,피해운전자 연령,피해운전자 상해정도
2019121800100454,2019년 12월 18일 18시,수요일,경상북도 김천시 성내동,중상사고,0,1,0,0,차대사람 - 횡단중,보행자보호의무위반,건조,맑음,교차로 - 교차로부근,승용,남,55세,상해없음,보행자,여,63세,중상
2019121800100455,2019년 12월 18일 18시,수요일,경상북도 경산시 옥곡동,경상사고,0,0,1,0,차대사람 - 횡단중,보행자보호의무위반,건조,맑음,교차로 - 교차로횡단보도내,승용,여,46세,상해없음,보행자,남,7세,경상
2019121800100456,2019년 12월 18일 18시,수요일,경상북도 포항시 남구 상도동,경상사고,0,0,1,0,차대차 - 측면충돌,안전운전불이행,젖음/습기,비,단일로 - 기타,승용,여,60세,상해없음,이륜,남,18세,경상
2019121800100498,2019년 12월 18일 19시,수요일,경상북도 구미시 구평동,경상사고,0,0,1,0,차대차 - 기타,신호위반,건조,맑음,교차로 - 교차로안,승용,남,73세,상해없음,승용,남,32세,경상
2019121800100499,2019년 12월 18일 19시,수요일,경상북도 포항시 남구 호동,경상사고,0,0,2,0,차대차 - 추돌,안전운전불이행,건조,맑음,교차로 - 교차로안,승용,남,29세,상해없음,승용,남,44세,경상
2019121800100500,2019년 12월 18일 19시,수요일,경상북도 칠곡군 왜관읍,경상사고,0,0,4,0,차대차 - 측면충돌,안전운전불이행,건조,맑음,교차로 - 교차로부근,승용,남,67세,상해없음,승용,남,22세,상해없음
2019121800100592,2019년 12월 18일 22시,수요일,경상북도 구미시 고아읍,중상사고,0,1,0,0,차대사람 - 기타,안전운전불이행,건조,맑음,교차로 - 교차로횡단보도내,승용,남,60세,상해없음,보행자,남,49세,중상
2019121800100614,2019년 12월 18일 23시,수요일,경상북도 영주시 가흥동,부상신고사고,0,0,0,1,차대사람 - 보도통행중,안전운전불이행,건조,맑음,교차로 - 교차로부근,승용,남,61세,상해없음,보행자,남,미분류,부상신고
2019121800100615,2019년 12월 18일 23시,수요일,경상북도 영천시 임고면,경상사고,0,0,2,0,차대차 - 측면충돌,신호위반,건조,맑음,교차로 - 교차로안,승용,남,65세,경상,화물,남,57세,경상
2019121900100036,2019년 12월 19일 00시,목요일,경상북도 칠곡군 지천면,중상사고,0,2,0,0,차대차 - 추돌,안전운전불이행,건조,맑음,단일로 - 기타,기타불명,기타불명,미분류,기타불명,승용,남,34세,중상
2019121900100065,2019년 12월 19일 02시,목요일,경상북도 경산시 하양읍,경상사고,0,0,1,0,차대차 - 후진중충돌,안전운전불이행,건조,맑음,단일로 - 기타,승용,여,62세,기타불명,승용,남,22세,경상
2019121900100150,2019년 12월 19일 08시,목요일,경상북도 경주시 안강읍,부상신고사고,0,0,0,1,차대차 - 측면충돌,안전운전불이행,건조,맑음,교차로 - 교차로안,승용,여,46세,부상신고,화물,남,82세,상해없음
2019121900100151,2019년 12월 19일 08시,목요일,경상북도 구미시 황상동,경상사고,0,0,1,0,차대사람 - 기타,안전운전불이행,건조,맑음,단일로 - 기타,승용,남,76세,상해없음,보행자,남,27세,경상
2019121900100184,2019년 12월 19일 09시,목요일,경상북도 포항시 북구 중앙동,경상사고,0,0,1,0,차대사람 - 차도통행중,안전운전불이행,건조,맑음,단일로 - 기타,승용,남,56세,상해없음,보행자,여,58세,경상
2019121900100208,2019년 12월 19일 10시,목요일,경상북도 안동시 옥동,부상신고사고,0,0,0,1,차량단독 - 기타,안전운전불이행,건조,맑음,단일로 - 기타,승합,남,79세,부상신고,,,,
2019121900100237,2019년 12월 19일 11시,목요일,경상북도 경주시 감포읍,부상신고사고,0,0,0,1,차량단독 - 공작물충돌,안전운전불이행,건조,맑음,단일로 - 기타,승용,여,28세,부상신고,,,,
2019121900100238,2019년 12월 19일 11시,목요일,경상북도 김천시 신음동,중상사고,0,2,0,0,차대차 - 측면충돌,차로위반,건조,맑음,단일로 - 기타,승용,남,63세,상해없음,이륜,남,78세,중상
2019121900100239,2019년 12월 19일 11시,목요일,경상북도 문경시 점촌동,중상사고,0,1,1,0,차대차 - 기타,안전운전불이행,건조,맑음,교차로 - 교차로안,승용,여,57세,상해없음,승용,여,49세,경상
2019121900100240,2019년 12월 19일 11시,목요일,경상북도 경산시 삼북동,중상사고,0,1,0,0,차대차 - 측면충돌,안전운전불이행,건조,맑음,교차로 - 교차로안,승용,남,27세,상해없음,이륜,남,72세,중상
2019121900100241,2019년 12월 19일 11시,목요일,경상북도 성주군 대가면,중상사고,0,1,0,0,차대차 - 기타,안전운전불이행,건조,맑음,단일로 - 기타,화물,남,73세,상해없음,이륜,여,80세,중상
2019121900100242,2019년 12월 19일 11시,목요일,경상북도 포항시 남구 대잠동,경상사고,0,0,2,0,차대차 - 측면충돌,직진우회전진행방해,건조,맑음,교차로 - 교차로안,승용,남,55세,상해없음,승용,여,23세,경상
2019121900100284,2019년 12월 19일 12시,목요일,경상북도 포항시 북구 죽도동,경상사고,0,0,1,0,차대차 - 측면충돌,안전운전불이행,건조,맑음,단일로 - 기타,이륜,여,27세,경상,승용,남,23세,상해없음
2019121900100285,2019년 12월 19일 12시,목요일,경상북도 상주시 낙동면,중상사고,0,1,0,0,차대차 - 추돌,안전거리미확보,건조,맑음,단일로 - 기타,화물,남,65세,상해없음,승용,여,54세,중상
2019121900100394,2019년 12월 19일 15시,목요일,경상북도 경주시 황오동,경상사고,0,0,1,0,차대차 - 기타,안전운전불이행,건조,맑음,교차로 - 교차로부근,자전거,여,51세,경상,승용,여,54세,상해없음
2019121900100395,2019년 12월 19일 15시,목요일,경상북도 포항시 북구 죽도동,경상사고,0,0,1,0,차대사람 - 차도통행중,안전운전불이행,건조,맑음,단일로 - 기타,승용,남,25세,상해없음,보행자,남,48세,경상
2019121900100396,2019년 12월 19일 15시,목요일,경상북도 포항시 북구 우현동,경상사고,0,0,1,0,차대차 - 기타,안전운전불이행,건조,맑음,교차로 - 교차로부근,승용,남,51세,상해없음,승용,여,43세,경상
2019121900100468,2019년 12월 19일 17시,목요일,경상북도 김천시 용두동,경상사고,0,0,1,0,차대사람 - 차도통행중,안전운전불이행,건조,맑음,교차로 - 교차로안,화물,남,59세,상해없음,보행자,남,56세,경상
2019121900100469,2019년 12월 19일 17시,목요일,경상북도 영주시 풍기읍,중상사고,0,1,0,0,차대차 - 측면충돌,교차로운행방법위반,건조,맑음,교차로 - 교차로안,승용,남,51세,상해없음,이륜,여,32세,중상
2019121900100470,2019년 12월 19일 17시,목요일,경상북도 경산시 중방동,경상사고,0,0,1,0,차대차 - 후진중충돌,안전운전불이행,건조,맑음,단일로 - 기타,화물,남,61세,상해없음,승용,남,42세,경상
2019121900100522,2019년 12월 19일 18시,목요일,경상북도 경주시 서부동,경상사고,0,0,1,0,차대차 - 측면충돌,안전운전불이행,건조,맑음,교차로 - 교차로부근,승용,여,48세,상해없음,자전거,남,79세,경상
2019121900100523,2019년 12월 19일 18시,목요일,경상북도 포항시 북구 용흥동,중상사고,0,1,0,0,차대사람 - 기타,안전운전불이행,건조,맑음,단일로 - 기타,승용,여,58세,상해없음,보행자,남,56세,중상
2019121900100524,2019년 12월 19일 18시,목요일,경상북도 김천시 덕곡동,중상사고,0,1,0,0,차대사람 - 기타,안전운전불이행,건조,맑음,단일로 - 기타,화물,남,58세,상해없음,보행자,여,51세,중상
2019121900100525,2019년 12월 19일 18시,목요일,경상북도 경산시 자인면,경상사고,0,0,1,0,차대차 - 기타,안전운전불이행,건조,맑음,교차로 - 교차로부근,승용,남,64세,기타불명,승용,여,24세,경상
2019121900100526,2019년 12월 19일 18시,목요일,경상북도 군위군 군위읍,경상사고,0,0,1,0,차대차 - 추돌,안전거리미확보,건조,맑음,단일로 - 기타,화물,남,55세,상해없음,승용,여,24세,경상
2019121900100572,2019년 12월 19일 19시,목요일,경상북도 경산시 계양동,중상사고,0,1,0,0,차대차 - 기타,안전운전불이행,건조,맑음,교차로 - 교차로횡단보도내,승용,여,49세,상해없음,개인형이동수단(PM),남,24세,중상
2019121900100573,2019년 12월 19일 19시,목요일,경상북도 경산시 진량읍,경상사고,0,0,2,0,차대차 - 추돌,안전거리미확보,건조,맑음,단일로 - 기타,승용,남,27세,상해없음,승용,남,46세,경상
2019121900100609,2019년 12월 19일 20시,목요일,경상북도 구미시 구포동,경상사고,0,0,2,0,차대차 - 기타,안전운전불이행,건조,맑음,교차로 - 교차로안,승용,여,57세,경상,승용,남,30세,경상
2019121900100610,2019년 12월 19일 20시,목요일,경상북도 의성군 단밀면,중상사고,0,1,1,0,차대차 - 추돌,안전운전불이행,건조,맑음,단일로 - 기타,화물,남,46세,상해없음,승용,여,40세,중상
2019121900100640,2019년 12월 19일 21시,목요일,경상북도 포항시 북구 죽도동,경상사고,0,0,1,0,차대차 - 기타,신호위반,건조,맑음,교차로 - 교차로안,승용,남,66세,상해없음,승용,남,63세,경상
2019121900100641,2019년 12월 19일 21시,목요일,경상북도 포항시 북구 덕수동,경상사고,0,0,1,0,차대차 - 기타,안전운전불이행,건조,맑음,교차로 - 교차로부근,승용,여,56세,상해없음,승용,여,51세,경상
2019121900100670,2019년 12월 19일 22시,목요일,경상북도 경주시 서악동,사망사고,1,0,0,0,차대차 - 기타,신호위반,건조,맑음,교차로 - 교차로안,승용,남,56세,상해없음,승용,남,62세,사망
2019121900100671,2019년 12월 19일 22시,목요일,경상북도 포항시 남구 동해면,경상사고,0,0,2,0,차대차 - 측면충돌,신호위반,건조,맑음,교차로 - 교차로안,승용,남,34세,경상,승용,남,62세,경상
2019121900100692,2019년 12월 19일 23시,목요일,경상북도 안동시 풍산읍,경상사고,0,0,1,0,차량단독 - 기타,안전운전불이행,건조,맑음,단일로 - 기타,승용,남,70세,경상,,,,
2019122000100057,2019년 12월 20일 02시,금요일,경상북도 경산시 압량면,중상사고,0,1,0,0,차대차 - 측면충돌,신호위반,건조,맑음,단일로 - 기타,승용,여,22세,상해없음,이륜,남,36세,중상
2019122000100092,2019년 12월 20일 06시,금요일,경상북도 상주시 남성동,중상사고,0,1,0,0,차대사람 - 횡단중,보행자보호의무위반,건조,맑음,교차로 - 교차로횡단보도내,승용,남,40세,상해없음,보행자,여,74세,중상
2019122000100093,2019년 12월 20일 06시,금요일,경상북도 상주시 화서면,경상사고,0,0,1,0,차량단독 - 기타,안전운전불이행,건조,맑음,단일로 - 기타,승용,남,49세,경상,,,,
2019122000100113,2019년 12월 20일 07시,금요일,경상북도 경주시 황오동,경상사고,0,0,1,0,차대차 - 측면충돌,신호위반,건조,맑음,교차로 - 교차로안,화물,여,53세,상해없음,승용,남,60세,경상
2019122000100114,2019년 12월 20일 07시,금요일,경상북도 울진군 온정면,중상사고,0,1,0,0,차량단독 - 전도전복 - 전도,안전운전불이행,서리/결빙,맑음,단일로 - 기타,승용,여,69세,중상,,,,
2019122000100140,2019년 12월 20일 08시,금요일,경상북도 문경시 흥덕동,경상사고,0,0,1,0,차대차 - 측면충돌,직진우회전진행방해,건조,맑음,교차로 - 교차로안,승용,남,66세,상해없음,이륜,남,77세,경상
2019122000100167,2019년 12월 20일 09시,금요일,경상북도 포항시 북구 장성동,경상사고,0,0,1,0,차대차 - 기타,교차로운행방법위반,건조,맑음,교차로 - 교차로안,승용,남,66세,상해없음,승합,남,51세,상해없음
2019122000100168,2019년 12월 20일 09시,금요일,경상북도 영덕군 축산면,중상사고,0,1,0,0,차대차 - 추돌,안전운전불이행,건조,맑음,단일로 - 기타,화물,남,83세,상해없음,화물,남,68세,중상
2019122000100192,2019년 12월 20일 10시,금요일,경상북도 경주시 현곡면,경상사고,0,0,1,0,차대차 - 추돌,안전운전불이행,건조,맑음,교차로 - 교차로안,승용,여,37세,상해없음,승용,남,63세,경상
2019122000100222,2019년 12월 20일 11시,금요일,경상북도 포항시 북구 청하면,경상사고,0,0,1,0,차대차 - 측면충돌,안전운전불이행,건조,맑음,교차로 - 교차로안,화물,남,72세,상해없음,승용,여,63세,경상
2019122000100223,2019년 12월 20일 11시,금요일,경상북도 안동시 풍산읍,경상사고,0,0,2,0,차대차 - 측면충돌,안전거리미확보,건조,맑음,단일로 - 기타,승용,남,81세,상해없음,승용,여,52세,경상
2019122000100224,2019년 12월 20일 11시,금요일,경상북도 김천시 양천동,중상사고,0,2,0,0,차대사람 - 횡단중,신호위반,건조,맑음,단일로 - 기타,화물,남,81세,기타불명,보행자,여,36세,중상
2019122000100225,2019년 12월 20일 11시,금요일,경상북도 의성군 안계면,경상사고,0,0,1,0,차대사람 - 기타,안전운전불이행,건조,맑음,단일로 - 기타,화물,남,66세,상해없음,보행자,여,72세,경상
2019122000100226,2019년 12월 20일 11시,금요일,경상북도 칠곡군 가산면,중상사고,0,1,0,0,차대사람 - 기타,안전운전불이행,건조,맑음,기타 - 기타,승용,남,23세,상해없음,보행자,남,50세,중상
2019122000100227,2019년 12월 20일 11시,금요일,경상북도 구미시 황상동,경상사고,0,0,2,0,차대차 - 측면충돌,안전운전불이행,건조,맑음,교차로 - 교차로안,화물,남,60세,경상,화물,남,40세,상해없음
2019122000100256,2019년 12월 20일 12시,금요일,경상북도 안동시 태화동,경상사고,0,0,1,0,차대차 - 측면충돌,안전운전불이행,건조,맑음,단일로 - 기타,이륜,남,69세,경상,화물,남,42세,상해없음
2019122000100295,2019년 12월 20일 13시,금요일,경상북도 경주시 성건동,경상사고,0,0,3,0,차대차 - 측면충돌,안전운전불이행,건조,맑음,교차로 - 교차로안,승용,여,26세,경상,승용,남,51세,경상
2019122000100336,2019년 12월 20일 14시,금요일,경상북도 청도군 각북면,경상사고,0,0,5,0,차대차 - 추돌,안전거리미확보,건조,맑음,단일로 - 기타,승용,여,34세,경상,승용,여,60세,상해없음
2019122000100337,2019년 12월 20일 14시,금요일,경상북도 구미시 송정동,경상사고,0,0,1,0,차대차 - 기타,안전운전불이행,건조,맑음,교차로 - 교차로부근,승용,여,63세,기타불명,승용,남,43세,경상
2019122000100362,2019년 12월 20일 15시,금요일,경상북도 경주시 양북면,경상사고,0,0,1,0,차대사람 - 기타,안전운전불이행,건조,맑음,단일로 - 기타,화물,남,62세,상해없음,보행자,여,58세,경상
2019122000100378,2019년 12월 20일 15시,금요일,경상북도 안동시 남문동,경상사고,0,0,1,0,차대사람 - 차도통행중,안전운전불이행,건조,맑음,단일로 - 기타,승용,남,70세,상해없음,보행자,남,36세,경상
2019122000100379,2019년 12월 20일 15시,금요일,경상북도 안동시 풍산읍,경상사고,0,0,1,0,차대사람 - 길가장자리구역통행중,안전운전불이행,건조,맑음,단일로 - 기타,승용,남,61세,상해없음,보행자,남,71세,경상
2019122000100380,2019년 12월 20일 15시,금요일,경상북도 구미시 봉곡동,부상신고사고,0,0,0,1,차대차 - 기타,안전운전불이행,건조,맑음,단일로 - 기타,자전거,남,12세,부상신고,승용,남,58세,상해없음
2019122000100419,2019년 12월 20일 16시,금요일,경상북도 영천시 금호읍,경상사고,0,0,1,0,차대차 - 추돌,안전운전불이행,건조,맑음,교차로 - 교차로부근,승용,남,47세,상해없음,승용,남,33세,경상
2019122000100420,2019년 12월 20일 16시,금요일,경상북도 경산시 사동,경상사고,0,0,1,0,차대차 - 측면충돌,안전거리미확보,건조,흐림,단일로 - 지하차도(도로)내,승용,여,28세,상해없음,승용,여,55세,경상
2019122000100421,2019년 12월 20일 16시,금요일,경상북도 경산시 중산동,경상사고,0,0,3,0,차대차 - 측면충돌,안전운전불이행,건조,맑음,교차로 - 교차로부근,승용,여,36세,경상,승용,남,53세,경상
2019122000100422,2019년 12월 20일 16시,금요일,경상북도 울진군 평해읍,경상사고,0,0,2,0,차대차 - 추돌,안전거리미확보,건조,맑음,단일로 - 기타,승용,남,61세,상해없음,승용,남,22세,경상
2019122000100423,2019년 12월 20일 16시,금요일,경상북도 포항시 남구 해도동,부상신고사고,0,0,0,1,차대사람 - 기타,안전운전불이행,건조,맑음,교차로 - 교차로부근,승용,남,61세,상해없음,보행자,여,37세,부상신고
2019122000100474,2019년 12월 20일 17시,금요일,경상북도 칠곡군 약목면,중상사고,0,1,1,0,차대차 - 측면충돌,중앙선침범,건조,맑음,단일로 - 기타,승용,남,27세,경상,화물,남,54세,중상
2019122000100475,2019년 12월 20일 17시,금요일,경상북도 영천시 문외동,경상사고,0,0,3,0,차대차 - 후진중충돌,안전운전불이행,건조,맑음,교차로 - 교차로안,화물,남,71세,상해없음,승용,남,31세,경상
2019122000100476,2019년 12월 20일 17시,금요일,경상북도 경산시 중방동,경상사고,0,0,1,0,차대차 - 후진중충돌,안전운전불이행,건조,맑음,단일로 - 기타,화물,남,44세,상해없음,이륜,남,19세,경상
2019122000100477,2019년 12월 20일 17시,금요일,경상북도 구미시 공단동,경상사고,0,0,1,0,차대차 - 측면충돌,신호위반,건조,맑음,교차로 - 교차로안,승용,여,27세,상해없음,승용,남,53세,경상
2019122000100539,2019년 12월 20일 18시,금요일,경상북도 포항시 북구 흥해읍,사망사고,1,0,0,0,차대차 - 정면충돌,안전운전불이행,건조,맑음,교차로 - 교차로부근,승용,남,70세,상해없음,이륜,남,63세,사망
2019122000100540,2019년 12월 20일 18시,금요일,경상북도 영주시 가흥동,중상사고,0,1,0,0,차대사람 - 횡단중,안전운전불이행,건조,맑음,단일로 - 기타,이륜,남,39세,상해없음,보행자,여,70세,중상
2019122000100541,2019년 12월 20일 18시,금요일,경상북도 문경시 점촌동,중상사고,0,1,0,0,차대사람 - 보도통행중,안전운전불이행,건조,맑음,교차로 - 교차로안,승용,여,35세,상해없음,보행자,여,77세,중상
2019122000100542,2019년 12월 20일 18시,금요일,경상북도 포항시 남구 이동,경상사고,0,0,3,2,차대차 - 추돌,안전운전불이행,건조,맑음,단일로 - 기타,승용,여,63세,상해없음,승용,남,64세,경상
2019122000100543,2019년 12월 20일 18시,금요일,경상북도 포항시 남구 오천읍,경상사고,0,0,2,0,차대차 - 측면충돌,안전운전불이행,건조,맑음,교차로 - 교차로안,이륜,남,37세,상해없음,승용,남,29세,경상
2019122000100596,2019년 12월 20일 19시,금요일,경상북도 안동시 송현동,경상사고,0,0,1,0,차대차 - 추돌,안전운전불이행,건조,맑음,단일로 - 기타,화물,남,43세,상해없음,이륜,남,30세,경상
2019122000100638,2019년 12월 20일 20시,금요일,경상북도 칠곡군 석적읍,중상사고,0,1,1,0,차대차 - 정면충돌,신호위반,건조,맑음,교차로 - 교차로안,이륜,남,33세,중상,승용,여,58세,경상
2019122000100673,2019년 12월 20일 21시,금요일,경상북도 안동시 운흥동,경상사고,0,0,2,0,차대차 - 추돌,안전운전불이행,건조,맑음,단일로 - 기타,승용,남,30세,상해없음,승용,남,26세,경상
2019122000100674,2019년 12월 20일 21시,금요일,경상북도 영천시 신령면,경상사고,0,0,4,0,차대차 - 측면충돌,교차로운행방법위반,건조,맑음,교차로 - 교차로안,승용,여,58세,상해없음,승용,남,44세,경상
2019122000100728,2019년 12월 20일 23시,금요일,경상북도 경산시 진량읍,중상사고,0,2,0,0,차대차 - 추돌,안전운전불이행,건조,맑음,단일로 - 기타,승용,남,42세,상해없음,승용,남,54세,중상
2019122000100729,2019년 12월 20일 23시,금요일,경상북도 구미시 송정동,사망사고,1,1,0,0,차대사람 - 횡단중,보행자보호의무위반,건조,맑음,단일로 - 기타,승용,남,40세,상해없음,보행자,남,53세,중상
2019122100100040,2019년 12월 21일 00시,토요일,경상북도 구미시 형곡동,경상사고,0,0,1,0,차대차 - 기타,안전운전불이행,건조,맑음,교차로 - 교차로안,승용,남,41세,상해없음,이륜,남,24세,경상
2019122100100067,2019년 12월 21일 01시,토요일,경상북도 포항시 북구 흥해읍,경상사고,0,0,1,0,차대차 - 추돌,안전운전불이행,건조,맑음,단일로 - 기타,승용,남,40세,상해없음,승용,남,53세,경상
2019122100100068,2019년 12월 21일 01시,토요일,경상북도 구미시 임수동,경상사고,0,0,2,0,차대차 - 기타,안전운전불이행,건조,맑음,단일로 - 기타,승용,남,40세,상해없음,승용,남,68세,경상
2019122100100069,2019년 12월 21일 01시,토요일,경상북도 포항시 남구 해도동,경상사고,0,0,1,0,차대차 - 기타,직진우회전진행방해,건조,맑음,교차로 - 교차로안,승용,여,67세,상해없음,승용,남,38세,상해없음
2019122100100097,2019년 12월 21일 03시,토요일,경상북도 경주시 성건동,중상사고,0,1,1,0,차대차 - 기타,신호위반,건조,맑음,교차로 - 교차로안,승용,남,20세,상해없음,승용,남,19세,상해없음
2019122100100098,2019년 12월 21일 03시,토요일,경상북도 김천시 어모면,경상사고,0,0,2,0,차대차 - 정면충돌,중앙선침범,건조,맑음,단일로 - 기타,승용,여,40세,경상,승용,여,49세,경상
2019122100100111,2019년 12월 21일 04시,토요일,경상북도 안동시 길안면,경상사고,0,0,1,0,차대차 - 기타,안전운전불이행,건조,맑음,단일로 - 기타,화물,남,35세,상해없음,승용,여,60세,경상
2019122100100122,2019년 12월 21일 05시,토요일,경상북도 영주시 문정동,부상신고사고,0,0,0,1,차량단독 - 공작물충돌,안전운전불이행,건조,맑음,단일로 - 기타,승용,남,32세,부상신고,,,,
2019122100100123,2019년 12월 21일 05시,토요일,경상북도 구미시 장천면,경상사고,0,0,1,0,차량단독 - 공작물충돌,안전운전불이행,건조,맑음,단일로 - 기타,승용,여,63세,경상,,,,
2019122100100134,2019년 12월 21일 06시,토요일,경상북도 포항시 북구 죽도동,중상사고,0,1,0,0,차대사람 - 기타,안전운전불이행,건조,맑음,단일로 - 기타,승합,남,50세,상해없음,보행자,여,75세,중상
2019122100100135,2019년 12월 21일 06시,토요일,경상북도 성주군 선남면,경상사고,0,0,1,0,차대차 - 측면충돌,안전운전불이행,서리/결빙,흐림,기타 - 기타,승용,남,57세,경상,화물,남,50세,기타불명
2019122100100136,2019년 12월 21일 06시,토요일,경상북도 포항시 남구 동해면,중상사고,0,1,0,0,차대차 - 측면충돌,신호위반,건조,맑음,교차로 - 교차로안,화물,여,59세,상해없음,승용,여,40세,중상
2019122100100162,2019년 12월 21일 08시,토요일,경상북도 경주시 성동동,경상사고,0,0,2,0,차대차 - 정면충돌,안전운전불이행,건조,맑음,단일로 - 기타,화물,남,68세,경상,승용,남,65세,경상
2019122100100163,2019년 12월 21일 08시,토요일,경상북도 김천시 대광동,경상사고,0,0,1,0,차대차 - 추돌,차로위반,건조,맑음,단일로 - 기타,건설기계,남,51세,상해없음,승용,여,53세,경상
2019122100100164,2019년 12월 21일 08시,토요일,경상북도 구미시 고아읍,중상사고,0,1,1,0,차대차 - 기타,신호위반,건조,맑음,교차로 - 교차로안,승용,여,59세,경상,승용,남,57세,중상
2019122100100183,2019년 12월 21일 09시,토요일,경상북도 문경시 흥덕동,중상사고,0,1,0,0,차대차 - 측면충돌,안전운전불이행,건조,맑음,교차로 - 교차로안,승용,여,35세,상해없음,승용,여,55세,중상
2019122100100202,2019년 12월 21일 10시,토요일,경상북도 포항시 북구 항구동,중상사고,0,2,2,0,차대차 - 추돌,안전거리미확보,건조,맑음,교차로 - 교차로부근,화물,남,57세,상해없음,승용,남,51세,경상
2019122100100203,2019년 12월 21일 10시,토요일,경상북도 포항시 남구 오천읍,경상사고,0,0,3,0,차대차 - 측면충돌,직진우회전진행방해,건조,맑음,교차로 - 교차로안,승용,남,61세,경상,화물,남,44세,경상
2019122100100262,2019년 12월 21일 12시,토요일,경상북도 안동시 용상동,경상사고,0,0,1,0,차대차 - 측면충돌,안전운전불이행,건조,맑음,교차로 - 교차로안,승용,남,37세,상해없음,화물,남,59세,경상
2019122100100263,2019년 12월 21일 12시,토요일,경상북도 영주시 가흥동,경상사고,0,0,1,0,차대차 - 추돌,안전운전불이행,건조,맑음,단일로 - 기타,승용,남,61세,상해없음,승용,남,27세,경상
2019122100100264,2019년 12월 21일 12시,토요일,경상북도 경산시 조영동,경상사고,0,0,3,0,차대차 - 측면충돌,교차로운행방법위반,건조,맑음,교차로 - 교차로안,승용,남,48세,경상,승용,남,64세,경상
2019122100100265,2019년 12월 21일 12시,토요일,경상북도 경산시 옥산동,중상사고,0,1,0,0,차대차 - 측면충돌,신호위반,건조,맑음,단일로 - 지하차도(도로)내,승용,여,52세,상해없음,승용,여,60세,중상
2019122100100301,2019년 12월 21일 13시,토요일,경상북도 칠곡군 석적읍,경상사고,0,0,1,0,차대차 - 측면충돌,안전운전불이행,건조,맑음,교차로 - 교차로안,승용,여,43세,상해없음,승용,남,50세,경상
2019122100100302,2019년 12월 21일 13시,토요일,경상북도 포항시 남구 연일읍,경상사고,0,0,5,2,차대차 - 측면충돌,교차로운행방법위반,건조,흐림,교차로 - 교차로안,승용,여,25세,경상,승용,남,53세,경상
2019122100100335,2019년 12월 21일 14시,토요일,경상북도 칠곡군 약목면,경상사고,0,0,2,0,차대차 - 측면충돌,중앙선침범,건조,맑음,단일로 - 기타,승용,여,46세,상해없음,화물,여,62세,경상
2019122100100336,2019년 12월 21일 14시,토요일,경상북도 영덕군 강구면,중상사고,0,1,1,0,차대차 - 측면충돌,안전거리미확보,건조,맑음,단일로 - 기타,화물,남,59세,중상,건설기계,남,42세,상해없음
2019122100100358,2019년 12월 21일 15시,토요일,경상북도 포항시 북구 우현동,경상사고,0,0,2,0,차대차 - 측면충돌,안전운전불이행,건조,맑음,교차로 - 교차로안,승용,여,53세,상해없음,승용,남,68세,경상
2019122100100359,2019년 12월 21일 15시,토요일,경상북도 포항시 북구 득량동,경상사고,0,0,1,0,차대차 - 측면충돌,안전운전불이행,건조,흐림,단일로 - 기타,화물,남,66세,상해없음,이륜,남,36세,경상
2019122100100360,2019년 12월 21일 15시,토요일,경상북도 의성군 안계면,중상사고,0,1,0,0,차대차 - 측면충돌,안전운전불이행,건조,맑음,교차로 - 교차로부근,화물,남,72세,상해없음,이륜,남,76세,중상
2019122100100361,2019년 12월 21일 15시,토요일,경상북도 영덕군 영덕읍,경상사고,0,0,1,0,차대사람 - 기타,안전운전불이행,건조,맑음,교차로 - 교차로안,승용,여,37세,상해없음,보행자,여,72세,경상
2019122100100362,2019년 12월 21일 15시,토요일,경상북도 구미시 도량동,경상사고,0,0,1,0,차대차 - 측면충돌,안전운전불이행,건조,맑음,교차로 - 교차로안,이륜,남,53세,경상,승용,남,44세,상해없음
2019122100100420,2019년 12월 21일 17시,토요일,경상북도 김천시 대항면,중상사고,0,1,1,0,차대차 - 측면충돌,신호위반,건조,맑음,교차로 - 교차로안,승용,남,66세,경상,승용,남,40세,중상
2019122100100466,2019년 12월 21일 18시,토요일,경상북도 경주시 인왕동,경상사고,0,0,2,0,차대차 - 추돌,안전운전불이행,건조,맑음,단일로 - 기타,승용,남,54세,상해없음,승용,남,49세,경상
2019122100100467,2019년 12월 21일 18시,토요일,경상북도 의성군 의성읍,중상사고,0,4,0,0,차대차 - 측면충돌,직진우회전진행방해,건조,맑음,교차로 - 교차로안,승용,남,57세,상해없음,승용,남,20세,중상
2019122100100468,2019년 12월 21일 18시,토요일,경상북도 구미시 송정동,경상사고,0,0,2,0,차대차 - 측면충돌,안전운전불이행,건조,맑음,단일로 - 기타,승용,남,60세,상해없음,승용,여,27세,경상
2019122100100521,2019년 12월 21일 19시,토요일,경상북도 구미시 송정동,경상사고,0,0,1,0,차대차 - 기타,안전운전불이행,건조,맑음,교차로 - 교차로안,승용,남,60세,상해없음,승용,남,66세,경상